name,model,seed_x,TN,FP,FN,TP,Accuracy,AUC,Sensitivity,Specificity,PPV,NPV,F1,MCC,estimator_path,hyperparams,model_family,paras_id,scaler_path,seed_y,skf_fold
xgboost_seed_0_skf_0_paras_151_lr_0.01_n_900_depth_7_subsample_0.8_scale_pos_weight_6,xgboost,0_skf_0,606,75,62,175,0.851,0.905,0.738,0.89,0.7,0.907,0.719,0.618,/home/ubuntu/Desktop/DeepAmes_Full_STL_4_keep_weights/results_TA98_with_S9/artifacts/base/xgboost/estimators/xgboost_seed_0_skf_0_paras_151_lr_0.01_n_900_depth_7_subsample_0.8_scale_pos_weight_6.joblib,"{""learning_rate"": 0.01, ""max_depth"": 7, ""n_estimators"": 900, ""scale_pos_weight"": 6, ""subsample"": 0.8}",xgboost,151,/home/ubuntu/Desktop/DeepAmes_Full_STL_4_keep_weights/results_TA98_with_S9/artifacts/base/xgboost/scalers/xgboost_seed_0_skf_0_paras_151_lr_0.01_n_900_depth_7_subsample_0.8_scale_pos_weight_6_scaler.joblib,0,0
xgboost_seed_0_skf_1_paras_151_lr_0.01_n_900_depth_7_subsample_0.8_scale_pos_weight_6,xgboost,0_skf_1,606,75,57,180,0.856,0.904,0.759,0.89,0.706,0.914,0.732,0.634,/home/ubuntu/Desktop/DeepAmes_Full_STL_4_keep_weights/results_TA98_with_S9/artifacts/base/xgboost/estimators/xgboost_seed_0_skf_1_paras_151_lr_0.01_n_900_depth_7_subsample_0.8_scale_pos_weight_6.joblib,"{""learning_rate"": 0.01, ""max_depth"": 7, ""n_estimators"": 900, ""scale_pos_weight"": 6, ""subsample"": 0.8}",xgboost,151,/home/ubuntu/Desktop/DeepAmes_Full_STL_4_keep_weights/results_TA98_with_S9/artifacts/base/xgboost/scalers/xgboost_seed_0_skf_1_paras_151_lr_0.01_n_900_depth_7_subsample_0.8_scale_pos_weight_6_scaler.joblib,0,1
xgboost_seed_0_skf_2_paras_151_lr_0.01_n_900_depth_7_subsample_0.8_scale_pos_weight_6,xgboost,0_skf_2,608,73,68,169,0.846,0.905,0.713,0.893,0.698,0.899,0.706,0.602,/home/ubuntu/Desktop/DeepAmes_Full_STL_4_keep_weights/results_TA98_with_S9/artifacts/base/xgboost/estimators/xgboost_seed_0_skf_2_paras_151_lr_0.01_n_900_depth_7_subsample_0.8_scale_pos_weight_6.joblib,"{""learning_rate"": 0.01, ""max_depth"": 7, ""n_estimators"": 900, ""scale_pos_weight"": 6, ""subsample"": 0.8}",xgboost,151,/home/ubuntu/Desktop/DeepAmes_Full_STL_4_keep_weights/results_TA98_with_S9/artifacts/base/xgboost/scalers/xgboost_seed_0_skf_2_paras_151_lr_0.01_n_900_depth_7_subsample_0.8_scale_pos_weight_6_scaler.joblib,0,2
xgboost_seed_0_skf_4_paras_151_lr_0.01_n_900_depth_7_subsample_0.8_scale_pos_weight_6,xgboost,0_skf_4,607,74,65,172,0.849,0.906,0.726,0.891,0.699,0.903,0.712,0.61,/home/ubuntu/Desktop/DeepAmes_Full_STL_4_keep_weights/results_TA98_with_S9/artifacts/base/xgboost/estimators/xgboost_seed_0_skf_4_paras_151_lr_0.01_n_900_depth_7_subsample_0.8_scale_pos_weight_6.joblib,"{""learning_rate"": 0.01, ""max_depth"": 7, ""n_estimators"": 900, ""scale_pos_weight"": 6, ""subsample"": 0.8}",xgboost,151,/home/ubuntu/Desktop/DeepAmes_Full_STL_4_keep_weights/results_TA98_with_S9/artifacts/base/xgboost/scalers/xgboost_seed_0_skf_4_paras_151_lr_0.01_n_900_depth_7_subsample_0.8_scale_pos_weight_6_scaler.joblib,0,4
xgboost_seed_1_skf_0_paras_151_lr_0.01_n_900_depth_7_subsample_0.8_scale_pos_weight_6,xgboost,1_skf_0,603,78,62,175,0.847,0.906,0.738,0.885,0.692,0.907,0.714,0.611,/home/ubuntu/Desktop/DeepAmes_Full_STL_4_keep_weights/results_TA98_with_S9/artifacts/base/xgboost/estimators/xgboost_seed_1_skf_0_paras_151_lr_0.01_n_900_depth_7_subsample_0.8_scale_pos_weight_6.joblib,"{""learning_rate"": 0.01, ""max_depth"": 7, ""n_estimators"": 900, ""scale_pos_weight"": 6, ""subsample"": 0.8}",xgboost,151,/home/ubuntu/Desktop/DeepAmes_Full_STL_4_keep_weights/results_TA98_with_S9/artifacts/base/xgboost/scalers/xgboost_seed_1_skf_0_paras_151_lr_0.01_n_900_depth_7_subsample_0.8_scale_pos_weight_6_scaler.joblib,1,0
xgboost_seed_1_skf_1_paras_151_lr_0.01_n_900_depth_7_subsample_0.8_scale_pos_weight_6,xgboost,1_skf_1,607,74,65,172,0.849,0.904,0.726,0.891,0.699,0.903,0.712,0.61,/home/ubuntu/Desktop/DeepAmes_Full_STL_4_keep_weights/results_TA98_with_S9/artifacts/base/xgboost/estimators/xgboost_seed_1_skf_1_paras_151_lr_0.01_n_900_depth_7_subsample_0.8_scale_pos_weight_6.joblib,"{""learning_rate"": 0.01, ""max_depth"": 7, ""n_estimators"": 900, ""scale_pos_weight"": 6, ""subsample"": 0.8}",xgboost,151,/home/ubuntu/Desktop/DeepAmes_Full_STL_4_keep_weights/results_TA98_with_S9/artifacts/base/xgboost/scalers/xgboost_seed_1_skf_1_paras_151_lr_0.01_n_900_depth_7_subsample_0.8_scale_pos_weight_6_scaler.joblib,1,1
xgboost_seed_1_skf_2_paras_151_lr_0.01_n_900_depth_7_subsample_0.8_scale_pos_weight_6,xgboost,1_skf_2,613,68,69,168,0.851,0.909,0.709,0.9,0.712,0.899,0.71,0.61,/home/ubuntu/Desktop/DeepAmes_Full_STL_4_keep_weights/results_TA98_with_S9/artifacts/base/xgboost/estimators/xgboost_seed_1_skf_2_paras_151_lr_0.01_n_900_depth_7_subsample_0.8_scale_pos_weight_6.joblib,"{""learning_rate"": 0.01, ""max_depth"": 7, ""n_estimators"": 900, ""scale_pos_weight"": 6, ""subsample"": 0.8}",xgboost,151,/home/ubuntu/Desktop/DeepAmes_Full_STL_4_keep_weights/results_TA98_with_S9/artifacts/base/xgboost/scalers/xgboost_seed_1_skf_2_paras_151_lr_0.01_n_900_depth_7_subsample_0.8_scale_pos_weight_6_scaler.joblib,1,2
xgboost_seed_1_skf_3_paras_151_lr_0.01_n_900_depth_7_subsample_0.8_scale_pos_weight_6,xgboost,1_skf_3,602,79,58,179,0.851,0.902,0.755,0.884,0.694,0.912,0.723,0.622,/home/ubuntu/Desktop/DeepAmes_Full_STL_4_keep_weights/results_TA98_with_S9/artifacts/base/xgboost/estimators/xgboost_seed_1_skf_3_paras_151_lr_0.01_n_900_depth_7_subsample_0.8_scale_pos_weight_6.joblib,"{""learning_rate"": 0.01, ""max_depth"": 7, ""n_estimators"": 900, ""scale_pos_weight"": 6, ""subsample"": 0.8}",xgboost,151,/home/ubuntu/Desktop/DeepAmes_Full_STL_4_keep_weights/results_TA98_with_S9/artifacts/base/xgboost/scalers/xgboost_seed_1_skf_3_paras_151_lr_0.01_n_900_depth_7_subsample_0.8_scale_pos_weight_6_scaler.joblib,1,3
xgboost_seed_1_skf_4_paras_151_lr_0.01_n_900_depth_7_subsample_0.8_scale_pos_weight_6,xgboost,1_skf_4,616,65,68,169,0.855,0.906,0.713,0.905,0.722,0.901,0.718,0.62,/home/ubuntu/Desktop/DeepAmes_Full_STL_4_keep_weights/results_TA98_with_S9/artifacts/base/xgboost/estimators/xgboost_seed_1_skf_4_paras_151_lr_0.01_n_900_depth_7_subsample_0.8_scale_pos_weight_6.joblib,"{""learning_rate"": 0.01, ""max_depth"": 7, ""n_estimators"": 900, ""scale_pos_weight"": 6, ""subsample"": 0.8}",xgboost,151,/home/ubuntu/Desktop/DeepAmes_Full_STL_4_keep_weights/results_TA98_with_S9/artifacts/base/xgboost/scalers/xgboost_seed_1_skf_4_paras_151_lr_0.01_n_900_depth_7_subsample_0.8_scale_pos_weight_6_scaler.joblib,1,4
xgboost_seed_2_skf_0_paras_151_lr_0.01_n_900_depth_7_subsample_0.8_scale_pos_weight_6,xgboost,2_skf_0,608,73,61,176,0.854,0.906,0.743,0.893,0.707,0.909,0.724,0.625,/home/ubuntu/Desktop/DeepAmes_Full_STL_4_keep_weights/results_TA98_with_S9/artifacts/base/xgboost/estimators/xgboost_seed_2_skf_0_paras_151_lr_0.01_n_900_depth_7_subsample_0.8_scale_pos_weight_6.joblib,"{""learning_rate"": 0.01, ""max_depth"": 7, ""n_estimators"": 900, ""scale_pos_weight"": 6, ""subsample"": 0.8}",xgboost,151,/home/ubuntu/Desktop/DeepAmes_Full_STL_4_keep_weights/results_TA98_with_S9/artifacts/base/xgboost/scalers/xgboost_seed_2_skf_0_paras_151_lr_0.01_n_900_depth_7_subsample_0.8_scale_pos_weight_6_scaler.joblib,2,0
xgboost_seed_2_skf_1_paras_151_lr_0.01_n_900_depth_7_subsample_0.8_scale_pos_weight_6,xgboost,2_skf_1,600,81,63,174,0.843,0.904,0.734,0.881,0.682,0.905,0.707,0.601,/home/ubuntu/Desktop/DeepAmes_Full_STL_4_keep_weights/results_TA98_with_S9/artifacts/base/xgboost/estimators/xgboost_seed_2_skf_1_paras_151_lr_0.01_n_900_depth_7_subsample_0.8_scale_pos_weight_6.joblib,"{""learning_rate"": 0.01, ""max_depth"": 7, ""n_estimators"": 900, ""scale_pos_weight"": 6, ""subsample"": 0.8}",xgboost,151,/home/ubuntu/Desktop/DeepAmes_Full_STL_4_keep_weights/results_TA98_with_S9/artifacts/base/xgboost/scalers/xgboost_seed_2_skf_1_paras_151_lr_0.01_n_900_depth_7_subsample_0.8_scale_pos_weight_6_scaler.joblib,2,1
xgboost_seed_2_skf_2_paras_151_lr_0.01_n_900_depth_7_subsample_0.8_scale_pos_weight_6,xgboost,2_skf_2,614,67,71,166,0.85,0.908,0.7,0.902,0.712,0.896,0.706,0.605,/home/ubuntu/Desktop/DeepAmes_Full_STL_4_keep_weights/results_TA98_with_S9/artifacts/base/xgboost/estimators/xgboost_seed_2_skf_2_paras_151_lr_0.01_n_900_depth_7_subsample_0.8_scale_pos_weight_6.joblib,"{""learning_rate"": 0.01, ""max_depth"": 7, ""n_estimators"": 900, ""scale_pos_weight"": 6, ""subsample"": 0.8}",xgboost,151,/home/ubuntu/Desktop/DeepAmes_Full_STL_4_keep_weights/results_TA98_with_S9/artifacts/base/xgboost/scalers/xgboost_seed_2_skf_2_paras_151_lr_0.01_n_900_depth_7_subsample_0.8_scale_pos_weight_6_scaler.joblib,2,2
xgboost_seed_2_skf_3_paras_151_lr_0.01_n_900_depth_7_subsample_0.8_scale_pos_weight_6,xgboost,2_skf_3,610,71,60,177,0.857,0.899,0.747,0.896,0.714,0.91,0.73,0.633,/home/ubuntu/Desktop/DeepAmes_Full_STL_4_keep_weights/results_TA98_with_S9/artifacts/base/xgboost/estimators/xgboost_seed_2_skf_3_paras_151_lr_0.01_n_900_depth_7_subsample_0.8_scale_pos_weight_6.joblib,"{""learning_rate"": 0.01, ""max_depth"": 7, ""n_estimators"": 900, ""scale_pos_weight"": 6, ""subsample"": 0.8}",xgboost,151,/home/ubuntu/Desktop/DeepAmes_Full_STL_4_keep_weights/results_TA98_with_S9/artifacts/base/xgboost/scalers/xgboost_seed_2_skf_3_paras_151_lr_0.01_n_900_depth_7_subsample_0.8_scale_pos_weight_6_scaler.joblib,2,3
xgboost_seed_2_skf_4_paras_151_lr_0.01_n_900_depth_7_subsample_0.8_scale_pos_weight_6,xgboost,2_skf_4,608,73,62,175,0.853,0.907,0.738,0.893,0.706,0.907,0.722,0.622,/home/ubuntu/Desktop/DeepAmes_Full_STL_4_keep_weights/results_TA98_with_S9/artifacts/base/xgboost/estimators/xgboost_seed_2_skf_4_paras_151_lr_0.01_n_900_depth_7_subsample_0.8_scale_pos_weight_6.joblib,"{""learning_rate"": 0.01, ""max_depth"": 7, ""n_estimators"": 900, ""scale_pos_weight"": 6, ""subsample"": 0.8}",xgboost,151,/home/ubuntu/Desktop/DeepAmes_Full_STL_4_keep_weights/results_TA98_with_S9/artifacts/base/xgboost/scalers/xgboost_seed_2_skf_4_paras_151_lr_0.01_n_900_depth_7_subsample_0.8_scale_pos_weight_6_scaler.joblib,2,4
xgboost_seed_3_skf_0_paras_151_lr_0.01_n_900_depth_7_subsample_0.8_scale_pos_weight_6,xgboost,3_skf_0,613,68,67,170,0.853,0.905,0.717,0.9,0.714,0.901,0.716,0.617,/home/ubuntu/Desktop/DeepAmes_Full_STL_4_keep_weights/results_TA98_with_S9/artifacts/base/xgboost/estimators/xgboost_seed_3_skf_0_paras_151_lr_0.01_n_900_depth_7_subsample_0.8_scale_pos_weight_6.joblib,"{""learning_rate"": 0.01, ""max_depth"": 7, ""n_estimators"": 900, ""scale_pos_weight"": 6, ""subsample"": 0.8}",xgboost,151,/home/ubuntu/Desktop/DeepAmes_Full_STL_4_keep_weights/results_TA98_with_S9/artifacts/base/xgboost/scalers/xgboost_seed_3_skf_0_paras_151_lr_0.01_n_900_depth_7_subsample_0.8_scale_pos_weight_6_scaler.joblib,3,0
xgboost_seed_3_skf_2_paras_151_lr_0.01_n_900_depth_7_subsample_0.8_scale_pos_weight_6,xgboost,3_skf_2,606,75,60,177,0.853,0.904,0.747,0.89,0.702,0.91,0.724,0.624,/home/ubuntu/Desktop/DeepAmes_Full_STL_4_keep_weights/results_TA98_with_S9/artifacts/base/xgboost/estimators/xgboost_seed_3_skf_2_paras_151_lr_0.01_n_900_depth_7_subsample_0.8_scale_pos_weight_6.joblib,"{""learning_rate"": 0.01, ""max_depth"": 7, ""n_estimators"": 900, ""scale_pos_weight"": 6, ""subsample"": 0.8}",xgboost,151,/home/ubuntu/Desktop/DeepAmes_Full_STL_4_keep_weights/results_TA98_with_S9/artifacts/base/xgboost/scalers/xgboost_seed_3_skf_2_paras_151_lr_0.01_n_900_depth_7_subsample_0.8_scale_pos_weight_6_scaler.joblib,3,2
xgboost_seed_3_skf_3_paras_151_lr_0.01_n_900_depth_7_subsample_0.8_scale_pos_weight_6,xgboost,3_skf_3,608,73,70,167,0.844,0.899,0.705,0.893,0.696,0.897,0.7,0.595,/home/ubuntu/Desktop/DeepAmes_Full_STL_4_keep_weights/results_TA98_with_S9/artifacts/base/xgboost/estimators/xgboost_seed_3_skf_3_paras_151_lr_0.01_n_900_depth_7_subsample_0.8_scale_pos_weight_6.joblib,"{""learning_rate"": 0.01, ""max_depth"": 7, ""n_estimators"": 900, ""scale_pos_weight"": 6, ""subsample"": 0.8}",xgboost,151,/home/ubuntu/Desktop/DeepAmes_Full_STL_4_keep_weights/results_TA98_with_S9/artifacts/base/xgboost/scalers/xgboost_seed_3_skf_3_paras_151_lr_0.01_n_900_depth_7_subsample_0.8_scale_pos_weight_6_scaler.joblib,3,3
xgboost_seed_3_skf_4_paras_151_lr_0.01_n_900_depth_7_subsample_0.8_scale_pos_weight_6,xgboost,3_skf_4,603,78,62,175,0.847,0.908,0.738,0.885,0.692,0.907,0.714,0.611,/home/ubuntu/Desktop/DeepAmes_Full_STL_4_keep_weights/results_TA98_with_S9/artifacts/base/xgboost/estimators/xgboost_seed_3_skf_4_paras_151_lr_0.01_n_900_depth_7_subsample_0.8_scale_pos_weight_6.joblib,"{""learning_rate"": 0.01, ""max_depth"": 7, ""n_estimators"": 900, ""scale_pos_weight"": 6, ""subsample"": 0.8}",xgboost,151,/home/ubuntu/Desktop/DeepAmes_Full_STL_4_keep_weights/results_TA98_with_S9/artifacts/base/xgboost/scalers/xgboost_seed_3_skf_4_paras_151_lr_0.01_n_900_depth_7_subsample_0.8_scale_pos_weight_6_scaler.joblib,3,4
xgboost_seed_4_skf_0_paras_151_lr_0.01_n_900_depth_7_subsample_0.8_scale_pos_weight_6,xgboost,4_skf_0,609,72,62,175,0.854,0.903,0.738,0.894,0.709,0.908,0.723,0.624,/home/ubuntu/Desktop/DeepAmes_Full_STL_4_keep_weights/results_TA98_with_S9/artifacts/base/xgboost/estimators/xgboost_seed_4_skf_0_paras_151_lr_0.01_n_900_depth_7_subsample_0.8_scale_pos_weight_6.joblib,"{""learning_rate"": 0.01, ""max_depth"": 7, ""n_estimators"": 900, ""scale_pos_weight"": 6, ""subsample"": 0.8}",xgboost,151,/home/ubuntu/Desktop/DeepAmes_Full_STL_4_keep_weights/results_TA98_with_S9/artifacts/base/xgboost/scalers/xgboost_seed_4_skf_0_paras_151_lr_0.01_n_900_depth_7_subsample_0.8_scale_pos_weight_6_scaler.joblib,4,0
xgboost_seed_4_skf_1_paras_151_lr_0.01_n_900_depth_7_subsample_0.8_scale_pos_weight_6,xgboost,4_skf_1,603,78,66,171,0.843,0.903,0.722,0.885,0.687,0.901,0.704,0.597,/home/ubuntu/Desktop/DeepAmes_Full_STL_4_keep_weights/results_TA98_with_S9/artifacts/base/xgboost/estimators/xgboost_seed_4_skf_1_paras_151_lr_0.01_n_900_depth_7_subsample_0.8_scale_pos_weight_6.joblib,"{""learning_rate"": 0.01, ""max_depth"": 7, ""n_estimators"": 900, ""scale_pos_weight"": 6, ""subsample"": 0.8}",xgboost,151,/home/ubuntu/Desktop/DeepAmes_Full_STL_4_keep_weights/results_TA98_with_S9/artifacts/base/xgboost/scalers/xgboost_seed_4_skf_1_paras_151_lr_0.01_n_900_depth_7_subsample_0.8_scale_pos_weight_6_scaler.joblib,4,1
xgboost_seed_4_skf_2_paras_151_lr_0.01_n_900_depth_7_subsample_0.8_scale_pos_weight_6,xgboost,4_skf_2,604,77,65,172,0.845,0.903,0.726,0.887,0.691,0.903,0.708,0.603,/home/ubuntu/Desktop/DeepAmes_Full_STL_4_keep_weights/results_TA98_with_S9/artifacts/base/xgboost/estimators/xgboost_seed_4_skf_2_paras_151_lr_0.01_n_900_depth_7_subsample_0.8_scale_pos_weight_6.joblib,"{""learning_rate"": 0.01, ""max_depth"": 7, ""n_estimators"": 900, ""scale_pos_weight"": 6, ""subsample"": 0.8}",xgboost,151,/home/ubuntu/Desktop/DeepAmes_Full_STL_4_keep_weights/results_TA98_with_S9/artifacts/base/xgboost/scalers/xgboost_seed_4_skf_2_paras_151_lr_0.01_n_900_depth_7_subsample_0.8_scale_pos_weight_6_scaler.joblib,4,2
xgboost_seed_4_skf_3_paras_151_lr_0.01_n_900_depth_7_subsample_0.8_scale_pos_weight_6,xgboost,4_skf_3,607,74,59,178,0.855,0.904,0.751,0.891,0.706,0.911,0.728,0.63,/home/ubuntu/Desktop/DeepAmes_Full_STL_4_keep_weights/results_TA98_with_S9/artifacts/base/xgboost/estimators/xgboost_seed_4_skf_3_paras_151_lr_0.01_n_900_depth_7_subsample_0.8_scale_pos_weight_6.joblib,"{""learning_rate"": 0.01, ""max_depth"": 7, ""n_estimators"": 900, ""scale_pos_weight"": 6, ""subsample"": 0.8}",xgboost,151,/home/ubuntu/Desktop/DeepAmes_Full_STL_4_keep_weights/results_TA98_with_S9/artifacts/base/xgboost/scalers/xgboost_seed_4_skf_3_paras_151_lr_0.01_n_900_depth_7_subsample_0.8_scale_pos_weight_6_scaler.joblib,4,3
xgboost_seed_5_skf_0_paras_151_lr_0.01_n_900_depth_7_subsample_0.8_scale_pos_weight_6,xgboost,5_skf_0,610,71,60,177,0.857,0.907,0.747,0.896,0.714,0.91,0.73,0.633,/home/ubuntu/Desktop/DeepAmes_Full_STL_4_keep_weights/results_TA98_with_S9/artifacts/base/xgboost/estimators/xgboost_seed_5_skf_0_paras_151_lr_0.01_n_900_depth_7_subsample_0.8_scale_pos_weight_6.joblib,"{""learning_rate"": 0.01, ""max_depth"": 7, ""n_estimators"": 900, ""scale_pos_weight"": 6, ""subsample"": 0.8}",xgboost,151,/home/ubuntu/Desktop/DeepAmes_Full_STL_4_keep_weights/results_TA98_with_S9/artifacts/base/xgboost/scalers/xgboost_seed_5_skf_0_paras_151_lr_0.01_n_900_depth_7_subsample_0.8_scale_pos_weight_6_scaler.joblib,5,0
xgboost_seed_5_skf_1_paras_151_lr_0.01_n_900_depth_7_subsample_0.8_scale_pos_weight_6,xgboost,5_skf_1,613,68,62,175,0.858,0.905,0.738,0.9,0.72,0.908,0.729,0.633,/home/ubuntu/Desktop/DeepAmes_Full_STL_4_keep_weights/results_TA98_with_S9/artifacts/base/xgboost/estimators/xgboost_seed_5_skf_1_paras_151_lr_0.01_n_900_depth_7_subsample_0.8_scale_pos_weight_6.joblib,"{""learning_rate"": 0.01, ""max_depth"": 7, ""n_estimators"": 900, ""scale_pos_weight"": 6, ""subsample"": 0.8}",xgboost,151,/home/ubuntu/Desktop/DeepAmes_Full_STL_4_keep_weights/results_TA98_with_S9/artifacts/base/xgboost/scalers/xgboost_seed_5_skf_1_paras_151_lr_0.01_n_900_depth_7_subsample_0.8_scale_pos_weight_6_scaler.joblib,5,1
xgboost_seed_5_skf_2_paras_151_lr_0.01_n_900_depth_7_subsample_0.8_scale_pos_weight_6,xgboost,5_skf_2,613,68,64,173,0.856,0.904,0.73,0.9,0.718,0.905,0.724,0.627,/home/ubuntu/Desktop/DeepAmes_Full_STL_4_keep_weights/results_TA98_with_S9/artifacts/base/xgboost/estimators/xgboost_seed_5_skf_2_paras_151_lr_0.01_n_900_depth_7_subsample_0.8_scale_pos_weight_6.joblib,"{""learning_rate"": 0.01, ""max_depth"": 7, ""n_estimators"": 900, ""scale_pos_weight"": 6, ""subsample"": 0.8}",xgboost,151,/home/ubuntu/Desktop/DeepAmes_Full_STL_4_keep_weights/results_TA98_with_S9/artifacts/base/xgboost/scalers/xgboost_seed_5_skf_2_paras_151_lr_0.01_n_900_depth_7_subsample_0.8_scale_pos_weight_6_scaler.joblib,5,2
xgboost_seed_5_skf_3_paras_151_lr_0.01_n_900_depth_7_subsample_0.8_scale_pos_weight_6,xgboost,5_skf_3,607,74,59,178,0.855,0.905,0.751,0.891,0.706,0.911,0.728,0.63,/home/ubuntu/Desktop/DeepAmes_Full_STL_4_keep_weights/results_TA98_with_S9/artifacts/base/xgboost/estimators/xgboost_seed_5_skf_3_paras_151_lr_0.01_n_900_depth_7_subsample_0.8_scale_pos_weight_6.joblib,"{""learning_rate"": 0.01, ""max_depth"": 7, ""n_estimators"": 900, ""scale_pos_weight"": 6, ""subsample"": 0.8}",xgboost,151,/home/ubuntu/Desktop/DeepAmes_Full_STL_4_keep_weights/results_TA98_with_S9/artifacts/base/xgboost/scalers/xgboost_seed_5_skf_3_paras_151_lr_0.01_n_900_depth_7_subsample_0.8_scale_pos_weight_6_scaler.joblib,5,3
xgboost_seed_5_skf_4_paras_151_lr_0.01_n_900_depth_7_subsample_0.8_scale_pos_weight_6,xgboost,5_skf_4,605,76,67,170,0.844,0.904,0.717,0.888,0.691,0.9,0.704,0.598,/home/ubuntu/Desktop/DeepAmes_Full_STL_4_keep_weights/results_TA98_with_S9/artifacts/base/xgboost/estimators/xgboost_seed_5_skf_4_paras_151_lr_0.01_n_900_depth_7_subsample_0.8_scale_pos_weight_6.joblib,"{""learning_rate"": 0.01, ""max_depth"": 7, ""n_estimators"": 900, ""scale_pos_weight"": 6, ""subsample"": 0.8}",xgboost,151,/home/ubuntu/Desktop/DeepAmes_Full_STL_4_keep_weights/results_TA98_with_S9/artifacts/base/xgboost/scalers/xgboost_seed_5_skf_4_paras_151_lr_0.01_n_900_depth_7_subsample_0.8_scale_pos_weight_6_scaler.joblib,5,4
xgboost_seed_6_skf_0_paras_151_lr_0.01_n_900_depth_7_subsample_0.8_scale_pos_weight_6,xgboost,6_skf_0,604,77,62,175,0.849,0.904,0.738,0.887,0.694,0.907,0.716,0.613,/home/ubuntu/Desktop/DeepAmes_Full_STL_4_keep_weights/results_TA98_with_S9/artifacts/base/xgboost/estimators/xgboost_seed_6_skf_0_paras_151_lr_0.01_n_900_depth_7_subsample_0.8_scale_pos_weight_6.joblib,"{""learning_rate"": 0.01, ""max_depth"": 7, ""n_estimators"": 900, ""scale_pos_weight"": 6, ""subsample"": 0.8}",xgboost,151,/home/ubuntu/Desktop/DeepAmes_Full_STL_4_keep_weights/results_TA98_with_S9/artifacts/base/xgboost/scalers/xgboost_seed_6_skf_0_paras_151_lr_0.01_n_900_depth_7_subsample_0.8_scale_pos_weight_6_scaler.joblib,6,0
xgboost_seed_6_skf_2_paras_151_lr_0.01_n_900_depth_7_subsample_0.8_scale_pos_weight_6,xgboost,6_skf_2,612,69,63,174,0.856,0.908,0.734,0.899,0.716,0.907,0.725,0.628,/home/ubuntu/Desktop/DeepAmes_Full_STL_4_keep_weights/results_TA98_with_S9/artifacts/base/xgboost/estimators/xgboost_seed_6_skf_2_paras_151_lr_0.01_n_900_depth_7_subsample_0.8_scale_pos_weight_6.joblib,"{""learning_rate"": 0.01, ""max_depth"": 7, ""n_estimators"": 900, ""scale_pos_weight"": 6, ""subsample"": 0.8}",xgboost,151,/home/ubuntu/Desktop/DeepAmes_Full_STL_4_keep_weights/results_TA98_with_S9/artifacts/base/xgboost/scalers/xgboost_seed_6_skf_2_paras_151_lr_0.01_n_900_depth_7_subsample_0.8_scale_pos_weight_6_scaler.joblib,6,2
xgboost_seed_6_skf_3_paras_151_lr_0.01_n_900_depth_7_subsample_0.8_scale_pos_weight_6,xgboost,6_skf_3,607,74,70,167,0.843,0.906,0.705,0.891,0.693,0.897,0.699,0.593,/home/ubuntu/Desktop/DeepAmes_Full_STL_4_keep_weights/results_TA98_with_S9/artifacts/base/xgboost/estimators/xgboost_seed_6_skf_3_paras_151_lr_0.01_n_900_depth_7_subsample_0.8_scale_pos_weight_6.joblib,"{""learning_rate"": 0.01, ""max_depth"": 7, ""n_estimators"": 900, ""scale_pos_weight"": 6, ""subsample"": 0.8}",xgboost,151,/home/ubuntu/Desktop/DeepAmes_Full_STL_4_keep_weights/results_TA98_with_S9/artifacts/base/xgboost/scalers/xgboost_seed_6_skf_3_paras_151_lr_0.01_n_900_depth_7_subsample_0.8_scale_pos_weight_6_scaler.joblib,6,3
xgboost_seed_6_skf_4_paras_151_lr_0.01_n_900_depth_7_subsample_0.8_scale_pos_weight_6,xgboost,6_skf_4,608,73,66,171,0.849,0.905,0.722,0.893,0.701,0.902,0.711,0.609,/home/ubuntu/Desktop/DeepAmes_Full_STL_4_keep_weights/results_TA98_with_S9/artifacts/base/xgboost/estimators/xgboost_seed_6_skf_4_paras_151_lr_0.01_n_900_depth_7_subsample_0.8_scale_pos_weight_6.joblib,"{""learning_rate"": 0.01, ""max_depth"": 7, ""n_estimators"": 900, ""scale_pos_weight"": 6, ""subsample"": 0.8}",xgboost,151,/home/ubuntu/Desktop/DeepAmes_Full_STL_4_keep_weights/results_TA98_with_S9/artifacts/base/xgboost/scalers/xgboost_seed_6_skf_4_paras_151_lr_0.01_n_900_depth_7_subsample_0.8_scale_pos_weight_6_scaler.joblib,6,4
xgboost_seed_7_skf_0_paras_151_lr_0.01_n_900_depth_7_subsample_0.8_scale_pos_weight_6,xgboost,7_skf_0,599,82,58,179,0.847,0.901,0.755,0.88,0.686,0.912,0.719,0.616,/home/ubuntu/Desktop/DeepAmes_Full_STL_4_keep_weights/results_TA98_with_S9/artifacts/base/xgboost/estimators/xgboost_seed_7_skf_0_paras_151_lr_0.01_n_900_depth_7_subsample_0.8_scale_pos_weight_6.joblib,"{""learning_rate"": 0.01, ""max_depth"": 7, ""n_estimators"": 900, ""scale_pos_weight"": 6, ""subsample"": 0.8}",xgboost,151,/home/ubuntu/Desktop/DeepAmes_Full_STL_4_keep_weights/results_TA98_with_S9/artifacts/base/xgboost/scalers/xgboost_seed_7_skf_0_paras_151_lr_0.01_n_900_depth_7_subsample_0.8_scale_pos_weight_6_scaler.joblib,7,0
xgboost_seed_7_skf_1_paras_151_lr_0.01_n_900_depth_7_subsample_0.8_scale_pos_weight_6,xgboost,7_skf_1,612,69,61,176,0.858,0.909,0.743,0.899,0.718,0.909,0.73,0.634,/home/ubuntu/Desktop/DeepAmes_Full_STL_4_keep_weights/results_TA98_with_S9/artifacts/base/xgboost/estimators/xgboost_seed_7_skf_1_paras_151_lr_0.01_n_900_depth_7_subsample_0.8_scale_pos_weight_6.joblib,"{""learning_rate"": 0.01, ""max_depth"": 7, ""n_estimators"": 900, ""scale_pos_weight"": 6, ""subsample"": 0.8}",xgboost,151,/home/ubuntu/Desktop/DeepAmes_Full_STL_4_keep_weights/results_TA98_with_S9/artifacts/base/xgboost/scalers/xgboost_seed_7_skf_1_paras_151_lr_0.01_n_900_depth_7_subsample_0.8_scale_pos_weight_6_scaler.joblib,7,1
xgboost_seed_7_skf_2_paras_151_lr_0.01_n_900_depth_7_subsample_0.8_scale_pos_weight_6,xgboost,7_skf_2,609,72,60,177,0.856,0.906,0.747,0.894,0.711,0.91,0.728,0.631,/home/ubuntu/Desktop/DeepAmes_Full_STL_4_keep_weights/results_TA98_with_S9/artifacts/base/xgboost/estimators/xgboost_seed_7_skf_2_paras_151_lr_0.01_n_900_depth_7_subsample_0.8_scale_pos_weight_6.joblib,"{""learning_rate"": 0.01, ""max_depth"": 7, ""n_estimators"": 900, ""scale_pos_weight"": 6, ""subsample"": 0.8}",xgboost,151,/home/ubuntu/Desktop/DeepAmes_Full_STL_4_keep_weights/results_TA98_with_S9/artifacts/base/xgboost/scalers/xgboost_seed_7_skf_2_paras_151_lr_0.01_n_900_depth_7_subsample_0.8_scale_pos_weight_6_scaler.joblib,7,2
xgboost_seed_7_skf_3_paras_151_lr_0.01_n_900_depth_7_subsample_0.8_scale_pos_weight_6,xgboost,7_skf_3,612,69,69,168,0.85,0.902,0.709,0.899,0.709,0.899,0.709,0.608,/home/ubuntu/Desktop/DeepAmes_Full_STL_4_keep_weights/results_TA98_with_S9/artifacts/base/xgboost/estimators/xgboost_seed_7_skf_3_paras_151_lr_0.01_n_900_depth_7_subsample_0.8_scale_pos_weight_6.joblib,"{""learning_rate"": 0.01, ""max_depth"": 7, ""n_estimators"": 900, ""scale_pos_weight"": 6, ""subsample"": 0.8}",xgboost,151,/home/ubuntu/Desktop/DeepAmes_Full_STL_4_keep_weights/results_TA98_with_S9/artifacts/base/xgboost/scalers/xgboost_seed_7_skf_3_paras_151_lr_0.01_n_900_depth_7_subsample_0.8_scale_pos_weight_6_scaler.joblib,7,3
xgboost_seed_7_skf_4_paras_151_lr_0.01_n_900_depth_7_subsample_0.8_scale_pos_weight_6,xgboost,7_skf_4,604,77,63,174,0.847,0.905,0.734,0.887,0.693,0.906,0.713,0.61,/home/ubuntu/Desktop/DeepAmes_Full_STL_4_keep_weights/results_TA98_with_S9/artifacts/base/xgboost/estimators/xgboost_seed_7_skf_4_paras_151_lr_0.01_n_900_depth_7_subsample_0.8_scale_pos_weight_6.joblib,"{""learning_rate"": 0.01, ""max_depth"": 7, ""n_estimators"": 900, ""scale_pos_weight"": 6, ""subsample"": 0.8}",xgboost,151,/home/ubuntu/Desktop/DeepAmes_Full_STL_4_keep_weights/results_TA98_with_S9/artifacts/base/xgboost/scalers/xgboost_seed_7_skf_4_paras_151_lr_0.01_n_900_depth_7_subsample_0.8_scale_pos_weight_6_scaler.joblib,7,4
xgboost_seed_8_skf_0_paras_151_lr_0.01_n_900_depth_7_subsample_0.8_scale_pos_weight_6,xgboost,8_skf_0,608,73,66,171,0.849,0.901,0.722,0.893,0.701,0.902,0.711,0.609,/home/ubuntu/Desktop/DeepAmes_Full_STL_4_keep_weights/results_TA98_with_S9/artifacts/base/xgboost/estimators/xgboost_seed_8_skf_0_paras_151_lr_0.01_n_900_depth_7_subsample_0.8_scale_pos_weight_6.joblib,"{""learning_rate"": 0.01, ""max_depth"": 7, ""n_estimators"": 900, ""scale_pos_weight"": 6, ""subsample"": 0.8}",xgboost,151,/home/ubuntu/Desktop/DeepAmes_Full_STL_4_keep_weights/results_TA98_with_S9/artifacts/base/xgboost/scalers/xgboost_seed_8_skf_0_paras_151_lr_0.01_n_900_depth_7_subsample_0.8_scale_pos_weight_6_scaler.joblib,8,0
xgboost_seed_8_skf_1_paras_151_lr_0.01_n_900_depth_7_subsample_0.8_scale_pos_weight_6,xgboost,8_skf_1,609,72,64,173,0.852,0.907,0.73,0.894,0.706,0.905,0.718,0.618,/home/ubuntu/Desktop/DeepAmes_Full_STL_4_keep_weights/results_TA98_with_S9/artifacts/base/xgboost/estimators/xgboost_seed_8_skf_1_paras_151_lr_0.01_n_900_depth_7_subsample_0.8_scale_pos_weight_6.joblib,"{""learning_rate"": 0.01, ""max_depth"": 7, ""n_estimators"": 900, ""scale_pos_weight"": 6, ""subsample"": 0.8}",xgboost,151,/home/ubuntu/Desktop/DeepAmes_Full_STL_4_keep_weights/results_TA98_with_S9/artifacts/base/xgboost/scalers/xgboost_seed_8_skf_1_paras_151_lr_0.01_n_900_depth_7_subsample_0.8_scale_pos_weight_6_scaler.joblib,8,1
xgboost_seed_8_skf_2_paras_151_lr_0.01_n_900_depth_7_subsample_0.8_scale_pos_weight_6,xgboost,8_skf_2,606,75,61,176,0.852,0.908,0.743,0.89,0.701,0.909,0.721,0.621,/home/ubuntu/Desktop/DeepAmes_Full_STL_4_keep_weights/results_TA98_with_S9/artifacts/base/xgboost/estimators/xgboost_seed_8_skf_2_paras_151_lr_0.01_n_900_depth_7_subsample_0.8_scale_pos_weight_6.joblib,"{""learning_rate"": 0.01, ""max_depth"": 7, ""n_estimators"": 900, ""scale_pos_weight"": 6, ""subsample"": 0.8}",xgboost,151,/home/ubuntu/Desktop/DeepAmes_Full_STL_4_keep_weights/results_TA98_with_S9/artifacts/base/xgboost/scalers/xgboost_seed_8_skf_2_paras_151_lr_0.01_n_900_depth_7_subsample_0.8_scale_pos_weight_6_scaler.joblib,8,2
xgboost_seed_8_skf_4_paras_151_lr_0.01_n_900_depth_7_subsample_0.8_scale_pos_weight_6,xgboost,8_skf_4,609,72,65,172,0.851,0.908,0.726,0.894,0.705,0.904,0.715,0.614,/home/ubuntu/Desktop/DeepAmes_Full_STL_4_keep_weights/results_TA98_with_S9/artifacts/base/xgboost/estimators/xgboost_seed_8_skf_4_paras_151_lr_0.01_n_900_depth_7_subsample_0.8_scale_pos_weight_6.joblib,"{""learning_rate"": 0.01, ""max_depth"": 7, ""n_estimators"": 900, ""scale_pos_weight"": 6, ""subsample"": 0.8}",xgboost,151,/home/ubuntu/Desktop/DeepAmes_Full_STL_4_keep_weights/results_TA98_with_S9/artifacts/base/xgboost/scalers/xgboost_seed_8_skf_4_paras_151_lr_0.01_n_900_depth_7_subsample_0.8_scale_pos_weight_6_scaler.joblib,8,4
xgboost_seed_9_skf_0_paras_151_lr_0.01_n_900_depth_7_subsample_0.8_scale_pos_weight_6,xgboost,9_skf_0,617,64,65,172,0.859,0.901,0.726,0.906,0.729,0.905,0.727,0.633,/home/ubuntu/Desktop/DeepAmes_Full_STL_4_keep_weights/results_TA98_with_S9/artifacts/base/xgboost/estimators/xgboost_seed_9_skf_0_paras_151_lr_0.01_n_900_depth_7_subsample_0.8_scale_pos_weight_6.joblib,"{""learning_rate"": 0.01, ""max_depth"": 7, ""n_estimators"": 900, ""scale_pos_weight"": 6, ""subsample"": 0.8}",xgboost,151,/home/ubuntu/Desktop/DeepAmes_Full_STL_4_keep_weights/results_TA98_with_S9/artifacts/base/xgboost/scalers/xgboost_seed_9_skf_0_paras_151_lr_0.01_n_900_depth_7_subsample_0.8_scale_pos_weight_6_scaler.joblib,9,0
xgboost_seed_9_skf_1_paras_151_lr_0.01_n_900_depth_7_subsample_0.8_scale_pos_weight_6,xgboost,9_skf_1,616,65,69,168,0.854,0.906,0.709,0.905,0.721,0.899,0.715,0.617,/home/ubuntu/Desktop/DeepAmes_Full_STL_4_keep_weights/results_TA98_with_S9/artifacts/base/xgboost/estimators/xgboost_seed_9_skf_1_paras_151_lr_0.01_n_900_depth_7_subsample_0.8_scale_pos_weight_6.joblib,"{""learning_rate"": 0.01, ""max_depth"": 7, ""n_estimators"": 900, ""scale_pos_weight"": 6, ""subsample"": 0.8}",xgboost,151,/home/ubuntu/Desktop/DeepAmes_Full_STL_4_keep_weights/results_TA98_with_S9/artifacts/base/xgboost/scalers/xgboost_seed_9_skf_1_paras_151_lr_0.01_n_900_depth_7_subsample_0.8_scale_pos_weight_6_scaler.joblib,9,1
xgboost_seed_9_skf_2_paras_151_lr_0.01_n_900_depth_7_subsample_0.8_scale_pos_weight_6,xgboost,9_skf_2,605,76,64,173,0.847,0.906,0.73,0.888,0.695,0.904,0.712,0.609,/home/ubuntu/Desktop/DeepAmes_Full_STL_4_keep_weights/results_TA98_with_S9/artifacts/base/xgboost/estimators/xgboost_seed_9_skf_2_paras_151_lr_0.01_n_900_depth_7_subsample_0.8_scale_pos_weight_6.joblib,"{""learning_rate"": 0.01, ""max_depth"": 7, ""n_estimators"": 900, ""scale_pos_weight"": 6, ""subsample"": 0.8}",xgboost,151,/home/ubuntu/Desktop/DeepAmes_Full_STL_4_keep_weights/results_TA98_with_S9/artifacts/base/xgboost/scalers/xgboost_seed_9_skf_2_paras_151_lr_0.01_n_900_depth_7_subsample_0.8_scale_pos_weight_6_scaler.joblib,9,2
xgboost_seed_9_skf_3_paras_151_lr_0.01_n_900_depth_7_subsample_0.8_scale_pos_weight_6,xgboost,9_skf_3,612,69,66,171,0.853,0.906,0.722,0.899,0.712,0.903,0.717,0.618,/home/ubuntu/Desktop/DeepAmes_Full_STL_4_keep_weights/results_TA98_with_S9/artifacts/base/xgboost/estimators/xgboost_seed_9_skf_3_paras_151_lr_0.01_n_900_depth_7_subsample_0.8_scale_pos_weight_6.joblib,"{""learning_rate"": 0.01, ""max_depth"": 7, ""n_estimators"": 900, ""scale_pos_weight"": 6, ""subsample"": 0.8}",xgboost,151,/home/ubuntu/Desktop/DeepAmes_Full_STL_4_keep_weights/results_TA98_with_S9/artifacts/base/xgboost/scalers/xgboost_seed_9_skf_3_paras_151_lr_0.01_n_900_depth_7_subsample_0.8_scale_pos_weight_6_scaler.joblib,9,3
xgboost_seed_10_skf_0_paras_151_lr_0.01_n_900_depth_7_subsample_0.8_scale_pos_weight_6,xgboost,10_skf_0,609,72,63,174,0.853,0.906,0.734,0.894,0.707,0.906,0.72,0.621,/home/ubuntu/Desktop/DeepAmes_Full_STL_4_keep_weights/results_TA98_with_S9/artifacts/base/xgboost/estimators/xgboost_seed_10_skf_0_paras_151_lr_0.01_n_900_depth_7_subsample_0.8_scale_pos_weight_6.joblib,"{""learning_rate"": 0.01, ""max_depth"": 7, ""n_estimators"": 900, ""scale_pos_weight"": 6, ""subsample"": 0.8}",xgboost,151,/home/ubuntu/Desktop/DeepAmes_Full_STL_4_keep_weights/results_TA98_with_S9/artifacts/base/xgboost/scalers/xgboost_seed_10_skf_0_paras_151_lr_0.01_n_900_depth_7_subsample_0.8_scale_pos_weight_6_scaler.joblib,10,0
xgboost_seed_10_skf_1_paras_151_lr_0.01_n_900_depth_7_subsample_0.8_scale_pos_weight_6,xgboost,10_skf_1,612,69,61,176,0.858,0.903,0.743,0.899,0.718,0.909,0.73,0.634,/home/ubuntu/Desktop/DeepAmes_Full_STL_4_keep_weights/results_TA98_with_S9/artifacts/base/xgboost/estimators/xgboost_seed_10_skf_1_paras_151_lr_0.01_n_900_depth_7_subsample_0.8_scale_pos_weight_6.joblib,"{""learning_rate"": 0.01, ""max_depth"": 7, ""n_estimators"": 900, ""scale_pos_weight"": 6, ""subsample"": 0.8}",xgboost,151,/home/ubuntu/Desktop/DeepAmes_Full_STL_4_keep_weights/results_TA98_with_S9/artifacts/base/xgboost/scalers/xgboost_seed_10_skf_1_paras_151_lr_0.01_n_900_depth_7_subsample_0.8_scale_pos_weight_6_scaler.joblib,10,1
xgboost_seed_10_skf_2_paras_151_lr_0.01_n_900_depth_7_subsample_0.8_scale_pos_weight_6,xgboost,10_skf_2,606,75,64,173,0.849,0.907,0.73,0.89,0.698,0.904,0.713,0.611,/home/ubuntu/Desktop/DeepAmes_Full_STL_4_keep_weights/results_TA98_with_S9/artifacts/base/xgboost/estimators/xgboost_seed_10_skf_2_paras_151_lr_0.01_n_900_depth_7_subsample_0.8_scale_pos_weight_6.joblib,"{""learning_rate"": 0.01, ""max_depth"": 7, ""n_estimators"": 900, ""scale_pos_weight"": 6, ""subsample"": 0.8}",xgboost,151,/home/ubuntu/Desktop/DeepAmes_Full_STL_4_keep_weights/results_TA98_with_S9/artifacts/base/xgboost/scalers/xgboost_seed_10_skf_2_paras_151_lr_0.01_n_900_depth_7_subsample_0.8_scale_pos_weight_6_scaler.joblib,10,2
xgboost_seed_10_skf_3_paras_151_lr_0.01_n_900_depth_7_subsample_0.8_scale_pos_weight_6,xgboost,10_skf_3,614,67,64,173,0.857,0.905,0.73,0.902,0.721,0.906,0.725,0.629,/home/ubuntu/Desktop/DeepAmes_Full_STL_4_keep_weights/results_TA98_with_S9/artifacts/base/xgboost/estimators/xgboost_seed_10_skf_3_paras_151_lr_0.01_n_900_depth_7_subsample_0.8_scale_pos_weight_6.joblib,"{""learning_rate"": 0.01, ""max_depth"": 7, ""n_estimators"": 900, ""scale_pos_weight"": 6, ""subsample"": 0.8}",xgboost,151,/home/ubuntu/Desktop/DeepAmes_Full_STL_4_keep_weights/results_TA98_with_S9/artifacts/base/xgboost/scalers/xgboost_seed_10_skf_3_paras_151_lr_0.01_n_900_depth_7_subsample_0.8_scale_pos_weight_6_scaler.joblib,10,3
xgboost_seed_10_skf_4_paras_151_lr_0.01_n_900_depth_7_subsample_0.8_scale_pos_weight_6,xgboost,10_skf_4,610,71,65,172,0.852,0.908,0.726,0.896,0.708,0.904,0.717,0.616,/home/ubuntu/Desktop/DeepAmes_Full_STL_4_keep_weights/results_TA98_with_S9/artifacts/base/xgboost/estimators/xgboost_seed_10_skf_4_paras_151_lr_0.01_n_900_depth_7_subsample_0.8_scale_pos_weight_6.joblib,"{""learning_rate"": 0.01, ""max_depth"": 7, ""n_estimators"": 900, ""scale_pos_weight"": 6, ""subsample"": 0.8}",xgboost,151,/home/ubuntu/Desktop/DeepAmes_Full_STL_4_keep_weights/results_TA98_with_S9/artifacts/base/xgboost/scalers/xgboost_seed_10_skf_4_paras_151_lr_0.01_n_900_depth_7_subsample_0.8_scale_pos_weight_6_scaler.joblib,10,4
xgboost_seed_11_skf_1_paras_151_lr_0.01_n_900_depth_7_subsample_0.8_scale_pos_weight_6,xgboost,11_skf_1,607,74,68,169,0.845,0.901,0.713,0.891,0.695,0.899,0.704,0.6,/home/ubuntu/Desktop/DeepAmes_Full_STL_4_keep_weights/results_TA98_with_S9/artifacts/base/xgboost/estimators/xgboost_seed_11_skf_1_paras_151_lr_0.01_n_900_depth_7_subsample_0.8_scale_pos_weight_6.joblib,"{""learning_rate"": 0.01, ""max_depth"": 7, ""n_estimators"": 900, ""scale_pos_weight"": 6, ""subsample"": 0.8}",xgboost,151,/home/ubuntu/Desktop/DeepAmes_Full_STL_4_keep_weights/results_TA98_with_S9/artifacts/base/xgboost/scalers/xgboost_seed_11_skf_1_paras_151_lr_0.01_n_900_depth_7_subsample_0.8_scale_pos_weight_6_scaler.joblib,11,1
xgboost_seed_11_skf_3_paras_151_lr_0.01_n_900_depth_7_subsample_0.8_scale_pos_weight_6,xgboost,11_skf_3,610,71,70,167,0.846,0.906,0.705,0.896,0.702,0.897,0.703,0.6,/home/ubuntu/Desktop/DeepAmes_Full_STL_4_keep_weights/results_TA98_with_S9/artifacts/base/xgboost/estimators/xgboost_seed_11_skf_3_paras_151_lr_0.01_n_900_depth_7_subsample_0.8_scale_pos_weight_6.joblib,"{""learning_rate"": 0.01, ""max_depth"": 7, ""n_estimators"": 900, ""scale_pos_weight"": 6, ""subsample"": 0.8}",xgboost,151,/home/ubuntu/Desktop/DeepAmes_Full_STL_4_keep_weights/results_TA98_with_S9/artifacts/base/xgboost/scalers/xgboost_seed_11_skf_3_paras_151_lr_0.01_n_900_depth_7_subsample_0.8_scale_pos_weight_6_scaler.joblib,11,3
xgboost_seed_11_skf_4_paras_151_lr_0.01_n_900_depth_7_subsample_0.8_scale_pos_weight_6,xgboost,11_skf_4,602,79,63,174,0.845,0.906,0.734,0.884,0.688,0.905,0.71,0.605,/home/ubuntu/Desktop/DeepAmes_Full_STL_4_keep_weights/results_TA98_with_S9/artifacts/base/xgboost/estimators/xgboost_seed_11_skf_4_paras_151_lr_0.01_n_900_depth_7_subsample_0.8_scale_pos_weight_6.joblib,"{""learning_rate"": 0.01, ""max_depth"": 7, ""n_estimators"": 900, ""scale_pos_weight"": 6, ""subsample"": 0.8}",xgboost,151,/home/ubuntu/Desktop/DeepAmes_Full_STL_4_keep_weights/results_TA98_with_S9/artifacts/base/xgboost/scalers/xgboost_seed_11_skf_4_paras_151_lr_0.01_n_900_depth_7_subsample_0.8_scale_pos_weight_6_scaler.joblib,11,4
xgboost_seed_12_skf_0_paras_151_lr_0.01_n_900_depth_7_subsample_0.8_scale_pos_weight_6,xgboost,12_skf_0,615,66,66,171,0.856,0.911,0.722,0.903,0.722,0.903,0.722,0.625,/home/ubuntu/Desktop/DeepAmes_Full_STL_4_keep_weights/results_TA98_with_S9/artifacts/base/xgboost/estimators/xgboost_seed_12_skf_0_paras_151_lr_0.01_n_900_depth_7_subsample_0.8_scale_pos_weight_6.joblib,"{""learning_rate"": 0.01, ""max_depth"": 7, ""n_estimators"": 900, ""scale_pos_weight"": 6, ""subsample"": 0.8}",xgboost,151,/home/ubuntu/Desktop/DeepAmes_Full_STL_4_keep_weights/results_TA98_with_S9/artifacts/base/xgboost/scalers/xgboost_seed_12_skf_0_paras_151_lr_0.01_n_900_depth_7_subsample_0.8_scale_pos_weight_6_scaler.joblib,12,0
xgboost_seed_12_skf_1_paras_151_lr_0.01_n_900_depth_7_subsample_0.8_scale_pos_weight_6,xgboost,12_skf_1,610,71,63,174,0.854,0.903,0.734,0.896,0.71,0.906,0.722,0.623,/home/ubuntu/Desktop/DeepAmes_Full_STL_4_keep_weights/results_TA98_with_S9/artifacts/base/xgboost/estimators/xgboost_seed_12_skf_1_paras_151_lr_0.01_n_900_depth_7_subsample_0.8_scale_pos_weight_6.joblib,"{""learning_rate"": 0.01, ""max_depth"": 7, ""n_estimators"": 900, ""scale_pos_weight"": 6, ""subsample"": 0.8}",xgboost,151,/home/ubuntu/Desktop/DeepAmes_Full_STL_4_keep_weights/results_TA98_with_S9/artifacts/base/xgboost/scalers/xgboost_seed_12_skf_1_paras_151_lr_0.01_n_900_depth_7_subsample_0.8_scale_pos_weight_6_scaler.joblib,12,1
xgboost_seed_12_skf_2_paras_151_lr_0.01_n_900_depth_7_subsample_0.8_scale_pos_weight_6,xgboost,12_skf_2,610,71,67,170,0.85,0.905,0.717,0.896,0.705,0.901,0.711,0.61,/home/ubuntu/Desktop/DeepAmes_Full_STL_4_keep_weights/results_TA98_with_S9/artifacts/base/xgboost/estimators/xgboost_seed_12_skf_2_paras_151_lr_0.01_n_900_depth_7_subsample_0.8_scale_pos_weight_6.joblib,"{""learning_rate"": 0.01, ""max_depth"": 7, ""n_estimators"": 900, ""scale_pos_weight"": 6, ""subsample"": 0.8}",xgboost,151,/home/ubuntu/Desktop/DeepAmes_Full_STL_4_keep_weights/results_TA98_with_S9/artifacts/base/xgboost/scalers/xgboost_seed_12_skf_2_paras_151_lr_0.01_n_900_depth_7_subsample_0.8_scale_pos_weight_6_scaler.joblib,12,2
xgboost_seed_12_skf_3_paras_151_lr_0.01_n_900_depth_7_subsample_0.8_scale_pos_weight_6,xgboost,12_skf_3,609,72,67,170,0.849,0.901,0.717,0.894,0.702,0.901,0.71,0.607,/home/ubuntu/Desktop/DeepAmes_Full_STL_4_keep_weights/results_TA98_with_S9/artifacts/base/xgboost/estimators/xgboost_seed_12_skf_3_paras_151_lr_0.01_n_900_depth_7_subsample_0.8_scale_pos_weight_6.joblib,"{""learning_rate"": 0.01, ""max_depth"": 7, ""n_estimators"": 900, ""scale_pos_weight"": 6, ""subsample"": 0.8}",xgboost,151,/home/ubuntu/Desktop/DeepAmes_Full_STL_4_keep_weights/results_TA98_with_S9/artifacts/base/xgboost/scalers/xgboost_seed_12_skf_3_paras_151_lr_0.01_n_900_depth_7_subsample_0.8_scale_pos_weight_6_scaler.joblib,12,3
xgboost_seed_12_skf_4_paras_151_lr_0.01_n_900_depth_7_subsample_0.8_scale_pos_weight_6,xgboost,12_skf_4,604,77,61,176,0.85,0.901,0.743,0.887,0.696,0.908,0.718,0.617,/home/ubuntu/Desktop/DeepAmes_Full_STL_4_keep_weights/results_TA98_with_S9/artifacts/base/xgboost/estimators/xgboost_seed_12_skf_4_paras_151_lr_0.01_n_900_depth_7_subsample_0.8_scale_pos_weight_6.joblib,"{""learning_rate"": 0.01, ""max_depth"": 7, ""n_estimators"": 900, ""scale_pos_weight"": 6, ""subsample"": 0.8}",xgboost,151,/home/ubuntu/Desktop/DeepAmes_Full_STL_4_keep_weights/results_TA98_with_S9/artifacts/base/xgboost/scalers/xgboost_seed_12_skf_4_paras_151_lr_0.01_n_900_depth_7_subsample_0.8_scale_pos_weight_6_scaler.joblib,12,4
xgboost_seed_13_skf_0_paras_151_lr_0.01_n_900_depth_7_subsample_0.8_scale_pos_weight_6,xgboost,13_skf_0,610,71,65,172,0.852,0.91,0.726,0.896,0.708,0.904,0.717,0.616,/home/ubuntu/Desktop/DeepAmes_Full_STL_4_keep_weights/results_TA98_with_S9/artifacts/base/xgboost/estimators/xgboost_seed_13_skf_0_paras_151_lr_0.01_n_900_depth_7_subsample_0.8_scale_pos_weight_6.joblib,"{""learning_rate"": 0.01, ""max_depth"": 7, ""n_estimators"": 900, ""scale_pos_weight"": 6, ""subsample"": 0.8}",xgboost,151,/home/ubuntu/Desktop/DeepAmes_Full_STL_4_keep_weights/results_TA98_with_S9/artifacts/base/xgboost/scalers/xgboost_seed_13_skf_0_paras_151_lr_0.01_n_900_depth_7_subsample_0.8_scale_pos_weight_6_scaler.joblib,13,0
xgboost_seed_13_skf_1_paras_151_lr_0.01_n_900_depth_7_subsample_0.8_scale_pos_weight_6,xgboost,13_skf_1,608,73,62,175,0.853,0.907,0.738,0.893,0.706,0.907,0.722,0.622,/home/ubuntu/Desktop/DeepAmes_Full_STL_4_keep_weights/results_TA98_with_S9/artifacts/base/xgboost/estimators/xgboost_seed_13_skf_1_paras_151_lr_0.01_n_900_depth_7_subsample_0.8_scale_pos_weight_6.joblib,"{""learning_rate"": 0.01, ""max_depth"": 7, ""n_estimators"": 900, ""scale_pos_weight"": 6, ""subsample"": 0.8}",xgboost,151,/home/ubuntu/Desktop/DeepAmes_Full_STL_4_keep_weights/results_TA98_with_S9/artifacts/base/xgboost/scalers/xgboost_seed_13_skf_1_paras_151_lr_0.01_n_900_depth_7_subsample_0.8_scale_pos_weight_6_scaler.joblib,13,1
xgboost_seed_13_skf_2_paras_151_lr_0.01_n_900_depth_7_subsample_0.8_scale_pos_weight_6,xgboost,13_skf_2,609,72,64,173,0.852,0.905,0.73,0.894,0.706,0.905,0.718,0.618,/home/ubuntu/Desktop/DeepAmes_Full_STL_4_keep_weights/results_TA98_with_S9/artifacts/base/xgboost/estimators/xgboost_seed_13_skf_2_paras_151_lr_0.01_n_900_depth_7_subsample_0.8_scale_pos_weight_6.joblib,"{""learning_rate"": 0.01, ""max_depth"": 7, ""n_estimators"": 900, ""scale_pos_weight"": 6, ""subsample"": 0.8}",xgboost,151,/home/ubuntu/Desktop/DeepAmes_Full_STL_4_keep_weights/results_TA98_with_S9/artifacts/base/xgboost/scalers/xgboost_seed_13_skf_2_paras_151_lr_0.01_n_900_depth_7_subsample_0.8_scale_pos_weight_6_scaler.joblib,13,2
xgboost_seed_13_skf_4_paras_151_lr_0.01_n_900_depth_7_subsample_0.8_scale_pos_weight_6,xgboost,13_skf_4,603,78,62,175,0.847,0.894,0.738,0.885,0.692,0.907,0.714,0.611,/home/ubuntu/Desktop/DeepAmes_Full_STL_4_keep_weights/results_TA98_with_S9/artifacts/base/xgboost/estimators/xgboost_seed_13_skf_4_paras_151_lr_0.01_n_900_depth_7_subsample_0.8_scale_pos_weight_6.joblib,"{""learning_rate"": 0.01, ""max_depth"": 7, ""n_estimators"": 900, ""scale_pos_weight"": 6, ""subsample"": 0.8}",xgboost,151,/home/ubuntu/Desktop/DeepAmes_Full_STL_4_keep_weights/results_TA98_with_S9/artifacts/base/xgboost/scalers/xgboost_seed_13_skf_4_paras_151_lr_0.01_n_900_depth_7_subsample_0.8_scale_pos_weight_6_scaler.joblib,13,4
xgboost_seed_14_skf_0_paras_151_lr_0.01_n_900_depth_7_subsample_0.8_scale_pos_weight_6,xgboost,14_skf_0,606,75,63,174,0.85,0.907,0.734,0.89,0.699,0.906,0.716,0.614,/home/ubuntu/Desktop/DeepAmes_Full_STL_4_keep_weights/results_TA98_with_S9/artifacts/base/xgboost/estimators/xgboost_seed_14_skf_0_paras_151_lr_0.01_n_900_depth_7_subsample_0.8_scale_pos_weight_6.joblib,"{""learning_rate"": 0.01, ""max_depth"": 7, ""n_estimators"": 900, ""scale_pos_weight"": 6, ""subsample"": 0.8}",xgboost,151,/home/ubuntu/Desktop/DeepAmes_Full_STL_4_keep_weights/results_TA98_with_S9/artifacts/base/xgboost/scalers/xgboost_seed_14_skf_0_paras_151_lr_0.01_n_900_depth_7_subsample_0.8_scale_pos_weight_6_scaler.joblib,14,0
xgboost_seed_14_skf_1_paras_151_lr_0.01_n_900_depth_7_subsample_0.8_scale_pos_weight_6,xgboost,14_skf_1,601,80,62,175,0.845,0.9,0.738,0.883,0.686,0.906,0.711,0.607,/home/ubuntu/Desktop/DeepAmes_Full_STL_4_keep_weights/results_TA98_with_S9/artifacts/base/xgboost/estimators/xgboost_seed_14_skf_1_paras_151_lr_0.01_n_900_depth_7_subsample_0.8_scale_pos_weight_6.joblib,"{""learning_rate"": 0.01, ""max_depth"": 7, ""n_estimators"": 900, ""scale_pos_weight"": 6, ""subsample"": 0.8}",xgboost,151,/home/ubuntu/Desktop/DeepAmes_Full_STL_4_keep_weights/results_TA98_with_S9/artifacts/base/xgboost/scalers/xgboost_seed_14_skf_1_paras_151_lr_0.01_n_900_depth_7_subsample_0.8_scale_pos_weight_6_scaler.joblib,14,1
xgboost_seed_14_skf_2_paras_151_lr_0.01_n_900_depth_7_subsample_0.8_scale_pos_weight_6,xgboost,14_skf_2,608,73,65,172,0.85,0.911,0.726,0.893,0.702,0.903,0.714,0.612,/home/ubuntu/Desktop/DeepAmes_Full_STL_4_keep_weights/results_TA98_with_S9/artifacts/base/xgboost/estimators/xgboost_seed_14_skf_2_paras_151_lr_0.01_n_900_depth_7_subsample_0.8_scale_pos_weight_6.joblib,"{""learning_rate"": 0.01, ""max_depth"": 7, ""n_estimators"": 900, ""scale_pos_weight"": 6, ""subsample"": 0.8}",xgboost,151,/home/ubuntu/Desktop/DeepAmes_Full_STL_4_keep_weights/results_TA98_with_S9/artifacts/base/xgboost/scalers/xgboost_seed_14_skf_2_paras_151_lr_0.01_n_900_depth_7_subsample_0.8_scale_pos_weight_6_scaler.joblib,14,2
xgboost_seed_14_skf_3_paras_151_lr_0.01_n_900_depth_7_subsample_0.8_scale_pos_weight_6,xgboost,14_skf_3,612,69,64,173,0.855,0.902,0.73,0.899,0.715,0.905,0.722,0.624,/home/ubuntu/Desktop/DeepAmes_Full_STL_4_keep_weights/results_TA98_with_S9/artifacts/base/xgboost/estimators/xgboost_seed_14_skf_3_paras_151_lr_0.01_n_900_depth_7_subsample_0.8_scale_pos_weight_6.joblib,"{""learning_rate"": 0.01, ""max_depth"": 7, ""n_estimators"": 900, ""scale_pos_weight"": 6, ""subsample"": 0.8}",xgboost,151,/home/ubuntu/Desktop/DeepAmes_Full_STL_4_keep_weights/results_TA98_with_S9/artifacts/base/xgboost/scalers/xgboost_seed_14_skf_3_paras_151_lr_0.01_n_900_depth_7_subsample_0.8_scale_pos_weight_6_scaler.joblib,14,3
xgboost_seed_14_skf_4_paras_151_lr_0.01_n_900_depth_7_subsample_0.8_scale_pos_weight_6,xgboost,14_skf_4,611,70,67,170,0.851,0.905,0.717,0.897,0.708,0.901,0.713,0.612,/home/ubuntu/Desktop/DeepAmes_Full_STL_4_keep_weights/results_TA98_with_S9/artifacts/base/xgboost/estimators/xgboost_seed_14_skf_4_paras_151_lr_0.01_n_900_depth_7_subsample_0.8_scale_pos_weight_6.joblib,"{""learning_rate"": 0.01, ""max_depth"": 7, ""n_estimators"": 900, ""scale_pos_weight"": 6, ""subsample"": 0.8}",xgboost,151,/home/ubuntu/Desktop/DeepAmes_Full_STL_4_keep_weights/results_TA98_with_S9/artifacts/base/xgboost/scalers/xgboost_seed_14_skf_4_paras_151_lr_0.01_n_900_depth_7_subsample_0.8_scale_pos_weight_6_scaler.joblib,14,4
xgboost_seed_15_skf_0_paras_151_lr_0.01_n_900_depth_7_subsample_0.8_scale_pos_weight_6,xgboost,15_skf_0,611,70,67,170,0.851,0.906,0.717,0.897,0.708,0.901,0.713,0.612,/home/ubuntu/Desktop/DeepAmes_Full_STL_4_keep_weights/results_TA98_with_S9/artifacts/base/xgboost/estimators/xgboost_seed_15_skf_0_paras_151_lr_0.01_n_900_depth_7_subsample_0.8_scale_pos_weight_6.joblib,"{""learning_rate"": 0.01, ""max_depth"": 7, ""n_estimators"": 900, ""scale_pos_weight"": 6, ""subsample"": 0.8}",xgboost,151,/home/ubuntu/Desktop/DeepAmes_Full_STL_4_keep_weights/results_TA98_with_S9/artifacts/base/xgboost/scalers/xgboost_seed_15_skf_0_paras_151_lr_0.01_n_900_depth_7_subsample_0.8_scale_pos_weight_6_scaler.joblib,15,0
xgboost_seed_15_skf_1_paras_151_lr_0.01_n_900_depth_7_subsample_0.8_scale_pos_weight_6,xgboost,15_skf_1,608,73,70,167,0.844,0.906,0.705,0.893,0.696,0.897,0.7,0.595,/home/ubuntu/Desktop/DeepAmes_Full_STL_4_keep_weights/results_TA98_with_S9/artifacts/base/xgboost/estimators/xgboost_seed_15_skf_1_paras_151_lr_0.01_n_900_depth_7_subsample_0.8_scale_pos_weight_6.joblib,"{""learning_rate"": 0.01, ""max_depth"": 7, ""n_estimators"": 900, ""scale_pos_weight"": 6, ""subsample"": 0.8}",xgboost,151,/home/ubuntu/Desktop/DeepAmes_Full_STL_4_keep_weights/results_TA98_with_S9/artifacts/base/xgboost/scalers/xgboost_seed_15_skf_1_paras_151_lr_0.01_n_900_depth_7_subsample_0.8_scale_pos_weight_6_scaler.joblib,15,1
xgboost_seed_15_skf_2_paras_151_lr_0.01_n_900_depth_7_subsample_0.8_scale_pos_weight_6,xgboost,15_skf_2,610,71,68,169,0.849,0.906,0.713,0.896,0.704,0.9,0.709,0.606,/home/ubuntu/Desktop/DeepAmes_Full_STL_4_keep_weights/results_TA98_with_S9/artifacts/base/xgboost/estimators/xgboost_seed_15_skf_2_paras_151_lr_0.01_n_900_depth_7_subsample_0.8_scale_pos_weight_6.joblib,"{""learning_rate"": 0.01, ""max_depth"": 7, ""n_estimators"": 900, ""scale_pos_weight"": 6, ""subsample"": 0.8}",xgboost,151,/home/ubuntu/Desktop/DeepAmes_Full_STL_4_keep_weights/results_TA98_with_S9/artifacts/base/xgboost/scalers/xgboost_seed_15_skf_2_paras_151_lr_0.01_n_900_depth_7_subsample_0.8_scale_pos_weight_6_scaler.joblib,15,2
xgboost_seed_15_skf_3_paras_151_lr_0.01_n_900_depth_7_subsample_0.8_scale_pos_weight_6,xgboost,15_skf_3,603,78,61,176,0.849,0.907,0.743,0.885,0.693,0.908,0.717,0.614,/home/ubuntu/Desktop/DeepAmes_Full_STL_4_keep_weights/results_TA98_with_S9/artifacts/base/xgboost/estimators/xgboost_seed_15_skf_3_paras_151_lr_0.01_n_900_depth_7_subsample_0.8_scale_pos_weight_6.joblib,"{""learning_rate"": 0.01, ""max_depth"": 7, ""n_estimators"": 900, ""scale_pos_weight"": 6, ""subsample"": 0.8}",xgboost,151,/home/ubuntu/Desktop/DeepAmes_Full_STL_4_keep_weights/results_TA98_with_S9/artifacts/base/xgboost/scalers/xgboost_seed_15_skf_3_paras_151_lr_0.01_n_900_depth_7_subsample_0.8_scale_pos_weight_6_scaler.joblib,15,3
xgboost_seed_15_skf_4_paras_151_lr_0.01_n_900_depth_7_subsample_0.8_scale_pos_weight_6,xgboost,15_skf_4,605,76,64,173,0.847,0.901,0.73,0.888,0.695,0.904,0.712,0.609,/home/ubuntu/Desktop/DeepAmes_Full_STL_4_keep_weights/results_TA98_with_S9/artifacts/base/xgboost/estimators/xgboost_seed_15_skf_4_paras_151_lr_0.01_n_900_depth_7_subsample_0.8_scale_pos_weight_6.joblib,"{""learning_rate"": 0.01, ""max_depth"": 7, ""n_estimators"": 900, ""scale_pos_weight"": 6, ""subsample"": 0.8}",xgboost,151,/home/ubuntu/Desktop/DeepAmes_Full_STL_4_keep_weights/results_TA98_with_S9/artifacts/base/xgboost/scalers/xgboost_seed_15_skf_4_paras_151_lr_0.01_n_900_depth_7_subsample_0.8_scale_pos_weight_6_scaler.joblib,15,4
xgboost_seed_16_skf_0_paras_151_lr_0.01_n_900_depth_7_subsample_0.8_scale_pos_weight_6,xgboost,16_skf_0,603,78,58,179,0.852,0.908,0.755,0.885,0.696,0.912,0.725,0.625,/home/ubuntu/Desktop/DeepAmes_Full_STL_4_keep_weights/results_TA98_with_S9/artifacts/base/xgboost/estimators/xgboost_seed_16_skf_0_paras_151_lr_0.01_n_900_depth_7_subsample_0.8_scale_pos_weight_6.joblib,"{""learning_rate"": 0.01, ""max_depth"": 7, ""n_estimators"": 900, ""scale_pos_weight"": 6, ""subsample"": 0.8}",xgboost,151,/home/ubuntu/Desktop/DeepAmes_Full_STL_4_keep_weights/results_TA98_with_S9/artifacts/base/xgboost/scalers/xgboost_seed_16_skf_0_paras_151_lr_0.01_n_900_depth_7_subsample_0.8_scale_pos_weight_6_scaler.joblib,16,0
xgboost_seed_16_skf_2_paras_151_lr_0.01_n_900_depth_7_subsample_0.8_scale_pos_weight_6,xgboost,16_skf_2,606,75,63,174,0.85,0.902,0.734,0.89,0.699,0.906,0.716,0.614,/home/ubuntu/Desktop/DeepAmes_Full_STL_4_keep_weights/results_TA98_with_S9/artifacts/base/xgboost/estimators/xgboost_seed_16_skf_2_paras_151_lr_0.01_n_900_depth_7_subsample_0.8_scale_pos_weight_6.joblib,"{""learning_rate"": 0.01, ""max_depth"": 7, ""n_estimators"": 900, ""scale_pos_weight"": 6, ""subsample"": 0.8}",xgboost,151,/home/ubuntu/Desktop/DeepAmes_Full_STL_4_keep_weights/results_TA98_with_S9/artifacts/base/xgboost/scalers/xgboost_seed_16_skf_2_paras_151_lr_0.01_n_900_depth_7_subsample_0.8_scale_pos_weight_6_scaler.joblib,16,2
xgboost_seed_16_skf_4_paras_151_lr_0.01_n_900_depth_7_subsample_0.8_scale_pos_weight_6,xgboost,16_skf_4,608,73,67,170,0.847,0.904,0.717,0.893,0.7,0.901,0.708,0.605,/home/ubuntu/Desktop/DeepAmes_Full_STL_4_keep_weights/results_TA98_with_S9/artifacts/base/xgboost/estimators/xgboost_seed_16_skf_4_paras_151_lr_0.01_n_900_depth_7_subsample_0.8_scale_pos_weight_6.joblib,"{""learning_rate"": 0.01, ""max_depth"": 7, ""n_estimators"": 900, ""scale_pos_weight"": 6, ""subsample"": 0.8}",xgboost,151,/home/ubuntu/Desktop/DeepAmes_Full_STL_4_keep_weights/results_TA98_with_S9/artifacts/base/xgboost/scalers/xgboost_seed_16_skf_4_paras_151_lr_0.01_n_900_depth_7_subsample_0.8_scale_pos_weight_6_scaler.joblib,16,4
xgboost_seed_17_skf_0_paras_151_lr_0.01_n_900_depth_7_subsample_0.8_scale_pos_weight_6,xgboost,17_skf_0,610,71,62,175,0.855,0.906,0.738,0.896,0.711,0.908,0.725,0.627,/home/ubuntu/Desktop/DeepAmes_Full_STL_4_keep_weights/results_TA98_with_S9/artifacts/base/xgboost/estimators/xgboost_seed_17_skf_0_paras_151_lr_0.01_n_900_depth_7_subsample_0.8_scale_pos_weight_6.joblib,"{""learning_rate"": 0.01, ""max_depth"": 7, ""n_estimators"": 900, ""scale_pos_weight"": 6, ""subsample"": 0.8}",xgboost,151,/home/ubuntu/Desktop/DeepAmes_Full_STL_4_keep_weights/results_TA98_with_S9/artifacts/base/xgboost/scalers/xgboost_seed_17_skf_0_paras_151_lr_0.01_n_900_depth_7_subsample_0.8_scale_pos_weight_6_scaler.joblib,17,0
xgboost_seed_17_skf_2_paras_151_lr_0.01_n_900_depth_7_subsample_0.8_scale_pos_weight_6,xgboost,17_skf_2,610,71,64,173,0.853,0.906,0.73,0.896,0.709,0.905,0.719,0.62,/home/ubuntu/Desktop/DeepAmes_Full_STL_4_keep_weights/results_TA98_with_S9/artifacts/base/xgboost/estimators/xgboost_seed_17_skf_2_paras_151_lr_0.01_n_900_depth_7_subsample_0.8_scale_pos_weight_6.joblib,"{""learning_rate"": 0.01, ""max_depth"": 7, ""n_estimators"": 900, ""scale_pos_weight"": 6, ""subsample"": 0.8}",xgboost,151,/home/ubuntu/Desktop/DeepAmes_Full_STL_4_keep_weights/results_TA98_with_S9/artifacts/base/xgboost/scalers/xgboost_seed_17_skf_2_paras_151_lr_0.01_n_900_depth_7_subsample_0.8_scale_pos_weight_6_scaler.joblib,17,2
xgboost_seed_17_skf_3_paras_151_lr_0.01_n_900_depth_7_subsample_0.8_scale_pos_weight_6,xgboost,17_skf_3,608,73,65,172,0.85,0.905,0.726,0.893,0.702,0.903,0.714,0.612,/home/ubuntu/Desktop/DeepAmes_Full_STL_4_keep_weights/results_TA98_with_S9/artifacts/base/xgboost/estimators/xgboost_seed_17_skf_3_paras_151_lr_0.01_n_900_depth_7_subsample_0.8_scale_pos_weight_6.joblib,"{""learning_rate"": 0.01, ""max_depth"": 7, ""n_estimators"": 900, ""scale_pos_weight"": 6, ""subsample"": 0.8}",xgboost,151,/home/ubuntu/Desktop/DeepAmes_Full_STL_4_keep_weights/results_TA98_with_S9/artifacts/base/xgboost/scalers/xgboost_seed_17_skf_3_paras_151_lr_0.01_n_900_depth_7_subsample_0.8_scale_pos_weight_6_scaler.joblib,17,3
xgboost_seed_17_skf_4_paras_151_lr_0.01_n_900_depth_7_subsample_0.8_scale_pos_weight_6,xgboost,17_skf_4,610,71,68,169,0.849,0.902,0.713,0.896,0.704,0.9,0.709,0.606,/home/ubuntu/Desktop/DeepAmes_Full_STL_4_keep_weights/results_TA98_with_S9/artifacts/base/xgboost/estimators/xgboost_seed_17_skf_4_paras_151_lr_0.01_n_900_depth_7_subsample_0.8_scale_pos_weight_6.joblib,"{""learning_rate"": 0.01, ""max_depth"": 7, ""n_estimators"": 900, ""scale_pos_weight"": 6, ""subsample"": 0.8}",xgboost,151,/home/ubuntu/Desktop/DeepAmes_Full_STL_4_keep_weights/results_TA98_with_S9/artifacts/base/xgboost/scalers/xgboost_seed_17_skf_4_paras_151_lr_0.01_n_900_depth_7_subsample_0.8_scale_pos_weight_6_scaler.joblib,17,4
xgboost_seed_18_skf_0_paras_151_lr_0.01_n_900_depth_7_subsample_0.8_scale_pos_weight_6,xgboost,18_skf_0,608,73,60,177,0.855,0.908,0.747,0.893,0.708,0.91,0.727,0.629,/home/ubuntu/Desktop/DeepAmes_Full_STL_4_keep_weights/results_TA98_with_S9/artifacts/base/xgboost/estimators/xgboost_seed_18_skf_0_paras_151_lr_0.01_n_900_depth_7_subsample_0.8_scale_pos_weight_6.joblib,"{""learning_rate"": 0.01, ""max_depth"": 7, ""n_estimators"": 900, ""scale_pos_weight"": 6, ""subsample"": 0.8}",xgboost,151,/home/ubuntu/Desktop/DeepAmes_Full_STL_4_keep_weights/results_TA98_with_S9/artifacts/base/xgboost/scalers/xgboost_seed_18_skf_0_paras_151_lr_0.01_n_900_depth_7_subsample_0.8_scale_pos_weight_6_scaler.joblib,18,0
xgboost_seed_18_skf_1_paras_151_lr_0.01_n_900_depth_7_subsample_0.8_scale_pos_weight_6,xgboost,18_skf_1,606,75,68,169,0.844,0.9,0.713,0.89,0.693,0.899,0.703,0.597,/home/ubuntu/Desktop/DeepAmes_Full_STL_4_keep_weights/results_TA98_with_S9/artifacts/base/xgboost/estimators/xgboost_seed_18_skf_1_paras_151_lr_0.01_n_900_depth_7_subsample_0.8_scale_pos_weight_6.joblib,"{""learning_rate"": 0.01, ""max_depth"": 7, ""n_estimators"": 900, ""scale_pos_weight"": 6, ""subsample"": 0.8}",xgboost,151,/home/ubuntu/Desktop/DeepAmes_Full_STL_4_keep_weights/results_TA98_with_S9/artifacts/base/xgboost/scalers/xgboost_seed_18_skf_1_paras_151_lr_0.01_n_900_depth_7_subsample_0.8_scale_pos_weight_6_scaler.joblib,18,1
xgboost_seed_18_skf_2_paras_151_lr_0.01_n_900_depth_7_subsample_0.8_scale_pos_weight_6,xgboost,18_skf_2,606,75,68,169,0.844,0.903,0.713,0.89,0.693,0.899,0.703,0.597,/home/ubuntu/Desktop/DeepAmes_Full_STL_4_keep_weights/results_TA98_with_S9/artifacts/base/xgboost/estimators/xgboost_seed_18_skf_2_paras_151_lr_0.01_n_900_depth_7_subsample_0.8_scale_pos_weight_6.joblib,"{""learning_rate"": 0.01, ""max_depth"": 7, ""n_estimators"": 900, ""scale_pos_weight"": 6, ""subsample"": 0.8}",xgboost,151,/home/ubuntu/Desktop/DeepAmes_Full_STL_4_keep_weights/results_TA98_with_S9/artifacts/base/xgboost/scalers/xgboost_seed_18_skf_2_paras_151_lr_0.01_n_900_depth_7_subsample_0.8_scale_pos_weight_6_scaler.joblib,18,2
xgboost_seed_18_skf_4_paras_151_lr_0.01_n_900_depth_7_subsample_0.8_scale_pos_weight_6,xgboost,18_skf_4,616,65,66,171,0.857,0.903,0.722,0.905,0.725,0.903,0.723,0.627,/home/ubuntu/Desktop/DeepAmes_Full_STL_4_keep_weights/results_TA98_with_S9/artifacts/base/xgboost/estimators/xgboost_seed_18_skf_4_paras_151_lr_0.01_n_900_depth_7_subsample_0.8_scale_pos_weight_6.joblib,"{""learning_rate"": 0.01, ""max_depth"": 7, ""n_estimators"": 900, ""scale_pos_weight"": 6, ""subsample"": 0.8}",xgboost,151,/home/ubuntu/Desktop/DeepAmes_Full_STL_4_keep_weights/results_TA98_with_S9/artifacts/base/xgboost/scalers/xgboost_seed_18_skf_4_paras_151_lr_0.01_n_900_depth_7_subsample_0.8_scale_pos_weight_6_scaler.joblib,18,4
xgboost_seed_19_skf_0_paras_151_lr_0.01_n_900_depth_7_subsample_0.8_scale_pos_weight_6,xgboost,19_skf_0,608,73,63,174,0.852,0.906,0.734,0.893,0.704,0.906,0.719,0.619,/home/ubuntu/Desktop/DeepAmes_Full_STL_4_keep_weights/results_TA98_with_S9/artifacts/base/xgboost/estimators/xgboost_seed_19_skf_0_paras_151_lr_0.01_n_900_depth_7_subsample_0.8_scale_pos_weight_6.joblib,"{""learning_rate"": 0.01, ""max_depth"": 7, ""n_estimators"": 900, ""scale_pos_weight"": 6, ""subsample"": 0.8}",xgboost,151,/home/ubuntu/Desktop/DeepAmes_Full_STL_4_keep_weights/results_TA98_with_S9/artifacts/base/xgboost/scalers/xgboost_seed_19_skf_0_paras_151_lr_0.01_n_900_depth_7_subsample_0.8_scale_pos_weight_6_scaler.joblib,19,0
xgboost_seed_19_skf_1_paras_151_lr_0.01_n_900_depth_7_subsample_0.8_scale_pos_weight_6,xgboost,19_skf_1,615,66,68,169,0.854,0.899,0.713,0.903,0.719,0.9,0.716,0.618,/home/ubuntu/Desktop/DeepAmes_Full_STL_4_keep_weights/results_TA98_with_S9/artifacts/base/xgboost/estimators/xgboost_seed_19_skf_1_paras_151_lr_0.01_n_900_depth_7_subsample_0.8_scale_pos_weight_6.joblib,"{""learning_rate"": 0.01, ""max_depth"": 7, ""n_estimators"": 900, ""scale_pos_weight"": 6, ""subsample"": 0.8}",xgboost,151,/home/ubuntu/Desktop/DeepAmes_Full_STL_4_keep_weights/results_TA98_with_S9/artifacts/base/xgboost/scalers/xgboost_seed_19_skf_1_paras_151_lr_0.01_n_900_depth_7_subsample_0.8_scale_pos_weight_6_scaler.joblib,19,1
xgboost_seed_19_skf_2_paras_151_lr_0.01_n_900_depth_7_subsample_0.8_scale_pos_weight_6,xgboost,19_skf_2,611,70,66,171,0.852,0.909,0.722,0.897,0.71,0.903,0.715,0.615,/home/ubuntu/Desktop/DeepAmes_Full_STL_4_keep_weights/results_TA98_with_S9/artifacts/base/xgboost/estimators/xgboost_seed_19_skf_2_paras_151_lr_0.01_n_900_depth_7_subsample_0.8_scale_pos_weight_6.joblib,"{""learning_rate"": 0.01, ""max_depth"": 7, ""n_estimators"": 900, ""scale_pos_weight"": 6, ""subsample"": 0.8}",xgboost,151,/home/ubuntu/Desktop/DeepAmes_Full_STL_4_keep_weights/results_TA98_with_S9/artifacts/base/xgboost/scalers/xgboost_seed_19_skf_2_paras_151_lr_0.01_n_900_depth_7_subsample_0.8_scale_pos_weight_6_scaler.joblib,19,2
xgboost_seed_19_skf_3_paras_151_lr_0.01_n_900_depth_7_subsample_0.8_scale_pos_weight_6,xgboost,19_skf_3,604,77,60,177,0.851,0.909,0.747,0.887,0.697,0.91,0.721,0.62,/home/ubuntu/Desktop/DeepAmes_Full_STL_4_keep_weights/results_TA98_with_S9/artifacts/base/xgboost/estimators/xgboost_seed_19_skf_3_paras_151_lr_0.01_n_900_depth_7_subsample_0.8_scale_pos_weight_6.joblib,"{""learning_rate"": 0.01, ""max_depth"": 7, ""n_estimators"": 900, ""scale_pos_weight"": 6, ""subsample"": 0.8}",xgboost,151,/home/ubuntu/Desktop/DeepAmes_Full_STL_4_keep_weights/results_TA98_with_S9/artifacts/base/xgboost/scalers/xgboost_seed_19_skf_3_paras_151_lr_0.01_n_900_depth_7_subsample_0.8_scale_pos_weight_6_scaler.joblib,19,3
xgboost_seed_19_skf_4_paras_151_lr_0.01_n_900_depth_7_subsample_0.8_scale_pos_weight_6,xgboost,19_skf_4,607,74,58,179,0.856,0.905,0.755,0.891,0.708,0.913,0.731,0.633,/home/ubuntu/Desktop/DeepAmes_Full_STL_4_keep_weights/results_TA98_with_S9/artifacts/base/xgboost/estimators/xgboost_seed_19_skf_4_paras_151_lr_0.01_n_900_depth_7_subsample_0.8_scale_pos_weight_6.joblib,"{""learning_rate"": 0.01, ""max_depth"": 7, ""n_estimators"": 900, ""scale_pos_weight"": 6, ""subsample"": 0.8}",xgboost,151,/home/ubuntu/Desktop/DeepAmes_Full_STL_4_keep_weights/results_TA98_with_S9/artifacts/base/xgboost/scalers/xgboost_seed_19_skf_4_paras_151_lr_0.01_n_900_depth_7_subsample_0.8_scale_pos_weight_6_scaler.joblib,19,4
rf_seed_0_skf_0_paras_148_estimator_500_depth_None_minSample_70_random_1_weight_balanced,rf,0_skf_0,593,88,62,175,0.837,0.878,0.738,0.871,0.665,0.905,0.7,0.59,/home/ubuntu/Desktop/DeepAmes_Full_STL_4_keep_weights/results_TA98_with_S9/artifacts/base/rf/estimators/rf_seed_0_skf_0_paras_148_estimator_500_depth_None_minSample_70_random_1_weight_balanced.joblib,"{""bootstrap"": true, ""class_weight"": ""balanced"", ""max_depth"": null, ""max_features"": ""log2"", ""min_samples_split"": 70, ""n_estimators"": 500, ""random_state"": 1}",rf,148,/home/ubuntu/Desktop/DeepAmes_Full_STL_4_keep_weights/results_TA98_with_S9/artifacts/base/rf/scalers/rf_seed_0_skf_0_paras_148_estimator_500_depth_None_minSample_70_random_1_weight_balanced_scaler.joblib,0,0
rf_seed_0_skf_1_paras_148_estimator_500_depth_None_minSample_70_random_1_weight_balanced,rf,0_skf_1,585,96,64,173,0.826,0.874,0.73,0.859,0.643,0.901,0.684,0.566,/home/ubuntu/Desktop/DeepAmes_Full_STL_4_keep_weights/results_TA98_with_S9/artifacts/base/rf/estimators/rf_seed_0_skf_1_paras_148_estimator_500_depth_None_minSample_70_random_1_weight_balanced.joblib,"{""bootstrap"": true, ""class_weight"": ""balanced"", ""max_depth"": null, ""max_features"": ""log2"", ""min_samples_split"": 70, ""n_estimators"": 500, ""random_state"": 1}",rf,148,/home/ubuntu/Desktop/DeepAmes_Full_STL_4_keep_weights/results_TA98_with_S9/artifacts/base/rf/scalers/rf_seed_0_skf_1_paras_148_estimator_500_depth_None_minSample_70_random_1_weight_balanced_scaler.joblib,0,1
rf_seed_0_skf_2_paras_148_estimator_500_depth_None_minSample_70_random_1_weight_balanced,rf,0_skf_2,590,91,63,174,0.832,0.877,0.734,0.866,0.657,0.904,0.693,0.58,/home/ubuntu/Desktop/DeepAmes_Full_STL_4_keep_weights/results_TA98_with_S9/artifacts/base/rf/estimators/rf_seed_0_skf_2_paras_148_estimator_500_depth_None_minSample_70_random_1_weight_balanced.joblib,"{""bootstrap"": true, ""class_weight"": ""balanced"", ""max_depth"": null, ""max_features"": ""log2"", ""min_samples_split"": 70, ""n_estimators"": 500, ""random_state"": 1}",rf,148,/home/ubuntu/Desktop/DeepAmes_Full_STL_4_keep_weights/results_TA98_with_S9/artifacts/base/rf/scalers/rf_seed_0_skf_2_paras_148_estimator_500_depth_None_minSample_70_random_1_weight_balanced_scaler.joblib,0,2
rf_seed_0_skf_4_paras_148_estimator_500_depth_None_minSample_70_random_1_weight_balanced,rf,0_skf_4,585,96,65,172,0.825,0.877,0.726,0.859,0.642,0.9,0.681,0.563,/home/ubuntu/Desktop/DeepAmes_Full_STL_4_keep_weights/results_TA98_with_S9/artifacts/base/rf/estimators/rf_seed_0_skf_4_paras_148_estimator_500_depth_None_minSample_70_random_1_weight_balanced.joblib,"{""bootstrap"": true, ""class_weight"": ""balanced"", ""max_depth"": null, ""max_features"": ""log2"", ""min_samples_split"": 70, ""n_estimators"": 500, ""random_state"": 1}",rf,148,/home/ubuntu/Desktop/DeepAmes_Full_STL_4_keep_weights/results_TA98_with_S9/artifacts/base/rf/scalers/rf_seed_0_skf_4_paras_148_estimator_500_depth_None_minSample_70_random_1_weight_balanced_scaler.joblib,0,4
rf_seed_1_skf_0_paras_148_estimator_500_depth_None_minSample_70_random_1_weight_balanced,rf,1_skf_0,582,99,64,173,0.822,0.875,0.73,0.855,0.636,0.901,0.68,0.56,/home/ubuntu/Desktop/DeepAmes_Full_STL_4_keep_weights/results_TA98_with_S9/artifacts/base/rf/estimators/rf_seed_1_skf_0_paras_148_estimator_500_depth_None_minSample_70_random_1_weight_balanced.joblib,"{""bootstrap"": true, ""class_weight"": ""balanced"", ""max_depth"": null, ""max_features"": ""log2"", ""min_samples_split"": 70, ""n_estimators"": 500, ""random_state"": 1}",rf,148,/home/ubuntu/Desktop/DeepAmes_Full_STL_4_keep_weights/results_TA98_with_S9/artifacts/base/rf/scalers/rf_seed_1_skf_0_paras_148_estimator_500_depth_None_minSample_70_random_1_weight_balanced_scaler.joblib,1,0
rf_seed_1_skf_1_paras_148_estimator_500_depth_None_minSample_70_random_1_weight_balanced,rf,1_skf_1,582,99,63,174,0.824,0.876,0.734,0.855,0.637,0.902,0.682,0.564,/home/ubuntu/Desktop/DeepAmes_Full_STL_4_keep_weights/results_TA98_with_S9/artifacts/base/rf/estimators/rf_seed_1_skf_1_paras_148_estimator_500_depth_None_minSample_70_random_1_weight_balanced.joblib,"{""bootstrap"": true, ""class_weight"": ""balanced"", ""max_depth"": null, ""max_features"": ""log2"", ""min_samples_split"": 70, ""n_estimators"": 500, ""random_state"": 1}",rf,148,/home/ubuntu/Desktop/DeepAmes_Full_STL_4_keep_weights/results_TA98_with_S9/artifacts/base/rf/scalers/rf_seed_1_skf_1_paras_148_estimator_500_depth_None_minSample_70_random_1_weight_balanced_scaler.joblib,1,1
rf_seed_1_skf_2_paras_148_estimator_500_depth_None_minSample_70_random_1_weight_balanced,rf,1_skf_2,598,83,67,170,0.837,0.878,0.717,0.878,0.672,0.899,0.694,0.583,/home/ubuntu/Desktop/DeepAmes_Full_STL_4_keep_weights/results_TA98_with_S9/artifacts/base/rf/estimators/rf_seed_1_skf_2_paras_148_estimator_500_depth_None_minSample_70_random_1_weight_balanced.joblib,"{""bootstrap"": true, ""class_weight"": ""balanced"", ""max_depth"": null, ""max_features"": ""log2"", ""min_samples_split"": 70, ""n_estimators"": 500, ""random_state"": 1}",rf,148,/home/ubuntu/Desktop/DeepAmes_Full_STL_4_keep_weights/results_TA98_with_S9/artifacts/base/rf/scalers/rf_seed_1_skf_2_paras_148_estimator_500_depth_None_minSample_70_random_1_weight_balanced_scaler.joblib,1,2
rf_seed_1_skf_3_paras_148_estimator_500_depth_None_minSample_70_random_1_weight_balanced,rf,1_skf_3,590,91,65,172,0.83,0.877,0.726,0.866,0.654,0.901,0.688,0.573,/home/ubuntu/Desktop/DeepAmes_Full_STL_4_keep_weights/results_TA98_with_S9/artifacts/base/rf/estimators/rf_seed_1_skf_3_paras_148_estimator_500_depth_None_minSample_70_random_1_weight_balanced.joblib,"{""bootstrap"": true, ""class_weight"": ""balanced"", ""max_depth"": null, ""max_features"": ""log2"", ""min_samples_split"": 70, ""n_estimators"": 500, ""random_state"": 1}",rf,148,/home/ubuntu/Desktop/DeepAmes_Full_STL_4_keep_weights/results_TA98_with_S9/artifacts/base/rf/scalers/rf_seed_1_skf_3_paras_148_estimator_500_depth_None_minSample_70_random_1_weight_balanced_scaler.joblib,1,3
rf_seed_2_skf_0_paras_148_estimator_500_depth_None_minSample_70_random_1_weight_balanced,rf,2_skf_0,584,97,65,172,0.824,0.879,0.726,0.858,0.639,0.9,0.68,0.561,/home/ubuntu/Desktop/DeepAmes_Full_STL_4_keep_weights/results_TA98_with_S9/artifacts/base/rf/estimators/rf_seed_2_skf_0_paras_148_estimator_500_depth_None_minSample_70_random_1_weight_balanced.joblib,"{""bootstrap"": true, ""class_weight"": ""balanced"", ""max_depth"": null, ""max_features"": ""log2"", ""min_samples_split"": 70, ""n_estimators"": 500, ""random_state"": 1}",rf,148,/home/ubuntu/Desktop/DeepAmes_Full_STL_4_keep_weights/results_TA98_with_S9/artifacts/base/rf/scalers/rf_seed_2_skf_0_paras_148_estimator_500_depth_None_minSample_70_random_1_weight_balanced_scaler.joblib,2,0
rf_seed_2_skf_1_paras_148_estimator_500_depth_None_minSample_70_random_1_weight_balanced,rf,2_skf_1,579,102,61,176,0.822,0.875,0.743,0.85,0.633,0.905,0.683,0.565,/home/ubuntu/Desktop/DeepAmes_Full_STL_4_keep_weights/results_TA98_with_S9/artifacts/base/rf/estimators/rf_seed_2_skf_1_paras_148_estimator_500_depth_None_minSample_70_random_1_weight_balanced.joblib,"{""bootstrap"": true, ""class_weight"": ""balanced"", ""max_depth"": null, ""max_features"": ""log2"", ""min_samples_split"": 70, ""n_estimators"": 500, ""random_state"": 1}",rf,148,/home/ubuntu/Desktop/DeepAmes_Full_STL_4_keep_weights/results_TA98_with_S9/artifacts/base/rf/scalers/rf_seed_2_skf_1_paras_148_estimator_500_depth_None_minSample_70_random_1_weight_balanced_scaler.joblib,2,1
rf_seed_2_skf_2_paras_148_estimator_500_depth_None_minSample_70_random_1_weight_balanced,rf,2_skf_2,599,82,71,166,0.833,0.879,0.7,0.88,0.669,0.894,0.685,0.572,/home/ubuntu/Desktop/DeepAmes_Full_STL_4_keep_weights/results_TA98_with_S9/artifacts/base/rf/estimators/rf_seed_2_skf_2_paras_148_estimator_500_depth_None_minSample_70_random_1_weight_balanced.joblib,"{""bootstrap"": true, ""class_weight"": ""balanced"", ""max_depth"": null, ""max_features"": ""log2"", ""min_samples_split"": 70, ""n_estimators"": 500, ""random_state"": 1}",rf,148,/home/ubuntu/Desktop/DeepAmes_Full_STL_4_keep_weights/results_TA98_with_S9/artifacts/base/rf/scalers/rf_seed_2_skf_2_paras_148_estimator_500_depth_None_minSample_70_random_1_weight_balanced_scaler.joblib,2,2
rf_seed_2_skf_3_paras_148_estimator_500_depth_None_minSample_70_random_1_weight_balanced,rf,2_skf_3,589,92,65,172,0.829,0.873,0.726,0.865,0.652,0.901,0.687,0.571,/home/ubuntu/Desktop/DeepAmes_Full_STL_4_keep_weights/results_TA98_with_S9/artifacts/base/rf/estimators/rf_seed_2_skf_3_paras_148_estimator_500_depth_None_minSample_70_random_1_weight_balanced.joblib,"{""bootstrap"": true, ""class_weight"": ""balanced"", ""max_depth"": null, ""max_features"": ""log2"", ""min_samples_split"": 70, ""n_estimators"": 500, ""random_state"": 1}",rf,148,/home/ubuntu/Desktop/DeepAmes_Full_STL_4_keep_weights/results_TA98_with_S9/artifacts/base/rf/scalers/rf_seed_2_skf_3_paras_148_estimator_500_depth_None_minSample_70_random_1_weight_balanced_scaler.joblib,2,3
rf_seed_2_skf_4_paras_148_estimator_500_depth_None_minSample_70_random_1_weight_balanced,rf,2_skf_4,594,87,68,169,0.831,0.875,0.713,0.872,0.66,0.897,0.686,0.571,/home/ubuntu/Desktop/DeepAmes_Full_STL_4_keep_weights/results_TA98_with_S9/artifacts/base/rf/estimators/rf_seed_2_skf_4_paras_148_estimator_500_depth_None_minSample_70_random_1_weight_balanced.joblib,"{""bootstrap"": true, ""class_weight"": ""balanced"", ""max_depth"": null, ""max_features"": ""log2"", ""min_samples_split"": 70, ""n_estimators"": 500, ""random_state"": 1}",rf,148,/home/ubuntu/Desktop/DeepAmes_Full_STL_4_keep_weights/results_TA98_with_S9/artifacts/base/rf/scalers/rf_seed_2_skf_4_paras_148_estimator_500_depth_None_minSample_70_random_1_weight_balanced_scaler.joblib,2,4
rf_seed_3_skf_0_paras_148_estimator_500_depth_None_minSample_70_random_1_weight_balanced,rf,3_skf_0,585,96,64,173,0.826,0.879,0.73,0.859,0.643,0.901,0.684,0.566,/home/ubuntu/Desktop/DeepAmes_Full_STL_4_keep_weights/results_TA98_with_S9/artifacts/base/rf/estimators/rf_seed_3_skf_0_paras_148_estimator_500_depth_None_minSample_70_random_1_weight_balanced.joblib,"{""bootstrap"": true, ""class_weight"": ""balanced"", ""max_depth"": null, ""max_features"": ""log2"", ""min_samples_split"": 70, ""n_estimators"": 500, ""random_state"": 1}",rf,148,/home/ubuntu/Desktop/DeepAmes_Full_STL_4_keep_weights/results_TA98_with_S9/artifacts/base/rf/scalers/rf_seed_3_skf_0_paras_148_estimator_500_depth_None_minSample_70_random_1_weight_balanced_scaler.joblib,3,0
rf_seed_3_skf_1_paras_148_estimator_500_depth_None_minSample_70_random_1_weight_balanced,rf,3_skf_1,591,90,70,167,0.826,0.876,0.705,0.868,0.65,0.894,0.676,0.558,/home/ubuntu/Desktop/DeepAmes_Full_STL_4_keep_weights/results_TA98_with_S9/artifacts/base/rf/estimators/rf_seed_3_skf_1_paras_148_estimator_500_depth_None_minSample_70_random_1_weight_balanced.joblib,"{""bootstrap"": true, ""class_weight"": ""balanced"", ""max_depth"": null, ""max_features"": ""log2"", ""min_samples_split"": 70, ""n_estimators"": 500, ""random_state"": 1}",rf,148,/home/ubuntu/Desktop/DeepAmes_Full_STL_4_keep_weights/results_TA98_with_S9/artifacts/base/rf/scalers/rf_seed_3_skf_1_paras_148_estimator_500_depth_None_minSample_70_random_1_weight_balanced_scaler.joblib,3,1
rf_seed_4_skf_0_paras_148_estimator_500_depth_None_minSample_70_random_1_weight_balanced,rf,4_skf_0,584,97,65,172,0.824,0.874,0.726,0.858,0.639,0.9,0.68,0.561,/home/ubuntu/Desktop/DeepAmes_Full_STL_4_keep_weights/results_TA98_with_S9/artifacts/base/rf/estimators/rf_seed_4_skf_0_paras_148_estimator_500_depth_None_minSample_70_random_1_weight_balanced.joblib,"{""bootstrap"": true, ""class_weight"": ""balanced"", ""max_depth"": null, ""max_features"": ""log2"", ""min_samples_split"": 70, ""n_estimators"": 500, ""random_state"": 1}",rf,148,/home/ubuntu/Desktop/DeepAmes_Full_STL_4_keep_weights/results_TA98_with_S9/artifacts/base/rf/scalers/rf_seed_4_skf_0_paras_148_estimator_500_depth_None_minSample_70_random_1_weight_balanced_scaler.joblib,4,0
rf_seed_4_skf_1_paras_148_estimator_500_depth_None_minSample_70_random_1_weight_balanced,rf,4_skf_1,586,95,67,170,0.824,0.875,0.717,0.86,0.642,0.897,0.677,0.558,/home/ubuntu/Desktop/DeepAmes_Full_STL_4_keep_weights/results_TA98_with_S9/artifacts/base/rf/estimators/rf_seed_4_skf_1_paras_148_estimator_500_depth_None_minSample_70_random_1_weight_balanced.joblib,"{""bootstrap"": true, ""class_weight"": ""balanced"", ""max_depth"": null, ""max_features"": ""log2"", ""min_samples_split"": 70, ""n_estimators"": 500, ""random_state"": 1}",rf,148,/home/ubuntu/Desktop/DeepAmes_Full_STL_4_keep_weights/results_TA98_with_S9/artifacts/base/rf/scalers/rf_seed_4_skf_1_paras_148_estimator_500_depth_None_minSample_70_random_1_weight_balanced_scaler.joblib,4,1
rf_seed_4_skf_2_paras_148_estimator_500_depth_None_minSample_70_random_1_weight_balanced,rf,4_skf_2,584,97,65,172,0.824,0.874,0.726,0.858,0.639,0.9,0.68,0.561,/home/ubuntu/Desktop/DeepAmes_Full_STL_4_keep_weights/results_TA98_with_S9/artifacts/base/rf/estimators/rf_seed_4_skf_2_paras_148_estimator_500_depth_None_minSample_70_random_1_weight_balanced.joblib,"{""bootstrap"": true, ""class_weight"": ""balanced"", ""max_depth"": null, ""max_features"": ""log2"", ""min_samples_split"": 70, ""n_estimators"": 500, ""random_state"": 1}",rf,148,/home/ubuntu/Desktop/DeepAmes_Full_STL_4_keep_weights/results_TA98_with_S9/artifacts/base/rf/scalers/rf_seed_4_skf_2_paras_148_estimator_500_depth_None_minSample_70_random_1_weight_balanced_scaler.joblib,4,2
rf_seed_4_skf_3_paras_148_estimator_500_depth_None_minSample_70_random_1_weight_balanced,rf,4_skf_3,591,90,65,172,0.831,0.879,0.726,0.868,0.656,0.901,0.689,0.575,/home/ubuntu/Desktop/DeepAmes_Full_STL_4_keep_weights/results_TA98_with_S9/artifacts/base/rf/estimators/rf_seed_4_skf_3_paras_148_estimator_500_depth_None_minSample_70_random_1_weight_balanced.joblib,"{""bootstrap"": true, ""class_weight"": ""balanced"", ""max_depth"": null, ""max_features"": ""log2"", ""min_samples_split"": 70, ""n_estimators"": 500, ""random_state"": 1}",rf,148,/home/ubuntu/Desktop/DeepAmes_Full_STL_4_keep_weights/results_TA98_with_S9/artifacts/base/rf/scalers/rf_seed_4_skf_3_paras_148_estimator_500_depth_None_minSample_70_random_1_weight_balanced_scaler.joblib,4,3
rf_seed_4_skf_4_paras_148_estimator_500_depth_None_minSample_70_random_1_weight_balanced,rf,4_skf_4,594,87,67,170,0.832,0.878,0.717,0.872,0.661,0.899,0.688,0.575,/home/ubuntu/Desktop/DeepAmes_Full_STL_4_keep_weights/results_TA98_with_S9/artifacts/base/rf/estimators/rf_seed_4_skf_4_paras_148_estimator_500_depth_None_minSample_70_random_1_weight_balanced.joblib,"{""bootstrap"": true, ""class_weight"": ""balanced"", ""max_depth"": null, ""max_features"": ""log2"", ""min_samples_split"": 70, ""n_estimators"": 500, ""random_state"": 1}",rf,148,/home/ubuntu/Desktop/DeepAmes_Full_STL_4_keep_weights/results_TA98_with_S9/artifacts/base/rf/scalers/rf_seed_4_skf_4_paras_148_estimator_500_depth_None_minSample_70_random_1_weight_balanced_scaler.joblib,4,4
rf_seed_5_skf_0_paras_148_estimator_500_depth_None_minSample_70_random_1_weight_balanced,rf,5_skf_0,595,86,68,169,0.832,0.875,0.713,0.874,0.663,0.897,0.687,0.573,/home/ubuntu/Desktop/DeepAmes_Full_STL_4_keep_weights/results_TA98_with_S9/artifacts/base/rf/estimators/rf_seed_5_skf_0_paras_148_estimator_500_depth_None_minSample_70_random_1_weight_balanced.joblib,"{""bootstrap"": true, ""class_weight"": ""balanced"", ""max_depth"": null, ""max_features"": ""log2"", ""min_samples_split"": 70, ""n_estimators"": 500, ""random_state"": 1}",rf,148,/home/ubuntu/Desktop/DeepAmes_Full_STL_4_keep_weights/results_TA98_with_S9/artifacts/base/rf/scalers/rf_seed_5_skf_0_paras_148_estimator_500_depth_None_minSample_70_random_1_weight_balanced_scaler.joblib,5,0
rf_seed_5_skf_1_paras_148_estimator_500_depth_None_minSample_70_random_1_weight_balanced,rf,5_skf_1,593,88,66,171,0.832,0.879,0.722,0.871,0.66,0.9,0.69,0.576,/home/ubuntu/Desktop/DeepAmes_Full_STL_4_keep_weights/results_TA98_with_S9/artifacts/base/rf/estimators/rf_seed_5_skf_1_paras_148_estimator_500_depth_None_minSample_70_random_1_weight_balanced.joblib,"{""bootstrap"": true, ""class_weight"": ""balanced"", ""max_depth"": null, ""max_features"": ""log2"", ""min_samples_split"": 70, ""n_estimators"": 500, ""random_state"": 1}",rf,148,/home/ubuntu/Desktop/DeepAmes_Full_STL_4_keep_weights/results_TA98_with_S9/artifacts/base/rf/scalers/rf_seed_5_skf_1_paras_148_estimator_500_depth_None_minSample_70_random_1_weight_balanced_scaler.joblib,5,1
rf_seed_5_skf_2_paras_148_estimator_500_depth_None_minSample_70_random_1_weight_balanced,rf,5_skf_2,586,95,65,172,0.826,0.876,0.726,0.86,0.644,0.9,0.683,0.565,/home/ubuntu/Desktop/DeepAmes_Full_STL_4_keep_weights/results_TA98_with_S9/artifacts/base/rf/estimators/rf_seed_5_skf_2_paras_148_estimator_500_depth_None_minSample_70_random_1_weight_balanced.joblib,"{""bootstrap"": true, ""class_weight"": ""balanced"", ""max_depth"": null, ""max_features"": ""log2"", ""min_samples_split"": 70, ""n_estimators"": 500, ""random_state"": 1}",rf,148,/home/ubuntu/Desktop/DeepAmes_Full_STL_4_keep_weights/results_TA98_with_S9/artifacts/base/rf/scalers/rf_seed_5_skf_2_paras_148_estimator_500_depth_None_minSample_70_random_1_weight_balanced_scaler.joblib,5,2
rf_seed_5_skf_4_paras_148_estimator_500_depth_None_minSample_70_random_1_weight_balanced,rf,5_skf_4,592,89,65,172,0.832,0.874,0.726,0.869,0.659,0.901,0.691,0.577,/home/ubuntu/Desktop/DeepAmes_Full_STL_4_keep_weights/results_TA98_with_S9/artifacts/base/rf/estimators/rf_seed_5_skf_4_paras_148_estimator_500_depth_None_minSample_70_random_1_weight_balanced.joblib,"{""bootstrap"": true, ""class_weight"": ""balanced"", ""max_depth"": null, ""max_features"": ""log2"", ""min_samples_split"": 70, ""n_estimators"": 500, ""random_state"": 1}",rf,148,/home/ubuntu/Desktop/DeepAmes_Full_STL_4_keep_weights/results_TA98_with_S9/artifacts/base/rf/scalers/rf_seed_5_skf_4_paras_148_estimator_500_depth_None_minSample_70_random_1_weight_balanced_scaler.joblib,5,4
rf_seed_6_skf_0_paras_148_estimator_500_depth_None_minSample_70_random_1_weight_balanced,rf,6_skf_0,589,92,65,172,0.829,0.874,0.726,0.865,0.652,0.901,0.687,0.571,/home/ubuntu/Desktop/DeepAmes_Full_STL_4_keep_weights/results_TA98_with_S9/artifacts/base/rf/estimators/rf_seed_6_skf_0_paras_148_estimator_500_depth_None_minSample_70_random_1_weight_balanced.joblib,"{""bootstrap"": true, ""class_weight"": ""balanced"", ""max_depth"": null, ""max_features"": ""log2"", ""min_samples_split"": 70, ""n_estimators"": 500, ""random_state"": 1}",rf,148,/home/ubuntu/Desktop/DeepAmes_Full_STL_4_keep_weights/results_TA98_with_S9/artifacts/base/rf/scalers/rf_seed_6_skf_0_paras_148_estimator_500_depth_None_minSample_70_random_1_weight_balanced_scaler.joblib,6,0
rf_seed_6_skf_1_paras_148_estimator_500_depth_None_minSample_70_random_1_weight_balanced,rf,6_skf_1,588,93,66,171,0.827,0.878,0.722,0.863,0.648,0.899,0.683,0.566,/home/ubuntu/Desktop/DeepAmes_Full_STL_4_keep_weights/results_TA98_with_S9/artifacts/base/rf/estimators/rf_seed_6_skf_1_paras_148_estimator_500_depth_None_minSample_70_random_1_weight_balanced.joblib,"{""bootstrap"": true, ""class_weight"": ""balanced"", ""max_depth"": null, ""max_features"": ""log2"", ""min_samples_split"": 70, ""n_estimators"": 500, ""random_state"": 1}",rf,148,/home/ubuntu/Desktop/DeepAmes_Full_STL_4_keep_weights/results_TA98_with_S9/artifacts/base/rf/scalers/rf_seed_6_skf_1_paras_148_estimator_500_depth_None_minSample_70_random_1_weight_balanced_scaler.joblib,6,1
rf_seed_6_skf_2_paras_148_estimator_500_depth_None_minSample_70_random_1_weight_balanced,rf,6_skf_2,589,92,65,172,0.829,0.877,0.726,0.865,0.652,0.901,0.687,0.571,/home/ubuntu/Desktop/DeepAmes_Full_STL_4_keep_weights/results_TA98_with_S9/artifacts/base/rf/estimators/rf_seed_6_skf_2_paras_148_estimator_500_depth_None_minSample_70_random_1_weight_balanced.joblib,"{""bootstrap"": true, ""class_weight"": ""balanced"", ""max_depth"": null, ""max_features"": ""log2"", ""min_samples_split"": 70, ""n_estimators"": 500, ""random_state"": 1}",rf,148,/home/ubuntu/Desktop/DeepAmes_Full_STL_4_keep_weights/results_TA98_with_S9/artifacts/base/rf/scalers/rf_seed_6_skf_2_paras_148_estimator_500_depth_None_minSample_70_random_1_weight_balanced_scaler.joblib,6,2
rf_seed_6_skf_3_paras_148_estimator_500_depth_None_minSample_70_random_1_weight_balanced,rf,6_skf_3,591,90,68,169,0.828,0.876,0.713,0.868,0.653,0.897,0.681,0.565,/home/ubuntu/Desktop/DeepAmes_Full_STL_4_keep_weights/results_TA98_with_S9/artifacts/base/rf/estimators/rf_seed_6_skf_3_paras_148_estimator_500_depth_None_minSample_70_random_1_weight_balanced.joblib,"{""bootstrap"": true, ""class_weight"": ""balanced"", ""max_depth"": null, ""max_features"": ""log2"", ""min_samples_split"": 70, ""n_estimators"": 500, ""random_state"": 1}",rf,148,/home/ubuntu/Desktop/DeepAmes_Full_STL_4_keep_weights/results_TA98_with_S9/artifacts/base/rf/scalers/rf_seed_6_skf_3_paras_148_estimator_500_depth_None_minSample_70_random_1_weight_balanced_scaler.joblib,6,3
rf_seed_6_skf_4_paras_148_estimator_500_depth_None_minSample_70_random_1_weight_balanced,rf,6_skf_4,590,91,63,174,0.832,0.876,0.734,0.866,0.657,0.904,0.693,0.58,/home/ubuntu/Desktop/DeepAmes_Full_STL_4_keep_weights/results_TA98_with_S9/artifacts/base/rf/estimators/rf_seed_6_skf_4_paras_148_estimator_500_depth_None_minSample_70_random_1_weight_balanced.joblib,"{""bootstrap"": true, ""class_weight"": ""balanced"", ""max_depth"": null, ""max_features"": ""log2"", ""min_samples_split"": 70, ""n_estimators"": 500, ""random_state"": 1}",rf,148,/home/ubuntu/Desktop/DeepAmes_Full_STL_4_keep_weights/results_TA98_with_S9/artifacts/base/rf/scalers/rf_seed_6_skf_4_paras_148_estimator_500_depth_None_minSample_70_random_1_weight_balanced_scaler.joblib,6,4
rf_seed_7_skf_0_paras_148_estimator_500_depth_None_minSample_70_random_1_weight_balanced,rf,7_skf_0,588,93,64,173,0.829,0.877,0.73,0.863,0.65,0.902,0.688,0.572,/home/ubuntu/Desktop/DeepAmes_Full_STL_4_keep_weights/results_TA98_with_S9/artifacts/base/rf/estimators/rf_seed_7_skf_0_paras_148_estimator_500_depth_None_minSample_70_random_1_weight_balanced.joblib,"{""bootstrap"": true, ""class_weight"": ""balanced"", ""max_depth"": null, ""max_features"": ""log2"", ""min_samples_split"": 70, ""n_estimators"": 500, ""random_state"": 1}",rf,148,/home/ubuntu/Desktop/DeepAmes_Full_STL_4_keep_weights/results_TA98_with_S9/artifacts/base/rf/scalers/rf_seed_7_skf_0_paras_148_estimator_500_depth_None_minSample_70_random_1_weight_balanced_scaler.joblib,7,0
rf_seed_7_skf_1_paras_148_estimator_500_depth_None_minSample_70_random_1_weight_balanced,rf,7_skf_1,590,91,63,174,0.832,0.878,0.734,0.866,0.657,0.904,0.693,0.58,/home/ubuntu/Desktop/DeepAmes_Full_STL_4_keep_weights/results_TA98_with_S9/artifacts/base/rf/estimators/rf_seed_7_skf_1_paras_148_estimator_500_depth_None_minSample_70_random_1_weight_balanced.joblib,"{""bootstrap"": true, ""class_weight"": ""balanced"", ""max_depth"": null, ""max_features"": ""log2"", ""min_samples_split"": 70, ""n_estimators"": 500, ""random_state"": 1}",rf,148,/home/ubuntu/Desktop/DeepAmes_Full_STL_4_keep_weights/results_TA98_with_S9/artifacts/base/rf/scalers/rf_seed_7_skf_1_paras_148_estimator_500_depth_None_minSample_70_random_1_weight_balanced_scaler.joblib,7,1
rf_seed_7_skf_2_paras_148_estimator_500_depth_None_minSample_70_random_1_weight_balanced,rf,7_skf_2,588,93,63,174,0.83,0.876,0.734,0.863,0.652,0.903,0.69,0.576,/home/ubuntu/Desktop/DeepAmes_Full_STL_4_keep_weights/results_TA98_with_S9/artifacts/base/rf/estimators/rf_seed_7_skf_2_paras_148_estimator_500_depth_None_minSample_70_random_1_weight_balanced.joblib,"{""bootstrap"": true, ""class_weight"": ""balanced"", ""max_depth"": null, ""max_features"": ""log2"", ""min_samples_split"": 70, ""n_estimators"": 500, ""random_state"": 1}",rf,148,/home/ubuntu/Desktop/DeepAmes_Full_STL_4_keep_weights/results_TA98_with_S9/artifacts/base/rf/scalers/rf_seed_7_skf_2_paras_148_estimator_500_depth_None_minSample_70_random_1_weight_balanced_scaler.joblib,7,2
rf_seed_7_skf_4_paras_148_estimator_500_depth_None_minSample_70_random_1_weight_balanced,rf,7_skf_4,587,94,64,173,0.828,0.875,0.73,0.862,0.648,0.902,0.687,0.57,/home/ubuntu/Desktop/DeepAmes_Full_STL_4_keep_weights/results_TA98_with_S9/artifacts/base/rf/estimators/rf_seed_7_skf_4_paras_148_estimator_500_depth_None_minSample_70_random_1_weight_balanced.joblib,"{""bootstrap"": true, ""class_weight"": ""balanced"", ""max_depth"": null, ""max_features"": ""log2"", ""min_samples_split"": 70, ""n_estimators"": 500, ""random_state"": 1}",rf,148,/home/ubuntu/Desktop/DeepAmes_Full_STL_4_keep_weights/results_TA98_with_S9/artifacts/base/rf/scalers/rf_seed_7_skf_4_paras_148_estimator_500_depth_None_minSample_70_random_1_weight_balanced_scaler.joblib,7,4
rf_seed_8_skf_0_paras_148_estimator_500_depth_None_minSample_70_random_1_weight_balanced,rf,8_skf_0,592,89,65,172,0.832,0.875,0.726,0.869,0.659,0.901,0.691,0.577,/home/ubuntu/Desktop/DeepAmes_Full_STL_4_keep_weights/results_TA98_with_S9/artifacts/base/rf/estimators/rf_seed_8_skf_0_paras_148_estimator_500_depth_None_minSample_70_random_1_weight_balanced.joblib,"{""bootstrap"": true, ""class_weight"": ""balanced"", ""max_depth"": null, ""max_features"": ""log2"", ""min_samples_split"": 70, ""n_estimators"": 500, ""random_state"": 1}",rf,148,/home/ubuntu/Desktop/DeepAmes_Full_STL_4_keep_weights/results_TA98_with_S9/artifacts/base/rf/scalers/rf_seed_8_skf_0_paras_148_estimator_500_depth_None_minSample_70_random_1_weight_balanced_scaler.joblib,8,0
rf_seed_8_skf_1_paras_148_estimator_500_depth_None_minSample_70_random_1_weight_balanced,rf,8_skf_1,589,92,67,170,0.827,0.877,0.717,0.865,0.649,0.898,0.681,0.564,/home/ubuntu/Desktop/DeepAmes_Full_STL_4_keep_weights/results_TA98_with_S9/artifacts/base/rf/estimators/rf_seed_8_skf_1_paras_148_estimator_500_depth_None_minSample_70_random_1_weight_balanced.joblib,"{""bootstrap"": true, ""class_weight"": ""balanced"", ""max_depth"": null, ""max_features"": ""log2"", ""min_samples_split"": 70, ""n_estimators"": 500, ""random_state"": 1}",rf,148,/home/ubuntu/Desktop/DeepAmes_Full_STL_4_keep_weights/results_TA98_with_S9/artifacts/base/rf/scalers/rf_seed_8_skf_1_paras_148_estimator_500_depth_None_minSample_70_random_1_weight_balanced_scaler.joblib,8,1
rf_seed_8_skf_2_paras_148_estimator_500_depth_None_minSample_70_random_1_weight_balanced,rf,8_skf_2,590,91,61,176,0.834,0.877,0.743,0.866,0.659,0.906,0.698,0.587,/home/ubuntu/Desktop/DeepAmes_Full_STL_4_keep_weights/results_TA98_with_S9/artifacts/base/rf/estimators/rf_seed_8_skf_2_paras_148_estimator_500_depth_None_minSample_70_random_1_weight_balanced.joblib,"{""bootstrap"": true, ""class_weight"": ""balanced"", ""max_depth"": null, ""max_features"": ""log2"", ""min_samples_split"": 70, ""n_estimators"": 500, ""random_state"": 1}",rf,148,/home/ubuntu/Desktop/DeepAmes_Full_STL_4_keep_weights/results_TA98_with_S9/artifacts/base/rf/scalers/rf_seed_8_skf_2_paras_148_estimator_500_depth_None_minSample_70_random_1_weight_balanced_scaler.joblib,8,2
rf_seed_8_skf_3_paras_148_estimator_500_depth_None_minSample_70_random_1_weight_balanced,rf,8_skf_3,588,93,67,170,0.826,0.874,0.717,0.863,0.646,0.898,0.68,0.562,/home/ubuntu/Desktop/DeepAmes_Full_STL_4_keep_weights/results_TA98_with_S9/artifacts/base/rf/estimators/rf_seed_8_skf_3_paras_148_estimator_500_depth_None_minSample_70_random_1_weight_balanced.joblib,"{""bootstrap"": true, ""class_weight"": ""balanced"", ""max_depth"": null, ""max_features"": ""log2"", ""min_samples_split"": 70, ""n_estimators"": 500, ""random_state"": 1}",rf,148,/home/ubuntu/Desktop/DeepAmes_Full_STL_4_keep_weights/results_TA98_with_S9/artifacts/base/rf/scalers/rf_seed_8_skf_3_paras_148_estimator_500_depth_None_minSample_70_random_1_weight_balanced_scaler.joblib,8,3
rf_seed_8_skf_4_paras_148_estimator_500_depth_None_minSample_70_random_1_weight_balanced,rf,8_skf_4,582,99,60,177,0.827,0.877,0.747,0.855,0.641,0.907,0.69,0.574,/home/ubuntu/Desktop/DeepAmes_Full_STL_4_keep_weights/results_TA98_with_S9/artifacts/base/rf/estimators/rf_seed_8_skf_4_paras_148_estimator_500_depth_None_minSample_70_random_1_weight_balanced.joblib,"{""bootstrap"": true, ""class_weight"": ""balanced"", ""max_depth"": null, ""max_features"": ""log2"", ""min_samples_split"": 70, ""n_estimators"": 500, ""random_state"": 1}",rf,148,/home/ubuntu/Desktop/DeepAmes_Full_STL_4_keep_weights/results_TA98_with_S9/artifacts/base/rf/scalers/rf_seed_8_skf_4_paras_148_estimator_500_depth_None_minSample_70_random_1_weight_balanced_scaler.joblib,8,4
rf_seed_9_skf_1_paras_148_estimator_500_depth_None_minSample_70_random_1_weight_balanced,rf,9_skf_1,591,90,64,173,0.832,0.876,0.73,0.868,0.658,0.902,0.692,0.579,/home/ubuntu/Desktop/DeepAmes_Full_STL_4_keep_weights/results_TA98_with_S9/artifacts/base/rf/estimators/rf_seed_9_skf_1_paras_148_estimator_500_depth_None_minSample_70_random_1_weight_balanced.joblib,"{""bootstrap"": true, ""class_weight"": ""balanced"", ""max_depth"": null, ""max_features"": ""log2"", ""min_samples_split"": 70, ""n_estimators"": 500, ""random_state"": 1}",rf,148,/home/ubuntu/Desktop/DeepAmes_Full_STL_4_keep_weights/results_TA98_with_S9/artifacts/base/rf/scalers/rf_seed_9_skf_1_paras_148_estimator_500_depth_None_minSample_70_random_1_weight_balanced_scaler.joblib,9,1
rf_seed_9_skf_2_paras_148_estimator_500_depth_None_minSample_70_random_1_weight_balanced,rf,9_skf_2,586,95,66,171,0.825,0.878,0.722,0.86,0.643,0.899,0.68,0.561,/home/ubuntu/Desktop/DeepAmes_Full_STL_4_keep_weights/results_TA98_with_S9/artifacts/base/rf/estimators/rf_seed_9_skf_2_paras_148_estimator_500_depth_None_minSample_70_random_1_weight_balanced.joblib,"{""bootstrap"": true, ""class_weight"": ""balanced"", ""max_depth"": null, ""max_features"": ""log2"", ""min_samples_split"": 70, ""n_estimators"": 500, ""random_state"": 1}",rf,148,/home/ubuntu/Desktop/DeepAmes_Full_STL_4_keep_weights/results_TA98_with_S9/artifacts/base/rf/scalers/rf_seed_9_skf_2_paras_148_estimator_500_depth_None_minSample_70_random_1_weight_balanced_scaler.joblib,9,2
rf_seed_9_skf_3_paras_148_estimator_500_depth_None_minSample_70_random_1_weight_balanced,rf,9_skf_3,583,98,65,172,0.822,0.877,0.726,0.856,0.637,0.9,0.679,0.559,/home/ubuntu/Desktop/DeepAmes_Full_STL_4_keep_weights/results_TA98_with_S9/artifacts/base/rf/estimators/rf_seed_9_skf_3_paras_148_estimator_500_depth_None_minSample_70_random_1_weight_balanced.joblib,"{""bootstrap"": true, ""class_weight"": ""balanced"", ""max_depth"": null, ""max_features"": ""log2"", ""min_samples_split"": 70, ""n_estimators"": 500, ""random_state"": 1}",rf,148,/home/ubuntu/Desktop/DeepAmes_Full_STL_4_keep_weights/results_TA98_with_S9/artifacts/base/rf/scalers/rf_seed_9_skf_3_paras_148_estimator_500_depth_None_minSample_70_random_1_weight_balanced_scaler.joblib,9,3
rf_seed_9_skf_4_paras_148_estimator_500_depth_None_minSample_70_random_1_weight_balanced,rf,9_skf_4,589,92,64,173,0.83,0.881,0.73,0.865,0.653,0.902,0.689,0.574,/home/ubuntu/Desktop/DeepAmes_Full_STL_4_keep_weights/results_TA98_with_S9/artifacts/base/rf/estimators/rf_seed_9_skf_4_paras_148_estimator_500_depth_None_minSample_70_random_1_weight_balanced.joblib,"{""bootstrap"": true, ""class_weight"": ""balanced"", ""max_depth"": null, ""max_features"": ""log2"", ""min_samples_split"": 70, ""n_estimators"": 500, ""random_state"": 1}",rf,148,/home/ubuntu/Desktop/DeepAmes_Full_STL_4_keep_weights/results_TA98_with_S9/artifacts/base/rf/scalers/rf_seed_9_skf_4_paras_148_estimator_500_depth_None_minSample_70_random_1_weight_balanced_scaler.joblib,9,4
rf_seed_10_skf_0_paras_148_estimator_500_depth_None_minSample_70_random_1_weight_balanced,rf,10_skf_0,587,94,67,170,0.825,0.877,0.717,0.862,0.644,0.898,0.679,0.56,/home/ubuntu/Desktop/DeepAmes_Full_STL_4_keep_weights/results_TA98_with_S9/artifacts/base/rf/estimators/rf_seed_10_skf_0_paras_148_estimator_500_depth_None_minSample_70_random_1_weight_balanced.joblib,"{""bootstrap"": true, ""class_weight"": ""balanced"", ""max_depth"": null, ""max_features"": ""log2"", ""min_samples_split"": 70, ""n_estimators"": 500, ""random_state"": 1}",rf,148,/home/ubuntu/Desktop/DeepAmes_Full_STL_4_keep_weights/results_TA98_with_S9/artifacts/base/rf/scalers/rf_seed_10_skf_0_paras_148_estimator_500_depth_None_minSample_70_random_1_weight_balanced_scaler.joblib,10,0
rf_seed_10_skf_1_paras_148_estimator_500_depth_None_minSample_70_random_1_weight_balanced,rf,10_skf_1,593,88,65,172,0.833,0.873,0.726,0.871,0.662,0.901,0.692,0.579,/home/ubuntu/Desktop/DeepAmes_Full_STL_4_keep_weights/results_TA98_with_S9/artifacts/base/rf/estimators/rf_seed_10_skf_1_paras_148_estimator_500_depth_None_minSample_70_random_1_weight_balanced.joblib,"{""bootstrap"": true, ""class_weight"": ""balanced"", ""max_depth"": null, ""max_features"": ""log2"", ""min_samples_split"": 70, ""n_estimators"": 500, ""random_state"": 1}",rf,148,/home/ubuntu/Desktop/DeepAmes_Full_STL_4_keep_weights/results_TA98_with_S9/artifacts/base/rf/scalers/rf_seed_10_skf_1_paras_148_estimator_500_depth_None_minSample_70_random_1_weight_balanced_scaler.joblib,10,1
rf_seed_10_skf_2_paras_148_estimator_500_depth_None_minSample_70_random_1_weight_balanced,rf,10_skf_2,588,93,64,173,0.829,0.875,0.73,0.863,0.65,0.902,0.688,0.572,/home/ubuntu/Desktop/DeepAmes_Full_STL_4_keep_weights/results_TA98_with_S9/artifacts/base/rf/estimators/rf_seed_10_skf_2_paras_148_estimator_500_depth_None_minSample_70_random_1_weight_balanced.joblib,"{""bootstrap"": true, ""class_weight"": ""balanced"", ""max_depth"": null, ""max_features"": ""log2"", ""min_samples_split"": 70, ""n_estimators"": 500, ""random_state"": 1}",rf,148,/home/ubuntu/Desktop/DeepAmes_Full_STL_4_keep_weights/results_TA98_with_S9/artifacts/base/rf/scalers/rf_seed_10_skf_2_paras_148_estimator_500_depth_None_minSample_70_random_1_weight_balanced_scaler.joblib,10,2
rf_seed_10_skf_3_paras_148_estimator_500_depth_None_minSample_70_random_1_weight_balanced,rf,10_skf_3,589,92,65,172,0.829,0.876,0.726,0.865,0.652,0.901,0.687,0.571,/home/ubuntu/Desktop/DeepAmes_Full_STL_4_keep_weights/results_TA98_with_S9/artifacts/base/rf/estimators/rf_seed_10_skf_3_paras_148_estimator_500_depth_None_minSample_70_random_1_weight_balanced.joblib,"{""bootstrap"": true, ""class_weight"": ""balanced"", ""max_depth"": null, ""max_features"": ""log2"", ""min_samples_split"": 70, ""n_estimators"": 500, ""random_state"": 1}",rf,148,/home/ubuntu/Desktop/DeepAmes_Full_STL_4_keep_weights/results_TA98_with_S9/artifacts/base/rf/scalers/rf_seed_10_skf_3_paras_148_estimator_500_depth_None_minSample_70_random_1_weight_balanced_scaler.joblib,10,3
rf_seed_10_skf_4_paras_148_estimator_500_depth_None_minSample_70_random_1_weight_balanced,rf,10_skf_4,591,90,68,169,0.828,0.877,0.713,0.868,0.653,0.897,0.681,0.565,/home/ubuntu/Desktop/DeepAmes_Full_STL_4_keep_weights/results_TA98_with_S9/artifacts/base/rf/estimators/rf_seed_10_skf_4_paras_148_estimator_500_depth_None_minSample_70_random_1_weight_balanced.joblib,"{""bootstrap"": true, ""class_weight"": ""balanced"", ""max_depth"": null, ""max_features"": ""log2"", ""min_samples_split"": 70, ""n_estimators"": 500, ""random_state"": 1}",rf,148,/home/ubuntu/Desktop/DeepAmes_Full_STL_4_keep_weights/results_TA98_with_S9/artifacts/base/rf/scalers/rf_seed_10_skf_4_paras_148_estimator_500_depth_None_minSample_70_random_1_weight_balanced_scaler.joblib,10,4
rf_seed_11_skf_1_paras_148_estimator_500_depth_None_minSample_70_random_1_weight_balanced,rf,11_skf_1,589,92,66,171,0.828,0.876,0.722,0.865,0.65,0.899,0.684,0.568,/home/ubuntu/Desktop/DeepAmes_Full_STL_4_keep_weights/results_TA98_with_S9/artifacts/base/rf/estimators/rf_seed_11_skf_1_paras_148_estimator_500_depth_None_minSample_70_random_1_weight_balanced.joblib,"{""bootstrap"": true, ""class_weight"": ""balanced"", ""max_depth"": null, ""max_features"": ""log2"", ""min_samples_split"": 70, ""n_estimators"": 500, ""random_state"": 1}",rf,148,/home/ubuntu/Desktop/DeepAmes_Full_STL_4_keep_weights/results_TA98_with_S9/artifacts/base/rf/scalers/rf_seed_11_skf_1_paras_148_estimator_500_depth_None_minSample_70_random_1_weight_balanced_scaler.joblib,11,1
rf_seed_11_skf_2_paras_148_estimator_500_depth_None_minSample_70_random_1_weight_balanced,rf,11_skf_2,590,91,64,173,0.831,0.874,0.73,0.866,0.655,0.902,0.691,0.577,/home/ubuntu/Desktop/DeepAmes_Full_STL_4_keep_weights/results_TA98_with_S9/artifacts/base/rf/estimators/rf_seed_11_skf_2_paras_148_estimator_500_depth_None_minSample_70_random_1_weight_balanced.joblib,"{""bootstrap"": true, ""class_weight"": ""balanced"", ""max_depth"": null, ""max_features"": ""log2"", ""min_samples_split"": 70, ""n_estimators"": 500, ""random_state"": 1}",rf,148,/home/ubuntu/Desktop/DeepAmes_Full_STL_4_keep_weights/results_TA98_with_S9/artifacts/base/rf/scalers/rf_seed_11_skf_2_paras_148_estimator_500_depth_None_minSample_70_random_1_weight_balanced_scaler.joblib,11,2
rf_seed_11_skf_3_paras_148_estimator_500_depth_None_minSample_70_random_1_weight_balanced,rf,11_skf_3,591,90,67,170,0.829,0.878,0.717,0.868,0.654,0.898,0.684,0.568,/home/ubuntu/Desktop/DeepAmes_Full_STL_4_keep_weights/results_TA98_with_S9/artifacts/base/rf/estimators/rf_seed_11_skf_3_paras_148_estimator_500_depth_None_minSample_70_random_1_weight_balanced.joblib,"{""bootstrap"": true, ""class_weight"": ""balanced"", ""max_depth"": null, ""max_features"": ""log2"", ""min_samples_split"": 70, ""n_estimators"": 500, ""random_state"": 1}",rf,148,/home/ubuntu/Desktop/DeepAmes_Full_STL_4_keep_weights/results_TA98_with_S9/artifacts/base/rf/scalers/rf_seed_11_skf_3_paras_148_estimator_500_depth_None_minSample_70_random_1_weight_balanced_scaler.joblib,11,3
rf_seed_11_skf_4_paras_148_estimator_500_depth_None_minSample_70_random_1_weight_balanced,rf,11_skf_4,589,92,68,169,0.826,0.876,0.713,0.865,0.648,0.896,0.679,0.561,/home/ubuntu/Desktop/DeepAmes_Full_STL_4_keep_weights/results_TA98_with_S9/artifacts/base/rf/estimators/rf_seed_11_skf_4_paras_148_estimator_500_depth_None_minSample_70_random_1_weight_balanced.joblib,"{""bootstrap"": true, ""class_weight"": ""balanced"", ""max_depth"": null, ""max_features"": ""log2"", ""min_samples_split"": 70, ""n_estimators"": 500, ""random_state"": 1}",rf,148,/home/ubuntu/Desktop/DeepAmes_Full_STL_4_keep_weights/results_TA98_with_S9/artifacts/base/rf/scalers/rf_seed_11_skf_4_paras_148_estimator_500_depth_None_minSample_70_random_1_weight_balanced_scaler.joblib,11,4
rf_seed_12_skf_1_paras_148_estimator_500_depth_None_minSample_70_random_1_weight_balanced,rf,12_skf_1,586,95,63,174,0.828,0.876,0.734,0.86,0.647,0.903,0.688,0.572,/home/ubuntu/Desktop/DeepAmes_Full_STL_4_keep_weights/results_TA98_with_S9/artifacts/base/rf/estimators/rf_seed_12_skf_1_paras_148_estimator_500_depth_None_minSample_70_random_1_weight_balanced.joblib,"{""bootstrap"": true, ""class_weight"": ""balanced"", ""max_depth"": null, ""max_features"": ""log2"", ""min_samples_split"": 70, ""n_estimators"": 500, ""random_state"": 1}",rf,148,/home/ubuntu/Desktop/DeepAmes_Full_STL_4_keep_weights/results_TA98_with_S9/artifacts/base/rf/scalers/rf_seed_12_skf_1_paras_148_estimator_500_depth_None_minSample_70_random_1_weight_balanced_scaler.joblib,12,1
rf_seed_12_skf_2_paras_148_estimator_500_depth_None_minSample_70_random_1_weight_balanced,rf,12_skf_2,596,85,70,167,0.831,0.875,0.705,0.875,0.663,0.895,0.683,0.569,/home/ubuntu/Desktop/DeepAmes_Full_STL_4_keep_weights/results_TA98_with_S9/artifacts/base/rf/estimators/rf_seed_12_skf_2_paras_148_estimator_500_depth_None_minSample_70_random_1_weight_balanced.joblib,"{""bootstrap"": true, ""class_weight"": ""balanced"", ""max_depth"": null, ""max_features"": ""log2"", ""min_samples_split"": 70, ""n_estimators"": 500, ""random_state"": 1}",rf,148,/home/ubuntu/Desktop/DeepAmes_Full_STL_4_keep_weights/results_TA98_with_S9/artifacts/base/rf/scalers/rf_seed_12_skf_2_paras_148_estimator_500_depth_None_minSample_70_random_1_weight_balanced_scaler.joblib,12,2
rf_seed_12_skf_3_paras_148_estimator_500_depth_None_minSample_70_random_1_weight_balanced,rf,12_skf_3,582,99,62,175,0.825,0.877,0.738,0.855,0.639,0.904,0.685,0.567,/home/ubuntu/Desktop/DeepAmes_Full_STL_4_keep_weights/results_TA98_with_S9/artifacts/base/rf/estimators/rf_seed_12_skf_3_paras_148_estimator_500_depth_None_minSample_70_random_1_weight_balanced.joblib,"{""bootstrap"": true, ""class_weight"": ""balanced"", ""max_depth"": null, ""max_features"": ""log2"", ""min_samples_split"": 70, ""n_estimators"": 500, ""random_state"": 1}",rf,148,/home/ubuntu/Desktop/DeepAmes_Full_STL_4_keep_weights/results_TA98_with_S9/artifacts/base/rf/scalers/rf_seed_12_skf_3_paras_148_estimator_500_depth_None_minSample_70_random_1_weight_balanced_scaler.joblib,12,3
rf_seed_13_skf_0_paras_148_estimator_500_depth_None_minSample_70_random_1_weight_balanced,rf,13_skf_0,586,95,62,175,0.829,0.879,0.738,0.86,0.648,0.904,0.69,0.575,/home/ubuntu/Desktop/DeepAmes_Full_STL_4_keep_weights/results_TA98_with_S9/artifacts/base/rf/estimators/rf_seed_13_skf_0_paras_148_estimator_500_depth_None_minSample_70_random_1_weight_balanced.joblib,"{""bootstrap"": true, ""class_weight"": ""balanced"", ""max_depth"": null, ""max_features"": ""log2"", ""min_samples_split"": 70, ""n_estimators"": 500, ""random_state"": 1}",rf,148,/home/ubuntu/Desktop/DeepAmes_Full_STL_4_keep_weights/results_TA98_with_S9/artifacts/base/rf/scalers/rf_seed_13_skf_0_paras_148_estimator_500_depth_None_minSample_70_random_1_weight_balanced_scaler.joblib,13,0
rf_seed_13_skf_1_paras_148_estimator_500_depth_None_minSample_70_random_1_weight_balanced,rf,13_skf_1,591,90,63,174,0.833,0.877,0.734,0.868,0.659,0.904,0.695,0.582,/home/ubuntu/Desktop/DeepAmes_Full_STL_4_keep_weights/results_TA98_with_S9/artifacts/base/rf/estimators/rf_seed_13_skf_1_paras_148_estimator_500_depth_None_minSample_70_random_1_weight_balanced.joblib,"{""bootstrap"": true, ""class_weight"": ""balanced"", ""max_depth"": null, ""max_features"": ""log2"", ""min_samples_split"": 70, ""n_estimators"": 500, ""random_state"": 1}",rf,148,/home/ubuntu/Desktop/DeepAmes_Full_STL_4_keep_weights/results_TA98_with_S9/artifacts/base/rf/scalers/rf_seed_13_skf_1_paras_148_estimator_500_depth_None_minSample_70_random_1_weight_balanced_scaler.joblib,13,1
rf_seed_13_skf_2_paras_148_estimator_500_depth_None_minSample_70_random_1_weight_balanced,rf,13_skf_2,593,88,68,169,0.83,0.879,0.713,0.871,0.658,0.897,0.684,0.569,/home/ubuntu/Desktop/DeepAmes_Full_STL_4_keep_weights/results_TA98_with_S9/artifacts/base/rf/estimators/rf_seed_13_skf_2_paras_148_estimator_500_depth_None_minSample_70_random_1_weight_balanced.joblib,"{""bootstrap"": true, ""class_weight"": ""balanced"", ""max_depth"": null, ""max_features"": ""log2"", ""min_samples_split"": 70, ""n_estimators"": 500, ""random_state"": 1}",rf,148,/home/ubuntu/Desktop/DeepAmes_Full_STL_4_keep_weights/results_TA98_with_S9/artifacts/base/rf/scalers/rf_seed_13_skf_2_paras_148_estimator_500_depth_None_minSample_70_random_1_weight_balanced_scaler.joblib,13,2
rf_seed_13_skf_3_paras_148_estimator_500_depth_None_minSample_70_random_1_weight_balanced,rf,13_skf_3,584,97,65,172,0.824,0.872,0.726,0.858,0.639,0.9,0.68,0.561,/home/ubuntu/Desktop/DeepAmes_Full_STL_4_keep_weights/results_TA98_with_S9/artifacts/base/rf/estimators/rf_seed_13_skf_3_paras_148_estimator_500_depth_None_minSample_70_random_1_weight_balanced.joblib,"{""bootstrap"": true, ""class_weight"": ""balanced"", ""max_depth"": null, ""max_features"": ""log2"", ""min_samples_split"": 70, ""n_estimators"": 500, ""random_state"": 1}",rf,148,/home/ubuntu/Desktop/DeepAmes_Full_STL_4_keep_weights/results_TA98_with_S9/artifacts/base/rf/scalers/rf_seed_13_skf_3_paras_148_estimator_500_depth_None_minSample_70_random_1_weight_balanced_scaler.joblib,13,3
rf_seed_14_skf_0_paras_148_estimator_500_depth_None_minSample_70_random_1_weight_balanced,rf,14_skf_0,590,91,61,176,0.834,0.88,0.743,0.866,0.659,0.906,0.698,0.587,/home/ubuntu/Desktop/DeepAmes_Full_STL_4_keep_weights/results_TA98_with_S9/artifacts/base/rf/estimators/rf_seed_14_skf_0_paras_148_estimator_500_depth_None_minSample_70_random_1_weight_balanced.joblib,"{""bootstrap"": true, ""class_weight"": ""balanced"", ""max_depth"": null, ""max_features"": ""log2"", ""min_samples_split"": 70, ""n_estimators"": 500, ""random_state"": 1}",rf,148,/home/ubuntu/Desktop/DeepAmes_Full_STL_4_keep_weights/results_TA98_with_S9/artifacts/base/rf/scalers/rf_seed_14_skf_0_paras_148_estimator_500_depth_None_minSample_70_random_1_weight_balanced_scaler.joblib,14,0
rf_seed_14_skf_2_paras_148_estimator_500_depth_None_minSample_70_random_1_weight_balanced,rf,14_skf_2,589,92,64,173,0.83,0.877,0.73,0.865,0.653,0.902,0.689,0.574,/home/ubuntu/Desktop/DeepAmes_Full_STL_4_keep_weights/results_TA98_with_S9/artifacts/base/rf/estimators/rf_seed_14_skf_2_paras_148_estimator_500_depth_None_minSample_70_random_1_weight_balanced.joblib,"{""bootstrap"": true, ""class_weight"": ""balanced"", ""max_depth"": null, ""max_features"": ""log2"", ""min_samples_split"": 70, ""n_estimators"": 500, ""random_state"": 1}",rf,148,/home/ubuntu/Desktop/DeepAmes_Full_STL_4_keep_weights/results_TA98_with_S9/artifacts/base/rf/scalers/rf_seed_14_skf_2_paras_148_estimator_500_depth_None_minSample_70_random_1_weight_balanced_scaler.joblib,14,2
rf_seed_14_skf_4_paras_148_estimator_500_depth_None_minSample_70_random_1_weight_balanced,rf,14_skf_4,586,95,65,172,0.826,0.876,0.726,0.86,0.644,0.9,0.683,0.565,/home/ubuntu/Desktop/DeepAmes_Full_STL_4_keep_weights/results_TA98_with_S9/artifacts/base/rf/estimators/rf_seed_14_skf_4_paras_148_estimator_500_depth_None_minSample_70_random_1_weight_balanced.joblib,"{""bootstrap"": true, ""class_weight"": ""balanced"", ""max_depth"": null, ""max_features"": ""log2"", ""min_samples_split"": 70, ""n_estimators"": 500, ""random_state"": 1}",rf,148,/home/ubuntu/Desktop/DeepAmes_Full_STL_4_keep_weights/results_TA98_with_S9/artifacts/base/rf/scalers/rf_seed_14_skf_4_paras_148_estimator_500_depth_None_minSample_70_random_1_weight_balanced_scaler.joblib,14,4
rf_seed_15_skf_0_paras_148_estimator_500_depth_None_minSample_70_random_1_weight_balanced,rf,15_skf_0,592,89,66,171,0.831,0.877,0.722,0.869,0.658,0.9,0.688,0.574,/home/ubuntu/Desktop/DeepAmes_Full_STL_4_keep_weights/results_TA98_with_S9/artifacts/base/rf/estimators/rf_seed_15_skf_0_paras_148_estimator_500_depth_None_minSample_70_random_1_weight_balanced.joblib,"{""bootstrap"": true, ""class_weight"": ""balanced"", ""max_depth"": null, ""max_features"": ""log2"", ""min_samples_split"": 70, ""n_estimators"": 500, ""random_state"": 1}",rf,148,/home/ubuntu/Desktop/DeepAmes_Full_STL_4_keep_weights/results_TA98_with_S9/artifacts/base/rf/scalers/rf_seed_15_skf_0_paras_148_estimator_500_depth_None_minSample_70_random_1_weight_balanced_scaler.joblib,15,0
rf_seed_15_skf_2_paras_148_estimator_500_depth_None_minSample_70_random_1_weight_balanced,rf,15_skf_2,592,89,62,175,0.836,0.877,0.738,0.869,0.663,0.905,0.699,0.588,/home/ubuntu/Desktop/DeepAmes_Full_STL_4_keep_weights/results_TA98_with_S9/artifacts/base/rf/estimators/rf_seed_15_skf_2_paras_148_estimator_500_depth_None_minSample_70_random_1_weight_balanced.joblib,"{""bootstrap"": true, ""class_weight"": ""balanced"", ""max_depth"": null, ""max_features"": ""log2"", ""min_samples_split"": 70, ""n_estimators"": 500, ""random_state"": 1}",rf,148,/home/ubuntu/Desktop/DeepAmes_Full_STL_4_keep_weights/results_TA98_with_S9/artifacts/base/rf/scalers/rf_seed_15_skf_2_paras_148_estimator_500_depth_None_minSample_70_random_1_weight_balanced_scaler.joblib,15,2
rf_seed_15_skf_3_paras_148_estimator_500_depth_None_minSample_70_random_1_weight_balanced,rf,15_skf_3,588,93,64,173,0.829,0.875,0.73,0.863,0.65,0.902,0.688,0.572,/home/ubuntu/Desktop/DeepAmes_Full_STL_4_keep_weights/results_TA98_with_S9/artifacts/base/rf/estimators/rf_seed_15_skf_3_paras_148_estimator_500_depth_None_minSample_70_random_1_weight_balanced.joblib,"{""bootstrap"": true, ""class_weight"": ""balanced"", ""max_depth"": null, ""max_features"": ""log2"", ""min_samples_split"": 70, ""n_estimators"": 500, ""random_state"": 1}",rf,148,/home/ubuntu/Desktop/DeepAmes_Full_STL_4_keep_weights/results_TA98_with_S9/artifacts/base/rf/scalers/rf_seed_15_skf_3_paras_148_estimator_500_depth_None_minSample_70_random_1_weight_balanced_scaler.joblib,15,3
rf_seed_16_skf_0_paras_148_estimator_500_depth_None_minSample_70_random_1_weight_balanced,rf,16_skf_0,585,96,60,177,0.83,0.88,0.747,0.859,0.648,0.907,0.694,0.58,/home/ubuntu/Desktop/DeepAmes_Full_STL_4_keep_weights/results_TA98_with_S9/artifacts/base/rf/estimators/rf_seed_16_skf_0_paras_148_estimator_500_depth_None_minSample_70_random_1_weight_balanced.joblib,"{""bootstrap"": true, ""class_weight"": ""balanced"", ""max_depth"": null, ""max_features"": ""log2"", ""min_samples_split"": 70, ""n_estimators"": 500, ""random_state"": 1}",rf,148,/home/ubuntu/Desktop/DeepAmes_Full_STL_4_keep_weights/results_TA98_with_S9/artifacts/base/rf/scalers/rf_seed_16_skf_0_paras_148_estimator_500_depth_None_minSample_70_random_1_weight_balanced_scaler.joblib,16,0
rf_seed_16_skf_1_paras_148_estimator_500_depth_None_minSample_70_random_1_weight_balanced,rf,16_skf_1,596,85,69,168,0.832,0.879,0.709,0.875,0.664,0.896,0.686,0.572,/home/ubuntu/Desktop/DeepAmes_Full_STL_4_keep_weights/results_TA98_with_S9/artifacts/base/rf/estimators/rf_seed_16_skf_1_paras_148_estimator_500_depth_None_minSample_70_random_1_weight_balanced.joblib,"{""bootstrap"": true, ""class_weight"": ""balanced"", ""max_depth"": null, ""max_features"": ""log2"", ""min_samples_split"": 70, ""n_estimators"": 500, ""random_state"": 1}",rf,148,/home/ubuntu/Desktop/DeepAmes_Full_STL_4_keep_weights/results_TA98_with_S9/artifacts/base/rf/scalers/rf_seed_16_skf_1_paras_148_estimator_500_depth_None_minSample_70_random_1_weight_balanced_scaler.joblib,16,1
rf_seed_16_skf_2_paras_148_estimator_500_depth_None_minSample_70_random_1_weight_balanced,rf,16_skf_2,586,95,66,171,0.825,0.871,0.722,0.86,0.643,0.899,0.68,0.561,/home/ubuntu/Desktop/DeepAmes_Full_STL_4_keep_weights/results_TA98_with_S9/artifacts/base/rf/estimators/rf_seed_16_skf_2_paras_148_estimator_500_depth_None_minSample_70_random_1_weight_balanced.joblib,"{""bootstrap"": true, ""class_weight"": ""balanced"", ""max_depth"": null, ""max_features"": ""log2"", ""min_samples_split"": 70, ""n_estimators"": 500, ""random_state"": 1}",rf,148,/home/ubuntu/Desktop/DeepAmes_Full_STL_4_keep_weights/results_TA98_with_S9/artifacts/base/rf/scalers/rf_seed_16_skf_2_paras_148_estimator_500_depth_None_minSample_70_random_1_weight_balanced_scaler.joblib,16,2
rf_seed_16_skf_3_paras_148_estimator_500_depth_None_minSample_70_random_1_weight_balanced,rf,16_skf_3,588,93,66,171,0.827,0.874,0.722,0.863,0.648,0.899,0.683,0.566,/home/ubuntu/Desktop/DeepAmes_Full_STL_4_keep_weights/results_TA98_with_S9/artifacts/base/rf/estimators/rf_seed_16_skf_3_paras_148_estimator_500_depth_None_minSample_70_random_1_weight_balanced.joblib,"{""bootstrap"": true, ""class_weight"": ""balanced"", ""max_depth"": null, ""max_features"": ""log2"", ""min_samples_split"": 70, ""n_estimators"": 500, ""random_state"": 1}",rf,148,/home/ubuntu/Desktop/DeepAmes_Full_STL_4_keep_weights/results_TA98_with_S9/artifacts/base/rf/scalers/rf_seed_16_skf_3_paras_148_estimator_500_depth_None_minSample_70_random_1_weight_balanced_scaler.joblib,16,3
rf_seed_16_skf_4_paras_148_estimator_500_depth_None_minSample_70_random_1_weight_balanced,rf,16_skf_4,593,88,71,166,0.827,0.878,0.7,0.871,0.654,0.893,0.676,0.559,/home/ubuntu/Desktop/DeepAmes_Full_STL_4_keep_weights/results_TA98_with_S9/artifacts/base/rf/estimators/rf_seed_16_skf_4_paras_148_estimator_500_depth_None_minSample_70_random_1_weight_balanced.joblib,"{""bootstrap"": true, ""class_weight"": ""balanced"", ""max_depth"": null, ""max_features"": ""log2"", ""min_samples_split"": 70, ""n_estimators"": 500, ""random_state"": 1}",rf,148,/home/ubuntu/Desktop/DeepAmes_Full_STL_4_keep_weights/results_TA98_with_S9/artifacts/base/rf/scalers/rf_seed_16_skf_4_paras_148_estimator_500_depth_None_minSample_70_random_1_weight_balanced_scaler.joblib,16,4
rf_seed_17_skf_0_paras_148_estimator_500_depth_None_minSample_70_random_1_weight_balanced,rf,17_skf_0,586,95,64,173,0.827,0.873,0.73,0.86,0.646,0.902,0.685,0.568,/home/ubuntu/Desktop/DeepAmes_Full_STL_4_keep_weights/results_TA98_with_S9/artifacts/base/rf/estimators/rf_seed_17_skf_0_paras_148_estimator_500_depth_None_minSample_70_random_1_weight_balanced.joblib,"{""bootstrap"": true, ""class_weight"": ""balanced"", ""max_depth"": null, ""max_features"": ""log2"", ""min_samples_split"": 70, ""n_estimators"": 500, ""random_state"": 1}",rf,148,/home/ubuntu/Desktop/DeepAmes_Full_STL_4_keep_weights/results_TA98_with_S9/artifacts/base/rf/scalers/rf_seed_17_skf_0_paras_148_estimator_500_depth_None_minSample_70_random_1_weight_balanced_scaler.joblib,17,0
rf_seed_17_skf_1_paras_148_estimator_500_depth_None_minSample_70_random_1_weight_balanced,rf,17_skf_1,593,88,67,170,0.831,0.878,0.717,0.871,0.659,0.898,0.687,0.573,/home/ubuntu/Desktop/DeepAmes_Full_STL_4_keep_weights/results_TA98_with_S9/artifacts/base/rf/estimators/rf_seed_17_skf_1_paras_148_estimator_500_depth_None_minSample_70_random_1_weight_balanced.joblib,"{""bootstrap"": true, ""class_weight"": ""balanced"", ""max_depth"": null, ""max_features"": ""log2"", ""min_samples_split"": 70, ""n_estimators"": 500, ""random_state"": 1}",rf,148,/home/ubuntu/Desktop/DeepAmes_Full_STL_4_keep_weights/results_TA98_with_S9/artifacts/base/rf/scalers/rf_seed_17_skf_1_paras_148_estimator_500_depth_None_minSample_70_random_1_weight_balanced_scaler.joblib,17,1
rf_seed_17_skf_2_paras_148_estimator_500_depth_None_minSample_70_random_1_weight_balanced,rf,17_skf_2,590,91,65,172,0.83,0.88,0.726,0.866,0.654,0.901,0.688,0.573,/home/ubuntu/Desktop/DeepAmes_Full_STL_4_keep_weights/results_TA98_with_S9/artifacts/base/rf/estimators/rf_seed_17_skf_2_paras_148_estimator_500_depth_None_minSample_70_random_1_weight_balanced.joblib,"{""bootstrap"": true, ""class_weight"": ""balanced"", ""max_depth"": null, ""max_features"": ""log2"", ""min_samples_split"": 70, ""n_estimators"": 500, ""random_state"": 1}",rf,148,/home/ubuntu/Desktop/DeepAmes_Full_STL_4_keep_weights/results_TA98_with_S9/artifacts/base/rf/scalers/rf_seed_17_skf_2_paras_148_estimator_500_depth_None_minSample_70_random_1_weight_balanced_scaler.joblib,17,2
rf_seed_17_skf_3_paras_148_estimator_500_depth_None_minSample_70_random_1_weight_balanced,rf,17_skf_3,589,92,68,169,0.826,0.877,0.713,0.865,0.648,0.896,0.679,0.561,/home/ubuntu/Desktop/DeepAmes_Full_STL_4_keep_weights/results_TA98_with_S9/artifacts/base/rf/estimators/rf_seed_17_skf_3_paras_148_estimator_500_depth_None_minSample_70_random_1_weight_balanced.joblib,"{""bootstrap"": true, ""class_weight"": ""balanced"", ""max_depth"": null, ""max_features"": ""log2"", ""min_samples_split"": 70, ""n_estimators"": 500, ""random_state"": 1}",rf,148,/home/ubuntu/Desktop/DeepAmes_Full_STL_4_keep_weights/results_TA98_with_S9/artifacts/base/rf/scalers/rf_seed_17_skf_3_paras_148_estimator_500_depth_None_minSample_70_random_1_weight_balanced_scaler.joblib,17,3
rf_seed_18_skf_0_paras_148_estimator_500_depth_None_minSample_70_random_1_weight_balanced,rf,18_skf_0,589,92,67,170,0.827,0.876,0.717,0.865,0.649,0.898,0.681,0.564,/home/ubuntu/Desktop/DeepAmes_Full_STL_4_keep_weights/results_TA98_with_S9/artifacts/base/rf/estimators/rf_seed_18_skf_0_paras_148_estimator_500_depth_None_minSample_70_random_1_weight_balanced.joblib,"{""bootstrap"": true, ""class_weight"": ""balanced"", ""max_depth"": null, ""max_features"": ""log2"", ""min_samples_split"": 70, ""n_estimators"": 500, ""random_state"": 1}",rf,148,/home/ubuntu/Desktop/DeepAmes_Full_STL_4_keep_weights/results_TA98_with_S9/artifacts/base/rf/scalers/rf_seed_18_skf_0_paras_148_estimator_500_depth_None_minSample_70_random_1_weight_balanced_scaler.joblib,18,0
rf_seed_18_skf_1_paras_148_estimator_500_depth_None_minSample_70_random_1_weight_balanced,rf,18_skf_1,589,92,68,169,0.826,0.871,0.713,0.865,0.648,0.896,0.679,0.561,/home/ubuntu/Desktop/DeepAmes_Full_STL_4_keep_weights/results_TA98_with_S9/artifacts/base/rf/estimators/rf_seed_18_skf_1_paras_148_estimator_500_depth_None_minSample_70_random_1_weight_balanced.joblib,"{""bootstrap"": true, ""class_weight"": ""balanced"", ""max_depth"": null, ""max_features"": ""log2"", ""min_samples_split"": 70, ""n_estimators"": 500, ""random_state"": 1}",rf,148,/home/ubuntu/Desktop/DeepAmes_Full_STL_4_keep_weights/results_TA98_with_S9/artifacts/base/rf/scalers/rf_seed_18_skf_1_paras_148_estimator_500_depth_None_minSample_70_random_1_weight_balanced_scaler.joblib,18,1
rf_seed_18_skf_2_paras_148_estimator_500_depth_None_minSample_70_random_1_weight_balanced,rf,18_skf_2,583,98,65,172,0.822,0.877,0.726,0.856,0.637,0.9,0.679,0.559,/home/ubuntu/Desktop/DeepAmes_Full_STL_4_keep_weights/results_TA98_with_S9/artifacts/base/rf/estimators/rf_seed_18_skf_2_paras_148_estimator_500_depth_None_minSample_70_random_1_weight_balanced.joblib,"{""bootstrap"": true, ""class_weight"": ""balanced"", ""max_depth"": null, ""max_features"": ""log2"", ""min_samples_split"": 70, ""n_estimators"": 500, ""random_state"": 1}",rf,148,/home/ubuntu/Desktop/DeepAmes_Full_STL_4_keep_weights/results_TA98_with_S9/artifacts/base/rf/scalers/rf_seed_18_skf_2_paras_148_estimator_500_depth_None_minSample_70_random_1_weight_balanced_scaler.joblib,18,2
rf_seed_18_skf_3_paras_148_estimator_500_depth_None_minSample_70_random_1_weight_balanced,rf,18_skf_3,593,88,64,173,0.834,0.879,0.73,0.871,0.663,0.903,0.695,0.583,/home/ubuntu/Desktop/DeepAmes_Full_STL_4_keep_weights/results_TA98_with_S9/artifacts/base/rf/estimators/rf_seed_18_skf_3_paras_148_estimator_500_depth_None_minSample_70_random_1_weight_balanced.joblib,"{""bootstrap"": true, ""class_weight"": ""balanced"", ""max_depth"": null, ""max_features"": ""log2"", ""min_samples_split"": 70, ""n_estimators"": 500, ""random_state"": 1}",rf,148,/home/ubuntu/Desktop/DeepAmes_Full_STL_4_keep_weights/results_TA98_with_S9/artifacts/base/rf/scalers/rf_seed_18_skf_3_paras_148_estimator_500_depth_None_minSample_70_random_1_weight_balanced_scaler.joblib,18,3
rf_seed_18_skf_4_paras_148_estimator_500_depth_None_minSample_70_random_1_weight_balanced,rf,18_skf_4,593,88,66,171,0.832,0.877,0.722,0.871,0.66,0.9,0.69,0.576,/home/ubuntu/Desktop/DeepAmes_Full_STL_4_keep_weights/results_TA98_with_S9/artifacts/base/rf/estimators/rf_seed_18_skf_4_paras_148_estimator_500_depth_None_minSample_70_random_1_weight_balanced.joblib,"{""bootstrap"": true, ""class_weight"": ""balanced"", ""max_depth"": null, ""max_features"": ""log2"", ""min_samples_split"": 70, ""n_estimators"": 500, ""random_state"": 1}",rf,148,/home/ubuntu/Desktop/DeepAmes_Full_STL_4_keep_weights/results_TA98_with_S9/artifacts/base/rf/scalers/rf_seed_18_skf_4_paras_148_estimator_500_depth_None_minSample_70_random_1_weight_balanced_scaler.joblib,18,4
rf_seed_19_skf_0_paras_148_estimator_500_depth_None_minSample_70_random_1_weight_balanced,rf,19_skf_0,586,95,65,172,0.826,0.875,0.726,0.86,0.644,0.9,0.683,0.565,/home/ubuntu/Desktop/DeepAmes_Full_STL_4_keep_weights/results_TA98_with_S9/artifacts/base/rf/estimators/rf_seed_19_skf_0_paras_148_estimator_500_depth_None_minSample_70_random_1_weight_balanced.joblib,"{""bootstrap"": true, ""class_weight"": ""balanced"", ""max_depth"": null, ""max_features"": ""log2"", ""min_samples_split"": 70, ""n_estimators"": 500, ""random_state"": 1}",rf,148,/home/ubuntu/Desktop/DeepAmes_Full_STL_4_keep_weights/results_TA98_with_S9/artifacts/base/rf/scalers/rf_seed_19_skf_0_paras_148_estimator_500_depth_None_minSample_70_random_1_weight_balanced_scaler.joblib,19,0
rf_seed_19_skf_1_paras_148_estimator_500_depth_None_minSample_70_random_1_weight_balanced,rf,19_skf_1,589,92,66,171,0.828,0.876,0.722,0.865,0.65,0.899,0.684,0.568,/home/ubuntu/Desktop/DeepAmes_Full_STL_4_keep_weights/results_TA98_with_S9/artifacts/base/rf/estimators/rf_seed_19_skf_1_paras_148_estimator_500_depth_None_minSample_70_random_1_weight_balanced.joblib,"{""bootstrap"": true, ""class_weight"": ""balanced"", ""max_depth"": null, ""max_features"": ""log2"", ""min_samples_split"": 70, ""n_estimators"": 500, ""random_state"": 1}",rf,148,/home/ubuntu/Desktop/DeepAmes_Full_STL_4_keep_weights/results_TA98_with_S9/artifacts/base/rf/scalers/rf_seed_19_skf_1_paras_148_estimator_500_depth_None_minSample_70_random_1_weight_balanced_scaler.joblib,19,1
rf_seed_19_skf_2_paras_148_estimator_500_depth_None_minSample_70_random_1_weight_balanced,rf,19_skf_2,592,89,67,170,0.83,0.875,0.717,0.869,0.656,0.898,0.685,0.57,/home/ubuntu/Desktop/DeepAmes_Full_STL_4_keep_weights/results_TA98_with_S9/artifacts/base/rf/estimators/rf_seed_19_skf_2_paras_148_estimator_500_depth_None_minSample_70_random_1_weight_balanced.joblib,"{""bootstrap"": true, ""class_weight"": ""balanced"", ""max_depth"": null, ""max_features"": ""log2"", ""min_samples_split"": 70, ""n_estimators"": 500, ""random_state"": 1}",rf,148,/home/ubuntu/Desktop/DeepAmes_Full_STL_4_keep_weights/results_TA98_with_S9/artifacts/base/rf/scalers/rf_seed_19_skf_2_paras_148_estimator_500_depth_None_minSample_70_random_1_weight_balanced_scaler.joblib,19,2
rf_seed_19_skf_3_paras_148_estimator_500_depth_None_minSample_70_random_1_weight_balanced,rf,19_skf_3,589,92,64,173,0.83,0.877,0.73,0.865,0.653,0.902,0.689,0.574,/home/ubuntu/Desktop/DeepAmes_Full_STL_4_keep_weights/results_TA98_with_S9/artifacts/base/rf/estimators/rf_seed_19_skf_3_paras_148_estimator_500_depth_None_minSample_70_random_1_weight_balanced.joblib,"{""bootstrap"": true, ""class_weight"": ""balanced"", ""max_depth"": null, ""max_features"": ""log2"", ""min_samples_split"": 70, ""n_estimators"": 500, ""random_state"": 1}",rf,148,/home/ubuntu/Desktop/DeepAmes_Full_STL_4_keep_weights/results_TA98_with_S9/artifacts/base/rf/scalers/rf_seed_19_skf_3_paras_148_estimator_500_depth_None_minSample_70_random_1_weight_balanced_scaler.joblib,19,3
rf_seed_19_skf_4_paras_148_estimator_500_depth_None_minSample_70_random_1_weight_balanced,rf,19_skf_4,589,92,62,175,0.832,0.877,0.738,0.865,0.655,0.905,0.694,0.581,/home/ubuntu/Desktop/DeepAmes_Full_STL_4_keep_weights/results_TA98_with_S9/artifacts/base/rf/estimators/rf_seed_19_skf_4_paras_148_estimator_500_depth_None_minSample_70_random_1_weight_balanced.joblib,"{""bootstrap"": true, ""class_weight"": ""balanced"", ""max_depth"": null, ""max_features"": ""log2"", ""min_samples_split"": 70, ""n_estimators"": 500, ""random_state"": 1}",rf,148,/home/ubuntu/Desktop/DeepAmes_Full_STL_4_keep_weights/results_TA98_with_S9/artifacts/base/rf/scalers/rf_seed_19_skf_4_paras_148_estimator_500_depth_None_minSample_70_random_1_weight_balanced_scaler.joblib,19,4
svm_seed_0_skf_0_paras_19_kernel_rbf_C_1_gamma_1,svm,0_skf_0,629,52,79,158,0.857,0.906,0.667,0.924,0.752,0.888,0.707,0.615,/home/ubuntu/Desktop/DeepAmes_Full_STL_4_keep_weights/results_TA98_with_S9/artifacts/base/svm/estimators/svm_seed_0_skf_0_paras_19_kernel_rbf_C_1_gamma_1.joblib,"{""C"": 1, ""class_weight"": ""balanced"", ""gamma"": 1, ""kernel"": ""rbf"", ""probability"": true, ""random_state"": 1}",svm,19,/home/ubuntu/Desktop/DeepAmes_Full_STL_4_keep_weights/results_TA98_with_S9/artifacts/base/svm/scalers/svm_seed_0_skf_0_paras_19_kernel_rbf_C_1_gamma_1_scaler.joblib,0,0
svm_seed_0_skf_2_paras_19_kernel_rbf_C_1_gamma_1,svm,0_skf_2,638,43,82,155,0.864,0.904,0.654,0.937,0.783,0.886,0.713,0.629,/home/ubuntu/Desktop/DeepAmes_Full_STL_4_keep_weights/results_TA98_with_S9/artifacts/base/svm/estimators/svm_seed_0_skf_2_paras_19_kernel_rbf_C_1_gamma_1.joblib,"{""C"": 1, ""class_weight"": ""balanced"", ""gamma"": 1, ""kernel"": ""rbf"", ""probability"": true, ""random_state"": 1}",svm,19,/home/ubuntu/Desktop/DeepAmes_Full_STL_4_keep_weights/results_TA98_with_S9/artifacts/base/svm/scalers/svm_seed_0_skf_2_paras_19_kernel_rbf_C_1_gamma_1_scaler.joblib,0,2
svm_seed_0_skf_3_paras_19_kernel_rbf_C_1_gamma_1,svm,0_skf_3,635,46,86,151,0.856,0.901,0.637,0.932,0.766,0.881,0.696,0.607,/home/ubuntu/Desktop/DeepAmes_Full_STL_4_keep_weights/results_TA98_with_S9/artifacts/base/svm/estimators/svm_seed_0_skf_3_paras_19_kernel_rbf_C_1_gamma_1.joblib,"{""C"": 1, ""class_weight"": ""balanced"", ""gamma"": 1, ""kernel"": ""rbf"", ""probability"": true, ""random_state"": 1}",svm,19,/home/ubuntu/Desktop/DeepAmes_Full_STL_4_keep_weights/results_TA98_with_S9/artifacts/base/svm/scalers/svm_seed_0_skf_3_paras_19_kernel_rbf_C_1_gamma_1_scaler.joblib,0,3
svm_seed_0_skf_4_paras_19_kernel_rbf_C_1_gamma_1,svm,0_skf_4,630,51,84,153,0.853,0.901,0.646,0.925,0.75,0.882,0.694,0.601,/home/ubuntu/Desktop/DeepAmes_Full_STL_4_keep_weights/results_TA98_with_S9/artifacts/base/svm/estimators/svm_seed_0_skf_4_paras_19_kernel_rbf_C_1_gamma_1.joblib,"{""C"": 1, ""class_weight"": ""balanced"", ""gamma"": 1, ""kernel"": ""rbf"", ""probability"": true, ""random_state"": 1}",svm,19,/home/ubuntu/Desktop/DeepAmes_Full_STL_4_keep_weights/results_TA98_with_S9/artifacts/base/svm/scalers/svm_seed_0_skf_4_paras_19_kernel_rbf_C_1_gamma_1_scaler.joblib,0,4
svm_seed_1_skf_0_paras_19_kernel_rbf_C_1_gamma_1,svm,1_skf_0,629,52,76,161,0.861,0.908,0.679,0.924,0.756,0.892,0.716,0.625,/home/ubuntu/Desktop/DeepAmes_Full_STL_4_keep_weights/results_TA98_with_S9/artifacts/base/svm/estimators/svm_seed_1_skf_0_paras_19_kernel_rbf_C_1_gamma_1.joblib,"{""C"": 1, ""class_weight"": ""balanced"", ""gamma"": 1, ""kernel"": ""rbf"", ""probability"": true, ""random_state"": 1}",svm,19,/home/ubuntu/Desktop/DeepAmes_Full_STL_4_keep_weights/results_TA98_with_S9/artifacts/base/svm/scalers/svm_seed_1_skf_0_paras_19_kernel_rbf_C_1_gamma_1_scaler.joblib,1,0
svm_seed_1_skf_1_paras_19_kernel_rbf_C_1_gamma_1,svm,1_skf_1,634,47,83,154,0.858,0.904,0.65,0.931,0.766,0.884,0.703,0.615,/home/ubuntu/Desktop/DeepAmes_Full_STL_4_keep_weights/results_TA98_with_S9/artifacts/base/svm/estimators/svm_seed_1_skf_1_paras_19_kernel_rbf_C_1_gamma_1.joblib,"{""C"": 1, ""class_weight"": ""balanced"", ""gamma"": 1, ""kernel"": ""rbf"", ""probability"": true, ""random_state"": 1}",svm,19,/home/ubuntu/Desktop/DeepAmes_Full_STL_4_keep_weights/results_TA98_with_S9/artifacts/base/svm/scalers/svm_seed_1_skf_1_paras_19_kernel_rbf_C_1_gamma_1_scaler.joblib,1,1
svm_seed_1_skf_2_paras_19_kernel_rbf_C_1_gamma_1,svm,1_skf_2,638,43,88,149,0.857,0.899,0.629,0.937,0.776,0.879,0.695,0.609,/home/ubuntu/Desktop/DeepAmes_Full_STL_4_keep_weights/results_TA98_with_S9/artifacts/base/svm/estimators/svm_seed_1_skf_2_paras_19_kernel_rbf_C_1_gamma_1.joblib,"{""C"": 1, ""class_weight"": ""balanced"", ""gamma"": 1, ""kernel"": ""rbf"", ""probability"": true, ""random_state"": 1}",svm,19,/home/ubuntu/Desktop/DeepAmes_Full_STL_4_keep_weights/results_TA98_with_S9/artifacts/base/svm/scalers/svm_seed_1_skf_2_paras_19_kernel_rbf_C_1_gamma_1_scaler.joblib,1,2
svm_seed_1_skf_3_paras_19_kernel_rbf_C_1_gamma_1,svm,1_skf_3,630,51,84,153,0.853,0.893,0.646,0.925,0.75,0.882,0.694,0.601,/home/ubuntu/Desktop/DeepAmes_Full_STL_4_keep_weights/results_TA98_with_S9/artifacts/base/svm/estimators/svm_seed_1_skf_3_paras_19_kernel_rbf_C_1_gamma_1.joblib,"{""C"": 1, ""class_weight"": ""balanced"", ""gamma"": 1, ""kernel"": ""rbf"", ""probability"": true, ""random_state"": 1}",svm,19,/home/ubuntu/Desktop/DeepAmes_Full_STL_4_keep_weights/results_TA98_with_S9/artifacts/base/svm/scalers/svm_seed_1_skf_3_paras_19_kernel_rbf_C_1_gamma_1_scaler.joblib,1,3
svm_seed_1_skf_4_paras_19_kernel_rbf_C_1_gamma_1,svm,1_skf_4,635,46,87,150,0.855,0.905,0.633,0.932,0.765,0.88,0.693,0.604,/home/ubuntu/Desktop/DeepAmes_Full_STL_4_keep_weights/results_TA98_with_S9/artifacts/base/svm/estimators/svm_seed_1_skf_4_paras_19_kernel_rbf_C_1_gamma_1.joblib,"{""C"": 1, ""class_weight"": ""balanced"", ""gamma"": 1, ""kernel"": ""rbf"", ""probability"": true, ""random_state"": 1}",svm,19,/home/ubuntu/Desktop/DeepAmes_Full_STL_4_keep_weights/results_TA98_with_S9/artifacts/base/svm/scalers/svm_seed_1_skf_4_paras_19_kernel_rbf_C_1_gamma_1_scaler.joblib,1,4
svm_seed_2_skf_1_paras_19_kernel_rbf_C_1_gamma_1,svm,2_skf_1,629,52,78,159,0.858,0.899,0.671,0.924,0.754,0.89,0.71,0.618,/home/ubuntu/Desktop/DeepAmes_Full_STL_4_keep_weights/results_TA98_with_S9/artifacts/base/svm/estimators/svm_seed_2_skf_1_paras_19_kernel_rbf_C_1_gamma_1.joblib,"{""C"": 1, ""class_weight"": ""balanced"", ""gamma"": 1, ""kernel"": ""rbf"", ""probability"": true, ""random_state"": 1}",svm,19,/home/ubuntu/Desktop/DeepAmes_Full_STL_4_keep_weights/results_TA98_with_S9/artifacts/base/svm/scalers/svm_seed_2_skf_1_paras_19_kernel_rbf_C_1_gamma_1_scaler.joblib,2,1
svm_seed_2_skf_2_paras_19_kernel_rbf_C_1_gamma_1,svm,2_skf_2,630,51,87,150,0.85,0.9,0.633,0.925,0.746,0.879,0.685,0.591,/home/ubuntu/Desktop/DeepAmes_Full_STL_4_keep_weights/results_TA98_with_S9/artifacts/base/svm/estimators/svm_seed_2_skf_2_paras_19_kernel_rbf_C_1_gamma_1.joblib,"{""C"": 1, ""class_weight"": ""balanced"", ""gamma"": 1, ""kernel"": ""rbf"", ""probability"": true, ""random_state"": 1}",svm,19,/home/ubuntu/Desktop/DeepAmes_Full_STL_4_keep_weights/results_TA98_with_S9/artifacts/base/svm/scalers/svm_seed_2_skf_2_paras_19_kernel_rbf_C_1_gamma_1_scaler.joblib,2,2
svm_seed_2_skf_3_paras_19_kernel_rbf_C_1_gamma_1,svm,2_skf_3,631,50,85,152,0.853,0.898,0.641,0.927,0.752,0.881,0.692,0.6,/home/ubuntu/Desktop/DeepAmes_Full_STL_4_keep_weights/results_TA98_with_S9/artifacts/base/svm/estimators/svm_seed_2_skf_3_paras_19_kernel_rbf_C_1_gamma_1.joblib,"{""C"": 1, ""class_weight"": ""balanced"", ""gamma"": 1, ""kernel"": ""rbf"", ""probability"": true, ""random_state"": 1}",svm,19,/home/ubuntu/Desktop/DeepAmes_Full_STL_4_keep_weights/results_TA98_with_S9/artifacts/base/svm/scalers/svm_seed_2_skf_3_paras_19_kernel_rbf_C_1_gamma_1_scaler.joblib,2,3
svm_seed_3_skf_1_paras_19_kernel_rbf_C_1_gamma_1,svm,3_skf_1,635,46,80,157,0.863,0.9,0.662,0.932,0.773,0.888,0.714,0.627,/home/ubuntu/Desktop/DeepAmes_Full_STL_4_keep_weights/results_TA98_with_S9/artifacts/base/svm/estimators/svm_seed_3_skf_1_paras_19_kernel_rbf_C_1_gamma_1.joblib,"{""C"": 1, ""class_weight"": ""balanced"", ""gamma"": 1, ""kernel"": ""rbf"", ""probability"": true, ""random_state"": 1}",svm,19,/home/ubuntu/Desktop/DeepAmes_Full_STL_4_keep_weights/results_TA98_with_S9/artifacts/base/svm/scalers/svm_seed_3_skf_1_paras_19_kernel_rbf_C_1_gamma_1_scaler.joblib,3,1
svm_seed_3_skf_2_paras_19_kernel_rbf_C_1_gamma_1,svm,3_skf_2,628,53,78,159,0.857,0.897,0.671,0.922,0.75,0.89,0.708,0.616,/home/ubuntu/Desktop/DeepAmes_Full_STL_4_keep_weights/results_TA98_with_S9/artifacts/base/svm/estimators/svm_seed_3_skf_2_paras_19_kernel_rbf_C_1_gamma_1.joblib,"{""C"": 1, ""class_weight"": ""balanced"", ""gamma"": 1, ""kernel"": ""rbf"", ""probability"": true, ""random_state"": 1}",svm,19,/home/ubuntu/Desktop/DeepAmes_Full_STL_4_keep_weights/results_TA98_with_S9/artifacts/base/svm/scalers/svm_seed_3_skf_2_paras_19_kernel_rbf_C_1_gamma_1_scaler.joblib,3,2
svm_seed_3_skf_3_paras_19_kernel_rbf_C_1_gamma_1,svm,3_skf_3,630,51,80,157,0.857,0.903,0.662,0.925,0.755,0.887,0.706,0.614,/home/ubuntu/Desktop/DeepAmes_Full_STL_4_keep_weights/results_TA98_with_S9/artifacts/base/svm/estimators/svm_seed_3_skf_3_paras_19_kernel_rbf_C_1_gamma_1.joblib,"{""C"": 1, ""class_weight"": ""balanced"", ""gamma"": 1, ""kernel"": ""rbf"", ""probability"": true, ""random_state"": 1}",svm,19,/home/ubuntu/Desktop/DeepAmes_Full_STL_4_keep_weights/results_TA98_with_S9/artifacts/base/svm/scalers/svm_seed_3_skf_3_paras_19_kernel_rbf_C_1_gamma_1_scaler.joblib,3,3
svm_seed_3_skf_4_paras_19_kernel_rbf_C_1_gamma_1,svm,3_skf_4,630,51,79,158,0.858,0.904,0.667,0.925,0.756,0.889,0.709,0.618,/home/ubuntu/Desktop/DeepAmes_Full_STL_4_keep_weights/results_TA98_with_S9/artifacts/base/svm/estimators/svm_seed_3_skf_4_paras_19_kernel_rbf_C_1_gamma_1.joblib,"{""C"": 1, ""class_weight"": ""balanced"", ""gamma"": 1, ""kernel"": ""rbf"", ""probability"": true, ""random_state"": 1}",svm,19,/home/ubuntu/Desktop/DeepAmes_Full_STL_4_keep_weights/results_TA98_with_S9/artifacts/base/svm/scalers/svm_seed_3_skf_4_paras_19_kernel_rbf_C_1_gamma_1_scaler.joblib,3,4
svm_seed_4_skf_0_paras_19_kernel_rbf_C_1_gamma_1,svm,4_skf_0,634,47,82,155,0.859,0.896,0.654,0.931,0.767,0.885,0.706,0.618,/home/ubuntu/Desktop/DeepAmes_Full_STL_4_keep_weights/results_TA98_with_S9/artifacts/base/svm/estimators/svm_seed_4_skf_0_paras_19_kernel_rbf_C_1_gamma_1.joblib,"{""C"": 1, ""class_weight"": ""balanced"", ""gamma"": 1, ""kernel"": ""rbf"", ""probability"": true, ""random_state"": 1}",svm,19,/home/ubuntu/Desktop/DeepAmes_Full_STL_4_keep_weights/results_TA98_with_S9/artifacts/base/svm/scalers/svm_seed_4_skf_0_paras_19_kernel_rbf_C_1_gamma_1_scaler.joblib,4,0
svm_seed_4_skf_1_paras_19_kernel_rbf_C_1_gamma_1,svm,4_skf_1,634,47,84,153,0.857,0.902,0.646,0.931,0.765,0.883,0.7,0.611,/home/ubuntu/Desktop/DeepAmes_Full_STL_4_keep_weights/results_TA98_with_S9/artifacts/base/svm/estimators/svm_seed_4_skf_1_paras_19_kernel_rbf_C_1_gamma_1.joblib,"{""C"": 1, ""class_weight"": ""balanced"", ""gamma"": 1, ""kernel"": ""rbf"", ""probability"": true, ""random_state"": 1}",svm,19,/home/ubuntu/Desktop/DeepAmes_Full_STL_4_keep_weights/results_TA98_with_S9/artifacts/base/svm/scalers/svm_seed_4_skf_1_paras_19_kernel_rbf_C_1_gamma_1_scaler.joblib,4,1
svm_seed_4_skf_2_paras_19_kernel_rbf_C_1_gamma_1,svm,4_skf_2,632,49,79,158,0.861,0.899,0.667,0.928,0.763,0.889,0.712,0.623,/home/ubuntu/Desktop/DeepAmes_Full_STL_4_keep_weights/results_TA98_with_S9/artifacts/base/svm/estimators/svm_seed_4_skf_2_paras_19_kernel_rbf_C_1_gamma_1.joblib,"{""C"": 1, ""class_weight"": ""balanced"", ""gamma"": 1, ""kernel"": ""rbf"", ""probability"": true, ""random_state"": 1}",svm,19,/home/ubuntu/Desktop/DeepAmes_Full_STL_4_keep_weights/results_TA98_with_S9/artifacts/base/svm/scalers/svm_seed_4_skf_2_paras_19_kernel_rbf_C_1_gamma_1_scaler.joblib,4,2
svm_seed_4_skf_3_paras_19_kernel_rbf_C_1_gamma_1,svm,4_skf_3,638,43,81,156,0.865,0.901,0.658,0.937,0.784,0.887,0.716,0.632,/home/ubuntu/Desktop/DeepAmes_Full_STL_4_keep_weights/results_TA98_with_S9/artifacts/base/svm/estimators/svm_seed_4_skf_3_paras_19_kernel_rbf_C_1_gamma_1.joblib,"{""C"": 1, ""class_weight"": ""balanced"", ""gamma"": 1, ""kernel"": ""rbf"", ""probability"": true, ""random_state"": 1}",svm,19,/home/ubuntu/Desktop/DeepAmes_Full_STL_4_keep_weights/results_TA98_with_S9/artifacts/base/svm/scalers/svm_seed_4_skf_3_paras_19_kernel_rbf_C_1_gamma_1_scaler.joblib,4,3
svm_seed_4_skf_4_paras_19_kernel_rbf_C_1_gamma_1,svm,4_skf_4,635,46,81,156,0.862,0.908,0.658,0.932,0.772,0.887,0.711,0.624,/home/ubuntu/Desktop/DeepAmes_Full_STL_4_keep_weights/results_TA98_with_S9/artifacts/base/svm/estimators/svm_seed_4_skf_4_paras_19_kernel_rbf_C_1_gamma_1.joblib,"{""C"": 1, ""class_weight"": ""balanced"", ""gamma"": 1, ""kernel"": ""rbf"", ""probability"": true, ""random_state"": 1}",svm,19,/home/ubuntu/Desktop/DeepAmes_Full_STL_4_keep_weights/results_TA98_with_S9/artifacts/base/svm/scalers/svm_seed_4_skf_4_paras_19_kernel_rbf_C_1_gamma_1_scaler.joblib,4,4
svm_seed_5_skf_0_paras_19_kernel_rbf_C_1_gamma_1,svm,5_skf_0,634,47,80,157,0.862,0.901,0.662,0.931,0.77,0.888,0.712,0.625,/home/ubuntu/Desktop/DeepAmes_Full_STL_4_keep_weights/results_TA98_with_S9/artifacts/base/svm/estimators/svm_seed_5_skf_0_paras_19_kernel_rbf_C_1_gamma_1.joblib,"{""C"": 1, ""class_weight"": ""balanced"", ""gamma"": 1, ""kernel"": ""rbf"", ""probability"": true, ""random_state"": 1}",svm,19,/home/ubuntu/Desktop/DeepAmes_Full_STL_4_keep_weights/results_TA98_with_S9/artifacts/base/svm/scalers/svm_seed_5_skf_0_paras_19_kernel_rbf_C_1_gamma_1_scaler.joblib,5,0
svm_seed_5_skf_3_paras_19_kernel_rbf_C_1_gamma_1,svm,5_skf_3,633,48,85,152,0.855,0.895,0.641,0.93,0.76,0.882,0.696,0.605,/home/ubuntu/Desktop/DeepAmes_Full_STL_4_keep_weights/results_TA98_with_S9/artifacts/base/svm/estimators/svm_seed_5_skf_3_paras_19_kernel_rbf_C_1_gamma_1.joblib,"{""C"": 1, ""class_weight"": ""balanced"", ""gamma"": 1, ""kernel"": ""rbf"", ""probability"": true, ""random_state"": 1}",svm,19,/home/ubuntu/Desktop/DeepAmes_Full_STL_4_keep_weights/results_TA98_with_S9/artifacts/base/svm/scalers/svm_seed_5_skf_3_paras_19_kernel_rbf_C_1_gamma_1_scaler.joblib,5,3
svm_seed_5_skf_4_paras_19_kernel_rbf_C_1_gamma_1,svm,5_skf_4,633,48,86,151,0.854,0.9,0.637,0.93,0.759,0.88,0.693,0.602,/home/ubuntu/Desktop/DeepAmes_Full_STL_4_keep_weights/results_TA98_with_S9/artifacts/base/svm/estimators/svm_seed_5_skf_4_paras_19_kernel_rbf_C_1_gamma_1.joblib,"{""C"": 1, ""class_weight"": ""balanced"", ""gamma"": 1, ""kernel"": ""rbf"", ""probability"": true, ""random_state"": 1}",svm,19,/home/ubuntu/Desktop/DeepAmes_Full_STL_4_keep_weights/results_TA98_with_S9/artifacts/base/svm/scalers/svm_seed_5_skf_4_paras_19_kernel_rbf_C_1_gamma_1_scaler.joblib,5,4
svm_seed_6_skf_0_paras_19_kernel_rbf_C_1_gamma_1,svm,6_skf_0,629,52,86,151,0.85,0.904,0.637,0.924,0.744,0.88,0.686,0.591,/home/ubuntu/Desktop/DeepAmes_Full_STL_4_keep_weights/results_TA98_with_S9/artifacts/base/svm/estimators/svm_seed_6_skf_0_paras_19_kernel_rbf_C_1_gamma_1.joblib,"{""C"": 1, ""class_weight"": ""balanced"", ""gamma"": 1, ""kernel"": ""rbf"", ""probability"": true, ""random_state"": 1}",svm,19,/home/ubuntu/Desktop/DeepAmes_Full_STL_4_keep_weights/results_TA98_with_S9/artifacts/base/svm/scalers/svm_seed_6_skf_0_paras_19_kernel_rbf_C_1_gamma_1_scaler.joblib,6,0
svm_seed_6_skf_1_paras_19_kernel_rbf_C_1_gamma_1,svm,6_skf_1,637,44,81,156,0.864,0.902,0.658,0.935,0.78,0.887,0.714,0.629,/home/ubuntu/Desktop/DeepAmes_Full_STL_4_keep_weights/results_TA98_with_S9/artifacts/base/svm/estimators/svm_seed_6_skf_1_paras_19_kernel_rbf_C_1_gamma_1.joblib,"{""C"": 1, ""class_weight"": ""balanced"", ""gamma"": 1, ""kernel"": ""rbf"", ""probability"": true, ""random_state"": 1}",svm,19,/home/ubuntu/Desktop/DeepAmes_Full_STL_4_keep_weights/results_TA98_with_S9/artifacts/base/svm/scalers/svm_seed_6_skf_1_paras_19_kernel_rbf_C_1_gamma_1_scaler.joblib,6,1
svm_seed_6_skf_2_paras_19_kernel_rbf_C_1_gamma_1,svm,6_skf_2,631,50,82,155,0.856,0.901,0.654,0.927,0.756,0.885,0.701,0.61,/home/ubuntu/Desktop/DeepAmes_Full_STL_4_keep_weights/results_TA98_with_S9/artifacts/base/svm/estimators/svm_seed_6_skf_2_paras_19_kernel_rbf_C_1_gamma_1.joblib,"{""C"": 1, ""class_weight"": ""balanced"", ""gamma"": 1, ""kernel"": ""rbf"", ""probability"": true, ""random_state"": 1}",svm,19,/home/ubuntu/Desktop/DeepAmes_Full_STL_4_keep_weights/results_TA98_with_S9/artifacts/base/svm/scalers/svm_seed_6_skf_2_paras_19_kernel_rbf_C_1_gamma_1_scaler.joblib,6,2
svm_seed_6_skf_3_paras_19_kernel_rbf_C_1_gamma_1,svm,6_skf_3,632,49,87,150,0.852,0.899,0.633,0.928,0.754,0.879,0.688,0.596,/home/ubuntu/Desktop/DeepAmes_Full_STL_4_keep_weights/results_TA98_with_S9/artifacts/base/svm/estimators/svm_seed_6_skf_3_paras_19_kernel_rbf_C_1_gamma_1.joblib,"{""C"": 1, ""class_weight"": ""balanced"", ""gamma"": 1, ""kernel"": ""rbf"", ""probability"": true, ""random_state"": 1}",svm,19,/home/ubuntu/Desktop/DeepAmes_Full_STL_4_keep_weights/results_TA98_with_S9/artifacts/base/svm/scalers/svm_seed_6_skf_3_paras_19_kernel_rbf_C_1_gamma_1_scaler.joblib,6,3
svm_seed_6_skf_4_paras_19_kernel_rbf_C_1_gamma_1,svm,6_skf_4,631,50,77,160,0.862,0.9,0.675,0.927,0.762,0.891,0.716,0.627,/home/ubuntu/Desktop/DeepAmes_Full_STL_4_keep_weights/results_TA98_with_S9/artifacts/base/svm/estimators/svm_seed_6_skf_4_paras_19_kernel_rbf_C_1_gamma_1.joblib,"{""C"": 1, ""class_weight"": ""balanced"", ""gamma"": 1, ""kernel"": ""rbf"", ""probability"": true, ""random_state"": 1}",svm,19,/home/ubuntu/Desktop/DeepAmes_Full_STL_4_keep_weights/results_TA98_with_S9/artifacts/base/svm/scalers/svm_seed_6_skf_4_paras_19_kernel_rbf_C_1_gamma_1_scaler.joblib,6,4
svm_seed_7_skf_0_paras_19_kernel_rbf_C_1_gamma_1,svm,7_skf_0,633,48,81,156,0.859,0.899,0.658,0.93,0.765,0.887,0.707,0.619,/home/ubuntu/Desktop/DeepAmes_Full_STL_4_keep_weights/results_TA98_with_S9/artifacts/base/svm/estimators/svm_seed_7_skf_0_paras_19_kernel_rbf_C_1_gamma_1.joblib,"{""C"": 1, ""class_weight"": ""balanced"", ""gamma"": 1, ""kernel"": ""rbf"", ""probability"": true, ""random_state"": 1}",svm,19,/home/ubuntu/Desktop/DeepAmes_Full_STL_4_keep_weights/results_TA98_with_S9/artifacts/base/svm/scalers/svm_seed_7_skf_0_paras_19_kernel_rbf_C_1_gamma_1_scaler.joblib,7,0
svm_seed_7_skf_1_paras_19_kernel_rbf_C_1_gamma_1,svm,7_skf_1,638,43,83,154,0.863,0.907,0.65,0.937,0.782,0.885,0.71,0.625,/home/ubuntu/Desktop/DeepAmes_Full_STL_4_keep_weights/results_TA98_with_S9/artifacts/base/svm/estimators/svm_seed_7_skf_1_paras_19_kernel_rbf_C_1_gamma_1.joblib,"{""C"": 1, ""class_weight"": ""balanced"", ""gamma"": 1, ""kernel"": ""rbf"", ""probability"": true, ""random_state"": 1}",svm,19,/home/ubuntu/Desktop/DeepAmes_Full_STL_4_keep_weights/results_TA98_with_S9/artifacts/base/svm/scalers/svm_seed_7_skf_1_paras_19_kernel_rbf_C_1_gamma_1_scaler.joblib,7,1
svm_seed_7_skf_2_paras_19_kernel_rbf_C_1_gamma_1,svm,7_skf_2,633,48,84,153,0.856,0.901,0.646,0.93,0.761,0.883,0.699,0.609,/home/ubuntu/Desktop/DeepAmes_Full_STL_4_keep_weights/results_TA98_with_S9/artifacts/base/svm/estimators/svm_seed_7_skf_2_paras_19_kernel_rbf_C_1_gamma_1.joblib,"{""C"": 1, ""class_weight"": ""balanced"", ""gamma"": 1, ""kernel"": ""rbf"", ""probability"": true, ""random_state"": 1}",svm,19,/home/ubuntu/Desktop/DeepAmes_Full_STL_4_keep_weights/results_TA98_with_S9/artifacts/base/svm/scalers/svm_seed_7_skf_2_paras_19_kernel_rbf_C_1_gamma_1_scaler.joblib,7,2
svm_seed_7_skf_4_paras_19_kernel_rbf_C_1_gamma_1,svm,7_skf_4,633,48,82,155,0.858,0.906,0.654,0.93,0.764,0.885,0.705,0.615,/home/ubuntu/Desktop/DeepAmes_Full_STL_4_keep_weights/results_TA98_with_S9/artifacts/base/svm/estimators/svm_seed_7_skf_4_paras_19_kernel_rbf_C_1_gamma_1.joblib,"{""C"": 1, ""class_weight"": ""balanced"", ""gamma"": 1, ""kernel"": ""rbf"", ""probability"": true, ""random_state"": 1}",svm,19,/home/ubuntu/Desktop/DeepAmes_Full_STL_4_keep_weights/results_TA98_with_S9/artifacts/base/svm/scalers/svm_seed_7_skf_4_paras_19_kernel_rbf_C_1_gamma_1_scaler.joblib,7,4
svm_seed_8_skf_0_paras_19_kernel_rbf_C_1_gamma_1,svm,8_skf_0,628,53,78,159,0.857,0.893,0.671,0.922,0.75,0.89,0.708,0.616,/home/ubuntu/Desktop/DeepAmes_Full_STL_4_keep_weights/results_TA98_with_S9/artifacts/base/svm/estimators/svm_seed_8_skf_0_paras_19_kernel_rbf_C_1_gamma_1.joblib,"{""C"": 1, ""class_weight"": ""balanced"", ""gamma"": 1, ""kernel"": ""rbf"", ""probability"": true, ""random_state"": 1}",svm,19,/home/ubuntu/Desktop/DeepAmes_Full_STL_4_keep_weights/results_TA98_with_S9/artifacts/base/svm/scalers/svm_seed_8_skf_0_paras_19_kernel_rbf_C_1_gamma_1_scaler.joblib,8,0
svm_seed_8_skf_1_paras_19_kernel_rbf_C_1_gamma_1,svm,8_skf_1,631,50,80,157,0.858,0.896,0.662,0.927,0.758,0.887,0.707,0.617,/home/ubuntu/Desktop/DeepAmes_Full_STL_4_keep_weights/results_TA98_with_S9/artifacts/base/svm/estimators/svm_seed_8_skf_1_paras_19_kernel_rbf_C_1_gamma_1.joblib,"{""C"": 1, ""class_weight"": ""balanced"", ""gamma"": 1, ""kernel"": ""rbf"", ""probability"": true, ""random_state"": 1}",svm,19,/home/ubuntu/Desktop/DeepAmes_Full_STL_4_keep_weights/results_TA98_with_S9/artifacts/base/svm/scalers/svm_seed_8_skf_1_paras_19_kernel_rbf_C_1_gamma_1_scaler.joblib,8,1
svm_seed_8_skf_2_paras_19_kernel_rbf_C_1_gamma_1,svm,8_skf_2,633,48,79,158,0.862,0.903,0.667,0.93,0.767,0.889,0.713,0.625,/home/ubuntu/Desktop/DeepAmes_Full_STL_4_keep_weights/results_TA98_with_S9/artifacts/base/svm/estimators/svm_seed_8_skf_2_paras_19_kernel_rbf_C_1_gamma_1.joblib,"{""C"": 1, ""class_weight"": ""balanced"", ""gamma"": 1, ""kernel"": ""rbf"", ""probability"": true, ""random_state"": 1}",svm,19,/home/ubuntu/Desktop/DeepAmes_Full_STL_4_keep_weights/results_TA98_with_S9/artifacts/base/svm/scalers/svm_seed_8_skf_2_paras_19_kernel_rbf_C_1_gamma_1_scaler.joblib,8,2
svm_seed_8_skf_3_paras_19_kernel_rbf_C_1_gamma_1,svm,8_skf_3,635,46,82,155,0.861,0.903,0.654,0.932,0.771,0.886,0.708,0.621,/home/ubuntu/Desktop/DeepAmes_Full_STL_4_keep_weights/results_TA98_with_S9/artifacts/base/svm/estimators/svm_seed_8_skf_3_paras_19_kernel_rbf_C_1_gamma_1.joblib,"{""C"": 1, ""class_weight"": ""balanced"", ""gamma"": 1, ""kernel"": ""rbf"", ""probability"": true, ""random_state"": 1}",svm,19,/home/ubuntu/Desktop/DeepAmes_Full_STL_4_keep_weights/results_TA98_with_S9/artifacts/base/svm/scalers/svm_seed_8_skf_3_paras_19_kernel_rbf_C_1_gamma_1_scaler.joblib,8,3
svm_seed_8_skf_4_paras_19_kernel_rbf_C_1_gamma_1,svm,8_skf_4,634,47,86,151,0.855,0.906,0.637,0.931,0.763,0.881,0.694,0.604,/home/ubuntu/Desktop/DeepAmes_Full_STL_4_keep_weights/results_TA98_with_S9/artifacts/base/svm/estimators/svm_seed_8_skf_4_paras_19_kernel_rbf_C_1_gamma_1.joblib,"{""C"": 1, ""class_weight"": ""balanced"", ""gamma"": 1, ""kernel"": ""rbf"", ""probability"": true, ""random_state"": 1}",svm,19,/home/ubuntu/Desktop/DeepAmes_Full_STL_4_keep_weights/results_TA98_with_S9/artifacts/base/svm/scalers/svm_seed_8_skf_4_paras_19_kernel_rbf_C_1_gamma_1_scaler.joblib,8,4
svm_seed_9_skf_0_paras_19_kernel_rbf_C_1_gamma_1,svm,9_skf_0,634,47,85,152,0.856,0.902,0.641,0.931,0.764,0.882,0.697,0.608,/home/ubuntu/Desktop/DeepAmes_Full_STL_4_keep_weights/results_TA98_with_S9/artifacts/base/svm/estimators/svm_seed_9_skf_0_paras_19_kernel_rbf_C_1_gamma_1.joblib,"{""C"": 1, ""class_weight"": ""balanced"", ""gamma"": 1, ""kernel"": ""rbf"", ""probability"": true, ""random_state"": 1}",svm,19,/home/ubuntu/Desktop/DeepAmes_Full_STL_4_keep_weights/results_TA98_with_S9/artifacts/base/svm/scalers/svm_seed_9_skf_0_paras_19_kernel_rbf_C_1_gamma_1_scaler.joblib,9,0
svm_seed_9_skf_1_paras_19_kernel_rbf_C_1_gamma_1,svm,9_skf_1,634,47,84,153,0.857,0.899,0.646,0.931,0.765,0.883,0.7,0.611,/home/ubuntu/Desktop/DeepAmes_Full_STL_4_keep_weights/results_TA98_with_S9/artifacts/base/svm/estimators/svm_seed_9_skf_1_paras_19_kernel_rbf_C_1_gamma_1.joblib,"{""C"": 1, ""class_weight"": ""balanced"", ""gamma"": 1, ""kernel"": ""rbf"", ""probability"": true, ""random_state"": 1}",svm,19,/home/ubuntu/Desktop/DeepAmes_Full_STL_4_keep_weights/results_TA98_with_S9/artifacts/base/svm/scalers/svm_seed_9_skf_1_paras_19_kernel_rbf_C_1_gamma_1_scaler.joblib,9,1
svm_seed_9_skf_2_paras_19_kernel_rbf_C_1_gamma_1,svm,9_skf_2,633,48,87,150,0.853,0.908,0.633,0.93,0.758,0.879,0.69,0.598,/home/ubuntu/Desktop/DeepAmes_Full_STL_4_keep_weights/results_TA98_with_S9/artifacts/base/svm/estimators/svm_seed_9_skf_2_paras_19_kernel_rbf_C_1_gamma_1.joblib,"{""C"": 1, ""class_weight"": ""balanced"", ""gamma"": 1, ""kernel"": ""rbf"", ""probability"": true, ""random_state"": 1}",svm,19,/home/ubuntu/Desktop/DeepAmes_Full_STL_4_keep_weights/results_TA98_with_S9/artifacts/base/svm/scalers/svm_seed_9_skf_2_paras_19_kernel_rbf_C_1_gamma_1_scaler.joblib,9,2
svm_seed_9_skf_3_paras_19_kernel_rbf_C_1_gamma_1,svm,9_skf_3,633,48,78,159,0.863,0.903,0.671,0.93,0.768,0.89,0.716,0.629,/home/ubuntu/Desktop/DeepAmes_Full_STL_4_keep_weights/results_TA98_with_S9/artifacts/base/svm/estimators/svm_seed_9_skf_3_paras_19_kernel_rbf_C_1_gamma_1.joblib,"{""C"": 1, ""class_weight"": ""balanced"", ""gamma"": 1, ""kernel"": ""rbf"", ""probability"": true, ""random_state"": 1}",svm,19,/home/ubuntu/Desktop/DeepAmes_Full_STL_4_keep_weights/results_TA98_with_S9/artifacts/base/svm/scalers/svm_seed_9_skf_3_paras_19_kernel_rbf_C_1_gamma_1_scaler.joblib,9,3
svm_seed_9_skf_4_paras_19_kernel_rbf_C_1_gamma_1,svm,9_skf_4,628,53,78,159,0.857,0.903,0.671,0.922,0.75,0.89,0.708,0.616,/home/ubuntu/Desktop/DeepAmes_Full_STL_4_keep_weights/results_TA98_with_S9/artifacts/base/svm/estimators/svm_seed_9_skf_4_paras_19_kernel_rbf_C_1_gamma_1.joblib,"{""C"": 1, ""class_weight"": ""balanced"", ""gamma"": 1, ""kernel"": ""rbf"", ""probability"": true, ""random_state"": 1}",svm,19,/home/ubuntu/Desktop/DeepAmes_Full_STL_4_keep_weights/results_TA98_with_S9/artifacts/base/svm/scalers/svm_seed_9_skf_4_paras_19_kernel_rbf_C_1_gamma_1_scaler.joblib,9,4
svm_seed_10_skf_0_paras_19_kernel_rbf_C_1_gamma_1,svm,10_skf_0,631,50,77,160,0.862,0.899,0.675,0.927,0.762,0.891,0.716,0.627,/home/ubuntu/Desktop/DeepAmes_Full_STL_4_keep_weights/results_TA98_with_S9/artifacts/base/svm/estimators/svm_seed_10_skf_0_paras_19_kernel_rbf_C_1_gamma_1.joblib,"{""C"": 1, ""class_weight"": ""balanced"", ""gamma"": 1, ""kernel"": ""rbf"", ""probability"": true, ""random_state"": 1}",svm,19,/home/ubuntu/Desktop/DeepAmes_Full_STL_4_keep_weights/results_TA98_with_S9/artifacts/base/svm/scalers/svm_seed_10_skf_0_paras_19_kernel_rbf_C_1_gamma_1_scaler.joblib,10,0
svm_seed_10_skf_1_paras_19_kernel_rbf_C_1_gamma_1,svm,10_skf_1,635,46,87,150,0.855,0.898,0.633,0.932,0.765,0.88,0.693,0.604,/home/ubuntu/Desktop/DeepAmes_Full_STL_4_keep_weights/results_TA98_with_S9/artifacts/base/svm/estimators/svm_seed_10_skf_1_paras_19_kernel_rbf_C_1_gamma_1.joblib,"{""C"": 1, ""class_weight"": ""balanced"", ""gamma"": 1, ""kernel"": ""rbf"", ""probability"": true, ""random_state"": 1}",svm,19,/home/ubuntu/Desktop/DeepAmes_Full_STL_4_keep_weights/results_TA98_with_S9/artifacts/base/svm/scalers/svm_seed_10_skf_1_paras_19_kernel_rbf_C_1_gamma_1_scaler.joblib,10,1
svm_seed_10_skf_2_paras_19_kernel_rbf_C_1_gamma_1,svm,10_skf_2,628,53,78,159,0.857,0.906,0.671,0.922,0.75,0.89,0.708,0.616,/home/ubuntu/Desktop/DeepAmes_Full_STL_4_keep_weights/results_TA98_with_S9/artifacts/base/svm/estimators/svm_seed_10_skf_2_paras_19_kernel_rbf_C_1_gamma_1.joblib,"{""C"": 1, ""class_weight"": ""balanced"", ""gamma"": 1, ""kernel"": ""rbf"", ""probability"": true, ""random_state"": 1}",svm,19,/home/ubuntu/Desktop/DeepAmes_Full_STL_4_keep_weights/results_TA98_with_S9/artifacts/base/svm/scalers/svm_seed_10_skf_2_paras_19_kernel_rbf_C_1_gamma_1_scaler.joblib,10,2
svm_seed_10_skf_3_paras_19_kernel_rbf_C_1_gamma_1,svm,10_skf_3,633,48,81,156,0.859,0.904,0.658,0.93,0.765,0.887,0.707,0.619,/home/ubuntu/Desktop/DeepAmes_Full_STL_4_keep_weights/results_TA98_with_S9/artifacts/base/svm/estimators/svm_seed_10_skf_3_paras_19_kernel_rbf_C_1_gamma_1.joblib,"{""C"": 1, ""class_weight"": ""balanced"", ""gamma"": 1, ""kernel"": ""rbf"", ""probability"": true, ""random_state"": 1}",svm,19,/home/ubuntu/Desktop/DeepAmes_Full_STL_4_keep_weights/results_TA98_with_S9/artifacts/base/svm/scalers/svm_seed_10_skf_3_paras_19_kernel_rbf_C_1_gamma_1_scaler.joblib,10,3
svm_seed_10_skf_4_paras_19_kernel_rbf_C_1_gamma_1,svm,10_skf_4,637,44,81,156,0.864,0.904,0.658,0.935,0.78,0.887,0.714,0.629,/home/ubuntu/Desktop/DeepAmes_Full_STL_4_keep_weights/results_TA98_with_S9/artifacts/base/svm/estimators/svm_seed_10_skf_4_paras_19_kernel_rbf_C_1_gamma_1.joblib,"{""C"": 1, ""class_weight"": ""balanced"", ""gamma"": 1, ""kernel"": ""rbf"", ""probability"": true, ""random_state"": 1}",svm,19,/home/ubuntu/Desktop/DeepAmes_Full_STL_4_keep_weights/results_TA98_with_S9/artifacts/base/svm/scalers/svm_seed_10_skf_4_paras_19_kernel_rbf_C_1_gamma_1_scaler.joblib,10,4
svm_seed_11_skf_0_paras_19_kernel_rbf_C_1_gamma_1,svm,11_skf_0,633,48,88,149,0.852,0.897,0.629,0.93,0.756,0.878,0.687,0.595,/home/ubuntu/Desktop/DeepAmes_Full_STL_4_keep_weights/results_TA98_with_S9/artifacts/base/svm/estimators/svm_seed_11_skf_0_paras_19_kernel_rbf_C_1_gamma_1.joblib,"{""C"": 1, ""class_weight"": ""balanced"", ""gamma"": 1, ""kernel"": ""rbf"", ""probability"": true, ""random_state"": 1}",svm,19,/home/ubuntu/Desktop/DeepAmes_Full_STL_4_keep_weights/results_TA98_with_S9/artifacts/base/svm/scalers/svm_seed_11_skf_0_paras_19_kernel_rbf_C_1_gamma_1_scaler.joblib,11,0
svm_seed_11_skf_1_paras_19_kernel_rbf_C_1_gamma_1,svm,11_skf_1,632,49,78,159,0.862,0.901,0.671,0.928,0.764,0.89,0.715,0.626,/home/ubuntu/Desktop/DeepAmes_Full_STL_4_keep_weights/results_TA98_with_S9/artifacts/base/svm/estimators/svm_seed_11_skf_1_paras_19_kernel_rbf_C_1_gamma_1.joblib,"{""C"": 1, ""class_weight"": ""balanced"", ""gamma"": 1, ""kernel"": ""rbf"", ""probability"": true, ""random_state"": 1}",svm,19,/home/ubuntu/Desktop/DeepAmes_Full_STL_4_keep_weights/results_TA98_with_S9/artifacts/base/svm/scalers/svm_seed_11_skf_1_paras_19_kernel_rbf_C_1_gamma_1_scaler.joblib,11,1
svm_seed_11_skf_2_paras_19_kernel_rbf_C_1_gamma_1,svm,11_skf_2,636,45,81,156,0.863,0.905,0.658,0.934,0.776,0.887,0.712,0.627,/home/ubuntu/Desktop/DeepAmes_Full_STL_4_keep_weights/results_TA98_with_S9/artifacts/base/svm/estimators/svm_seed_11_skf_2_paras_19_kernel_rbf_C_1_gamma_1.joblib,"{""C"": 1, ""class_weight"": ""balanced"", ""gamma"": 1, ""kernel"": ""rbf"", ""probability"": true, ""random_state"": 1}",svm,19,/home/ubuntu/Desktop/DeepAmes_Full_STL_4_keep_weights/results_TA98_with_S9/artifacts/base/svm/scalers/svm_seed_11_skf_2_paras_19_kernel_rbf_C_1_gamma_1_scaler.joblib,11,2
svm_seed_11_skf_3_paras_19_kernel_rbf_C_1_gamma_1,svm,11_skf_3,631,50,83,154,0.855,0.904,0.65,0.927,0.755,0.884,0.698,0.607,/home/ubuntu/Desktop/DeepAmes_Full_STL_4_keep_weights/results_TA98_with_S9/artifacts/base/svm/estimators/svm_seed_11_skf_3_paras_19_kernel_rbf_C_1_gamma_1.joblib,"{""C"": 1, ""class_weight"": ""balanced"", ""gamma"": 1, ""kernel"": ""rbf"", ""probability"": true, ""random_state"": 1}",svm,19,/home/ubuntu/Desktop/DeepAmes_Full_STL_4_keep_weights/results_TA98_with_S9/artifacts/base/svm/scalers/svm_seed_11_skf_3_paras_19_kernel_rbf_C_1_gamma_1_scaler.joblib,11,3
svm_seed_11_skf_4_paras_19_kernel_rbf_C_1_gamma_1,svm,11_skf_4,628,53,82,155,0.853,0.9,0.654,0.922,0.745,0.885,0.697,0.602,/home/ubuntu/Desktop/DeepAmes_Full_STL_4_keep_weights/results_TA98_with_S9/artifacts/base/svm/estimators/svm_seed_11_skf_4_paras_19_kernel_rbf_C_1_gamma_1.joblib,"{""C"": 1, ""class_weight"": ""balanced"", ""gamma"": 1, ""kernel"": ""rbf"", ""probability"": true, ""random_state"": 1}",svm,19,/home/ubuntu/Desktop/DeepAmes_Full_STL_4_keep_weights/results_TA98_with_S9/artifacts/base/svm/scalers/svm_seed_11_skf_4_paras_19_kernel_rbf_C_1_gamma_1_scaler.joblib,11,4
svm_seed_12_skf_0_paras_19_kernel_rbf_C_1_gamma_1,svm,12_skf_0,637,44,86,151,0.858,0.907,0.637,0.935,0.774,0.881,0.699,0.613,/home/ubuntu/Desktop/DeepAmes_Full_STL_4_keep_weights/results_TA98_with_S9/artifacts/base/svm/estimators/svm_seed_12_skf_0_paras_19_kernel_rbf_C_1_gamma_1.joblib,"{""C"": 1, ""class_weight"": ""balanced"", ""gamma"": 1, ""kernel"": ""rbf"", ""probability"": true, ""random_state"": 1}",svm,19,/home/ubuntu/Desktop/DeepAmes_Full_STL_4_keep_weights/results_TA98_with_S9/artifacts/base/svm/scalers/svm_seed_12_skf_0_paras_19_kernel_rbf_C_1_gamma_1_scaler.joblib,12,0
svm_seed_12_skf_1_paras_19_kernel_rbf_C_1_gamma_1,svm,12_skf_1,636,45,81,156,0.863,0.904,0.658,0.934,0.776,0.887,0.712,0.627,/home/ubuntu/Desktop/DeepAmes_Full_STL_4_keep_weights/results_TA98_with_S9/artifacts/base/svm/estimators/svm_seed_12_skf_1_paras_19_kernel_rbf_C_1_gamma_1.joblib,"{""C"": 1, ""class_weight"": ""balanced"", ""gamma"": 1, ""kernel"": ""rbf"", ""probability"": true, ""random_state"": 1}",svm,19,/home/ubuntu/Desktop/DeepAmes_Full_STL_4_keep_weights/results_TA98_with_S9/artifacts/base/svm/scalers/svm_seed_12_skf_1_paras_19_kernel_rbf_C_1_gamma_1_scaler.joblib,12,1
svm_seed_12_skf_2_paras_19_kernel_rbf_C_1_gamma_1,svm,12_skf_2,628,53,81,156,0.854,0.897,0.658,0.922,0.746,0.886,0.7,0.606,/home/ubuntu/Desktop/DeepAmes_Full_STL_4_keep_weights/results_TA98_with_S9/artifacts/base/svm/estimators/svm_seed_12_skf_2_paras_19_kernel_rbf_C_1_gamma_1.joblib,"{""C"": 1, ""class_weight"": ""balanced"", ""gamma"": 1, ""kernel"": ""rbf"", ""probability"": true, ""random_state"": 1}",svm,19,/home/ubuntu/Desktop/DeepAmes_Full_STL_4_keep_weights/results_TA98_with_S9/artifacts/base/svm/scalers/svm_seed_12_skf_2_paras_19_kernel_rbf_C_1_gamma_1_scaler.joblib,12,2
svm_seed_12_skf_3_paras_19_kernel_rbf_C_1_gamma_1,svm,12_skf_3,630,51,83,154,0.854,0.892,0.65,0.925,0.751,0.884,0.697,0.604,/home/ubuntu/Desktop/DeepAmes_Full_STL_4_keep_weights/results_TA98_with_S9/artifacts/base/svm/estimators/svm_seed_12_skf_3_paras_19_kernel_rbf_C_1_gamma_1.joblib,"{""C"": 1, ""class_weight"": ""balanced"", ""gamma"": 1, ""kernel"": ""rbf"", ""probability"": true, ""random_state"": 1}",svm,19,/home/ubuntu/Desktop/DeepAmes_Full_STL_4_keep_weights/results_TA98_with_S9/artifacts/base/svm/scalers/svm_seed_12_skf_3_paras_19_kernel_rbf_C_1_gamma_1_scaler.joblib,12,3
svm_seed_12_skf_4_paras_19_kernel_rbf_C_1_gamma_1,svm,12_skf_4,628,53,77,160,0.858,0.902,0.675,0.922,0.751,0.891,0.711,0.619,/home/ubuntu/Desktop/DeepAmes_Full_STL_4_keep_weights/results_TA98_with_S9/artifacts/base/svm/estimators/svm_seed_12_skf_4_paras_19_kernel_rbf_C_1_gamma_1.joblib,"{""C"": 1, ""class_weight"": ""balanced"", ""gamma"": 1, ""kernel"": ""rbf"", ""probability"": true, ""random_state"": 1}",svm,19,/home/ubuntu/Desktop/DeepAmes_Full_STL_4_keep_weights/results_TA98_with_S9/artifacts/base/svm/scalers/svm_seed_12_skf_4_paras_19_kernel_rbf_C_1_gamma_1_scaler.joblib,12,4
svm_seed_13_skf_0_paras_19_kernel_rbf_C_1_gamma_1,svm,13_skf_0,635,46,85,152,0.857,0.905,0.641,0.932,0.768,0.882,0.699,0.611,/home/ubuntu/Desktop/DeepAmes_Full_STL_4_keep_weights/results_TA98_with_S9/artifacts/base/svm/estimators/svm_seed_13_skf_0_paras_19_kernel_rbf_C_1_gamma_1.joblib,"{""C"": 1, ""class_weight"": ""balanced"", ""gamma"": 1, ""kernel"": ""rbf"", ""probability"": true, ""random_state"": 1}",svm,19,/home/ubuntu/Desktop/DeepAmes_Full_STL_4_keep_weights/results_TA98_with_S9/artifacts/base/svm/scalers/svm_seed_13_skf_0_paras_19_kernel_rbf_C_1_gamma_1_scaler.joblib,13,0
svm_seed_13_skf_1_paras_19_kernel_rbf_C_1_gamma_1,svm,13_skf_1,631,50,75,162,0.864,0.903,0.684,0.927,0.764,0.894,0.722,0.634,/home/ubuntu/Desktop/DeepAmes_Full_STL_4_keep_weights/results_TA98_with_S9/artifacts/base/svm/estimators/svm_seed_13_skf_1_paras_19_kernel_rbf_C_1_gamma_1.joblib,"{""C"": 1, ""class_weight"": ""balanced"", ""gamma"": 1, ""kernel"": ""rbf"", ""probability"": true, ""random_state"": 1}",svm,19,/home/ubuntu/Desktop/DeepAmes_Full_STL_4_keep_weights/results_TA98_with_S9/artifacts/base/svm/scalers/svm_seed_13_skf_1_paras_19_kernel_rbf_C_1_gamma_1_scaler.joblib,13,1
svm_seed_13_skf_3_paras_19_kernel_rbf_C_1_gamma_1,svm,13_skf_3,631,50,81,156,0.857,0.902,0.658,0.927,0.757,0.886,0.704,0.613,/home/ubuntu/Desktop/DeepAmes_Full_STL_4_keep_weights/results_TA98_with_S9/artifacts/base/svm/estimators/svm_seed_13_skf_3_paras_19_kernel_rbf_C_1_gamma_1.joblib,"{""C"": 1, ""class_weight"": ""balanced"", ""gamma"": 1, ""kernel"": ""rbf"", ""probability"": true, ""random_state"": 1}",svm,19,/home/ubuntu/Desktop/DeepAmes_Full_STL_4_keep_weights/results_TA98_with_S9/artifacts/base/svm/scalers/svm_seed_13_skf_3_paras_19_kernel_rbf_C_1_gamma_1_scaler.joblib,13,3
svm_seed_13_skf_4_paras_19_kernel_rbf_C_1_gamma_1,svm,13_skf_4,630,51,80,157,0.857,0.894,0.662,0.925,0.755,0.887,0.706,0.614,/home/ubuntu/Desktop/DeepAmes_Full_STL_4_keep_weights/results_TA98_with_S9/artifacts/base/svm/estimators/svm_seed_13_skf_4_paras_19_kernel_rbf_C_1_gamma_1.joblib,"{""C"": 1, ""class_weight"": ""balanced"", ""gamma"": 1, ""kernel"": ""rbf"", ""probability"": true, ""random_state"": 1}",svm,19,/home/ubuntu/Desktop/DeepAmes_Full_STL_4_keep_weights/results_TA98_with_S9/artifacts/base/svm/scalers/svm_seed_13_skf_4_paras_19_kernel_rbf_C_1_gamma_1_scaler.joblib,13,4
svm_seed_14_skf_0_paras_19_kernel_rbf_C_1_gamma_1,svm,14_skf_0,631,50,83,154,0.855,0.905,0.65,0.927,0.755,0.884,0.698,0.607,/home/ubuntu/Desktop/DeepAmes_Full_STL_4_keep_weights/results_TA98_with_S9/artifacts/base/svm/estimators/svm_seed_14_skf_0_paras_19_kernel_rbf_C_1_gamma_1.joblib,"{""C"": 1, ""class_weight"": ""balanced"", ""gamma"": 1, ""kernel"": ""rbf"", ""probability"": true, ""random_state"": 1}",svm,19,/home/ubuntu/Desktop/DeepAmes_Full_STL_4_keep_weights/results_TA98_with_S9/artifacts/base/svm/scalers/svm_seed_14_skf_0_paras_19_kernel_rbf_C_1_gamma_1_scaler.joblib,14,0
svm_seed_14_skf_1_paras_19_kernel_rbf_C_1_gamma_1,svm,14_skf_1,632,49,76,161,0.864,0.9,0.679,0.928,0.767,0.893,0.72,0.633,/home/ubuntu/Desktop/DeepAmes_Full_STL_4_keep_weights/results_TA98_with_S9/artifacts/base/svm/estimators/svm_seed_14_skf_1_paras_19_kernel_rbf_C_1_gamma_1.joblib,"{""C"": 1, ""class_weight"": ""balanced"", ""gamma"": 1, ""kernel"": ""rbf"", ""probability"": true, ""random_state"": 1}",svm,19,/home/ubuntu/Desktop/DeepAmes_Full_STL_4_keep_weights/results_TA98_with_S9/artifacts/base/svm/scalers/svm_seed_14_skf_1_paras_19_kernel_rbf_C_1_gamma_1_scaler.joblib,14,1
svm_seed_14_skf_3_paras_19_kernel_rbf_C_1_gamma_1,svm,14_skf_3,631,50,83,154,0.855,0.896,0.65,0.927,0.755,0.884,0.698,0.607,/home/ubuntu/Desktop/DeepAmes_Full_STL_4_keep_weights/results_TA98_with_S9/artifacts/base/svm/estimators/svm_seed_14_skf_3_paras_19_kernel_rbf_C_1_gamma_1.joblib,"{""C"": 1, ""class_weight"": ""balanced"", ""gamma"": 1, ""kernel"": ""rbf"", ""probability"": true, ""random_state"": 1}",svm,19,/home/ubuntu/Desktop/DeepAmes_Full_STL_4_keep_weights/results_TA98_with_S9/artifacts/base/svm/scalers/svm_seed_14_skf_3_paras_19_kernel_rbf_C_1_gamma_1_scaler.joblib,14,3
svm_seed_14_skf_4_paras_19_kernel_rbf_C_1_gamma_1,svm,14_skf_4,637,44,85,152,0.859,0.9,0.641,0.935,0.776,0.882,0.702,0.616,/home/ubuntu/Desktop/DeepAmes_Full_STL_4_keep_weights/results_TA98_with_S9/artifacts/base/svm/estimators/svm_seed_14_skf_4_paras_19_kernel_rbf_C_1_gamma_1.joblib,"{""C"": 1, ""class_weight"": ""balanced"", ""gamma"": 1, ""kernel"": ""rbf"", ""probability"": true, ""random_state"": 1}",svm,19,/home/ubuntu/Desktop/DeepAmes_Full_STL_4_keep_weights/results_TA98_with_S9/artifacts/base/svm/scalers/svm_seed_14_skf_4_paras_19_kernel_rbf_C_1_gamma_1_scaler.joblib,14,4
svm_seed_15_skf_0_paras_19_kernel_rbf_C_1_gamma_1,svm,15_skf_0,631,50,81,156,0.857,0.903,0.658,0.927,0.757,0.886,0.704,0.613,/home/ubuntu/Desktop/DeepAmes_Full_STL_4_keep_weights/results_TA98_with_S9/artifacts/base/svm/estimators/svm_seed_15_skf_0_paras_19_kernel_rbf_C_1_gamma_1.joblib,"{""C"": 1, ""class_weight"": ""balanced"", ""gamma"": 1, ""kernel"": ""rbf"", ""probability"": true, ""random_state"": 1}",svm,19,/home/ubuntu/Desktop/DeepAmes_Full_STL_4_keep_weights/results_TA98_with_S9/artifacts/base/svm/scalers/svm_seed_15_skf_0_paras_19_kernel_rbf_C_1_gamma_1_scaler.joblib,15,0
svm_seed_15_skf_1_paras_19_kernel_rbf_C_1_gamma_1,svm,15_skf_1,636,45,80,157,0.864,0.906,0.662,0.934,0.777,0.888,0.715,0.63,/home/ubuntu/Desktop/DeepAmes_Full_STL_4_keep_weights/results_TA98_with_S9/artifacts/base/svm/estimators/svm_seed_15_skf_1_paras_19_kernel_rbf_C_1_gamma_1.joblib,"{""C"": 1, ""class_weight"": ""balanced"", ""gamma"": 1, ""kernel"": ""rbf"", ""probability"": true, ""random_state"": 1}",svm,19,/home/ubuntu/Desktop/DeepAmes_Full_STL_4_keep_weights/results_TA98_with_S9/artifacts/base/svm/scalers/svm_seed_15_skf_1_paras_19_kernel_rbf_C_1_gamma_1_scaler.joblib,15,1
svm_seed_15_skf_2_paras_19_kernel_rbf_C_1_gamma_1,svm,15_skf_2,632,49,83,154,0.856,0.894,0.65,0.928,0.759,0.884,0.7,0.609,/home/ubuntu/Desktop/DeepAmes_Full_STL_4_keep_weights/results_TA98_with_S9/artifacts/base/svm/estimators/svm_seed_15_skf_2_paras_19_kernel_rbf_C_1_gamma_1.joblib,"{""C"": 1, ""class_weight"": ""balanced"", ""gamma"": 1, ""kernel"": ""rbf"", ""probability"": true, ""random_state"": 1}",svm,19,/home/ubuntu/Desktop/DeepAmes_Full_STL_4_keep_weights/results_TA98_with_S9/artifacts/base/svm/scalers/svm_seed_15_skf_2_paras_19_kernel_rbf_C_1_gamma_1_scaler.joblib,15,2
svm_seed_15_skf_3_paras_19_kernel_rbf_C_1_gamma_1,svm,15_skf_3,631,50,79,158,0.859,0.905,0.667,0.927,0.76,0.889,0.71,0.62,/home/ubuntu/Desktop/DeepAmes_Full_STL_4_keep_weights/results_TA98_with_S9/artifacts/base/svm/estimators/svm_seed_15_skf_3_paras_19_kernel_rbf_C_1_gamma_1.joblib,"{""C"": 1, ""class_weight"": ""balanced"", ""gamma"": 1, ""kernel"": ""rbf"", ""probability"": true, ""random_state"": 1}",svm,19,/home/ubuntu/Desktop/DeepAmes_Full_STL_4_keep_weights/results_TA98_with_S9/artifacts/base/svm/scalers/svm_seed_15_skf_3_paras_19_kernel_rbf_C_1_gamma_1_scaler.joblib,15,3
svm_seed_15_skf_4_paras_19_kernel_rbf_C_1_gamma_1,svm,15_skf_4,632,49,82,155,0.857,0.9,0.654,0.928,0.76,0.885,0.703,0.613,/home/ubuntu/Desktop/DeepAmes_Full_STL_4_keep_weights/results_TA98_with_S9/artifacts/base/svm/estimators/svm_seed_15_skf_4_paras_19_kernel_rbf_C_1_gamma_1.joblib,"{""C"": 1, ""class_weight"": ""balanced"", ""gamma"": 1, ""kernel"": ""rbf"", ""probability"": true, ""random_state"": 1}",svm,19,/home/ubuntu/Desktop/DeepAmes_Full_STL_4_keep_weights/results_TA98_with_S9/artifacts/base/svm/scalers/svm_seed_15_skf_4_paras_19_kernel_rbf_C_1_gamma_1_scaler.joblib,15,4
svm_seed_16_skf_0_paras_19_kernel_rbf_C_1_gamma_1,svm,16_skf_0,632,49,80,157,0.859,0.903,0.662,0.928,0.762,0.888,0.709,0.619,/home/ubuntu/Desktop/DeepAmes_Full_STL_4_keep_weights/results_TA98_with_S9/artifacts/base/svm/estimators/svm_seed_16_skf_0_paras_19_kernel_rbf_C_1_gamma_1.joblib,"{""C"": 1, ""class_weight"": ""balanced"", ""gamma"": 1, ""kernel"": ""rbf"", ""probability"": true, ""random_state"": 1}",svm,19,/home/ubuntu/Desktop/DeepAmes_Full_STL_4_keep_weights/results_TA98_with_S9/artifacts/base/svm/scalers/svm_seed_16_skf_0_paras_19_kernel_rbf_C_1_gamma_1_scaler.joblib,16,0
svm_seed_16_skf_1_paras_19_kernel_rbf_C_1_gamma_1,svm,16_skf_1,634,47,78,159,0.864,0.903,0.671,0.931,0.772,0.89,0.718,0.631,/home/ubuntu/Desktop/DeepAmes_Full_STL_4_keep_weights/results_TA98_with_S9/artifacts/base/svm/estimators/svm_seed_16_skf_1_paras_19_kernel_rbf_C_1_gamma_1.joblib,"{""C"": 1, ""class_weight"": ""balanced"", ""gamma"": 1, ""kernel"": ""rbf"", ""probability"": true, ""random_state"": 1}",svm,19,/home/ubuntu/Desktop/DeepAmes_Full_STL_4_keep_weights/results_TA98_with_S9/artifacts/base/svm/scalers/svm_seed_16_skf_1_paras_19_kernel_rbf_C_1_gamma_1_scaler.joblib,16,1
svm_seed_16_skf_2_paras_19_kernel_rbf_C_1_gamma_1,svm,16_skf_2,628,53,85,152,0.85,0.897,0.641,0.922,0.741,0.881,0.688,0.592,/home/ubuntu/Desktop/DeepAmes_Full_STL_4_keep_weights/results_TA98_with_S9/artifacts/base/svm/estimators/svm_seed_16_skf_2_paras_19_kernel_rbf_C_1_gamma_1.joblib,"{""C"": 1, ""class_weight"": ""balanced"", ""gamma"": 1, ""kernel"": ""rbf"", ""probability"": true, ""random_state"": 1}",svm,19,/home/ubuntu/Desktop/DeepAmes_Full_STL_4_keep_weights/results_TA98_with_S9/artifacts/base/svm/scalers/svm_seed_16_skf_2_paras_19_kernel_rbf_C_1_gamma_1_scaler.joblib,16,2
svm_seed_16_skf_3_paras_19_kernel_rbf_C_1_gamma_1,svm,16_skf_3,636,45,82,155,0.862,0.905,0.654,0.934,0.775,0.886,0.709,0.623,/home/ubuntu/Desktop/DeepAmes_Full_STL_4_keep_weights/results_TA98_with_S9/artifacts/base/svm/estimators/svm_seed_16_skf_3_paras_19_kernel_rbf_C_1_gamma_1.joblib,"{""C"": 1, ""class_weight"": ""balanced"", ""gamma"": 1, ""kernel"": ""rbf"", ""probability"": true, ""random_state"": 1}",svm,19,/home/ubuntu/Desktop/DeepAmes_Full_STL_4_keep_weights/results_TA98_with_S9/artifacts/base/svm/scalers/svm_seed_16_skf_3_paras_19_kernel_rbf_C_1_gamma_1_scaler.joblib,16,3
svm_seed_16_skf_4_paras_19_kernel_rbf_C_1_gamma_1,svm,16_skf_4,633,48,84,153,0.856,0.895,0.646,0.93,0.761,0.883,0.699,0.609,/home/ubuntu/Desktop/DeepAmes_Full_STL_4_keep_weights/results_TA98_with_S9/artifacts/base/svm/estimators/svm_seed_16_skf_4_paras_19_kernel_rbf_C_1_gamma_1.joblib,"{""C"": 1, ""class_weight"": ""balanced"", ""gamma"": 1, ""kernel"": ""rbf"", ""probability"": true, ""random_state"": 1}",svm,19,/home/ubuntu/Desktop/DeepAmes_Full_STL_4_keep_weights/results_TA98_with_S9/artifacts/base/svm/scalers/svm_seed_16_skf_4_paras_19_kernel_rbf_C_1_gamma_1_scaler.joblib,16,4
svm_seed_17_skf_0_paras_19_kernel_rbf_C_1_gamma_1,svm,17_skf_0,631,50,79,158,0.859,0.904,0.667,0.927,0.76,0.889,0.71,0.62,/home/ubuntu/Desktop/DeepAmes_Full_STL_4_keep_weights/results_TA98_with_S9/artifacts/base/svm/estimators/svm_seed_17_skf_0_paras_19_kernel_rbf_C_1_gamma_1.joblib,"{""C"": 1, ""class_weight"": ""balanced"", ""gamma"": 1, ""kernel"": ""rbf"", ""probability"": true, ""random_state"": 1}",svm,19,/home/ubuntu/Desktop/DeepAmes_Full_STL_4_keep_weights/results_TA98_with_S9/artifacts/base/svm/scalers/svm_seed_17_skf_0_paras_19_kernel_rbf_C_1_gamma_1_scaler.joblib,17,0
svm_seed_17_skf_1_paras_19_kernel_rbf_C_1_gamma_1,svm,17_skf_1,636,45,79,158,0.865,0.901,0.667,0.934,0.778,0.89,0.718,0.633,/home/ubuntu/Desktop/DeepAmes_Full_STL_4_keep_weights/results_TA98_with_S9/artifacts/base/svm/estimators/svm_seed_17_skf_1_paras_19_kernel_rbf_C_1_gamma_1.joblib,"{""C"": 1, ""class_weight"": ""balanced"", ""gamma"": 1, ""kernel"": ""rbf"", ""probability"": true, ""random_state"": 1}",svm,19,/home/ubuntu/Desktop/DeepAmes_Full_STL_4_keep_weights/results_TA98_with_S9/artifacts/base/svm/scalers/svm_seed_17_skf_1_paras_19_kernel_rbf_C_1_gamma_1_scaler.joblib,17,1
svm_seed_17_skf_2_paras_19_kernel_rbf_C_1_gamma_1,svm,17_skf_2,630,51,86,151,0.851,0.902,0.637,0.925,0.748,0.88,0.688,0.594,/home/ubuntu/Desktop/DeepAmes_Full_STL_4_keep_weights/results_TA98_with_S9/artifacts/base/svm/estimators/svm_seed_17_skf_2_paras_19_kernel_rbf_C_1_gamma_1.joblib,"{""C"": 1, ""class_weight"": ""balanced"", ""gamma"": 1, ""kernel"": ""rbf"", ""probability"": true, ""random_state"": 1}",svm,19,/home/ubuntu/Desktop/DeepAmes_Full_STL_4_keep_weights/results_TA98_with_S9/artifacts/base/svm/scalers/svm_seed_17_skf_2_paras_19_kernel_rbf_C_1_gamma_1_scaler.joblib,17,2
svm_seed_17_skf_3_paras_19_kernel_rbf_C_1_gamma_1,svm,17_skf_3,637,44,80,157,0.865,0.898,0.662,0.935,0.781,0.888,0.717,0.633,/home/ubuntu/Desktop/DeepAmes_Full_STL_4_keep_weights/results_TA98_with_S9/artifacts/base/svm/estimators/svm_seed_17_skf_3_paras_19_kernel_rbf_C_1_gamma_1.joblib,"{""C"": 1, ""class_weight"": ""balanced"", ""gamma"": 1, ""kernel"": ""rbf"", ""probability"": true, ""random_state"": 1}",svm,19,/home/ubuntu/Desktop/DeepAmes_Full_STL_4_keep_weights/results_TA98_with_S9/artifacts/base/svm/scalers/svm_seed_17_skf_3_paras_19_kernel_rbf_C_1_gamma_1_scaler.joblib,17,3
svm_seed_17_skf_4_paras_19_kernel_rbf_C_1_gamma_1,svm,17_skf_4,632,49,86,151,0.853,0.899,0.637,0.928,0.755,0.88,0.691,0.599,/home/ubuntu/Desktop/DeepAmes_Full_STL_4_keep_weights/results_TA98_with_S9/artifacts/base/svm/estimators/svm_seed_17_skf_4_paras_19_kernel_rbf_C_1_gamma_1.joblib,"{""C"": 1, ""class_weight"": ""balanced"", ""gamma"": 1, ""kernel"": ""rbf"", ""probability"": true, ""random_state"": 1}",svm,19,/home/ubuntu/Desktop/DeepAmes_Full_STL_4_keep_weights/results_TA98_with_S9/artifacts/base/svm/scalers/svm_seed_17_skf_4_paras_19_kernel_rbf_C_1_gamma_1_scaler.joblib,17,4
svm_seed_18_skf_0_paras_19_kernel_rbf_C_1_gamma_1,svm,18_skf_0,632,49,78,159,0.862,0.9,0.671,0.928,0.764,0.89,0.715,0.626,/home/ubuntu/Desktop/DeepAmes_Full_STL_4_keep_weights/results_TA98_with_S9/artifacts/base/svm/estimators/svm_seed_18_skf_0_paras_19_kernel_rbf_C_1_gamma_1.joblib,"{""C"": 1, ""class_weight"": ""balanced"", ""gamma"": 1, ""kernel"": ""rbf"", ""probability"": true, ""random_state"": 1}",svm,19,/home/ubuntu/Desktop/DeepAmes_Full_STL_4_keep_weights/results_TA98_with_S9/artifacts/base/svm/scalers/svm_seed_18_skf_0_paras_19_kernel_rbf_C_1_gamma_1_scaler.joblib,18,0
svm_seed_18_skf_1_paras_19_kernel_rbf_C_1_gamma_1,svm,18_skf_1,630,51,82,155,0.855,0.899,0.654,0.925,0.752,0.885,0.7,0.607,/home/ubuntu/Desktop/DeepAmes_Full_STL_4_keep_weights/results_TA98_with_S9/artifacts/base/svm/estimators/svm_seed_18_skf_1_paras_19_kernel_rbf_C_1_gamma_1.joblib,"{""C"": 1, ""class_weight"": ""balanced"", ""gamma"": 1, ""kernel"": ""rbf"", ""probability"": true, ""random_state"": 1}",svm,19,/home/ubuntu/Desktop/DeepAmes_Full_STL_4_keep_weights/results_TA98_with_S9/artifacts/base/svm/scalers/svm_seed_18_skf_1_paras_19_kernel_rbf_C_1_gamma_1_scaler.joblib,18,1
svm_seed_18_skf_2_paras_19_kernel_rbf_C_1_gamma_1,svm,18_skf_2,631,50,85,152,0.853,0.899,0.641,0.927,0.752,0.881,0.692,0.6,/home/ubuntu/Desktop/DeepAmes_Full_STL_4_keep_weights/results_TA98_with_S9/artifacts/base/svm/estimators/svm_seed_18_skf_2_paras_19_kernel_rbf_C_1_gamma_1.joblib,"{""C"": 1, ""class_weight"": ""balanced"", ""gamma"": 1, ""kernel"": ""rbf"", ""probability"": true, ""random_state"": 1}",svm,19,/home/ubuntu/Desktop/DeepAmes_Full_STL_4_keep_weights/results_TA98_with_S9/artifacts/base/svm/scalers/svm_seed_18_skf_2_paras_19_kernel_rbf_C_1_gamma_1_scaler.joblib,18,2
svm_seed_18_skf_3_paras_19_kernel_rbf_C_1_gamma_1,svm,18_skf_3,632,49,77,160,0.863,0.903,0.675,0.928,0.766,0.891,0.717,0.629,/home/ubuntu/Desktop/DeepAmes_Full_STL_4_keep_weights/results_TA98_with_S9/artifacts/base/svm/estimators/svm_seed_18_skf_3_paras_19_kernel_rbf_C_1_gamma_1.joblib,"{""C"": 1, ""class_weight"": ""balanced"", ""gamma"": 1, ""kernel"": ""rbf"", ""probability"": true, ""random_state"": 1}",svm,19,/home/ubuntu/Desktop/DeepAmes_Full_STL_4_keep_weights/results_TA98_with_S9/artifacts/base/svm/scalers/svm_seed_18_skf_3_paras_19_kernel_rbf_C_1_gamma_1_scaler.joblib,18,3
svm_seed_18_skf_4_paras_19_kernel_rbf_C_1_gamma_1,svm,18_skf_4,640,41,82,155,0.866,0.907,0.654,0.94,0.791,0.886,0.716,0.634,/home/ubuntu/Desktop/DeepAmes_Full_STL_4_keep_weights/results_TA98_with_S9/artifacts/base/svm/estimators/svm_seed_18_skf_4_paras_19_kernel_rbf_C_1_gamma_1.joblib,"{""C"": 1, ""class_weight"": ""balanced"", ""gamma"": 1, ""kernel"": ""rbf"", ""probability"": true, ""random_state"": 1}",svm,19,/home/ubuntu/Desktop/DeepAmes_Full_STL_4_keep_weights/results_TA98_with_S9/artifacts/base/svm/scalers/svm_seed_18_skf_4_paras_19_kernel_rbf_C_1_gamma_1_scaler.joblib,18,4
svm_seed_19_skf_0_paras_19_kernel_rbf_C_1_gamma_1,svm,19_skf_0,633,48,79,158,0.862,0.891,0.667,0.93,0.767,0.889,0.713,0.625,/home/ubuntu/Desktop/DeepAmes_Full_STL_4_keep_weights/results_TA98_with_S9/artifacts/base/svm/estimators/svm_seed_19_skf_0_paras_19_kernel_rbf_C_1_gamma_1.joblib,"{""C"": 1, ""class_weight"": ""balanced"", ""gamma"": 1, ""kernel"": ""rbf"", ""probability"": true, ""random_state"": 1}",svm,19,/home/ubuntu/Desktop/DeepAmes_Full_STL_4_keep_weights/results_TA98_with_S9/artifacts/base/svm/scalers/svm_seed_19_skf_0_paras_19_kernel_rbf_C_1_gamma_1_scaler.joblib,19,0
svm_seed_19_skf_1_paras_19_kernel_rbf_C_1_gamma_1,svm,19_skf_1,632,49,82,155,0.857,0.9,0.654,0.928,0.76,0.885,0.703,0.613,/home/ubuntu/Desktop/DeepAmes_Full_STL_4_keep_weights/results_TA98_with_S9/artifacts/base/svm/estimators/svm_seed_19_skf_1_paras_19_kernel_rbf_C_1_gamma_1.joblib,"{""C"": 1, ""class_weight"": ""balanced"", ""gamma"": 1, ""kernel"": ""rbf"", ""probability"": true, ""random_state"": 1}",svm,19,/home/ubuntu/Desktop/DeepAmes_Full_STL_4_keep_weights/results_TA98_with_S9/artifacts/base/svm/scalers/svm_seed_19_skf_1_paras_19_kernel_rbf_C_1_gamma_1_scaler.joblib,19,1
svm_seed_19_skf_2_paras_19_kernel_rbf_C_1_gamma_1,svm,19_skf_2,632,49,87,150,0.852,0.903,0.633,0.928,0.754,0.879,0.688,0.596,/home/ubuntu/Desktop/DeepAmes_Full_STL_4_keep_weights/results_TA98_with_S9/artifacts/base/svm/estimators/svm_seed_19_skf_2_paras_19_kernel_rbf_C_1_gamma_1.joblib,"{""C"": 1, ""class_weight"": ""balanced"", ""gamma"": 1, ""kernel"": ""rbf"", ""probability"": true, ""random_state"": 1}",svm,19,/home/ubuntu/Desktop/DeepAmes_Full_STL_4_keep_weights/results_TA98_with_S9/artifacts/base/svm/scalers/svm_seed_19_skf_2_paras_19_kernel_rbf_C_1_gamma_1_scaler.joblib,19,2
svm_seed_19_skf_4_paras_19_kernel_rbf_C_1_gamma_1,svm,19_skf_4,632,49,82,155,0.857,0.897,0.654,0.928,0.76,0.885,0.703,0.613,/home/ubuntu/Desktop/DeepAmes_Full_STL_4_keep_weights/results_TA98_with_S9/artifacts/base/svm/estimators/svm_seed_19_skf_4_paras_19_kernel_rbf_C_1_gamma_1.joblib,"{""C"": 1, ""class_weight"": ""balanced"", ""gamma"": 1, ""kernel"": ""rbf"", ""probability"": true, ""random_state"": 1}",svm,19,/home/ubuntu/Desktop/DeepAmes_Full_STL_4_keep_weights/results_TA98_with_S9/artifacts/base/svm/scalers/svm_seed_19_skf_4_paras_19_kernel_rbf_C_1_gamma_1_scaler.joblib,19,4
lr_seed_0_skf_0_paras_22_C_100_weight_None_solver_lbfgs,lr,0_skf_0,624,57,85,152,0.845,0.887,0.641,0.916,0.727,0.88,0.682,0.582,/home/ubuntu/Desktop/DeepAmes_Full_STL_4_keep_weights/results_TA98_with_S9/artifacts/base/lr/estimators/lr_seed_0_skf_0_paras_22_C_100_weight_None_solver_lbfgs.joblib,"{""C"": 100, ""class_weight"": null, ""max_iter"": 300, ""random_state"": 1, ""solver"": ""lbfgs""}",lr,22,/home/ubuntu/Desktop/DeepAmes_Full_STL_4_keep_weights/results_TA98_with_S9/artifacts/base/lr/scalers/lr_seed_0_skf_0_paras_22_C_100_weight_None_solver_lbfgs_scaler.joblib,0,0
lr_seed_0_skf_1_paras_22_C_100_weight_None_solver_lbfgs,lr,0_skf_1,623,58,85,152,0.844,0.879,0.641,0.915,0.724,0.88,0.68,0.579,/home/ubuntu/Desktop/DeepAmes_Full_STL_4_keep_weights/results_TA98_with_S9/artifacts/base/lr/estimators/lr_seed_0_skf_1_paras_22_C_100_weight_None_solver_lbfgs.joblib,"{""C"": 100, ""class_weight"": null, ""max_iter"": 300, ""random_state"": 1, ""solver"": ""lbfgs""}",lr,22,/home/ubuntu/Desktop/DeepAmes_Full_STL_4_keep_weights/results_TA98_with_S9/artifacts/base/lr/scalers/lr_seed_0_skf_1_paras_22_C_100_weight_None_solver_lbfgs_scaler.joblib,0,1
lr_seed_0_skf_2_paras_22_C_100_weight_None_solver_lbfgs,lr,0_skf_2,625,56,86,151,0.845,0.885,0.637,0.918,0.729,0.879,0.68,0.581,/home/ubuntu/Desktop/DeepAmes_Full_STL_4_keep_weights/results_TA98_with_S9/artifacts/base/lr/estimators/lr_seed_0_skf_2_paras_22_C_100_weight_None_solver_lbfgs.joblib,"{""C"": 100, ""class_weight"": null, ""max_iter"": 300, ""random_state"": 1, ""solver"": ""lbfgs""}",lr,22,/home/ubuntu/Desktop/DeepAmes_Full_STL_4_keep_weights/results_TA98_with_S9/artifacts/base/lr/scalers/lr_seed_0_skf_2_paras_22_C_100_weight_None_solver_lbfgs_scaler.joblib,0,2
lr_seed_0_skf_3_paras_22_C_100_weight_None_solver_lbfgs,lr,0_skf_3,627,54,84,153,0.85,0.884,0.646,0.921,0.739,0.882,0.689,0.593,/home/ubuntu/Desktop/DeepAmes_Full_STL_4_keep_weights/results_TA98_with_S9/artifacts/base/lr/estimators/lr_seed_0_skf_3_paras_22_C_100_weight_None_solver_lbfgs.joblib,"{""C"": 100, ""class_weight"": null, ""max_iter"": 300, ""random_state"": 1, ""solver"": ""lbfgs""}",lr,22,/home/ubuntu/Desktop/DeepAmes_Full_STL_4_keep_weights/results_TA98_with_S9/artifacts/base/lr/scalers/lr_seed_0_skf_3_paras_22_C_100_weight_None_solver_lbfgs_scaler.joblib,0,3
lr_seed_0_skf_4_paras_22_C_100_weight_None_solver_lbfgs,lr,0_skf_4,622,59,89,148,0.839,0.883,0.624,0.913,0.715,0.875,0.667,0.563,/home/ubuntu/Desktop/DeepAmes_Full_STL_4_keep_weights/results_TA98_with_S9/artifacts/base/lr/estimators/lr_seed_0_skf_4_paras_22_C_100_weight_None_solver_lbfgs.joblib,"{""C"": 100, ""class_weight"": null, ""max_iter"": 300, ""random_state"": 1, ""solver"": ""lbfgs""}",lr,22,/home/ubuntu/Desktop/DeepAmes_Full_STL_4_keep_weights/results_TA98_with_S9/artifacts/base/lr/scalers/lr_seed_0_skf_4_paras_22_C_100_weight_None_solver_lbfgs_scaler.joblib,0,4
lr_seed_1_skf_0_paras_22_C_100_weight_None_solver_lbfgs,lr,1_skf_0,629,52,84,153,0.852,0.893,0.646,0.924,0.746,0.882,0.692,0.598,/home/ubuntu/Desktop/DeepAmes_Full_STL_4_keep_weights/results_TA98_with_S9/artifacts/base/lr/estimators/lr_seed_1_skf_0_paras_22_C_100_weight_None_solver_lbfgs.joblib,"{""C"": 100, ""class_weight"": null, ""max_iter"": 300, ""random_state"": 1, ""solver"": ""lbfgs""}",lr,22,/home/ubuntu/Desktop/DeepAmes_Full_STL_4_keep_weights/results_TA98_with_S9/artifacts/base/lr/scalers/lr_seed_1_skf_0_paras_22_C_100_weight_None_solver_lbfgs_scaler.joblib,1,0
lr_seed_1_skf_1_paras_22_C_100_weight_None_solver_lbfgs,lr,1_skf_1,618,63,85,152,0.839,0.884,0.641,0.907,0.707,0.879,0.673,0.567,/home/ubuntu/Desktop/DeepAmes_Full_STL_4_keep_weights/results_TA98_with_S9/artifacts/base/lr/estimators/lr_seed_1_skf_1_paras_22_C_100_weight_None_solver_lbfgs.joblib,"{""C"": 100, ""class_weight"": null, ""max_iter"": 300, ""random_state"": 1, ""solver"": ""lbfgs""}",lr,22,/home/ubuntu/Desktop/DeepAmes_Full_STL_4_keep_weights/results_TA98_with_S9/artifacts/base/lr/scalers/lr_seed_1_skf_1_paras_22_C_100_weight_None_solver_lbfgs_scaler.joblib,1,1
lr_seed_1_skf_2_paras_22_C_100_weight_None_solver_lbfgs,lr,1_skf_2,626,55,88,149,0.844,0.889,0.629,0.919,0.73,0.877,0.676,0.577,/home/ubuntu/Desktop/DeepAmes_Full_STL_4_keep_weights/results_TA98_with_S9/artifacts/base/lr/estimators/lr_seed_1_skf_2_paras_22_C_100_weight_None_solver_lbfgs.joblib,"{""C"": 100, ""class_weight"": null, ""max_iter"": 300, ""random_state"": 1, ""solver"": ""lbfgs""}",lr,22,/home/ubuntu/Desktop/DeepAmes_Full_STL_4_keep_weights/results_TA98_with_S9/artifacts/base/lr/scalers/lr_seed_1_skf_2_paras_22_C_100_weight_None_solver_lbfgs_scaler.joblib,1,2
lr_seed_1_skf_4_paras_22_C_100_weight_None_solver_lbfgs,lr,1_skf_4,622,59,88,149,0.84,0.88,0.629,0.913,0.716,0.876,0.67,0.567,/home/ubuntu/Desktop/DeepAmes_Full_STL_4_keep_weights/results_TA98_with_S9/artifacts/base/lr/estimators/lr_seed_1_skf_4_paras_22_C_100_weight_None_solver_lbfgs.joblib,"{""C"": 100, ""class_weight"": null, ""max_iter"": 300, ""random_state"": 1, ""solver"": ""lbfgs""}",lr,22,/home/ubuntu/Desktop/DeepAmes_Full_STL_4_keep_weights/results_TA98_with_S9/artifacts/base/lr/scalers/lr_seed_1_skf_4_paras_22_C_100_weight_None_solver_lbfgs_scaler.joblib,1,4
lr_seed_2_skf_0_paras_22_C_100_weight_None_solver_lbfgs,lr,2_skf_0,621,60,81,156,0.846,0.884,0.658,0.912,0.722,0.885,0.689,0.588,/home/ubuntu/Desktop/DeepAmes_Full_STL_4_keep_weights/results_TA98_with_S9/artifacts/base/lr/estimators/lr_seed_2_skf_0_paras_22_C_100_weight_None_solver_lbfgs.joblib,"{""C"": 100, ""class_weight"": null, ""max_iter"": 300, ""random_state"": 1, ""solver"": ""lbfgs""}",lr,22,/home/ubuntu/Desktop/DeepAmes_Full_STL_4_keep_weights/results_TA98_with_S9/artifacts/base/lr/scalers/lr_seed_2_skf_0_paras_22_C_100_weight_None_solver_lbfgs_scaler.joblib,2,0
lr_seed_2_skf_1_paras_22_C_100_weight_None_solver_lbfgs,lr,2_skf_1,629,52,88,149,0.847,0.882,0.629,0.924,0.741,0.877,0.68,0.585,/home/ubuntu/Desktop/DeepAmes_Full_STL_4_keep_weights/results_TA98_with_S9/artifacts/base/lr/estimators/lr_seed_2_skf_1_paras_22_C_100_weight_None_solver_lbfgs.joblib,"{""C"": 100, ""class_weight"": null, ""max_iter"": 300, ""random_state"": 1, ""solver"": ""lbfgs""}",lr,22,/home/ubuntu/Desktop/DeepAmes_Full_STL_4_keep_weights/results_TA98_with_S9/artifacts/base/lr/scalers/lr_seed_2_skf_1_paras_22_C_100_weight_None_solver_lbfgs_scaler.joblib,2,1
lr_seed_2_skf_3_paras_22_C_100_weight_None_solver_lbfgs,lr,2_skf_3,625,56,87,150,0.844,0.887,0.633,0.918,0.728,0.878,0.677,0.578,/home/ubuntu/Desktop/DeepAmes_Full_STL_4_keep_weights/results_TA98_with_S9/artifacts/base/lr/estimators/lr_seed_2_skf_3_paras_22_C_100_weight_None_solver_lbfgs.joblib,"{""C"": 100, ""class_weight"": null, ""max_iter"": 300, ""random_state"": 1, ""solver"": ""lbfgs""}",lr,22,/home/ubuntu/Desktop/DeepAmes_Full_STL_4_keep_weights/results_TA98_with_S9/artifacts/base/lr/scalers/lr_seed_2_skf_3_paras_22_C_100_weight_None_solver_lbfgs_scaler.joblib,2,3
lr_seed_2_skf_4_paras_22_C_100_weight_None_solver_lbfgs,lr,2_skf_4,623,58,86,151,0.843,0.882,0.637,0.915,0.722,0.879,0.677,0.576,/home/ubuntu/Desktop/DeepAmes_Full_STL_4_keep_weights/results_TA98_with_S9/artifacts/base/lr/estimators/lr_seed_2_skf_4_paras_22_C_100_weight_None_solver_lbfgs.joblib,"{""C"": 100, ""class_weight"": null, ""max_iter"": 300, ""random_state"": 1, ""solver"": ""lbfgs""}",lr,22,/home/ubuntu/Desktop/DeepAmes_Full_STL_4_keep_weights/results_TA98_with_S9/artifacts/base/lr/scalers/lr_seed_2_skf_4_paras_22_C_100_weight_None_solver_lbfgs_scaler.joblib,2,4
lr_seed_3_skf_0_paras_22_C_100_weight_None_solver_lbfgs,lr,3_skf_0,625,56,85,152,0.846,0.889,0.641,0.918,0.731,0.88,0.683,0.585,/home/ubuntu/Desktop/DeepAmes_Full_STL_4_keep_weights/results_TA98_with_S9/artifacts/base/lr/estimators/lr_seed_3_skf_0_paras_22_C_100_weight_None_solver_lbfgs.joblib,"{""C"": 100, ""class_weight"": null, ""max_iter"": 300, ""random_state"": 1, ""solver"": ""lbfgs""}",lr,22,/home/ubuntu/Desktop/DeepAmes_Full_STL_4_keep_weights/results_TA98_with_S9/artifacts/base/lr/scalers/lr_seed_3_skf_0_paras_22_C_100_weight_None_solver_lbfgs_scaler.joblib,3,0
lr_seed_3_skf_1_paras_22_C_100_weight_None_solver_lbfgs,lr,3_skf_1,628,53,92,145,0.842,0.883,0.612,0.922,0.732,0.872,0.667,0.568,/home/ubuntu/Desktop/DeepAmes_Full_STL_4_keep_weights/results_TA98_with_S9/artifacts/base/lr/estimators/lr_seed_3_skf_1_paras_22_C_100_weight_None_solver_lbfgs.joblib,"{""C"": 100, ""class_weight"": null, ""max_iter"": 300, ""random_state"": 1, ""solver"": ""lbfgs""}",lr,22,/home/ubuntu/Desktop/DeepAmes_Full_STL_4_keep_weights/results_TA98_with_S9/artifacts/base/lr/scalers/lr_seed_3_skf_1_paras_22_C_100_weight_None_solver_lbfgs_scaler.joblib,3,1
lr_seed_3_skf_2_paras_22_C_100_weight_None_solver_lbfgs,lr,3_skf_2,622,59,85,152,0.843,0.883,0.641,0.913,0.72,0.88,0.679,0.577,/home/ubuntu/Desktop/DeepAmes_Full_STL_4_keep_weights/results_TA98_with_S9/artifacts/base/lr/estimators/lr_seed_3_skf_2_paras_22_C_100_weight_None_solver_lbfgs.joblib,"{""C"": 100, ""class_weight"": null, ""max_iter"": 300, ""random_state"": 1, ""solver"": ""lbfgs""}",lr,22,/home/ubuntu/Desktop/DeepAmes_Full_STL_4_keep_weights/results_TA98_with_S9/artifacts/base/lr/scalers/lr_seed_3_skf_2_paras_22_C_100_weight_None_solver_lbfgs_scaler.joblib,3,2
lr_seed_3_skf_3_paras_22_C_100_weight_None_solver_lbfgs,lr,3_skf_3,616,65,86,151,0.836,0.882,0.637,0.905,0.699,0.877,0.667,0.559,/home/ubuntu/Desktop/DeepAmes_Full_STL_4_keep_weights/results_TA98_with_S9/artifacts/base/lr/estimators/lr_seed_3_skf_3_paras_22_C_100_weight_None_solver_lbfgs.joblib,"{""C"": 100, ""class_weight"": null, ""max_iter"": 300, ""random_state"": 1, ""solver"": ""lbfgs""}",lr,22,/home/ubuntu/Desktop/DeepAmes_Full_STL_4_keep_weights/results_TA98_with_S9/artifacts/base/lr/scalers/lr_seed_3_skf_3_paras_22_C_100_weight_None_solver_lbfgs_scaler.joblib,3,3
lr_seed_3_skf_4_paras_22_C_100_weight_None_solver_lbfgs,lr,3_skf_4,626,55,91,146,0.841,0.884,0.616,0.919,0.726,0.873,0.667,0.566,/home/ubuntu/Desktop/DeepAmes_Full_STL_4_keep_weights/results_TA98_with_S9/artifacts/base/lr/estimators/lr_seed_3_skf_4_paras_22_C_100_weight_None_solver_lbfgs.joblib,"{""C"": 100, ""class_weight"": null, ""max_iter"": 300, ""random_state"": 1, ""solver"": ""lbfgs""}",lr,22,/home/ubuntu/Desktop/DeepAmes_Full_STL_4_keep_weights/results_TA98_with_S9/artifacts/base/lr/scalers/lr_seed_3_skf_4_paras_22_C_100_weight_None_solver_lbfgs_scaler.joblib,3,4
lr_seed_4_skf_0_paras_22_C_100_weight_None_solver_lbfgs,lr,4_skf_0,620,61,86,151,0.84,0.879,0.637,0.91,0.712,0.878,0.673,0.569,/home/ubuntu/Desktop/DeepAmes_Full_STL_4_keep_weights/results_TA98_with_S9/artifacts/base/lr/estimators/lr_seed_4_skf_0_paras_22_C_100_weight_None_solver_lbfgs.joblib,"{""C"": 100, ""class_weight"": null, ""max_iter"": 300, ""random_state"": 1, ""solver"": ""lbfgs""}",lr,22,/home/ubuntu/Desktop/DeepAmes_Full_STL_4_keep_weights/results_TA98_with_S9/artifacts/base/lr/scalers/lr_seed_4_skf_0_paras_22_C_100_weight_None_solver_lbfgs_scaler.joblib,4,0
lr_seed_4_skf_1_paras_22_C_100_weight_None_solver_lbfgs,lr,4_skf_1,618,63,86,151,0.838,0.88,0.637,0.907,0.706,0.878,0.67,0.564,/home/ubuntu/Desktop/DeepAmes_Full_STL_4_keep_weights/results_TA98_with_S9/artifacts/base/lr/estimators/lr_seed_4_skf_1_paras_22_C_100_weight_None_solver_lbfgs.joblib,"{""C"": 100, ""class_weight"": null, ""max_iter"": 300, ""random_state"": 1, ""solver"": ""lbfgs""}",lr,22,/home/ubuntu/Desktop/DeepAmes_Full_STL_4_keep_weights/results_TA98_with_S9/artifacts/base/lr/scalers/lr_seed_4_skf_1_paras_22_C_100_weight_None_solver_lbfgs_scaler.joblib,4,1
lr_seed_4_skf_2_paras_22_C_100_weight_None_solver_lbfgs,lr,4_skf_2,624,57,88,149,0.842,0.884,0.629,0.916,0.723,0.876,0.673,0.572,/home/ubuntu/Desktop/DeepAmes_Full_STL_4_keep_weights/results_TA98_with_S9/artifacts/base/lr/estimators/lr_seed_4_skf_2_paras_22_C_100_weight_None_solver_lbfgs.joblib,"{""C"": 100, ""class_weight"": null, ""max_iter"": 300, ""random_state"": 1, ""solver"": ""lbfgs""}",lr,22,/home/ubuntu/Desktop/DeepAmes_Full_STL_4_keep_weights/results_TA98_with_S9/artifacts/base/lr/scalers/lr_seed_4_skf_2_paras_22_C_100_weight_None_solver_lbfgs_scaler.joblib,4,2
lr_seed_4_skf_3_paras_22_C_100_weight_None_solver_lbfgs,lr,4_skf_3,623,58,83,154,0.846,0.892,0.65,0.915,0.726,0.882,0.686,0.586,/home/ubuntu/Desktop/DeepAmes_Full_STL_4_keep_weights/results_TA98_with_S9/artifacts/base/lr/estimators/lr_seed_4_skf_3_paras_22_C_100_weight_None_solver_lbfgs.joblib,"{""C"": 100, ""class_weight"": null, ""max_iter"": 300, ""random_state"": 1, ""solver"": ""lbfgs""}",lr,22,/home/ubuntu/Desktop/DeepAmes_Full_STL_4_keep_weights/results_TA98_with_S9/artifacts/base/lr/scalers/lr_seed_4_skf_3_paras_22_C_100_weight_None_solver_lbfgs_scaler.joblib,4,3
lr_seed_4_skf_4_paras_22_C_100_weight_None_solver_lbfgs,lr,4_skf_4,622,59,86,151,0.842,0.883,0.637,0.913,0.719,0.879,0.676,0.574,/home/ubuntu/Desktop/DeepAmes_Full_STL_4_keep_weights/results_TA98_with_S9/artifacts/base/lr/estimators/lr_seed_4_skf_4_paras_22_C_100_weight_None_solver_lbfgs.joblib,"{""C"": 100, ""class_weight"": null, ""max_iter"": 300, ""random_state"": 1, ""solver"": ""lbfgs""}",lr,22,/home/ubuntu/Desktop/DeepAmes_Full_STL_4_keep_weights/results_TA98_with_S9/artifacts/base/lr/scalers/lr_seed_4_skf_4_paras_22_C_100_weight_None_solver_lbfgs_scaler.joblib,4,4
lr_seed_5_skf_0_paras_22_C_100_weight_None_solver_lbfgs,lr,5_skf_0,623,58,91,146,0.838,0.88,0.616,0.915,0.716,0.873,0.662,0.559,/home/ubuntu/Desktop/DeepAmes_Full_STL_4_keep_weights/results_TA98_with_S9/artifacts/base/lr/estimators/lr_seed_5_skf_0_paras_22_C_100_weight_None_solver_lbfgs.joblib,"{""C"": 100, ""class_weight"": null, ""max_iter"": 300, ""random_state"": 1, ""solver"": ""lbfgs""}",lr,22,/home/ubuntu/Desktop/DeepAmes_Full_STL_4_keep_weights/results_TA98_with_S9/artifacts/base/lr/scalers/lr_seed_5_skf_0_paras_22_C_100_weight_None_solver_lbfgs_scaler.joblib,5,0
lr_seed_5_skf_1_paras_22_C_100_weight_None_solver_lbfgs,lr,5_skf_1,629,52,90,147,0.845,0.883,0.62,0.924,0.739,0.875,0.674,0.578,/home/ubuntu/Desktop/DeepAmes_Full_STL_4_keep_weights/results_TA98_with_S9/artifacts/base/lr/estimators/lr_seed_5_skf_1_paras_22_C_100_weight_None_solver_lbfgs.joblib,"{""C"": 100, ""class_weight"": null, ""max_iter"": 300, ""random_state"": 1, ""solver"": ""lbfgs""}",lr,22,/home/ubuntu/Desktop/DeepAmes_Full_STL_4_keep_weights/results_TA98_with_S9/artifacts/base/lr/scalers/lr_seed_5_skf_1_paras_22_C_100_weight_None_solver_lbfgs_scaler.joblib,5,1
lr_seed_5_skf_2_paras_22_C_100_weight_None_solver_lbfgs,lr,5_skf_2,616,65,84,153,0.838,0.887,0.646,0.905,0.702,0.88,0.673,0.566,/home/ubuntu/Desktop/DeepAmes_Full_STL_4_keep_weights/results_TA98_with_S9/artifacts/base/lr/estimators/lr_seed_5_skf_2_paras_22_C_100_weight_None_solver_lbfgs.joblib,"{""C"": 100, ""class_weight"": null, ""max_iter"": 300, ""random_state"": 1, ""solver"": ""lbfgs""}",lr,22,/home/ubuntu/Desktop/DeepAmes_Full_STL_4_keep_weights/results_TA98_with_S9/artifacts/base/lr/scalers/lr_seed_5_skf_2_paras_22_C_100_weight_None_solver_lbfgs_scaler.joblib,5,2
lr_seed_5_skf_3_paras_22_C_100_weight_None_solver_lbfgs,lr,5_skf_3,626,55,85,152,0.847,0.894,0.641,0.919,0.734,0.88,0.685,0.587,/home/ubuntu/Desktop/DeepAmes_Full_STL_4_keep_weights/results_TA98_with_S9/artifacts/base/lr/estimators/lr_seed_5_skf_3_paras_22_C_100_weight_None_solver_lbfgs.joblib,"{""C"": 100, ""class_weight"": null, ""max_iter"": 300, ""random_state"": 1, ""solver"": ""lbfgs""}",lr,22,/home/ubuntu/Desktop/DeepAmes_Full_STL_4_keep_weights/results_TA98_with_S9/artifacts/base/lr/scalers/lr_seed_5_skf_3_paras_22_C_100_weight_None_solver_lbfgs_scaler.joblib,5,3
lr_seed_5_skf_4_paras_22_C_100_weight_None_solver_lbfgs,lr,5_skf_4,624,57,84,153,0.846,0.881,0.646,0.916,0.729,0.881,0.685,0.585,/home/ubuntu/Desktop/DeepAmes_Full_STL_4_keep_weights/results_TA98_with_S9/artifacts/base/lr/estimators/lr_seed_5_skf_4_paras_22_C_100_weight_None_solver_lbfgs.joblib,"{""C"": 100, ""class_weight"": null, ""max_iter"": 300, ""random_state"": 1, ""solver"": ""lbfgs""}",lr,22,/home/ubuntu/Desktop/DeepAmes_Full_STL_4_keep_weights/results_TA98_with_S9/artifacts/base/lr/scalers/lr_seed_5_skf_4_paras_22_C_100_weight_None_solver_lbfgs_scaler.joblib,5,4
lr_seed_6_skf_0_paras_22_C_100_weight_None_solver_lbfgs,lr,6_skf_0,622,59,90,147,0.838,0.884,0.62,0.913,0.714,0.874,0.664,0.56,/home/ubuntu/Desktop/DeepAmes_Full_STL_4_keep_weights/results_TA98_with_S9/artifacts/base/lr/estimators/lr_seed_6_skf_0_paras_22_C_100_weight_None_solver_lbfgs.joblib,"{""C"": 100, ""class_weight"": null, ""max_iter"": 300, ""random_state"": 1, ""solver"": ""lbfgs""}",lr,22,/home/ubuntu/Desktop/DeepAmes_Full_STL_4_keep_weights/results_TA98_with_S9/artifacts/base/lr/scalers/lr_seed_6_skf_0_paras_22_C_100_weight_None_solver_lbfgs_scaler.joblib,6,0
lr_seed_6_skf_1_paras_22_C_100_weight_None_solver_lbfgs,lr,6_skf_1,619,62,88,149,0.837,0.885,0.629,0.909,0.706,0.876,0.665,0.559,/home/ubuntu/Desktop/DeepAmes_Full_STL_4_keep_weights/results_TA98_with_S9/artifacts/base/lr/estimators/lr_seed_6_skf_1_paras_22_C_100_weight_None_solver_lbfgs.joblib,"{""C"": 100, ""class_weight"": null, ""max_iter"": 300, ""random_state"": 1, ""solver"": ""lbfgs""}",lr,22,/home/ubuntu/Desktop/DeepAmes_Full_STL_4_keep_weights/results_TA98_with_S9/artifacts/base/lr/scalers/lr_seed_6_skf_1_paras_22_C_100_weight_None_solver_lbfgs_scaler.joblib,6,1
lr_seed_6_skf_2_paras_22_C_100_weight_None_solver_lbfgs,lr,6_skf_2,629,52,83,154,0.853,0.888,0.65,0.924,0.748,0.883,0.695,0.602,/home/ubuntu/Desktop/DeepAmes_Full_STL_4_keep_weights/results_TA98_with_S9/artifacts/base/lr/estimators/lr_seed_6_skf_2_paras_22_C_100_weight_None_solver_lbfgs.joblib,"{""C"": 100, ""class_weight"": null, ""max_iter"": 300, ""random_state"": 1, ""solver"": ""lbfgs""}",lr,22,/home/ubuntu/Desktop/DeepAmes_Full_STL_4_keep_weights/results_TA98_with_S9/artifacts/base/lr/scalers/lr_seed_6_skf_2_paras_22_C_100_weight_None_solver_lbfgs_scaler.joblib,6,2
lr_seed_6_skf_3_paras_22_C_100_weight_None_solver_lbfgs,lr,6_skf_3,621,60,84,153,0.843,0.877,0.646,0.912,0.718,0.881,0.68,0.578,/home/ubuntu/Desktop/DeepAmes_Full_STL_4_keep_weights/results_TA98_with_S9/artifacts/base/lr/estimators/lr_seed_6_skf_3_paras_22_C_100_weight_None_solver_lbfgs.joblib,"{""C"": 100, ""class_weight"": null, ""max_iter"": 300, ""random_state"": 1, ""solver"": ""lbfgs""}",lr,22,/home/ubuntu/Desktop/DeepAmes_Full_STL_4_keep_weights/results_TA98_with_S9/artifacts/base/lr/scalers/lr_seed_6_skf_3_paras_22_C_100_weight_None_solver_lbfgs_scaler.joblib,6,3
lr_seed_6_skf_4_paras_22_C_100_weight_None_solver_lbfgs,lr,6_skf_4,619,62,87,150,0.838,0.88,0.633,0.909,0.708,0.877,0.668,0.563,/home/ubuntu/Desktop/DeepAmes_Full_STL_4_keep_weights/results_TA98_with_S9/artifacts/base/lr/estimators/lr_seed_6_skf_4_paras_22_C_100_weight_None_solver_lbfgs.joblib,"{""C"": 100, ""class_weight"": null, ""max_iter"": 300, ""random_state"": 1, ""solver"": ""lbfgs""}",lr,22,/home/ubuntu/Desktop/DeepAmes_Full_STL_4_keep_weights/results_TA98_with_S9/artifacts/base/lr/scalers/lr_seed_6_skf_4_paras_22_C_100_weight_None_solver_lbfgs_scaler.joblib,6,4
lr_seed_7_skf_0_paras_22_C_100_weight_None_solver_lbfgs,lr,7_skf_0,624,57,84,153,0.846,0.889,0.646,0.916,0.729,0.881,0.685,0.585,/home/ubuntu/Desktop/DeepAmes_Full_STL_4_keep_weights/results_TA98_with_S9/artifacts/base/lr/estimators/lr_seed_7_skf_0_paras_22_C_100_weight_None_solver_lbfgs.joblib,"{""C"": 100, ""class_weight"": null, ""max_iter"": 300, ""random_state"": 1, ""solver"": ""lbfgs""}",lr,22,/home/ubuntu/Desktop/DeepAmes_Full_STL_4_keep_weights/results_TA98_with_S9/artifacts/base/lr/scalers/lr_seed_7_skf_0_paras_22_C_100_weight_None_solver_lbfgs_scaler.joblib,7,0
lr_seed_7_skf_2_paras_22_C_100_weight_None_solver_lbfgs,lr,7_skf_2,620,61,86,151,0.84,0.88,0.637,0.91,0.712,0.878,0.673,0.569,/home/ubuntu/Desktop/DeepAmes_Full_STL_4_keep_weights/results_TA98_with_S9/artifacts/base/lr/estimators/lr_seed_7_skf_2_paras_22_C_100_weight_None_solver_lbfgs.joblib,"{""C"": 100, ""class_weight"": null, ""max_iter"": 300, ""random_state"": 1, ""solver"": ""lbfgs""}",lr,22,/home/ubuntu/Desktop/DeepAmes_Full_STL_4_keep_weights/results_TA98_with_S9/artifacts/base/lr/scalers/lr_seed_7_skf_2_paras_22_C_100_weight_None_solver_lbfgs_scaler.joblib,7,2
lr_seed_7_skf_4_paras_22_C_100_weight_None_solver_lbfgs,lr,7_skf_4,630,51,90,147,0.846,0.879,0.62,0.925,0.742,0.875,0.676,0.58,/home/ubuntu/Desktop/DeepAmes_Full_STL_4_keep_weights/results_TA98_with_S9/artifacts/base/lr/estimators/lr_seed_7_skf_4_paras_22_C_100_weight_None_solver_lbfgs.joblib,"{""C"": 100, ""class_weight"": null, ""max_iter"": 300, ""random_state"": 1, ""solver"": ""lbfgs""}",lr,22,/home/ubuntu/Desktop/DeepAmes_Full_STL_4_keep_weights/results_TA98_with_S9/artifacts/base/lr/scalers/lr_seed_7_skf_4_paras_22_C_100_weight_None_solver_lbfgs_scaler.joblib,7,4
lr_seed_8_skf_0_paras_22_C_100_weight_None_solver_lbfgs,lr,8_skf_0,624,57,86,151,0.844,0.881,0.637,0.916,0.726,0.879,0.679,0.579,/home/ubuntu/Desktop/DeepAmes_Full_STL_4_keep_weights/results_TA98_with_S9/artifacts/base/lr/estimators/lr_seed_8_skf_0_paras_22_C_100_weight_None_solver_lbfgs.joblib,"{""C"": 100, ""class_weight"": null, ""max_iter"": 300, ""random_state"": 1, ""solver"": ""lbfgs""}",lr,22,/home/ubuntu/Desktop/DeepAmes_Full_STL_4_keep_weights/results_TA98_with_S9/artifacts/base/lr/scalers/lr_seed_8_skf_0_paras_22_C_100_weight_None_solver_lbfgs_scaler.joblib,8,0
lr_seed_8_skf_2_paras_22_C_100_weight_None_solver_lbfgs,lr,8_skf_2,624,57,89,148,0.841,0.886,0.624,0.916,0.722,0.875,0.67,0.568,/home/ubuntu/Desktop/DeepAmes_Full_STL_4_keep_weights/results_TA98_with_S9/artifacts/base/lr/estimators/lr_seed_8_skf_2_paras_22_C_100_weight_None_solver_lbfgs.joblib,"{""C"": 100, ""class_weight"": null, ""max_iter"": 300, ""random_state"": 1, ""solver"": ""lbfgs""}",lr,22,/home/ubuntu/Desktop/DeepAmes_Full_STL_4_keep_weights/results_TA98_with_S9/artifacts/base/lr/scalers/lr_seed_8_skf_2_paras_22_C_100_weight_None_solver_lbfgs_scaler.joblib,8,2
lr_seed_8_skf_3_paras_22_C_100_weight_None_solver_lbfgs,lr,8_skf_3,633,48,88,149,0.852,0.89,0.629,0.93,0.756,0.878,0.687,0.595,/home/ubuntu/Desktop/DeepAmes_Full_STL_4_keep_weights/results_TA98_with_S9/artifacts/base/lr/estimators/lr_seed_8_skf_3_paras_22_C_100_weight_None_solver_lbfgs.joblib,"{""C"": 100, ""class_weight"": null, ""max_iter"": 300, ""random_state"": 1, ""solver"": ""lbfgs""}",lr,22,/home/ubuntu/Desktop/DeepAmes_Full_STL_4_keep_weights/results_TA98_with_S9/artifacts/base/lr/scalers/lr_seed_8_skf_3_paras_22_C_100_weight_None_solver_lbfgs_scaler.joblib,8,3
lr_seed_8_skf_4_paras_22_C_100_weight_None_solver_lbfgs,lr,8_skf_4,619,62,86,151,0.839,0.888,0.637,0.909,0.709,0.878,0.671,0.566,/home/ubuntu/Desktop/DeepAmes_Full_STL_4_keep_weights/results_TA98_with_S9/artifacts/base/lr/estimators/lr_seed_8_skf_4_paras_22_C_100_weight_None_solver_lbfgs.joblib,"{""C"": 100, ""class_weight"": null, ""max_iter"": 300, ""random_state"": 1, ""solver"": ""lbfgs""}",lr,22,/home/ubuntu/Desktop/DeepAmes_Full_STL_4_keep_weights/results_TA98_with_S9/artifacts/base/lr/scalers/lr_seed_8_skf_4_paras_22_C_100_weight_None_solver_lbfgs_scaler.joblib,8,4
lr_seed_9_skf_0_paras_22_C_100_weight_None_solver_lbfgs,lr,9_skf_0,623,58,83,154,0.846,0.883,0.65,0.915,0.726,0.882,0.686,0.586,/home/ubuntu/Desktop/DeepAmes_Full_STL_4_keep_weights/results_TA98_with_S9/artifacts/base/lr/estimators/lr_seed_9_skf_0_paras_22_C_100_weight_None_solver_lbfgs.joblib,"{""C"": 100, ""class_weight"": null, ""max_iter"": 300, ""random_state"": 1, ""solver"": ""lbfgs""}",lr,22,/home/ubuntu/Desktop/DeepAmes_Full_STL_4_keep_weights/results_TA98_with_S9/artifacts/base/lr/scalers/lr_seed_9_skf_0_paras_22_C_100_weight_None_solver_lbfgs_scaler.joblib,9,0
lr_seed_9_skf_1_paras_22_C_100_weight_None_solver_lbfgs,lr,9_skf_1,621,60,87,150,0.84,0.881,0.633,0.912,0.714,0.877,0.671,0.568,/home/ubuntu/Desktop/DeepAmes_Full_STL_4_keep_weights/results_TA98_with_S9/artifacts/base/lr/estimators/lr_seed_9_skf_1_paras_22_C_100_weight_None_solver_lbfgs.joblib,"{""C"": 100, ""class_weight"": null, ""max_iter"": 300, ""random_state"": 1, ""solver"": ""lbfgs""}",lr,22,/home/ubuntu/Desktop/DeepAmes_Full_STL_4_keep_weights/results_TA98_with_S9/artifacts/base/lr/scalers/lr_seed_9_skf_1_paras_22_C_100_weight_None_solver_lbfgs_scaler.joblib,9,1
lr_seed_9_skf_2_paras_22_C_100_weight_None_solver_lbfgs,lr,9_skf_2,621,60,89,148,0.838,0.88,0.624,0.912,0.712,0.875,0.665,0.561,/home/ubuntu/Desktop/DeepAmes_Full_STL_4_keep_weights/results_TA98_with_S9/artifacts/base/lr/estimators/lr_seed_9_skf_2_paras_22_C_100_weight_None_solver_lbfgs.joblib,"{""C"": 100, ""class_weight"": null, ""max_iter"": 300, ""random_state"": 1, ""solver"": ""lbfgs""}",lr,22,/home/ubuntu/Desktop/DeepAmes_Full_STL_4_keep_weights/results_TA98_with_S9/artifacts/base/lr/scalers/lr_seed_9_skf_2_paras_22_C_100_weight_None_solver_lbfgs_scaler.joblib,9,2
lr_seed_9_skf_3_paras_22_C_100_weight_None_solver_lbfgs,lr,9_skf_3,626,55,90,147,0.842,0.886,0.62,0.919,0.728,0.874,0.67,0.57,/home/ubuntu/Desktop/DeepAmes_Full_STL_4_keep_weights/results_TA98_with_S9/artifacts/base/lr/estimators/lr_seed_9_skf_3_paras_22_C_100_weight_None_solver_lbfgs.joblib,"{""C"": 100, ""class_weight"": null, ""max_iter"": 300, ""random_state"": 1, ""solver"": ""lbfgs""}",lr,22,/home/ubuntu/Desktop/DeepAmes_Full_STL_4_keep_weights/results_TA98_with_S9/artifacts/base/lr/scalers/lr_seed_9_skf_3_paras_22_C_100_weight_None_solver_lbfgs_scaler.joblib,9,3
lr_seed_9_skf_4_paras_22_C_100_weight_None_solver_lbfgs,lr,9_skf_4,626,55,81,156,0.852,0.888,0.658,0.919,0.739,0.885,0.696,0.601,/home/ubuntu/Desktop/DeepAmes_Full_STL_4_keep_weights/results_TA98_with_S9/artifacts/base/lr/estimators/lr_seed_9_skf_4_paras_22_C_100_weight_None_solver_lbfgs.joblib,"{""C"": 100, ""class_weight"": null, ""max_iter"": 300, ""random_state"": 1, ""solver"": ""lbfgs""}",lr,22,/home/ubuntu/Desktop/DeepAmes_Full_STL_4_keep_weights/results_TA98_with_S9/artifacts/base/lr/scalers/lr_seed_9_skf_4_paras_22_C_100_weight_None_solver_lbfgs_scaler.joblib,9,4
lr_seed_10_skf_0_paras_22_C_100_weight_None_solver_lbfgs,lr,10_skf_0,622,59,87,150,0.841,0.88,0.633,0.913,0.718,0.877,0.673,0.57,/home/ubuntu/Desktop/DeepAmes_Full_STL_4_keep_weights/results_TA98_with_S9/artifacts/base/lr/estimators/lr_seed_10_skf_0_paras_22_C_100_weight_None_solver_lbfgs.joblib,"{""C"": 100, ""class_weight"": null, ""max_iter"": 300, ""random_state"": 1, ""solver"": ""lbfgs""}",lr,22,/home/ubuntu/Desktop/DeepAmes_Full_STL_4_keep_weights/results_TA98_with_S9/artifacts/base/lr/scalers/lr_seed_10_skf_0_paras_22_C_100_weight_None_solver_lbfgs_scaler.joblib,10,0
lr_seed_10_skf_1_paras_22_C_100_weight_None_solver_lbfgs,lr,10_skf_1,618,63,85,152,0.839,0.873,0.641,0.907,0.707,0.879,0.673,0.567,/home/ubuntu/Desktop/DeepAmes_Full_STL_4_keep_weights/results_TA98_with_S9/artifacts/base/lr/estimators/lr_seed_10_skf_1_paras_22_C_100_weight_None_solver_lbfgs.joblib,"{""C"": 100, ""class_weight"": null, ""max_iter"": 300, ""random_state"": 1, ""solver"": ""lbfgs""}",lr,22,/home/ubuntu/Desktop/DeepAmes_Full_STL_4_keep_weights/results_TA98_with_S9/artifacts/base/lr/scalers/lr_seed_10_skf_1_paras_22_C_100_weight_None_solver_lbfgs_scaler.joblib,10,1
lr_seed_10_skf_2_paras_22_C_100_weight_None_solver_lbfgs,lr,10_skf_2,624,57,82,155,0.849,0.891,0.654,0.916,0.731,0.884,0.69,0.592,/home/ubuntu/Desktop/DeepAmes_Full_STL_4_keep_weights/results_TA98_with_S9/artifacts/base/lr/estimators/lr_seed_10_skf_2_paras_22_C_100_weight_None_solver_lbfgs.joblib,"{""C"": 100, ""class_weight"": null, ""max_iter"": 300, ""random_state"": 1, ""solver"": ""lbfgs""}",lr,22,/home/ubuntu/Desktop/DeepAmes_Full_STL_4_keep_weights/results_TA98_with_S9/artifacts/base/lr/scalers/lr_seed_10_skf_2_paras_22_C_100_weight_None_solver_lbfgs_scaler.joblib,10,2
lr_seed_10_skf_3_paras_22_C_100_weight_None_solver_lbfgs,lr,10_skf_3,622,59,87,150,0.841,0.884,0.633,0.913,0.718,0.877,0.673,0.57,/home/ubuntu/Desktop/DeepAmes_Full_STL_4_keep_weights/results_TA98_with_S9/artifacts/base/lr/estimators/lr_seed_10_skf_3_paras_22_C_100_weight_None_solver_lbfgs.joblib,"{""C"": 100, ""class_weight"": null, ""max_iter"": 300, ""random_state"": 1, ""solver"": ""lbfgs""}",lr,22,/home/ubuntu/Desktop/DeepAmes_Full_STL_4_keep_weights/results_TA98_with_S9/artifacts/base/lr/scalers/lr_seed_10_skf_3_paras_22_C_100_weight_None_solver_lbfgs_scaler.joblib,10,3
lr_seed_10_skf_4_paras_22_C_100_weight_None_solver_lbfgs,lr,10_skf_4,623,58,88,149,0.841,0.881,0.629,0.915,0.72,0.876,0.671,0.569,/home/ubuntu/Desktop/DeepAmes_Full_STL_4_keep_weights/results_TA98_with_S9/artifacts/base/lr/estimators/lr_seed_10_skf_4_paras_22_C_100_weight_None_solver_lbfgs.joblib,"{""C"": 100, ""class_weight"": null, ""max_iter"": 300, ""random_state"": 1, ""solver"": ""lbfgs""}",lr,22,/home/ubuntu/Desktop/DeepAmes_Full_STL_4_keep_weights/results_TA98_with_S9/artifacts/base/lr/scalers/lr_seed_10_skf_4_paras_22_C_100_weight_None_solver_lbfgs_scaler.joblib,10,4
lr_seed_11_skf_0_paras_22_C_100_weight_None_solver_lbfgs,lr,11_skf_0,622,59,85,152,0.843,0.884,0.641,0.913,0.72,0.88,0.679,0.577,/home/ubuntu/Desktop/DeepAmes_Full_STL_4_keep_weights/results_TA98_with_S9/artifacts/base/lr/estimators/lr_seed_11_skf_0_paras_22_C_100_weight_None_solver_lbfgs.joblib,"{""C"": 100, ""class_weight"": null, ""max_iter"": 300, ""random_state"": 1, ""solver"": ""lbfgs""}",lr,22,/home/ubuntu/Desktop/DeepAmes_Full_STL_4_keep_weights/results_TA98_with_S9/artifacts/base/lr/scalers/lr_seed_11_skf_0_paras_22_C_100_weight_None_solver_lbfgs_scaler.joblib,11,0
lr_seed_11_skf_1_paras_22_C_100_weight_None_solver_lbfgs,lr,11_skf_1,626,55,89,148,0.843,0.883,0.624,0.919,0.729,0.876,0.673,0.573,/home/ubuntu/Desktop/DeepAmes_Full_STL_4_keep_weights/results_TA98_with_S9/artifacts/base/lr/estimators/lr_seed_11_skf_1_paras_22_C_100_weight_None_solver_lbfgs.joblib,"{""C"": 100, ""class_weight"": null, ""max_iter"": 300, ""random_state"": 1, ""solver"": ""lbfgs""}",lr,22,/home/ubuntu/Desktop/DeepAmes_Full_STL_4_keep_weights/results_TA98_with_S9/artifacts/base/lr/scalers/lr_seed_11_skf_1_paras_22_C_100_weight_None_solver_lbfgs_scaler.joblib,11,1
lr_seed_11_skf_2_paras_22_C_100_weight_None_solver_lbfgs,lr,11_skf_2,620,61,85,152,0.841,0.879,0.641,0.91,0.714,0.879,0.676,0.572,/home/ubuntu/Desktop/DeepAmes_Full_STL_4_keep_weights/results_TA98_with_S9/artifacts/base/lr/estimators/lr_seed_11_skf_2_paras_22_C_100_weight_None_solver_lbfgs.joblib,"{""C"": 100, ""class_weight"": null, ""max_iter"": 300, ""random_state"": 1, ""solver"": ""lbfgs""}",lr,22,/home/ubuntu/Desktop/DeepAmes_Full_STL_4_keep_weights/results_TA98_with_S9/artifacts/base/lr/scalers/lr_seed_11_skf_2_paras_22_C_100_weight_None_solver_lbfgs_scaler.joblib,11,2
lr_seed_11_skf_3_paras_22_C_100_weight_None_solver_lbfgs,lr,11_skf_3,627,54,86,151,0.847,0.891,0.637,0.921,0.737,0.879,0.683,0.586,/home/ubuntu/Desktop/DeepAmes_Full_STL_4_keep_weights/results_TA98_with_S9/artifacts/base/lr/estimators/lr_seed_11_skf_3_paras_22_C_100_weight_None_solver_lbfgs.joblib,"{""C"": 100, ""class_weight"": null, ""max_iter"": 300, ""random_state"": 1, ""solver"": ""lbfgs""}",lr,22,/home/ubuntu/Desktop/DeepAmes_Full_STL_4_keep_weights/results_TA98_with_S9/artifacts/base/lr/scalers/lr_seed_11_skf_3_paras_22_C_100_weight_None_solver_lbfgs_scaler.joblib,11,3
lr_seed_11_skf_4_paras_22_C_100_weight_None_solver_lbfgs,lr,11_skf_4,621,60,84,153,0.843,0.882,0.646,0.912,0.718,0.881,0.68,0.578,/home/ubuntu/Desktop/DeepAmes_Full_STL_4_keep_weights/results_TA98_with_S9/artifacts/base/lr/estimators/lr_seed_11_skf_4_paras_22_C_100_weight_None_solver_lbfgs.joblib,"{""C"": 100, ""class_weight"": null, ""max_iter"": 300, ""random_state"": 1, ""solver"": ""lbfgs""}",lr,22,/home/ubuntu/Desktop/DeepAmes_Full_STL_4_keep_weights/results_TA98_with_S9/artifacts/base/lr/scalers/lr_seed_11_skf_4_paras_22_C_100_weight_None_solver_lbfgs_scaler.joblib,11,4
lr_seed_12_skf_0_paras_22_C_100_weight_None_solver_lbfgs,lr,12_skf_0,624,57,86,151,0.844,0.883,0.637,0.916,0.726,0.879,0.679,0.579,/home/ubuntu/Desktop/DeepAmes_Full_STL_4_keep_weights/results_TA98_with_S9/artifacts/base/lr/estimators/lr_seed_12_skf_0_paras_22_C_100_weight_None_solver_lbfgs.joblib,"{""C"": 100, ""class_weight"": null, ""max_iter"": 300, ""random_state"": 1, ""solver"": ""lbfgs""}",lr,22,/home/ubuntu/Desktop/DeepAmes_Full_STL_4_keep_weights/results_TA98_with_S9/artifacts/base/lr/scalers/lr_seed_12_skf_0_paras_22_C_100_weight_None_solver_lbfgs_scaler.joblib,12,0
lr_seed_12_skf_1_paras_22_C_100_weight_None_solver_lbfgs,lr,12_skf_1,621,60,88,149,0.839,0.884,0.629,0.912,0.713,0.876,0.668,0.564,/home/ubuntu/Desktop/DeepAmes_Full_STL_4_keep_weights/results_TA98_with_S9/artifacts/base/lr/estimators/lr_seed_12_skf_1_paras_22_C_100_weight_None_solver_lbfgs.joblib,"{""C"": 100, ""class_weight"": null, ""max_iter"": 300, ""random_state"": 1, ""solver"": ""lbfgs""}",lr,22,/home/ubuntu/Desktop/DeepAmes_Full_STL_4_keep_weights/results_TA98_with_S9/artifacts/base/lr/scalers/lr_seed_12_skf_1_paras_22_C_100_weight_None_solver_lbfgs_scaler.joblib,12,1
lr_seed_12_skf_2_paras_22_C_100_weight_None_solver_lbfgs,lr,12_skf_2,620,61,88,149,0.838,0.886,0.629,0.91,0.71,0.876,0.667,0.562,/home/ubuntu/Desktop/DeepAmes_Full_STL_4_keep_weights/results_TA98_with_S9/artifacts/base/lr/estimators/lr_seed_12_skf_2_paras_22_C_100_weight_None_solver_lbfgs.joblib,"{""C"": 100, ""class_weight"": null, ""max_iter"": 300, ""random_state"": 1, ""solver"": ""lbfgs""}",lr,22,/home/ubuntu/Desktop/DeepAmes_Full_STL_4_keep_weights/results_TA98_with_S9/artifacts/base/lr/scalers/lr_seed_12_skf_2_paras_22_C_100_weight_None_solver_lbfgs_scaler.joblib,12,2
lr_seed_12_skf_3_paras_22_C_100_weight_None_solver_lbfgs,lr,12_skf_3,621,60,84,153,0.843,0.882,0.646,0.912,0.718,0.881,0.68,0.578,/home/ubuntu/Desktop/DeepAmes_Full_STL_4_keep_weights/results_TA98_with_S9/artifacts/base/lr/estimators/lr_seed_12_skf_3_paras_22_C_100_weight_None_solver_lbfgs.joblib,"{""C"": 100, ""class_weight"": null, ""max_iter"": 300, ""random_state"": 1, ""solver"": ""lbfgs""}",lr,22,/home/ubuntu/Desktop/DeepAmes_Full_STL_4_keep_weights/results_TA98_with_S9/artifacts/base/lr/scalers/lr_seed_12_skf_3_paras_22_C_100_weight_None_solver_lbfgs_scaler.joblib,12,3
lr_seed_12_skf_4_paras_22_C_100_weight_None_solver_lbfgs,lr,12_skf_4,621,60,87,150,0.84,0.885,0.633,0.912,0.714,0.877,0.671,0.568,/home/ubuntu/Desktop/DeepAmes_Full_STL_4_keep_weights/results_TA98_with_S9/artifacts/base/lr/estimators/lr_seed_12_skf_4_paras_22_C_100_weight_None_solver_lbfgs.joblib,"{""C"": 100, ""class_weight"": null, ""max_iter"": 300, ""random_state"": 1, ""solver"": ""lbfgs""}",lr,22,/home/ubuntu/Desktop/DeepAmes_Full_STL_4_keep_weights/results_TA98_with_S9/artifacts/base/lr/scalers/lr_seed_12_skf_4_paras_22_C_100_weight_None_solver_lbfgs_scaler.joblib,12,4
lr_seed_13_skf_0_paras_22_C_100_weight_None_solver_lbfgs,lr,13_skf_0,625,56,91,146,0.84,0.882,0.616,0.918,0.723,0.873,0.665,0.564,/home/ubuntu/Desktop/DeepAmes_Full_STL_4_keep_weights/results_TA98_with_S9/artifacts/base/lr/estimators/lr_seed_13_skf_0_paras_22_C_100_weight_None_solver_lbfgs.joblib,"{""C"": 100, ""class_weight"": null, ""max_iter"": 300, ""random_state"": 1, ""solver"": ""lbfgs""}",lr,22,/home/ubuntu/Desktop/DeepAmes_Full_STL_4_keep_weights/results_TA98_with_S9/artifacts/base/lr/scalers/lr_seed_13_skf_0_paras_22_C_100_weight_None_solver_lbfgs_scaler.joblib,13,0
lr_seed_13_skf_1_paras_22_C_100_weight_None_solver_lbfgs,lr,13_skf_1,621,60,81,156,0.846,0.88,0.658,0.912,0.722,0.885,0.689,0.588,/home/ubuntu/Desktop/DeepAmes_Full_STL_4_keep_weights/results_TA98_with_S9/artifacts/base/lr/estimators/lr_seed_13_skf_1_paras_22_C_100_weight_None_solver_lbfgs.joblib,"{""C"": 100, ""class_weight"": null, ""max_iter"": 300, ""random_state"": 1, ""solver"": ""lbfgs""}",lr,22,/home/ubuntu/Desktop/DeepAmes_Full_STL_4_keep_weights/results_TA98_with_S9/artifacts/base/lr/scalers/lr_seed_13_skf_1_paras_22_C_100_weight_None_solver_lbfgs_scaler.joblib,13,1
lr_seed_13_skf_2_paras_22_C_100_weight_None_solver_lbfgs,lr,13_skf_2,622,59,87,150,0.841,0.885,0.633,0.913,0.718,0.877,0.673,0.57,/home/ubuntu/Desktop/DeepAmes_Full_STL_4_keep_weights/results_TA98_with_S9/artifacts/base/lr/estimators/lr_seed_13_skf_2_paras_22_C_100_weight_None_solver_lbfgs.joblib,"{""C"": 100, ""class_weight"": null, ""max_iter"": 300, ""random_state"": 1, ""solver"": ""lbfgs""}",lr,22,/home/ubuntu/Desktop/DeepAmes_Full_STL_4_keep_weights/results_TA98_with_S9/artifacts/base/lr/scalers/lr_seed_13_skf_2_paras_22_C_100_weight_None_solver_lbfgs_scaler.joblib,13,2
lr_seed_13_skf_3_paras_22_C_100_weight_None_solver_lbfgs,lr,13_skf_3,631,50,88,149,0.85,0.887,0.629,0.927,0.749,0.878,0.683,0.59,/home/ubuntu/Desktop/DeepAmes_Full_STL_4_keep_weights/results_TA98_with_S9/artifacts/base/lr/estimators/lr_seed_13_skf_3_paras_22_C_100_weight_None_solver_lbfgs.joblib,"{""C"": 100, ""class_weight"": null, ""max_iter"": 300, ""random_state"": 1, ""solver"": ""lbfgs""}",lr,22,/home/ubuntu/Desktop/DeepAmes_Full_STL_4_keep_weights/results_TA98_with_S9/artifacts/base/lr/scalers/lr_seed_13_skf_3_paras_22_C_100_weight_None_solver_lbfgs_scaler.joblib,13,3
lr_seed_13_skf_4_paras_22_C_100_weight_None_solver_lbfgs,lr,13_skf_4,624,57,83,154,0.847,0.883,0.65,0.916,0.73,0.883,0.688,0.589,/home/ubuntu/Desktop/DeepAmes_Full_STL_4_keep_weights/results_TA98_with_S9/artifacts/base/lr/estimators/lr_seed_13_skf_4_paras_22_C_100_weight_None_solver_lbfgs.joblib,"{""C"": 100, ""class_weight"": null, ""max_iter"": 300, ""random_state"": 1, ""solver"": ""lbfgs""}",lr,22,/home/ubuntu/Desktop/DeepAmes_Full_STL_4_keep_weights/results_TA98_with_S9/artifacts/base/lr/scalers/lr_seed_13_skf_4_paras_22_C_100_weight_None_solver_lbfgs_scaler.joblib,13,4
lr_seed_14_skf_0_paras_22_C_100_weight_None_solver_lbfgs,lr,14_skf_0,621,60,80,157,0.847,0.881,0.662,0.912,0.724,0.886,0.692,0.592,/home/ubuntu/Desktop/DeepAmes_Full_STL_4_keep_weights/results_TA98_with_S9/artifacts/base/lr/estimators/lr_seed_14_skf_0_paras_22_C_100_weight_None_solver_lbfgs.joblib,"{""C"": 100, ""class_weight"": null, ""max_iter"": 300, ""random_state"": 1, ""solver"": ""lbfgs""}",lr,22,/home/ubuntu/Desktop/DeepAmes_Full_STL_4_keep_weights/results_TA98_with_S9/artifacts/base/lr/scalers/lr_seed_14_skf_0_paras_22_C_100_weight_None_solver_lbfgs_scaler.joblib,14,0
lr_seed_14_skf_1_paras_22_C_100_weight_None_solver_lbfgs,lr,14_skf_1,627,54,82,155,0.852,0.884,0.654,0.921,0.742,0.884,0.695,0.6,/home/ubuntu/Desktop/DeepAmes_Full_STL_4_keep_weights/results_TA98_with_S9/artifacts/base/lr/estimators/lr_seed_14_skf_1_paras_22_C_100_weight_None_solver_lbfgs.joblib,"{""C"": 100, ""class_weight"": null, ""max_iter"": 300, ""random_state"": 1, ""solver"": ""lbfgs""}",lr,22,/home/ubuntu/Desktop/DeepAmes_Full_STL_4_keep_weights/results_TA98_with_S9/artifacts/base/lr/scalers/lr_seed_14_skf_1_paras_22_C_100_weight_None_solver_lbfgs_scaler.joblib,14,1
lr_seed_14_skf_2_paras_22_C_100_weight_None_solver_lbfgs,lr,14_skf_2,623,58,86,151,0.843,0.887,0.637,0.915,0.722,0.879,0.677,0.576,/home/ubuntu/Desktop/DeepAmes_Full_STL_4_keep_weights/results_TA98_with_S9/artifacts/base/lr/estimators/lr_seed_14_skf_2_paras_22_C_100_weight_None_solver_lbfgs.joblib,"{""C"": 100, ""class_weight"": null, ""max_iter"": 300, ""random_state"": 1, ""solver"": ""lbfgs""}",lr,22,/home/ubuntu/Desktop/DeepAmes_Full_STL_4_keep_weights/results_TA98_with_S9/artifacts/base/lr/scalers/lr_seed_14_skf_2_paras_22_C_100_weight_None_solver_lbfgs_scaler.joblib,14,2
lr_seed_14_skf_4_paras_22_C_100_weight_None_solver_lbfgs,lr,14_skf_4,623,58,90,147,0.839,0.879,0.62,0.915,0.717,0.874,0.665,0.562,/home/ubuntu/Desktop/DeepAmes_Full_STL_4_keep_weights/results_TA98_with_S9/artifacts/base/lr/estimators/lr_seed_14_skf_4_paras_22_C_100_weight_None_solver_lbfgs.joblib,"{""C"": 100, ""class_weight"": null, ""max_iter"": 300, ""random_state"": 1, ""solver"": ""lbfgs""}",lr,22,/home/ubuntu/Desktop/DeepAmes_Full_STL_4_keep_weights/results_TA98_with_S9/artifacts/base/lr/scalers/lr_seed_14_skf_4_paras_22_C_100_weight_None_solver_lbfgs_scaler.joblib,14,4
lr_seed_15_skf_0_paras_22_C_100_weight_None_solver_lbfgs,lr,15_skf_0,621,60,84,153,0.843,0.882,0.646,0.912,0.718,0.881,0.68,0.578,/home/ubuntu/Desktop/DeepAmes_Full_STL_4_keep_weights/results_TA98_with_S9/artifacts/base/lr/estimators/lr_seed_15_skf_0_paras_22_C_100_weight_None_solver_lbfgs.joblib,"{""C"": 100, ""class_weight"": null, ""max_iter"": 300, ""random_state"": 1, ""solver"": ""lbfgs""}",lr,22,/home/ubuntu/Desktop/DeepAmes_Full_STL_4_keep_weights/results_TA98_with_S9/artifacts/base/lr/scalers/lr_seed_15_skf_0_paras_22_C_100_weight_None_solver_lbfgs_scaler.joblib,15,0
lr_seed_15_skf_1_paras_22_C_100_weight_None_solver_lbfgs,lr,15_skf_1,623,58,90,147,0.839,0.887,0.62,0.915,0.717,0.874,0.665,0.562,/home/ubuntu/Desktop/DeepAmes_Full_STL_4_keep_weights/results_TA98_with_S9/artifacts/base/lr/estimators/lr_seed_15_skf_1_paras_22_C_100_weight_None_solver_lbfgs.joblib,"{""C"": 100, ""class_weight"": null, ""max_iter"": 300, ""random_state"": 1, ""solver"": ""lbfgs""}",lr,22,/home/ubuntu/Desktop/DeepAmes_Full_STL_4_keep_weights/results_TA98_with_S9/artifacts/base/lr/scalers/lr_seed_15_skf_1_paras_22_C_100_weight_None_solver_lbfgs_scaler.joblib,15,1
lr_seed_15_skf_2_paras_22_C_100_weight_None_solver_lbfgs,lr,15_skf_2,621,60,80,157,0.847,0.884,0.662,0.912,0.724,0.886,0.692,0.592,/home/ubuntu/Desktop/DeepAmes_Full_STL_4_keep_weights/results_TA98_with_S9/artifacts/base/lr/estimators/lr_seed_15_skf_2_paras_22_C_100_weight_None_solver_lbfgs.joblib,"{""C"": 100, ""class_weight"": null, ""max_iter"": 300, ""random_state"": 1, ""solver"": ""lbfgs""}",lr,22,/home/ubuntu/Desktop/DeepAmes_Full_STL_4_keep_weights/results_TA98_with_S9/artifacts/base/lr/scalers/lr_seed_15_skf_2_paras_22_C_100_weight_None_solver_lbfgs_scaler.joblib,15,2
lr_seed_15_skf_3_paras_22_C_100_weight_None_solver_lbfgs,lr,15_skf_3,623,58,88,149,0.841,0.877,0.629,0.915,0.72,0.876,0.671,0.569,/home/ubuntu/Desktop/DeepAmes_Full_STL_4_keep_weights/results_TA98_with_S9/artifacts/base/lr/estimators/lr_seed_15_skf_3_paras_22_C_100_weight_None_solver_lbfgs.joblib,"{""C"": 100, ""class_weight"": null, ""max_iter"": 300, ""random_state"": 1, ""solver"": ""lbfgs""}",lr,22,/home/ubuntu/Desktop/DeepAmes_Full_STL_4_keep_weights/results_TA98_with_S9/artifacts/base/lr/scalers/lr_seed_15_skf_3_paras_22_C_100_weight_None_solver_lbfgs_scaler.joblib,15,3
lr_seed_15_skf_4_paras_22_C_100_weight_None_solver_lbfgs,lr,15_skf_4,628,53,84,153,0.851,0.882,0.646,0.922,0.743,0.882,0.691,0.596,/home/ubuntu/Desktop/DeepAmes_Full_STL_4_keep_weights/results_TA98_with_S9/artifacts/base/lr/estimators/lr_seed_15_skf_4_paras_22_C_100_weight_None_solver_lbfgs.joblib,"{""C"": 100, ""class_weight"": null, ""max_iter"": 300, ""random_state"": 1, ""solver"": ""lbfgs""}",lr,22,/home/ubuntu/Desktop/DeepAmes_Full_STL_4_keep_weights/results_TA98_with_S9/artifacts/base/lr/scalers/lr_seed_15_skf_4_paras_22_C_100_weight_None_solver_lbfgs_scaler.joblib,15,4
lr_seed_16_skf_0_paras_22_C_100_weight_None_solver_lbfgs,lr,16_skf_0,634,47,91,146,0.85,0.887,0.616,0.931,0.756,0.874,0.679,0.587,/home/ubuntu/Desktop/DeepAmes_Full_STL_4_keep_weights/results_TA98_with_S9/artifacts/base/lr/estimators/lr_seed_16_skf_0_paras_22_C_100_weight_None_solver_lbfgs.joblib,"{""C"": 100, ""class_weight"": null, ""max_iter"": 300, ""random_state"": 1, ""solver"": ""lbfgs""}",lr,22,/home/ubuntu/Desktop/DeepAmes_Full_STL_4_keep_weights/results_TA98_with_S9/artifacts/base/lr/scalers/lr_seed_16_skf_0_paras_22_C_100_weight_None_solver_lbfgs_scaler.joblib,16,0
lr_seed_16_skf_1_paras_22_C_100_weight_None_solver_lbfgs,lr,16_skf_1,631,50,83,154,0.855,0.882,0.65,0.927,0.755,0.884,0.698,0.607,/home/ubuntu/Desktop/DeepAmes_Full_STL_4_keep_weights/results_TA98_with_S9/artifacts/base/lr/estimators/lr_seed_16_skf_1_paras_22_C_100_weight_None_solver_lbfgs.joblib,"{""C"": 100, ""class_weight"": null, ""max_iter"": 300, ""random_state"": 1, ""solver"": ""lbfgs""}",lr,22,/home/ubuntu/Desktop/DeepAmes_Full_STL_4_keep_weights/results_TA98_with_S9/artifacts/base/lr/scalers/lr_seed_16_skf_1_paras_22_C_100_weight_None_solver_lbfgs_scaler.joblib,16,1
lr_seed_16_skf_2_paras_22_C_100_weight_None_solver_lbfgs,lr,16_skf_2,619,62,85,152,0.84,0.885,0.641,0.909,0.71,0.879,0.674,0.57,/home/ubuntu/Desktop/DeepAmes_Full_STL_4_keep_weights/results_TA98_with_S9/artifacts/base/lr/estimators/lr_seed_16_skf_2_paras_22_C_100_weight_None_solver_lbfgs.joblib,"{""C"": 100, ""class_weight"": null, ""max_iter"": 300, ""random_state"": 1, ""solver"": ""lbfgs""}",lr,22,/home/ubuntu/Desktop/DeepAmes_Full_STL_4_keep_weights/results_TA98_with_S9/artifacts/base/lr/scalers/lr_seed_16_skf_2_paras_22_C_100_weight_None_solver_lbfgs_scaler.joblib,16,2
lr_seed_16_skf_3_paras_22_C_100_weight_None_solver_lbfgs,lr,16_skf_3,624,57,88,149,0.842,0.884,0.629,0.916,0.723,0.876,0.673,0.572,/home/ubuntu/Desktop/DeepAmes_Full_STL_4_keep_weights/results_TA98_with_S9/artifacts/base/lr/estimators/lr_seed_16_skf_3_paras_22_C_100_weight_None_solver_lbfgs.joblib,"{""C"": 100, ""class_weight"": null, ""max_iter"": 300, ""random_state"": 1, ""solver"": ""lbfgs""}",lr,22,/home/ubuntu/Desktop/DeepAmes_Full_STL_4_keep_weights/results_TA98_with_S9/artifacts/base/lr/scalers/lr_seed_16_skf_3_paras_22_C_100_weight_None_solver_lbfgs_scaler.joblib,16,3
lr_seed_17_skf_0_paras_22_C_100_weight_None_solver_lbfgs,lr,17_skf_0,623,58,83,154,0.846,0.886,0.65,0.915,0.726,0.882,0.686,0.586,/home/ubuntu/Desktop/DeepAmes_Full_STL_4_keep_weights/results_TA98_with_S9/artifacts/base/lr/estimators/lr_seed_17_skf_0_paras_22_C_100_weight_None_solver_lbfgs.joblib,"{""C"": 100, ""class_weight"": null, ""max_iter"": 300, ""random_state"": 1, ""solver"": ""lbfgs""}",lr,22,/home/ubuntu/Desktop/DeepAmes_Full_STL_4_keep_weights/results_TA98_with_S9/artifacts/base/lr/scalers/lr_seed_17_skf_0_paras_22_C_100_weight_None_solver_lbfgs_scaler.joblib,17,0
lr_seed_17_skf_1_paras_22_C_100_weight_None_solver_lbfgs,lr,17_skf_1,627,54,89,148,0.844,0.889,0.624,0.921,0.733,0.876,0.674,0.576,/home/ubuntu/Desktop/DeepAmes_Full_STL_4_keep_weights/results_TA98_with_S9/artifacts/base/lr/estimators/lr_seed_17_skf_1_paras_22_C_100_weight_None_solver_lbfgs.joblib,"{""C"": 100, ""class_weight"": null, ""max_iter"": 300, ""random_state"": 1, ""solver"": ""lbfgs""}",lr,22,/home/ubuntu/Desktop/DeepAmes_Full_STL_4_keep_weights/results_TA98_with_S9/artifacts/base/lr/scalers/lr_seed_17_skf_1_paras_22_C_100_weight_None_solver_lbfgs_scaler.joblib,17,1
lr_seed_17_skf_2_paras_22_C_100_weight_None_solver_lbfgs,lr,17_skf_2,620,61,87,150,0.839,0.884,0.633,0.91,0.711,0.877,0.67,0.565,/home/ubuntu/Desktop/DeepAmes_Full_STL_4_keep_weights/results_TA98_with_S9/artifacts/base/lr/estimators/lr_seed_17_skf_2_paras_22_C_100_weight_None_solver_lbfgs.joblib,"{""C"": 100, ""class_weight"": null, ""max_iter"": 300, ""random_state"": 1, ""solver"": ""lbfgs""}",lr,22,/home/ubuntu/Desktop/DeepAmes_Full_STL_4_keep_weights/results_TA98_with_S9/artifacts/base/lr/scalers/lr_seed_17_skf_2_paras_22_C_100_weight_None_solver_lbfgs_scaler.joblib,17,2
lr_seed_17_skf_3_paras_22_C_100_weight_None_solver_lbfgs,lr,17_skf_3,622,59,89,148,0.839,0.887,0.624,0.913,0.715,0.875,0.667,0.563,/home/ubuntu/Desktop/DeepAmes_Full_STL_4_keep_weights/results_TA98_with_S9/artifacts/base/lr/estimators/lr_seed_17_skf_3_paras_22_C_100_weight_None_solver_lbfgs.joblib,"{""C"": 100, ""class_weight"": null, ""max_iter"": 300, ""random_state"": 1, ""solver"": ""lbfgs""}",lr,22,/home/ubuntu/Desktop/DeepAmes_Full_STL_4_keep_weights/results_TA98_with_S9/artifacts/base/lr/scalers/lr_seed_17_skf_3_paras_22_C_100_weight_None_solver_lbfgs_scaler.joblib,17,3
lr_seed_17_skf_4_paras_22_C_100_weight_None_solver_lbfgs,lr,17_skf_4,623,58,88,149,0.841,0.88,0.629,0.915,0.72,0.876,0.671,0.569,/home/ubuntu/Desktop/DeepAmes_Full_STL_4_keep_weights/results_TA98_with_S9/artifacts/base/lr/estimators/lr_seed_17_skf_4_paras_22_C_100_weight_None_solver_lbfgs.joblib,"{""C"": 100, ""class_weight"": null, ""max_iter"": 300, ""random_state"": 1, ""solver"": ""lbfgs""}",lr,22,/home/ubuntu/Desktop/DeepAmes_Full_STL_4_keep_weights/results_TA98_with_S9/artifacts/base/lr/scalers/lr_seed_17_skf_4_paras_22_C_100_weight_None_solver_lbfgs_scaler.joblib,17,4
lr_seed_18_skf_0_paras_22_C_100_weight_None_solver_lbfgs,lr,18_skf_0,620,61,86,151,0.84,0.886,0.637,0.91,0.712,0.878,0.673,0.569,/home/ubuntu/Desktop/DeepAmes_Full_STL_4_keep_weights/results_TA98_with_S9/artifacts/base/lr/estimators/lr_seed_18_skf_0_paras_22_C_100_weight_None_solver_lbfgs.joblib,"{""C"": 100, ""class_weight"": null, ""max_iter"": 300, ""random_state"": 1, ""solver"": ""lbfgs""}",lr,22,/home/ubuntu/Desktop/DeepAmes_Full_STL_4_keep_weights/results_TA98_with_S9/artifacts/base/lr/scalers/lr_seed_18_skf_0_paras_22_C_100_weight_None_solver_lbfgs_scaler.joblib,18,0
lr_seed_18_skf_1_paras_22_C_100_weight_None_solver_lbfgs,lr,18_skf_1,624,57,89,148,0.841,0.884,0.624,0.916,0.722,0.875,0.67,0.568,/home/ubuntu/Desktop/DeepAmes_Full_STL_4_keep_weights/results_TA98_with_S9/artifacts/base/lr/estimators/lr_seed_18_skf_1_paras_22_C_100_weight_None_solver_lbfgs.joblib,"{""C"": 100, ""class_weight"": null, ""max_iter"": 300, ""random_state"": 1, ""solver"": ""lbfgs""}",lr,22,/home/ubuntu/Desktop/DeepAmes_Full_STL_4_keep_weights/results_TA98_with_S9/artifacts/base/lr/scalers/lr_seed_18_skf_1_paras_22_C_100_weight_None_solver_lbfgs_scaler.joblib,18,1
lr_seed_18_skf_2_paras_22_C_100_weight_None_solver_lbfgs,lr,18_skf_2,625,56,88,149,0.843,0.879,0.629,0.918,0.727,0.877,0.674,0.574,/home/ubuntu/Desktop/DeepAmes_Full_STL_4_keep_weights/results_TA98_with_S9/artifacts/base/lr/estimators/lr_seed_18_skf_2_paras_22_C_100_weight_None_solver_lbfgs.joblib,"{""C"": 100, ""class_weight"": null, ""max_iter"": 300, ""random_state"": 1, ""solver"": ""lbfgs""}",lr,22,/home/ubuntu/Desktop/DeepAmes_Full_STL_4_keep_weights/results_TA98_with_S9/artifacts/base/lr/scalers/lr_seed_18_skf_2_paras_22_C_100_weight_None_solver_lbfgs_scaler.joblib,18,2
lr_seed_18_skf_3_paras_22_C_100_weight_None_solver_lbfgs,lr,18_skf_3,626,55,87,150,0.845,0.885,0.633,0.919,0.732,0.878,0.679,0.58,/home/ubuntu/Desktop/DeepAmes_Full_STL_4_keep_weights/results_TA98_with_S9/artifacts/base/lr/estimators/lr_seed_18_skf_3_paras_22_C_100_weight_None_solver_lbfgs.joblib,"{""C"": 100, ""class_weight"": null, ""max_iter"": 300, ""random_state"": 1, ""solver"": ""lbfgs""}",lr,22,/home/ubuntu/Desktop/DeepAmes_Full_STL_4_keep_weights/results_TA98_with_S9/artifacts/base/lr/scalers/lr_seed_18_skf_3_paras_22_C_100_weight_None_solver_lbfgs_scaler.joblib,18,3
lr_seed_18_skf_4_paras_22_C_100_weight_None_solver_lbfgs,lr,18_skf_4,622,59,87,150,0.841,0.883,0.633,0.913,0.718,0.877,0.673,0.57,/home/ubuntu/Desktop/DeepAmes_Full_STL_4_keep_weights/results_TA98_with_S9/artifacts/base/lr/estimators/lr_seed_18_skf_4_paras_22_C_100_weight_None_solver_lbfgs.joblib,"{""C"": 100, ""class_weight"": null, ""max_iter"": 300, ""random_state"": 1, ""solver"": ""lbfgs""}",lr,22,/home/ubuntu/Desktop/DeepAmes_Full_STL_4_keep_weights/results_TA98_with_S9/artifacts/base/lr/scalers/lr_seed_18_skf_4_paras_22_C_100_weight_None_solver_lbfgs_scaler.joblib,18,4
lr_seed_19_skf_0_paras_22_C_100_weight_None_solver_lbfgs,lr,19_skf_0,611,70,82,155,0.834,0.878,0.654,0.897,0.689,0.882,0.671,0.561,/home/ubuntu/Desktop/DeepAmes_Full_STL_4_keep_weights/results_TA98_with_S9/artifacts/base/lr/estimators/lr_seed_19_skf_0_paras_22_C_100_weight_None_solver_lbfgs.joblib,"{""C"": 100, ""class_weight"": null, ""max_iter"": 300, ""random_state"": 1, ""solver"": ""lbfgs""}",lr,22,/home/ubuntu/Desktop/DeepAmes_Full_STL_4_keep_weights/results_TA98_with_S9/artifacts/base/lr/scalers/lr_seed_19_skf_0_paras_22_C_100_weight_None_solver_lbfgs_scaler.joblib,19,0
lr_seed_19_skf_1_paras_22_C_100_weight_None_solver_lbfgs,lr,19_skf_1,620,61,89,148,0.837,0.879,0.624,0.91,0.708,0.874,0.664,0.558,/home/ubuntu/Desktop/DeepAmes_Full_STL_4_keep_weights/results_TA98_with_S9/artifacts/base/lr/estimators/lr_seed_19_skf_1_paras_22_C_100_weight_None_solver_lbfgs.joblib,"{""C"": 100, ""class_weight"": null, ""max_iter"": 300, ""random_state"": 1, ""solver"": ""lbfgs""}",lr,22,/home/ubuntu/Desktop/DeepAmes_Full_STL_4_keep_weights/results_TA98_with_S9/artifacts/base/lr/scalers/lr_seed_19_skf_1_paras_22_C_100_weight_None_solver_lbfgs_scaler.joblib,19,1
lr_seed_19_skf_2_paras_22_C_100_weight_None_solver_lbfgs,lr,19_skf_2,621,60,83,154,0.844,0.888,0.65,0.912,0.72,0.882,0.683,0.581,/home/ubuntu/Desktop/DeepAmes_Full_STL_4_keep_weights/results_TA98_with_S9/artifacts/base/lr/estimators/lr_seed_19_skf_2_paras_22_C_100_weight_None_solver_lbfgs.joblib,"{""C"": 100, ""class_weight"": null, ""max_iter"": 300, ""random_state"": 1, ""solver"": ""lbfgs""}",lr,22,/home/ubuntu/Desktop/DeepAmes_Full_STL_4_keep_weights/results_TA98_with_S9/artifacts/base/lr/scalers/lr_seed_19_skf_2_paras_22_C_100_weight_None_solver_lbfgs_scaler.joblib,19,2
lr_seed_19_skf_3_paras_22_C_100_weight_None_solver_lbfgs,lr,19_skf_3,623,58,86,151,0.843,0.89,0.637,0.915,0.722,0.879,0.677,0.576,/home/ubuntu/Desktop/DeepAmes_Full_STL_4_keep_weights/results_TA98_with_S9/artifacts/base/lr/estimators/lr_seed_19_skf_3_paras_22_C_100_weight_None_solver_lbfgs.joblib,"{""C"": 100, ""class_weight"": null, ""max_iter"": 300, ""random_state"": 1, ""solver"": ""lbfgs""}",lr,22,/home/ubuntu/Desktop/DeepAmes_Full_STL_4_keep_weights/results_TA98_with_S9/artifacts/base/lr/scalers/lr_seed_19_skf_3_paras_22_C_100_weight_None_solver_lbfgs_scaler.joblib,19,3
lr_seed_19_skf_4_paras_22_C_100_weight_None_solver_lbfgs,lr,19_skf_4,629,52,90,147,0.845,0.884,0.62,0.924,0.739,0.875,0.674,0.578,/home/ubuntu/Desktop/DeepAmes_Full_STL_4_keep_weights/results_TA98_with_S9/artifacts/base/lr/estimators/lr_seed_19_skf_4_paras_22_C_100_weight_None_solver_lbfgs.joblib,"{""C"": 100, ""class_weight"": null, ""max_iter"": 300, ""random_state"": 1, ""solver"": ""lbfgs""}",lr,22,/home/ubuntu/Desktop/DeepAmes_Full_STL_4_keep_weights/results_TA98_with_S9/artifacts/base/lr/scalers/lr_seed_19_skf_4_paras_22_C_100_weight_None_solver_lbfgs_scaler.joblib,19,4
knn_seed_0_skf_0_paras_0_K_3,knn,0_skf_0,622,59,70,167,0.859,0.853,0.705,0.913,0.739,0.899,0.721,0.628,/home/ubuntu/Desktop/DeepAmes_Full_STL_4_keep_weights/results_TA98_with_S9/artifacts/base/knn/estimators/knn_seed_0_skf_0_paras_0_K_3.joblib,"{""n_neighbors"": 3}",knn,0,/home/ubuntu/Desktop/DeepAmes_Full_STL_4_keep_weights/results_TA98_with_S9/artifacts/base/knn/scalers/knn_seed_0_skf_0_paras_0_K_3_scaler.joblib,0,0
knn_seed_0_skf_1_paras_0_K_3,knn,0_skf_1,617,64,74,163,0.85,0.855,0.688,0.906,0.718,0.893,0.703,0.602,/home/ubuntu/Desktop/DeepAmes_Full_STL_4_keep_weights/results_TA98_with_S9/artifacts/base/knn/estimators/knn_seed_0_skf_1_paras_0_K_3.joblib,"{""n_neighbors"": 3}",knn,0,/home/ubuntu/Desktop/DeepAmes_Full_STL_4_keep_weights/results_TA98_with_S9/artifacts/base/knn/scalers/knn_seed_0_skf_1_paras_0_K_3_scaler.joblib,0,1
knn_seed_0_skf_2_paras_0_K_3,knn,0_skf_2,620,61,84,153,0.842,0.854,0.646,0.91,0.715,0.881,0.678,0.575,/home/ubuntu/Desktop/DeepAmes_Full_STL_4_keep_weights/results_TA98_with_S9/artifacts/base/knn/estimators/knn_seed_0_skf_2_paras_0_K_3.joblib,"{""n_neighbors"": 3}",knn,0,/home/ubuntu/Desktop/DeepAmes_Full_STL_4_keep_weights/results_TA98_with_S9/artifacts/base/knn/scalers/knn_seed_0_skf_2_paras_0_K_3_scaler.joblib,0,2
knn_seed_0_skf_3_paras_0_K_3,knn,0_skf_3,627,54,80,157,0.854,0.863,0.662,0.921,0.744,0.887,0.701,0.607,/home/ubuntu/Desktop/DeepAmes_Full_STL_4_keep_weights/results_TA98_with_S9/artifacts/base/knn/estimators/knn_seed_0_skf_3_paras_0_K_3.joblib,"{""n_neighbors"": 3}",knn,0,/home/ubuntu/Desktop/DeepAmes_Full_STL_4_keep_weights/results_TA98_with_S9/artifacts/base/knn/scalers/knn_seed_0_skf_3_paras_0_K_3_scaler.joblib,0,3
knn_seed_0_skf_4_paras_0_K_3,knn,0_skf_4,608,73,71,166,0.843,0.858,0.7,0.893,0.695,0.895,0.697,0.592,/home/ubuntu/Desktop/DeepAmes_Full_STL_4_keep_weights/results_TA98_with_S9/artifacts/base/knn/estimators/knn_seed_0_skf_4_paras_0_K_3.joblib,"{""n_neighbors"": 3}",knn,0,/home/ubuntu/Desktop/DeepAmes_Full_STL_4_keep_weights/results_TA98_with_S9/artifacts/base/knn/scalers/knn_seed_0_skf_4_paras_0_K_3_scaler.joblib,0,4
knn_seed_1_skf_0_paras_0_K_3,knn,1_skf_0,620,61,69,168,0.858,0.857,0.709,0.91,0.734,0.9,0.721,0.626,/home/ubuntu/Desktop/DeepAmes_Full_STL_4_keep_weights/results_TA98_with_S9/artifacts/base/knn/estimators/knn_seed_1_skf_0_paras_0_K_3.joblib,"{""n_neighbors"": 3}",knn,0,/home/ubuntu/Desktop/DeepAmes_Full_STL_4_keep_weights/results_TA98_with_S9/artifacts/base/knn/scalers/knn_seed_1_skf_0_paras_0_K_3_scaler.joblib,1,0
knn_seed_1_skf_1_paras_0_K_3,knn,1_skf_1,619,62,74,163,0.852,0.866,0.688,0.909,0.724,0.893,0.706,0.607,/home/ubuntu/Desktop/DeepAmes_Full_STL_4_keep_weights/results_TA98_with_S9/artifacts/base/knn/estimators/knn_seed_1_skf_1_paras_0_K_3.joblib,"{""n_neighbors"": 3}",knn,0,/home/ubuntu/Desktop/DeepAmes_Full_STL_4_keep_weights/results_TA98_with_S9/artifacts/base/knn/scalers/knn_seed_1_skf_1_paras_0_K_3_scaler.joblib,1,1
knn_seed_1_skf_2_paras_0_K_3,knn,1_skf_2,620,61,74,163,0.853,0.854,0.688,0.91,0.728,0.893,0.707,0.61,/home/ubuntu/Desktop/DeepAmes_Full_STL_4_keep_weights/results_TA98_with_S9/artifacts/base/knn/estimators/knn_seed_1_skf_2_paras_0_K_3.joblib,"{""n_neighbors"": 3}",knn,0,/home/ubuntu/Desktop/DeepAmes_Full_STL_4_keep_weights/results_TA98_with_S9/artifacts/base/knn/scalers/knn_seed_1_skf_2_paras_0_K_3_scaler.joblib,1,2
knn_seed_1_skf_3_paras_0_K_3,knn,1_skf_3,620,61,80,157,0.846,0.85,0.662,0.91,0.72,0.886,0.69,0.589,/home/ubuntu/Desktop/DeepAmes_Full_STL_4_keep_weights/results_TA98_with_S9/artifacts/base/knn/estimators/knn_seed_1_skf_3_paras_0_K_3.joblib,"{""n_neighbors"": 3}",knn,0,/home/ubuntu/Desktop/DeepAmes_Full_STL_4_keep_weights/results_TA98_with_S9/artifacts/base/knn/scalers/knn_seed_1_skf_3_paras_0_K_3_scaler.joblib,1,3
knn_seed_1_skf_4_paras_0_K_3,knn,1_skf_4,612,69,77,160,0.841,0.853,0.675,0.899,0.699,0.888,0.687,0.58,/home/ubuntu/Desktop/DeepAmes_Full_STL_4_keep_weights/results_TA98_with_S9/artifacts/base/knn/estimators/knn_seed_1_skf_4_paras_0_K_3.joblib,"{""n_neighbors"": 3}",knn,0,/home/ubuntu/Desktop/DeepAmes_Full_STL_4_keep_weights/results_TA98_with_S9/artifacts/base/knn/scalers/knn_seed_1_skf_4_paras_0_K_3_scaler.joblib,1,4
knn_seed_2_skf_0_paras_0_K_3,knn,2_skf_0,619,62,72,165,0.854,0.861,0.696,0.909,0.727,0.896,0.711,0.614,/home/ubuntu/Desktop/DeepAmes_Full_STL_4_keep_weights/results_TA98_with_S9/artifacts/base/knn/estimators/knn_seed_2_skf_0_paras_0_K_3.joblib,"{""n_neighbors"": 3}",knn,0,/home/ubuntu/Desktop/DeepAmes_Full_STL_4_keep_weights/results_TA98_with_S9/artifacts/base/knn/scalers/knn_seed_2_skf_0_paras_0_K_3_scaler.joblib,2,0
knn_seed_2_skf_1_paras_0_K_3,knn,2_skf_1,618,63,70,167,0.855,0.856,0.705,0.907,0.726,0.898,0.715,0.618,/home/ubuntu/Desktop/DeepAmes_Full_STL_4_keep_weights/results_TA98_with_S9/artifacts/base/knn/estimators/knn_seed_2_skf_1_paras_0_K_3.joblib,"{""n_neighbors"": 3}",knn,0,/home/ubuntu/Desktop/DeepAmes_Full_STL_4_keep_weights/results_TA98_with_S9/artifacts/base/knn/scalers/knn_seed_2_skf_1_paras_0_K_3_scaler.joblib,2,1
knn_seed_2_skf_2_paras_0_K_3,knn,2_skf_2,620,61,74,163,0.853,0.858,0.688,0.91,0.728,0.893,0.707,0.61,/home/ubuntu/Desktop/DeepAmes_Full_STL_4_keep_weights/results_TA98_with_S9/artifacts/base/knn/estimators/knn_seed_2_skf_2_paras_0_K_3.joblib,"{""n_neighbors"": 3}",knn,0,/home/ubuntu/Desktop/DeepAmes_Full_STL_4_keep_weights/results_TA98_with_S9/artifacts/base/knn/scalers/knn_seed_2_skf_2_paras_0_K_3_scaler.joblib,2,2
knn_seed_2_skf_3_paras_0_K_3,knn,2_skf_3,615,66,78,159,0.843,0.849,0.671,0.903,0.707,0.887,0.688,0.584,/home/ubuntu/Desktop/DeepAmes_Full_STL_4_keep_weights/results_TA98_with_S9/artifacts/base/knn/estimators/knn_seed_2_skf_3_paras_0_K_3.joblib,"{""n_neighbors"": 3}",knn,0,/home/ubuntu/Desktop/DeepAmes_Full_STL_4_keep_weights/results_TA98_with_S9/artifacts/base/knn/scalers/knn_seed_2_skf_3_paras_0_K_3_scaler.joblib,2,3
knn_seed_2_skf_4_paras_0_K_3,knn,2_skf_4,617,64,82,155,0.841,0.856,0.654,0.906,0.708,0.883,0.68,0.575,/home/ubuntu/Desktop/DeepAmes_Full_STL_4_keep_weights/results_TA98_with_S9/artifacts/base/knn/estimators/knn_seed_2_skf_4_paras_0_K_3.joblib,"{""n_neighbors"": 3}",knn,0,/home/ubuntu/Desktop/DeepAmes_Full_STL_4_keep_weights/results_TA98_with_S9/artifacts/base/knn/scalers/knn_seed_2_skf_4_paras_0_K_3_scaler.joblib,2,4
knn_seed_3_skf_0_paras_0_K_3,knn,3_skf_0,621,60,76,161,0.852,0.852,0.679,0.912,0.729,0.891,0.703,0.605,/home/ubuntu/Desktop/DeepAmes_Full_STL_4_keep_weights/results_TA98_with_S9/artifacts/base/knn/estimators/knn_seed_3_skf_0_paras_0_K_3.joblib,"{""n_neighbors"": 3}",knn,0,/home/ubuntu/Desktop/DeepAmes_Full_STL_4_keep_weights/results_TA98_with_S9/artifacts/base/knn/scalers/knn_seed_3_skf_0_paras_0_K_3_scaler.joblib,3,0
knn_seed_3_skf_1_paras_0_K_3,knn,3_skf_1,627,54,86,151,0.847,0.853,0.637,0.921,0.737,0.879,0.683,0.586,/home/ubuntu/Desktop/DeepAmes_Full_STL_4_keep_weights/results_TA98_with_S9/artifacts/base/knn/estimators/knn_seed_3_skf_1_paras_0_K_3.joblib,"{""n_neighbors"": 3}",knn,0,/home/ubuntu/Desktop/DeepAmes_Full_STL_4_keep_weights/results_TA98_with_S9/artifacts/base/knn/scalers/knn_seed_3_skf_1_paras_0_K_3_scaler.joblib,3,1
knn_seed_3_skf_2_paras_0_K_3,knn,3_skf_2,614,67,69,168,0.852,0.85,0.709,0.902,0.715,0.899,0.712,0.612,/home/ubuntu/Desktop/DeepAmes_Full_STL_4_keep_weights/results_TA98_with_S9/artifacts/base/knn/estimators/knn_seed_3_skf_2_paras_0_K_3.joblib,"{""n_neighbors"": 3}",knn,0,/home/ubuntu/Desktop/DeepAmes_Full_STL_4_keep_weights/results_TA98_with_S9/artifacts/base/knn/scalers/knn_seed_3_skf_2_paras_0_K_3_scaler.joblib,3,2
knn_seed_3_skf_3_paras_0_K_3,knn,3_skf_3,620,61,80,157,0.846,0.861,0.662,0.91,0.72,0.886,0.69,0.589,/home/ubuntu/Desktop/DeepAmes_Full_STL_4_keep_weights/results_TA98_with_S9/artifacts/base/knn/estimators/knn_seed_3_skf_3_paras_0_K_3.joblib,"{""n_neighbors"": 3}",knn,0,/home/ubuntu/Desktop/DeepAmes_Full_STL_4_keep_weights/results_TA98_with_S9/artifacts/base/knn/scalers/knn_seed_3_skf_3_paras_0_K_3_scaler.joblib,3,3
knn_seed_3_skf_4_paras_0_K_3,knn,3_skf_4,621,60,73,164,0.855,0.86,0.692,0.912,0.732,0.895,0.711,0.615,/home/ubuntu/Desktop/DeepAmes_Full_STL_4_keep_weights/results_TA98_with_S9/artifacts/base/knn/estimators/knn_seed_3_skf_4_paras_0_K_3.joblib,"{""n_neighbors"": 3}",knn,0,/home/ubuntu/Desktop/DeepAmes_Full_STL_4_keep_weights/results_TA98_with_S9/artifacts/base/knn/scalers/knn_seed_3_skf_4_paras_0_K_3_scaler.joblib,3,4
knn_seed_4_skf_0_paras_0_K_3,knn,4_skf_0,619,62,73,164,0.853,0.862,0.692,0.909,0.726,0.895,0.708,0.61,/home/ubuntu/Desktop/DeepAmes_Full_STL_4_keep_weights/results_TA98_with_S9/artifacts/base/knn/estimators/knn_seed_4_skf_0_paras_0_K_3.joblib,"{""n_neighbors"": 3}",knn,0,/home/ubuntu/Desktop/DeepAmes_Full_STL_4_keep_weights/results_TA98_with_S9/artifacts/base/knn/scalers/knn_seed_4_skf_0_paras_0_K_3_scaler.joblib,4,0
knn_seed_4_skf_1_paras_0_K_3,knn,4_skf_1,617,64,81,156,0.842,0.845,0.658,0.906,0.709,0.884,0.683,0.578,/home/ubuntu/Desktop/DeepAmes_Full_STL_4_keep_weights/results_TA98_with_S9/artifacts/base/knn/estimators/knn_seed_4_skf_1_paras_0_K_3.joblib,"{""n_neighbors"": 3}",knn,0,/home/ubuntu/Desktop/DeepAmes_Full_STL_4_keep_weights/results_TA98_with_S9/artifacts/base/knn/scalers/knn_seed_4_skf_1_paras_0_K_3_scaler.joblib,4,1
knn_seed_4_skf_2_paras_0_K_3,knn,4_skf_2,621,60,77,160,0.851,0.856,0.675,0.912,0.727,0.89,0.7,0.602,/home/ubuntu/Desktop/DeepAmes_Full_STL_4_keep_weights/results_TA98_with_S9/artifacts/base/knn/estimators/knn_seed_4_skf_2_paras_0_K_3.joblib,"{""n_neighbors"": 3}",knn,0,/home/ubuntu/Desktop/DeepAmes_Full_STL_4_keep_weights/results_TA98_with_S9/artifacts/base/knn/scalers/knn_seed_4_skf_2_paras_0_K_3_scaler.joblib,4,2
knn_seed_4_skf_3_paras_0_K_3,knn,4_skf_3,622,59,74,163,0.855,0.857,0.688,0.913,0.734,0.894,0.71,0.614,/home/ubuntu/Desktop/DeepAmes_Full_STL_4_keep_weights/results_TA98_with_S9/artifacts/base/knn/estimators/knn_seed_4_skf_3_paras_0_K_3.joblib,"{""n_neighbors"": 3}",knn,0,/home/ubuntu/Desktop/DeepAmes_Full_STL_4_keep_weights/results_TA98_with_S9/artifacts/base/knn/scalers/knn_seed_4_skf_3_paras_0_K_3_scaler.joblib,4,3
knn_seed_4_skf_4_paras_0_K_3,knn,4_skf_4,618,63,82,155,0.842,0.861,0.654,0.907,0.711,0.883,0.681,0.577,/home/ubuntu/Desktop/DeepAmes_Full_STL_4_keep_weights/results_TA98_with_S9/artifacts/base/knn/estimators/knn_seed_4_skf_4_paras_0_K_3.joblib,"{""n_neighbors"": 3}",knn,0,/home/ubuntu/Desktop/DeepAmes_Full_STL_4_keep_weights/results_TA98_with_S9/artifacts/base/knn/scalers/knn_seed_4_skf_4_paras_0_K_3_scaler.joblib,4,4
knn_seed_5_skf_0_paras_0_K_3,knn,5_skf_0,616,65,77,160,0.845,0.846,0.675,0.905,0.711,0.889,0.693,0.59,/home/ubuntu/Desktop/DeepAmes_Full_STL_4_keep_weights/results_TA98_with_S9/artifacts/base/knn/estimators/knn_seed_5_skf_0_paras_0_K_3.joblib,"{""n_neighbors"": 3}",knn,0,/home/ubuntu/Desktop/DeepAmes_Full_STL_4_keep_weights/results_TA98_with_S9/artifacts/base/knn/scalers/knn_seed_5_skf_0_paras_0_K_3_scaler.joblib,5,0
knn_seed_5_skf_1_paras_0_K_3,knn,5_skf_1,621,60,73,164,0.855,0.86,0.692,0.912,0.732,0.895,0.711,0.615,/home/ubuntu/Desktop/DeepAmes_Full_STL_4_keep_weights/results_TA98_with_S9/artifacts/base/knn/estimators/knn_seed_5_skf_1_paras_0_K_3.joblib,"{""n_neighbors"": 3}",knn,0,/home/ubuntu/Desktop/DeepAmes_Full_STL_4_keep_weights/results_TA98_with_S9/artifacts/base/knn/scalers/knn_seed_5_skf_1_paras_0_K_3_scaler.joblib,5,1
knn_seed_5_skf_2_paras_0_K_3,knn,5_skf_2,618,63,73,164,0.852,0.861,0.692,0.907,0.722,0.894,0.707,0.608,/home/ubuntu/Desktop/DeepAmes_Full_STL_4_keep_weights/results_TA98_with_S9/artifacts/base/knn/estimators/knn_seed_5_skf_2_paras_0_K_3.joblib,"{""n_neighbors"": 3}",knn,0,/home/ubuntu/Desktop/DeepAmes_Full_STL_4_keep_weights/results_TA98_with_S9/artifacts/base/knn/scalers/knn_seed_5_skf_2_paras_0_K_3_scaler.joblib,5,2
knn_seed_5_skf_3_paras_0_K_3,knn,5_skf_3,615,66,81,156,0.84,0.858,0.658,0.903,0.703,0.884,0.68,0.574,/home/ubuntu/Desktop/DeepAmes_Full_STL_4_keep_weights/results_TA98_with_S9/artifacts/base/knn/estimators/knn_seed_5_skf_3_paras_0_K_3.joblib,"{""n_neighbors"": 3}",knn,0,/home/ubuntu/Desktop/DeepAmes_Full_STL_4_keep_weights/results_TA98_with_S9/artifacts/base/knn/scalers/knn_seed_5_skf_3_paras_0_K_3_scaler.joblib,5,3
knn_seed_5_skf_4_paras_0_K_3,knn,5_skf_4,617,64,75,162,0.849,0.853,0.684,0.906,0.717,0.892,0.7,0.599,/home/ubuntu/Desktop/DeepAmes_Full_STL_4_keep_weights/results_TA98_with_S9/artifacts/base/knn/estimators/knn_seed_5_skf_4_paras_0_K_3.joblib,"{""n_neighbors"": 3}",knn,0,/home/ubuntu/Desktop/DeepAmes_Full_STL_4_keep_weights/results_TA98_with_S9/artifacts/base/knn/scalers/knn_seed_5_skf_4_paras_0_K_3_scaler.joblib,5,4
knn_seed_6_skf_0_paras_0_K_3,knn,6_skf_0,621,60,79,158,0.849,0.856,0.667,0.912,0.725,0.887,0.695,0.595,/home/ubuntu/Desktop/DeepAmes_Full_STL_4_keep_weights/results_TA98_with_S9/artifacts/base/knn/estimators/knn_seed_6_skf_0_paras_0_K_3.joblib,"{""n_neighbors"": 3}",knn,0,/home/ubuntu/Desktop/DeepAmes_Full_STL_4_keep_weights/results_TA98_with_S9/artifacts/base/knn/scalers/knn_seed_6_skf_0_paras_0_K_3_scaler.joblib,6,0
knn_seed_6_skf_2_paras_0_K_3,knn,6_skf_2,611,70,80,157,0.837,0.847,0.662,0.897,0.692,0.884,0.677,0.568,/home/ubuntu/Desktop/DeepAmes_Full_STL_4_keep_weights/results_TA98_with_S9/artifacts/base/knn/estimators/knn_seed_6_skf_2_paras_0_K_3.joblib,"{""n_neighbors"": 3}",knn,0,/home/ubuntu/Desktop/DeepAmes_Full_STL_4_keep_weights/results_TA98_with_S9/artifacts/base/knn/scalers/knn_seed_6_skf_2_paras_0_K_3_scaler.joblib,6,2
knn_seed_6_skf_3_paras_0_K_3,knn,6_skf_3,614,67,70,167,0.851,0.854,0.705,0.902,0.714,0.898,0.709,0.609,/home/ubuntu/Desktop/DeepAmes_Full_STL_4_keep_weights/results_TA98_with_S9/artifacts/base/knn/estimators/knn_seed_6_skf_3_paras_0_K_3.joblib,"{""n_neighbors"": 3}",knn,0,/home/ubuntu/Desktop/DeepAmes_Full_STL_4_keep_weights/results_TA98_with_S9/artifacts/base/knn/scalers/knn_seed_6_skf_3_paras_0_K_3_scaler.joblib,6,3
knn_seed_6_skf_4_paras_0_K_3,knn,6_skf_4,621,60,75,162,0.853,0.852,0.684,0.912,0.73,0.892,0.706,0.609,/home/ubuntu/Desktop/DeepAmes_Full_STL_4_keep_weights/results_TA98_with_S9/artifacts/base/knn/estimators/knn_seed_6_skf_4_paras_0_K_3.joblib,"{""n_neighbors"": 3}",knn,0,/home/ubuntu/Desktop/DeepAmes_Full_STL_4_keep_weights/results_TA98_with_S9/artifacts/base/knn/scalers/knn_seed_6_skf_4_paras_0_K_3_scaler.joblib,6,4
knn_seed_7_skf_0_paras_0_K_3,knn,7_skf_0,618,63,77,160,0.847,0.86,0.675,0.907,0.717,0.889,0.696,0.595,/home/ubuntu/Desktop/DeepAmes_Full_STL_4_keep_weights/results_TA98_with_S9/artifacts/base/knn/estimators/knn_seed_7_skf_0_paras_0_K_3.joblib,"{""n_neighbors"": 3}",knn,0,/home/ubuntu/Desktop/DeepAmes_Full_STL_4_keep_weights/results_TA98_with_S9/artifacts/base/knn/scalers/knn_seed_7_skf_0_paras_0_K_3_scaler.joblib,7,0
knn_seed_7_skf_1_paras_0_K_3,knn,7_skf_1,625,56,72,165,0.861,0.866,0.696,0.918,0.747,0.897,0.721,0.628,/home/ubuntu/Desktop/DeepAmes_Full_STL_4_keep_weights/results_TA98_with_S9/artifacts/base/knn/estimators/knn_seed_7_skf_1_paras_0_K_3.joblib,"{""n_neighbors"": 3}",knn,0,/home/ubuntu/Desktop/DeepAmes_Full_STL_4_keep_weights/results_TA98_with_S9/artifacts/base/knn/scalers/knn_seed_7_skf_1_paras_0_K_3_scaler.joblib,7,1
knn_seed_7_skf_2_paras_0_K_3,knn,7_skf_2,621,60,82,155,0.845,0.85,0.654,0.912,0.721,0.883,0.686,0.585,/home/ubuntu/Desktop/DeepAmes_Full_STL_4_keep_weights/results_TA98_with_S9/artifacts/base/knn/estimators/knn_seed_7_skf_2_paras_0_K_3.joblib,"{""n_neighbors"": 3}",knn,0,/home/ubuntu/Desktop/DeepAmes_Full_STL_4_keep_weights/results_TA98_with_S9/artifacts/base/knn/scalers/knn_seed_7_skf_2_paras_0_K_3_scaler.joblib,7,2
knn_seed_7_skf_3_paras_0_K_3,knn,7_skf_3,614,67,80,157,0.84,0.837,0.662,0.902,0.701,0.885,0.681,0.575,/home/ubuntu/Desktop/DeepAmes_Full_STL_4_keep_weights/results_TA98_with_S9/artifacts/base/knn/estimators/knn_seed_7_skf_3_paras_0_K_3.joblib,"{""n_neighbors"": 3}",knn,0,/home/ubuntu/Desktop/DeepAmes_Full_STL_4_keep_weights/results_TA98_with_S9/artifacts/base/knn/scalers/knn_seed_7_skf_3_paras_0_K_3_scaler.joblib,7,3
knn_seed_7_skf_4_paras_0_K_3,knn,7_skf_4,614,67,72,165,0.849,0.864,0.696,0.902,0.711,0.895,0.704,0.602,/home/ubuntu/Desktop/DeepAmes_Full_STL_4_keep_weights/results_TA98_with_S9/artifacts/base/knn/estimators/knn_seed_7_skf_4_paras_0_K_3.joblib,"{""n_neighbors"": 3}",knn,0,/home/ubuntu/Desktop/DeepAmes_Full_STL_4_keep_weights/results_TA98_with_S9/artifacts/base/knn/scalers/knn_seed_7_skf_4_paras_0_K_3_scaler.joblib,7,4
knn_seed_8_skf_1_paras_0_K_3,knn,8_skf_1,616,65,74,163,0.849,0.851,0.688,0.905,0.715,0.893,0.701,0.6,/home/ubuntu/Desktop/DeepAmes_Full_STL_4_keep_weights/results_TA98_with_S9/artifacts/base/knn/estimators/knn_seed_8_skf_1_paras_0_K_3.joblib,"{""n_neighbors"": 3}",knn,0,/home/ubuntu/Desktop/DeepAmes_Full_STL_4_keep_weights/results_TA98_with_S9/artifacts/base/knn/scalers/knn_seed_8_skf_1_paras_0_K_3_scaler.joblib,8,1
knn_seed_8_skf_2_paras_0_K_3,knn,8_skf_2,617,64,80,157,0.843,0.854,0.662,0.906,0.71,0.885,0.686,0.582,/home/ubuntu/Desktop/DeepAmes_Full_STL_4_keep_weights/results_TA98_with_S9/artifacts/base/knn/estimators/knn_seed_8_skf_2_paras_0_K_3.joblib,"{""n_neighbors"": 3}",knn,0,/home/ubuntu/Desktop/DeepAmes_Full_STL_4_keep_weights/results_TA98_with_S9/artifacts/base/knn/scalers/knn_seed_8_skf_2_paras_0_K_3_scaler.joblib,8,2
knn_seed_8_skf_3_paras_0_K_3,knn,8_skf_3,621,60,77,160,0.851,0.856,0.675,0.912,0.727,0.89,0.7,0.602,/home/ubuntu/Desktop/DeepAmes_Full_STL_4_keep_weights/results_TA98_with_S9/artifacts/base/knn/estimators/knn_seed_8_skf_3_paras_0_K_3.joblib,"{""n_neighbors"": 3}",knn,0,/home/ubuntu/Desktop/DeepAmes_Full_STL_4_keep_weights/results_TA98_with_S9/artifacts/base/knn/scalers/knn_seed_8_skf_3_paras_0_K_3_scaler.joblib,8,3
knn_seed_8_skf_4_paras_0_K_3,knn,8_skf_4,617,64,68,169,0.856,0.851,0.713,0.906,0.725,0.901,0.719,0.623,/home/ubuntu/Desktop/DeepAmes_Full_STL_4_keep_weights/results_TA98_with_S9/artifacts/base/knn/estimators/knn_seed_8_skf_4_paras_0_K_3.joblib,"{""n_neighbors"": 3}",knn,0,/home/ubuntu/Desktop/DeepAmes_Full_STL_4_keep_weights/results_TA98_with_S9/artifacts/base/knn/scalers/knn_seed_8_skf_4_paras_0_K_3_scaler.joblib,8,4
knn_seed_9_skf_0_paras_0_K_3,knn,9_skf_0,617,64,80,157,0.843,0.842,0.662,0.906,0.71,0.885,0.686,0.582,/home/ubuntu/Desktop/DeepAmes_Full_STL_4_keep_weights/results_TA98_with_S9/artifacts/base/knn/estimators/knn_seed_9_skf_0_paras_0_K_3.joblib,"{""n_neighbors"": 3}",knn,0,/home/ubuntu/Desktop/DeepAmes_Full_STL_4_keep_weights/results_TA98_with_S9/artifacts/base/knn/scalers/knn_seed_9_skf_0_paras_0_K_3_scaler.joblib,9,0
knn_seed_9_skf_1_paras_0_K_3,knn,9_skf_1,621,60,73,164,0.855,0.852,0.692,0.912,0.732,0.895,0.711,0.615,/home/ubuntu/Desktop/DeepAmes_Full_STL_4_keep_weights/results_TA98_with_S9/artifacts/base/knn/estimators/knn_seed_9_skf_1_paras_0_K_3.joblib,"{""n_neighbors"": 3}",knn,0,/home/ubuntu/Desktop/DeepAmes_Full_STL_4_keep_weights/results_TA98_with_S9/artifacts/base/knn/scalers/knn_seed_9_skf_1_paras_0_K_3_scaler.joblib,9,1
knn_seed_9_skf_2_paras_0_K_3,knn,9_skf_2,610,71,75,162,0.841,0.859,0.684,0.896,0.695,0.891,0.689,0.583,/home/ubuntu/Desktop/DeepAmes_Full_STL_4_keep_weights/results_TA98_with_S9/artifacts/base/knn/estimators/knn_seed_9_skf_2_paras_0_K_3.joblib,"{""n_neighbors"": 3}",knn,0,/home/ubuntu/Desktop/DeepAmes_Full_STL_4_keep_weights/results_TA98_with_S9/artifacts/base/knn/scalers/knn_seed_9_skf_2_paras_0_K_3_scaler.joblib,9,2
knn_seed_9_skf_3_paras_0_K_3,knn,9_skf_3,615,66,70,167,0.852,0.857,0.705,0.903,0.717,0.898,0.711,0.611,/home/ubuntu/Desktop/DeepAmes_Full_STL_4_keep_weights/results_TA98_with_S9/artifacts/base/knn/estimators/knn_seed_9_skf_3_paras_0_K_3.joblib,"{""n_neighbors"": 3}",knn,0,/home/ubuntu/Desktop/DeepAmes_Full_STL_4_keep_weights/results_TA98_with_S9/artifacts/base/knn/scalers/knn_seed_9_skf_3_paras_0_K_3_scaler.joblib,9,3
knn_seed_9_skf_4_paras_0_K_3,knn,9_skf_4,624,57,74,163,0.857,0.862,0.688,0.916,0.741,0.894,0.713,0.619,/home/ubuntu/Desktop/DeepAmes_Full_STL_4_keep_weights/results_TA98_with_S9/artifacts/base/knn/estimators/knn_seed_9_skf_4_paras_0_K_3.joblib,"{""n_neighbors"": 3}",knn,0,/home/ubuntu/Desktop/DeepAmes_Full_STL_4_keep_weights/results_TA98_with_S9/artifacts/base/knn/scalers/knn_seed_9_skf_4_paras_0_K_3_scaler.joblib,9,4
knn_seed_10_skf_0_paras_0_K_3,knn,10_skf_0,619,62,73,164,0.853,0.86,0.692,0.909,0.726,0.895,0.708,0.61,/home/ubuntu/Desktop/DeepAmes_Full_STL_4_keep_weights/results_TA98_with_S9/artifacts/base/knn/estimators/knn_seed_10_skf_0_paras_0_K_3.joblib,"{""n_neighbors"": 3}",knn,0,/home/ubuntu/Desktop/DeepAmes_Full_STL_4_keep_weights/results_TA98_with_S9/artifacts/base/knn/scalers/knn_seed_10_skf_0_paras_0_K_3_scaler.joblib,10,0
knn_seed_10_skf_2_paras_0_K_3,knn,10_skf_2,616,65,72,165,0.851,0.86,0.696,0.905,0.717,0.895,0.707,0.607,/home/ubuntu/Desktop/DeepAmes_Full_STL_4_keep_weights/results_TA98_with_S9/artifacts/base/knn/estimators/knn_seed_10_skf_2_paras_0_K_3.joblib,"{""n_neighbors"": 3}",knn,0,/home/ubuntu/Desktop/DeepAmes_Full_STL_4_keep_weights/results_TA98_with_S9/artifacts/base/knn/scalers/knn_seed_10_skf_2_paras_0_K_3_scaler.joblib,10,2
knn_seed_10_skf_3_paras_0_K_3,knn,10_skf_3,617,64,79,158,0.844,0.843,0.667,0.906,0.712,0.886,0.688,0.585,/home/ubuntu/Desktop/DeepAmes_Full_STL_4_keep_weights/results_TA98_with_S9/artifacts/base/knn/estimators/knn_seed_10_skf_3_paras_0_K_3.joblib,"{""n_neighbors"": 3}",knn,0,/home/ubuntu/Desktop/DeepAmes_Full_STL_4_keep_weights/results_TA98_with_S9/artifacts/base/knn/scalers/knn_seed_10_skf_3_paras_0_K_3_scaler.joblib,10,3
knn_seed_11_skf_0_paras_0_K_3,knn,11_skf_0,617,64,75,162,0.849,0.855,0.684,0.906,0.717,0.892,0.7,0.599,/home/ubuntu/Desktop/DeepAmes_Full_STL_4_keep_weights/results_TA98_with_S9/artifacts/base/knn/estimators/knn_seed_11_skf_0_paras_0_K_3.joblib,"{""n_neighbors"": 3}",knn,0,/home/ubuntu/Desktop/DeepAmes_Full_STL_4_keep_weights/results_TA98_with_S9/artifacts/base/knn/scalers/knn_seed_11_skf_0_paras_0_K_3_scaler.joblib,11,0
knn_seed_11_skf_1_paras_0_K_3,knn,11_skf_1,613,68,80,157,0.839,0.855,0.662,0.9,0.698,0.885,0.68,0.572,/home/ubuntu/Desktop/DeepAmes_Full_STL_4_keep_weights/results_TA98_with_S9/artifacts/base/knn/estimators/knn_seed_11_skf_1_paras_0_K_3.joblib,"{""n_neighbors"": 3}",knn,0,/home/ubuntu/Desktop/DeepAmes_Full_STL_4_keep_weights/results_TA98_with_S9/artifacts/base/knn/scalers/knn_seed_11_skf_1_paras_0_K_3_scaler.joblib,11,1
knn_seed_11_skf_2_paras_0_K_3,knn,11_skf_2,615,66,75,162,0.846,0.851,0.684,0.903,0.711,0.891,0.697,0.594,/home/ubuntu/Desktop/DeepAmes_Full_STL_4_keep_weights/results_TA98_with_S9/artifacts/base/knn/estimators/knn_seed_11_skf_2_paras_0_K_3.joblib,"{""n_neighbors"": 3}",knn,0,/home/ubuntu/Desktop/DeepAmes_Full_STL_4_keep_weights/results_TA98_with_S9/artifacts/base/knn/scalers/knn_seed_11_skf_2_paras_0_K_3_scaler.joblib,11,2
knn_seed_11_skf_3_paras_0_K_3,knn,11_skf_3,626,55,73,164,0.861,0.858,0.692,0.919,0.749,0.896,0.719,0.628,/home/ubuntu/Desktop/DeepAmes_Full_STL_4_keep_weights/results_TA98_with_S9/artifacts/base/knn/estimators/knn_seed_11_skf_3_paras_0_K_3.joblib,"{""n_neighbors"": 3}",knn,0,/home/ubuntu/Desktop/DeepAmes_Full_STL_4_keep_weights/results_TA98_with_S9/artifacts/base/knn/scalers/knn_seed_11_skf_3_paras_0_K_3_scaler.joblib,11,3
knn_seed_11_skf_4_paras_0_K_3,knn,11_skf_4,612,69,81,156,0.837,0.851,0.658,0.899,0.693,0.883,0.675,0.567,/home/ubuntu/Desktop/DeepAmes_Full_STL_4_keep_weights/results_TA98_with_S9/artifacts/base/knn/estimators/knn_seed_11_skf_4_paras_0_K_3.joblib,"{""n_neighbors"": 3}",knn,0,/home/ubuntu/Desktop/DeepAmes_Full_STL_4_keep_weights/results_TA98_with_S9/artifacts/base/knn/scalers/knn_seed_11_skf_4_paras_0_K_3_scaler.joblib,11,4
knn_seed_12_skf_0_paras_0_K_3,knn,12_skf_0,620,61,77,160,0.85,0.852,0.675,0.91,0.724,0.89,0.699,0.599,/home/ubuntu/Desktop/DeepAmes_Full_STL_4_keep_weights/results_TA98_with_S9/artifacts/base/knn/estimators/knn_seed_12_skf_0_paras_0_K_3.joblib,"{""n_neighbors"": 3}",knn,0,/home/ubuntu/Desktop/DeepAmes_Full_STL_4_keep_weights/results_TA98_with_S9/artifacts/base/knn/scalers/knn_seed_12_skf_0_paras_0_K_3_scaler.joblib,12,0
knn_seed_12_skf_1_paras_0_K_3,knn,12_skf_1,617,64,78,159,0.845,0.849,0.671,0.906,0.713,0.888,0.691,0.589,/home/ubuntu/Desktop/DeepAmes_Full_STL_4_keep_weights/results_TA98_with_S9/artifacts/base/knn/estimators/knn_seed_12_skf_1_paras_0_K_3.joblib,"{""n_neighbors"": 3}",knn,0,/home/ubuntu/Desktop/DeepAmes_Full_STL_4_keep_weights/results_TA98_with_S9/artifacts/base/knn/scalers/knn_seed_12_skf_1_paras_0_K_3_scaler.joblib,12,1
knn_seed_12_skf_2_paras_0_K_3,knn,12_skf_2,615,66,79,158,0.842,0.859,0.667,0.903,0.705,0.886,0.685,0.581,/home/ubuntu/Desktop/DeepAmes_Full_STL_4_keep_weights/results_TA98_with_S9/artifacts/base/knn/estimators/knn_seed_12_skf_2_paras_0_K_3.joblib,"{""n_neighbors"": 3}",knn,0,/home/ubuntu/Desktop/DeepAmes_Full_STL_4_keep_weights/results_TA98_with_S9/artifacts/base/knn/scalers/knn_seed_12_skf_2_paras_0_K_3_scaler.joblib,12,2
knn_seed_12_skf_3_paras_0_K_3,knn,12_skf_3,610,71,75,162,0.841,0.85,0.684,0.896,0.695,0.891,0.689,0.583,/home/ubuntu/Desktop/DeepAmes_Full_STL_4_keep_weights/results_TA98_with_S9/artifacts/base/knn/estimators/knn_seed_12_skf_3_paras_0_K_3.joblib,"{""n_neighbors"": 3}",knn,0,/home/ubuntu/Desktop/DeepAmes_Full_STL_4_keep_weights/results_TA98_with_S9/artifacts/base/knn/scalers/knn_seed_12_skf_3_paras_0_K_3_scaler.joblib,12,3
knn_seed_12_skf_4_paras_0_K_3,knn,12_skf_4,618,63,75,162,0.85,0.87,0.684,0.907,0.72,0.892,0.701,0.601,/home/ubuntu/Desktop/DeepAmes_Full_STL_4_keep_weights/results_TA98_with_S9/artifacts/base/knn/estimators/knn_seed_12_skf_4_paras_0_K_3.joblib,"{""n_neighbors"": 3}",knn,0,/home/ubuntu/Desktop/DeepAmes_Full_STL_4_keep_weights/results_TA98_with_S9/artifacts/base/knn/scalers/knn_seed_12_skf_4_paras_0_K_3_scaler.joblib,12,4
knn_seed_13_skf_0_paras_0_K_3,knn,13_skf_0,619,62,79,158,0.846,0.862,0.667,0.909,0.718,0.887,0.691,0.59,/home/ubuntu/Desktop/DeepAmes_Full_STL_4_keep_weights/results_TA98_with_S9/artifacts/base/knn/estimators/knn_seed_13_skf_0_paras_0_K_3.joblib,"{""n_neighbors"": 3}",knn,0,/home/ubuntu/Desktop/DeepAmes_Full_STL_4_keep_weights/results_TA98_with_S9/artifacts/base/knn/scalers/knn_seed_13_skf_0_paras_0_K_3_scaler.joblib,13,0
knn_seed_13_skf_1_paras_0_K_3,knn,13_skf_1,620,61,73,164,0.854,0.863,0.692,0.91,0.729,0.895,0.71,0.613,/home/ubuntu/Desktop/DeepAmes_Full_STL_4_keep_weights/results_TA98_with_S9/artifacts/base/knn/estimators/knn_seed_13_skf_1_paras_0_K_3.joblib,"{""n_neighbors"": 3}",knn,0,/home/ubuntu/Desktop/DeepAmes_Full_STL_4_keep_weights/results_TA98_with_S9/artifacts/base/knn/scalers/knn_seed_13_skf_1_paras_0_K_3_scaler.joblib,13,1
knn_seed_13_skf_2_paras_0_K_3,knn,13_skf_2,616,65,76,161,0.846,0.85,0.679,0.905,0.712,0.89,0.695,0.593,/home/ubuntu/Desktop/DeepAmes_Full_STL_4_keep_weights/results_TA98_with_S9/artifacts/base/knn/estimators/knn_seed_13_skf_2_paras_0_K_3.joblib,"{""n_neighbors"": 3}",knn,0,/home/ubuntu/Desktop/DeepAmes_Full_STL_4_keep_weights/results_TA98_with_S9/artifacts/base/knn/scalers/knn_seed_13_skf_2_paras_0_K_3_scaler.joblib,13,2
knn_seed_13_skf_3_paras_0_K_3,knn,13_skf_3,628,53,77,160,0.858,0.872,0.675,0.922,0.751,0.891,0.711,0.619,/home/ubuntu/Desktop/DeepAmes_Full_STL_4_keep_weights/results_TA98_with_S9/artifacts/base/knn/estimators/knn_seed_13_skf_3_paras_0_K_3.joblib,"{""n_neighbors"": 3}",knn,0,/home/ubuntu/Desktop/DeepAmes_Full_STL_4_keep_weights/results_TA98_with_S9/artifacts/base/knn/scalers/knn_seed_13_skf_3_paras_0_K_3_scaler.joblib,13,3
knn_seed_13_skf_4_paras_0_K_3,knn,13_skf_4,611,70,77,160,0.84,0.838,0.675,0.897,0.696,0.888,0.685,0.578,/home/ubuntu/Desktop/DeepAmes_Full_STL_4_keep_weights/results_TA98_with_S9/artifacts/base/knn/estimators/knn_seed_13_skf_4_paras_0_K_3.joblib,"{""n_neighbors"": 3}",knn,0,/home/ubuntu/Desktop/DeepAmes_Full_STL_4_keep_weights/results_TA98_with_S9/artifacts/base/knn/scalers/knn_seed_13_skf_4_paras_0_K_3_scaler.joblib,13,4
knn_seed_14_skf_0_paras_0_K_3,knn,14_skf_0,615,66,78,159,0.843,0.86,0.671,0.903,0.707,0.887,0.688,0.584,/home/ubuntu/Desktop/DeepAmes_Full_STL_4_keep_weights/results_TA98_with_S9/artifacts/base/knn/estimators/knn_seed_14_skf_0_paras_0_K_3.joblib,"{""n_neighbors"": 3}",knn,0,/home/ubuntu/Desktop/DeepAmes_Full_STL_4_keep_weights/results_TA98_with_S9/artifacts/base/knn/scalers/knn_seed_14_skf_0_paras_0_K_3_scaler.joblib,14,0
knn_seed_14_skf_1_paras_0_K_3,knn,14_skf_1,617,64,74,163,0.85,0.861,0.688,0.906,0.718,0.893,0.703,0.602,/home/ubuntu/Desktop/DeepAmes_Full_STL_4_keep_weights/results_TA98_with_S9/artifacts/base/knn/estimators/knn_seed_14_skf_1_paras_0_K_3.joblib,"{""n_neighbors"": 3}",knn,0,/home/ubuntu/Desktop/DeepAmes_Full_STL_4_keep_weights/results_TA98_with_S9/artifacts/base/knn/scalers/knn_seed_14_skf_1_paras_0_K_3_scaler.joblib,14,1
knn_seed_14_skf_2_paras_0_K_3,knn,14_skf_2,622,59,72,165,0.857,0.868,0.696,0.913,0.737,0.896,0.716,0.621,/home/ubuntu/Desktop/DeepAmes_Full_STL_4_keep_weights/results_TA98_with_S9/artifacts/base/knn/estimators/knn_seed_14_skf_2_paras_0_K_3.joblib,"{""n_neighbors"": 3}",knn,0,/home/ubuntu/Desktop/DeepAmes_Full_STL_4_keep_weights/results_TA98_with_S9/artifacts/base/knn/scalers/knn_seed_14_skf_2_paras_0_K_3_scaler.joblib,14,2
knn_seed_14_skf_3_paras_0_K_3,knn,14_skf_3,617,64,82,155,0.841,0.849,0.654,0.906,0.708,0.883,0.68,0.575,/home/ubuntu/Desktop/DeepAmes_Full_STL_4_keep_weights/results_TA98_with_S9/artifacts/base/knn/estimators/knn_seed_14_skf_3_paras_0_K_3.joblib,"{""n_neighbors"": 3}",knn,0,/home/ubuntu/Desktop/DeepAmes_Full_STL_4_keep_weights/results_TA98_with_S9/artifacts/base/knn/scalers/knn_seed_14_skf_3_paras_0_K_3_scaler.joblib,14,3
knn_seed_14_skf_4_paras_0_K_3,knn,14_skf_4,615,66,74,163,0.847,0.861,0.688,0.903,0.712,0.893,0.7,0.598,/home/ubuntu/Desktop/DeepAmes_Full_STL_4_keep_weights/results_TA98_with_S9/artifacts/base/knn/estimators/knn_seed_14_skf_4_paras_0_K_3.joblib,"{""n_neighbors"": 3}",knn,0,/home/ubuntu/Desktop/DeepAmes_Full_STL_4_keep_weights/results_TA98_with_S9/artifacts/base/knn/scalers/knn_seed_14_skf_4_paras_0_K_3_scaler.joblib,14,4
knn_seed_15_skf_0_paras_0_K_3,knn,15_skf_0,621,60,74,163,0.854,0.858,0.688,0.912,0.731,0.894,0.709,0.612,/home/ubuntu/Desktop/DeepAmes_Full_STL_4_keep_weights/results_TA98_with_S9/artifacts/base/knn/estimators/knn_seed_15_skf_0_paras_0_K_3.joblib,"{""n_neighbors"": 3}",knn,0,/home/ubuntu/Desktop/DeepAmes_Full_STL_4_keep_weights/results_TA98_with_S9/artifacts/base/knn/scalers/knn_seed_15_skf_0_paras_0_K_3_scaler.joblib,15,0
knn_seed_15_skf_1_paras_0_K_3,knn,15_skf_1,621,60,78,159,0.85,0.853,0.671,0.912,0.726,0.888,0.697,0.598,/home/ubuntu/Desktop/DeepAmes_Full_STL_4_keep_weights/results_TA98_with_S9/artifacts/base/knn/estimators/knn_seed_15_skf_1_paras_0_K_3.joblib,"{""n_neighbors"": 3}",knn,0,/home/ubuntu/Desktop/DeepAmes_Full_STL_4_keep_weights/results_TA98_with_S9/artifacts/base/knn/scalers/knn_seed_15_skf_1_paras_0_K_3_scaler.joblib,15,1
knn_seed_15_skf_2_paras_0_K_3,knn,15_skf_2,621,60,76,161,0.852,0.855,0.679,0.912,0.729,0.891,0.703,0.605,/home/ubuntu/Desktop/DeepAmes_Full_STL_4_keep_weights/results_TA98_with_S9/artifacts/base/knn/estimators/knn_seed_15_skf_2_paras_0_K_3.joblib,"{""n_neighbors"": 3}",knn,0,/home/ubuntu/Desktop/DeepAmes_Full_STL_4_keep_weights/results_TA98_with_S9/artifacts/base/knn/scalers/knn_seed_15_skf_2_paras_0_K_3_scaler.joblib,15,2
knn_seed_15_skf_3_paras_0_K_3,knn,15_skf_3,619,62,79,158,0.846,0.856,0.667,0.909,0.718,0.887,0.691,0.59,/home/ubuntu/Desktop/DeepAmes_Full_STL_4_keep_weights/results_TA98_with_S9/artifacts/base/knn/estimators/knn_seed_15_skf_3_paras_0_K_3.joblib,"{""n_neighbors"": 3}",knn,0,/home/ubuntu/Desktop/DeepAmes_Full_STL_4_keep_weights/results_TA98_with_S9/artifacts/base/knn/scalers/knn_seed_15_skf_3_paras_0_K_3_scaler.joblib,15,3
knn_seed_15_skf_4_paras_0_K_3,knn,15_skf_4,612,69,76,161,0.842,0.85,0.679,0.899,0.7,0.89,0.69,0.584,/home/ubuntu/Desktop/DeepAmes_Full_STL_4_keep_weights/results_TA98_with_S9/artifacts/base/knn/estimators/knn_seed_15_skf_4_paras_0_K_3.joblib,"{""n_neighbors"": 3}",knn,0,/home/ubuntu/Desktop/DeepAmes_Full_STL_4_keep_weights/results_TA98_with_S9/artifacts/base/knn/scalers/knn_seed_15_skf_4_paras_0_K_3_scaler.joblib,15,4
knn_seed_16_skf_0_paras_0_K_3,knn,16_skf_0,615,66,76,161,0.845,0.86,0.679,0.903,0.709,0.89,0.694,0.591,/home/ubuntu/Desktop/DeepAmes_Full_STL_4_keep_weights/results_TA98_with_S9/artifacts/base/knn/estimators/knn_seed_16_skf_0_paras_0_K_3.joblib,"{""n_neighbors"": 3}",knn,0,/home/ubuntu/Desktop/DeepAmes_Full_STL_4_keep_weights/results_TA98_with_S9/artifacts/base/knn/scalers/knn_seed_16_skf_0_paras_0_K_3_scaler.joblib,16,0
knn_seed_16_skf_1_paras_0_K_3,knn,16_skf_1,620,61,72,165,0.855,0.861,0.696,0.91,0.73,0.896,0.713,0.616,/home/ubuntu/Desktop/DeepAmes_Full_STL_4_keep_weights/results_TA98_with_S9/artifacts/base/knn/estimators/knn_seed_16_skf_1_paras_0_K_3.joblib,"{""n_neighbors"": 3}",knn,0,/home/ubuntu/Desktop/DeepAmes_Full_STL_4_keep_weights/results_TA98_with_S9/artifacts/base/knn/scalers/knn_seed_16_skf_1_paras_0_K_3_scaler.joblib,16,1
knn_seed_16_skf_2_paras_0_K_3,knn,16_skf_2,606,75,71,166,0.841,0.849,0.7,0.89,0.689,0.895,0.695,0.587,/home/ubuntu/Desktop/DeepAmes_Full_STL_4_keep_weights/results_TA98_with_S9/artifacts/base/knn/estimators/knn_seed_16_skf_2_paras_0_K_3.joblib,"{""n_neighbors"": 3}",knn,0,/home/ubuntu/Desktop/DeepAmes_Full_STL_4_keep_weights/results_TA98_with_S9/artifacts/base/knn/scalers/knn_seed_16_skf_2_paras_0_K_3_scaler.joblib,16,2
knn_seed_16_skf_3_paras_0_K_3,knn,16_skf_3,628,53,80,157,0.855,0.851,0.662,0.922,0.748,0.887,0.702,0.609,/home/ubuntu/Desktop/DeepAmes_Full_STL_4_keep_weights/results_TA98_with_S9/artifacts/base/knn/estimators/knn_seed_16_skf_3_paras_0_K_3.joblib,"{""n_neighbors"": 3}",knn,0,/home/ubuntu/Desktop/DeepAmes_Full_STL_4_keep_weights/results_TA98_with_S9/artifacts/base/knn/scalers/knn_seed_16_skf_3_paras_0_K_3_scaler.joblib,16,3
knn_seed_16_skf_4_paras_0_K_3,knn,16_skf_4,619,62,80,157,0.845,0.847,0.662,0.909,0.717,0.886,0.689,0.587,/home/ubuntu/Desktop/DeepAmes_Full_STL_4_keep_weights/results_TA98_with_S9/artifacts/base/knn/estimators/knn_seed_16_skf_4_paras_0_K_3.joblib,"{""n_neighbors"": 3}",knn,0,/home/ubuntu/Desktop/DeepAmes_Full_STL_4_keep_weights/results_TA98_with_S9/artifacts/base/knn/scalers/knn_seed_16_skf_4_paras_0_K_3_scaler.joblib,16,4
knn_seed_17_skf_0_paras_0_K_3,knn,17_skf_0,623,58,85,152,0.844,0.856,0.641,0.915,0.724,0.88,0.68,0.579,/home/ubuntu/Desktop/DeepAmes_Full_STL_4_keep_weights/results_TA98_with_S9/artifacts/base/knn/estimators/knn_seed_17_skf_0_paras_0_K_3.joblib,"{""n_neighbors"": 3}",knn,0,/home/ubuntu/Desktop/DeepAmes_Full_STL_4_keep_weights/results_TA98_with_S9/artifacts/base/knn/scalers/knn_seed_17_skf_0_paras_0_K_3_scaler.joblib,17,0
knn_seed_17_skf_1_paras_0_K_3,knn,17_skf_1,626,55,79,158,0.854,0.861,0.667,0.919,0.742,0.888,0.702,0.607,/home/ubuntu/Desktop/DeepAmes_Full_STL_4_keep_weights/results_TA98_with_S9/artifacts/base/knn/estimators/knn_seed_17_skf_1_paras_0_K_3.joblib,"{""n_neighbors"": 3}",knn,0,/home/ubuntu/Desktop/DeepAmes_Full_STL_4_keep_weights/results_TA98_with_S9/artifacts/base/knn/scalers/knn_seed_17_skf_1_paras_0_K_3_scaler.joblib,17,1
knn_seed_17_skf_2_paras_0_K_3,knn,17_skf_2,613,68,73,164,0.846,0.85,0.692,0.9,0.707,0.894,0.699,0.596,/home/ubuntu/Desktop/DeepAmes_Full_STL_4_keep_weights/results_TA98_with_S9/artifacts/base/knn/estimators/knn_seed_17_skf_2_paras_0_K_3.joblib,"{""n_neighbors"": 3}",knn,0,/home/ubuntu/Desktop/DeepAmes_Full_STL_4_keep_weights/results_TA98_with_S9/artifacts/base/knn/scalers/knn_seed_17_skf_2_paras_0_K_3_scaler.joblib,17,2
knn_seed_17_skf_3_paras_0_K_3,knn,17_skf_3,608,73,77,160,0.837,0.849,0.675,0.893,0.687,0.888,0.681,0.571,/home/ubuntu/Desktop/DeepAmes_Full_STL_4_keep_weights/results_TA98_with_S9/artifacts/base/knn/estimators/knn_seed_17_skf_3_paras_0_K_3.joblib,"{""n_neighbors"": 3}",knn,0,/home/ubuntu/Desktop/DeepAmes_Full_STL_4_keep_weights/results_TA98_with_S9/artifacts/base/knn/scalers/knn_seed_17_skf_3_paras_0_K_3_scaler.joblib,17,3
knn_seed_17_skf_4_paras_0_K_3,knn,17_skf_4,620,61,70,167,0.857,0.858,0.705,0.91,0.732,0.899,0.718,0.623,/home/ubuntu/Desktop/DeepAmes_Full_STL_4_keep_weights/results_TA98_with_S9/artifacts/base/knn/estimators/knn_seed_17_skf_4_paras_0_K_3.joblib,"{""n_neighbors"": 3}",knn,0,/home/ubuntu/Desktop/DeepAmes_Full_STL_4_keep_weights/results_TA98_with_S9/artifacts/base/knn/scalers/knn_seed_17_skf_4_paras_0_K_3_scaler.joblib,17,4
knn_seed_18_skf_0_paras_0_K_3,knn,18_skf_0,616,65,80,157,0.842,0.861,0.662,0.905,0.707,0.885,0.684,0.579,/home/ubuntu/Desktop/DeepAmes_Full_STL_4_keep_weights/results_TA98_with_S9/artifacts/base/knn/estimators/knn_seed_18_skf_0_paras_0_K_3.joblib,"{""n_neighbors"": 3}",knn,0,/home/ubuntu/Desktop/DeepAmes_Full_STL_4_keep_weights/results_TA98_with_S9/artifacts/base/knn/scalers/knn_seed_18_skf_0_paras_0_K_3_scaler.joblib,18,0
knn_seed_18_skf_1_paras_0_K_3,knn,18_skf_1,607,74,78,159,0.834,0.847,0.671,0.891,0.682,0.886,0.677,0.565,/home/ubuntu/Desktop/DeepAmes_Full_STL_4_keep_weights/results_TA98_with_S9/artifacts/base/knn/estimators/knn_seed_18_skf_1_paras_0_K_3.joblib,"{""n_neighbors"": 3}",knn,0,/home/ubuntu/Desktop/DeepAmes_Full_STL_4_keep_weights/results_TA98_with_S9/artifacts/base/knn/scalers/knn_seed_18_skf_1_paras_0_K_3_scaler.joblib,18,1
knn_seed_18_skf_2_paras_0_K_3,knn,18_skf_2,618,63,78,159,0.846,0.855,0.671,0.907,0.716,0.888,0.693,0.591,/home/ubuntu/Desktop/DeepAmes_Full_STL_4_keep_weights/results_TA98_with_S9/artifacts/base/knn/estimators/knn_seed_18_skf_2_paras_0_K_3.joblib,"{""n_neighbors"": 3}",knn,0,/home/ubuntu/Desktop/DeepAmes_Full_STL_4_keep_weights/results_TA98_with_S9/artifacts/base/knn/scalers/knn_seed_18_skf_2_paras_0_K_3_scaler.joblib,18,2
knn_seed_18_skf_3_paras_0_K_3,knn,18_skf_3,622,59,82,155,0.846,0.853,0.654,0.913,0.724,0.884,0.687,0.587,/home/ubuntu/Desktop/DeepAmes_Full_STL_4_keep_weights/results_TA98_with_S9/artifacts/base/knn/estimators/knn_seed_18_skf_3_paras_0_K_3.joblib,"{""n_neighbors"": 3}",knn,0,/home/ubuntu/Desktop/DeepAmes_Full_STL_4_keep_weights/results_TA98_with_S9/artifacts/base/knn/scalers/knn_seed_18_skf_3_paras_0_K_3_scaler.joblib,18,3
knn_seed_18_skf_4_paras_0_K_3,knn,18_skf_4,620,61,77,160,0.85,0.86,0.675,0.91,0.724,0.89,0.699,0.599,/home/ubuntu/Desktop/DeepAmes_Full_STL_4_keep_weights/results_TA98_with_S9/artifacts/base/knn/estimators/knn_seed_18_skf_4_paras_0_K_3.joblib,"{""n_neighbors"": 3}",knn,0,/home/ubuntu/Desktop/DeepAmes_Full_STL_4_keep_weights/results_TA98_with_S9/artifacts/base/knn/scalers/knn_seed_18_skf_4_paras_0_K_3_scaler.joblib,18,4
knn_seed_19_skf_0_paras_0_K_3,knn,19_skf_0,616,65,76,161,0.846,0.855,0.679,0.905,0.712,0.89,0.695,0.593,/home/ubuntu/Desktop/DeepAmes_Full_STL_4_keep_weights/results_TA98_with_S9/artifacts/base/knn/estimators/knn_seed_19_skf_0_paras_0_K_3.joblib,"{""n_neighbors"": 3}",knn,0,/home/ubuntu/Desktop/DeepAmes_Full_STL_4_keep_weights/results_TA98_with_S9/artifacts/base/knn/scalers/knn_seed_19_skf_0_paras_0_K_3_scaler.joblib,19,0
knn_seed_19_skf_1_paras_0_K_3,knn,19_skf_1,626,55,78,159,0.855,0.854,0.671,0.919,0.743,0.889,0.705,0.611,/home/ubuntu/Desktop/DeepAmes_Full_STL_4_keep_weights/results_TA98_with_S9/artifacts/base/knn/estimators/knn_seed_19_skf_1_paras_0_K_3.joblib,"{""n_neighbors"": 3}",knn,0,/home/ubuntu/Desktop/DeepAmes_Full_STL_4_keep_weights/results_TA98_with_S9/artifacts/base/knn/scalers/knn_seed_19_skf_1_paras_0_K_3_scaler.joblib,19,1
knn_seed_19_skf_2_paras_0_K_3,knn,19_skf_2,613,68,80,157,0.839,0.868,0.662,0.9,0.698,0.885,0.68,0.572,/home/ubuntu/Desktop/DeepAmes_Full_STL_4_keep_weights/results_TA98_with_S9/artifacts/base/knn/estimators/knn_seed_19_skf_2_paras_0_K_3.joblib,"{""n_neighbors"": 3}",knn,0,/home/ubuntu/Desktop/DeepAmes_Full_STL_4_keep_weights/results_TA98_with_S9/artifacts/base/knn/scalers/knn_seed_19_skf_2_paras_0_K_3_scaler.joblib,19,2
knn_seed_19_skf_3_paras_0_K_3,knn,19_skf_3,615,66,68,169,0.854,0.861,0.713,0.903,0.719,0.9,0.716,0.618,/home/ubuntu/Desktop/DeepAmes_Full_STL_4_keep_weights/results_TA98_with_S9/artifacts/base/knn/estimators/knn_seed_19_skf_3_paras_0_K_3.joblib,"{""n_neighbors"": 3}",knn,0,/home/ubuntu/Desktop/DeepAmes_Full_STL_4_keep_weights/results_TA98_with_S9/artifacts/base/knn/scalers/knn_seed_19_skf_3_paras_0_K_3_scaler.joblib,19,3
knn_seed_19_skf_4_paras_0_K_3,knn,19_skf_4,624,57,79,158,0.852,0.846,0.667,0.916,0.735,0.888,0.699,0.602,/home/ubuntu/Desktop/DeepAmes_Full_STL_4_keep_weights/results_TA98_with_S9/artifacts/base/knn/estimators/knn_seed_19_skf_4_paras_0_K_3.joblib,"{""n_neighbors"": 3}",knn,0,/home/ubuntu/Desktop/DeepAmes_Full_STL_4_keep_weights/results_TA98_with_S9/artifacts/base/knn/scalers/knn_seed_19_skf_4_paras_0_K_3_scaler.joblib,19,4
