name,model,seed_x,TN,FP,FN,TP,Accuracy,AUC,Sensitivity,Specificity,PPV,NPV,F1,MCC,estimator_path,hyperparams,model_family,paras_id,scaler_path,seed_y,skf_fold
xgboost_seed_0_skf_1_paras_151_lr_0.01_n_900_depth_7_subsample_0.8_scale_pos_weight_6,xgboost,0_skf_1,716,62,58,160,0.88,0.922,0.734,0.92,0.721,0.925,0.727,0.65,/home/ubuntu/Desktop/DeepAmes_Full_STL_4_keep_weights/results_TA98_without_S9/artifacts/base/xgboost/estimators/xgboost_seed_0_skf_1_paras_151_lr_0.01_n_900_depth_7_subsample_0.8_scale_pos_weight_6.joblib,"{""learning_rate"": 0.01, ""max_depth"": 7, ""n_estimators"": 900, ""scale_pos_weight"": 6, ""subsample"": 0.8}",xgboost,151,/home/ubuntu/Desktop/DeepAmes_Full_STL_4_keep_weights/results_TA98_without_S9/artifacts/base/xgboost/scalers/xgboost_seed_0_skf_1_paras_151_lr_0.01_n_900_depth_7_subsample_0.8_scale_pos_weight_6_scaler.joblib,0,1
xgboost_seed_0_skf_2_paras_151_lr_0.01_n_900_depth_7_subsample_0.8_scale_pos_weight_6,xgboost,0_skf_2,715,63,54,164,0.883,0.916,0.752,0.919,0.722,0.93,0.737,0.662,/home/ubuntu/Desktop/DeepAmes_Full_STL_4_keep_weights/results_TA98_without_S9/artifacts/base/xgboost/estimators/xgboost_seed_0_skf_2_paras_151_lr_0.01_n_900_depth_7_subsample_0.8_scale_pos_weight_6.joblib,"{""learning_rate"": 0.01, ""max_depth"": 7, ""n_estimators"": 900, ""scale_pos_weight"": 6, ""subsample"": 0.8}",xgboost,151,/home/ubuntu/Desktop/DeepAmes_Full_STL_4_keep_weights/results_TA98_without_S9/artifacts/base/xgboost/scalers/xgboost_seed_0_skf_2_paras_151_lr_0.01_n_900_depth_7_subsample_0.8_scale_pos_weight_6_scaler.joblib,0,2
xgboost_seed_0_skf_3_paras_151_lr_0.01_n_900_depth_7_subsample_0.8_scale_pos_weight_6,xgboost,0_skf_3,713,65,59,159,0.876,0.913,0.729,0.916,0.71,0.924,0.719,0.64,/home/ubuntu/Desktop/DeepAmes_Full_STL_4_keep_weights/results_TA98_without_S9/artifacts/base/xgboost/estimators/xgboost_seed_0_skf_3_paras_151_lr_0.01_n_900_depth_7_subsample_0.8_scale_pos_weight_6.joblib,"{""learning_rate"": 0.01, ""max_depth"": 7, ""n_estimators"": 900, ""scale_pos_weight"": 6, ""subsample"": 0.8}",xgboost,151,/home/ubuntu/Desktop/DeepAmes_Full_STL_4_keep_weights/results_TA98_without_S9/artifacts/base/xgboost/scalers/xgboost_seed_0_skf_3_paras_151_lr_0.01_n_900_depth_7_subsample_0.8_scale_pos_weight_6_scaler.joblib,0,3
xgboost_seed_0_skf_4_paras_151_lr_0.01_n_900_depth_7_subsample_0.8_scale_pos_weight_6,xgboost,0_skf_4,711,67,58,160,0.874,0.914,0.734,0.914,0.705,0.925,0.719,0.639,/home/ubuntu/Desktop/DeepAmes_Full_STL_4_keep_weights/results_TA98_without_S9/artifacts/base/xgboost/estimators/xgboost_seed_0_skf_4_paras_151_lr_0.01_n_900_depth_7_subsample_0.8_scale_pos_weight_6.joblib,"{""learning_rate"": 0.01, ""max_depth"": 7, ""n_estimators"": 900, ""scale_pos_weight"": 6, ""subsample"": 0.8}",xgboost,151,/home/ubuntu/Desktop/DeepAmes_Full_STL_4_keep_weights/results_TA98_without_S9/artifacts/base/xgboost/scalers/xgboost_seed_0_skf_4_paras_151_lr_0.01_n_900_depth_7_subsample_0.8_scale_pos_weight_6_scaler.joblib,0,4
xgboost_seed_1_skf_0_paras_151_lr_0.01_n_900_depth_7_subsample_0.8_scale_pos_weight_6,xgboost,1_skf_0,715,63,56,162,0.881,0.919,0.743,0.919,0.72,0.927,0.731,0.655,/home/ubuntu/Desktop/DeepAmes_Full_STL_4_keep_weights/results_TA98_without_S9/artifacts/base/xgboost/estimators/xgboost_seed_1_skf_0_paras_151_lr_0.01_n_900_depth_7_subsample_0.8_scale_pos_weight_6.joblib,"{""learning_rate"": 0.01, ""max_depth"": 7, ""n_estimators"": 900, ""scale_pos_weight"": 6, ""subsample"": 0.8}",xgboost,151,/home/ubuntu/Desktop/DeepAmes_Full_STL_4_keep_weights/results_TA98_without_S9/artifacts/base/xgboost/scalers/xgboost_seed_1_skf_0_paras_151_lr_0.01_n_900_depth_7_subsample_0.8_scale_pos_weight_6_scaler.joblib,1,0
xgboost_seed_1_skf_1_paras_151_lr_0.01_n_900_depth_7_subsample_0.8_scale_pos_weight_6,xgboost,1_skf_1,718,60,58,160,0.882,0.916,0.734,0.923,0.727,0.925,0.731,0.655,/home/ubuntu/Desktop/DeepAmes_Full_STL_4_keep_weights/results_TA98_without_S9/artifacts/base/xgboost/estimators/xgboost_seed_1_skf_1_paras_151_lr_0.01_n_900_depth_7_subsample_0.8_scale_pos_weight_6.joblib,"{""learning_rate"": 0.01, ""max_depth"": 7, ""n_estimators"": 900, ""scale_pos_weight"": 6, ""subsample"": 0.8}",xgboost,151,/home/ubuntu/Desktop/DeepAmes_Full_STL_4_keep_weights/results_TA98_without_S9/artifacts/base/xgboost/scalers/xgboost_seed_1_skf_1_paras_151_lr_0.01_n_900_depth_7_subsample_0.8_scale_pos_weight_6_scaler.joblib,1,1
xgboost_seed_1_skf_3_paras_151_lr_0.01_n_900_depth_7_subsample_0.8_scale_pos_weight_6,xgboost,1_skf_3,714,64,57,161,0.879,0.913,0.739,0.918,0.716,0.926,0.727,0.649,/home/ubuntu/Desktop/DeepAmes_Full_STL_4_keep_weights/results_TA98_without_S9/artifacts/base/xgboost/estimators/xgboost_seed_1_skf_3_paras_151_lr_0.01_n_900_depth_7_subsample_0.8_scale_pos_weight_6.joblib,"{""learning_rate"": 0.01, ""max_depth"": 7, ""n_estimators"": 900, ""scale_pos_weight"": 6, ""subsample"": 0.8}",xgboost,151,/home/ubuntu/Desktop/DeepAmes_Full_STL_4_keep_weights/results_TA98_without_S9/artifacts/base/xgboost/scalers/xgboost_seed_1_skf_3_paras_151_lr_0.01_n_900_depth_7_subsample_0.8_scale_pos_weight_6_scaler.joblib,1,3
xgboost_seed_2_skf_1_paras_151_lr_0.01_n_900_depth_7_subsample_0.8_scale_pos_weight_6,xgboost,2_skf_1,718,60,60,158,0.88,0.916,0.725,0.923,0.725,0.923,0.725,0.648,/home/ubuntu/Desktop/DeepAmes_Full_STL_4_keep_weights/results_TA98_without_S9/artifacts/base/xgboost/estimators/xgboost_seed_2_skf_1_paras_151_lr_0.01_n_900_depth_7_subsample_0.8_scale_pos_weight_6.joblib,"{""learning_rate"": 0.01, ""max_depth"": 7, ""n_estimators"": 900, ""scale_pos_weight"": 6, ""subsample"": 0.8}",xgboost,151,/home/ubuntu/Desktop/DeepAmes_Full_STL_4_keep_weights/results_TA98_without_S9/artifacts/base/xgboost/scalers/xgboost_seed_2_skf_1_paras_151_lr_0.01_n_900_depth_7_subsample_0.8_scale_pos_weight_6_scaler.joblib,2,1
xgboost_seed_2_skf_4_paras_151_lr_0.01_n_900_depth_7_subsample_0.8_scale_pos_weight_6,xgboost,2_skf_4,708,70,56,162,0.873,0.916,0.743,0.91,0.698,0.927,0.72,0.639,/home/ubuntu/Desktop/DeepAmes_Full_STL_4_keep_weights/results_TA98_without_S9/artifacts/base/xgboost/estimators/xgboost_seed_2_skf_4_paras_151_lr_0.01_n_900_depth_7_subsample_0.8_scale_pos_weight_6.joblib,"{""learning_rate"": 0.01, ""max_depth"": 7, ""n_estimators"": 900, ""scale_pos_weight"": 6, ""subsample"": 0.8}",xgboost,151,/home/ubuntu/Desktop/DeepAmes_Full_STL_4_keep_weights/results_TA98_without_S9/artifacts/base/xgboost/scalers/xgboost_seed_2_skf_4_paras_151_lr_0.01_n_900_depth_7_subsample_0.8_scale_pos_weight_6_scaler.joblib,2,4
xgboost_seed_3_skf_1_paras_151_lr_0.01_n_900_depth_7_subsample_0.8_scale_pos_weight_6,xgboost,3_skf_1,720,58,60,158,0.882,0.912,0.725,0.925,0.731,0.923,0.728,0.652,/home/ubuntu/Desktop/DeepAmes_Full_STL_4_keep_weights/results_TA98_without_S9/artifacts/base/xgboost/estimators/xgboost_seed_3_skf_1_paras_151_lr_0.01_n_900_depth_7_subsample_0.8_scale_pos_weight_6.joblib,"{""learning_rate"": 0.01, ""max_depth"": 7, ""n_estimators"": 900, ""scale_pos_weight"": 6, ""subsample"": 0.8}",xgboost,151,/home/ubuntu/Desktop/DeepAmes_Full_STL_4_keep_weights/results_TA98_without_S9/artifacts/base/xgboost/scalers/xgboost_seed_3_skf_1_paras_151_lr_0.01_n_900_depth_7_subsample_0.8_scale_pos_weight_6_scaler.joblib,3,1
xgboost_seed_3_skf_3_paras_151_lr_0.01_n_900_depth_7_subsample_0.8_scale_pos_weight_6,xgboost,3_skf_3,710,68,57,161,0.874,0.92,0.739,0.913,0.703,0.926,0.72,0.64,/home/ubuntu/Desktop/DeepAmes_Full_STL_4_keep_weights/results_TA98_without_S9/artifacts/base/xgboost/estimators/xgboost_seed_3_skf_3_paras_151_lr_0.01_n_900_depth_7_subsample_0.8_scale_pos_weight_6.joblib,"{""learning_rate"": 0.01, ""max_depth"": 7, ""n_estimators"": 900, ""scale_pos_weight"": 6, ""subsample"": 0.8}",xgboost,151,/home/ubuntu/Desktop/DeepAmes_Full_STL_4_keep_weights/results_TA98_without_S9/artifacts/base/xgboost/scalers/xgboost_seed_3_skf_3_paras_151_lr_0.01_n_900_depth_7_subsample_0.8_scale_pos_weight_6_scaler.joblib,3,3
xgboost_seed_3_skf_4_paras_151_lr_0.01_n_900_depth_7_subsample_0.8_scale_pos_weight_6,xgboost,3_skf_4,717,61,58,160,0.881,0.913,0.734,0.922,0.724,0.925,0.729,0.652,/home/ubuntu/Desktop/DeepAmes_Full_STL_4_keep_weights/results_TA98_without_S9/artifacts/base/xgboost/estimators/xgboost_seed_3_skf_4_paras_151_lr_0.01_n_900_depth_7_subsample_0.8_scale_pos_weight_6.joblib,"{""learning_rate"": 0.01, ""max_depth"": 7, ""n_estimators"": 900, ""scale_pos_weight"": 6, ""subsample"": 0.8}",xgboost,151,/home/ubuntu/Desktop/DeepAmes_Full_STL_4_keep_weights/results_TA98_without_S9/artifacts/base/xgboost/scalers/xgboost_seed_3_skf_4_paras_151_lr_0.01_n_900_depth_7_subsample_0.8_scale_pos_weight_6_scaler.joblib,3,4
xgboost_seed_4_skf_2_paras_151_lr_0.01_n_900_depth_7_subsample_0.8_scale_pos_weight_6,xgboost,4_skf_2,715,63,60,158,0.877,0.913,0.725,0.919,0.715,0.923,0.72,0.641,/home/ubuntu/Desktop/DeepAmes_Full_STL_4_keep_weights/results_TA98_without_S9/artifacts/base/xgboost/estimators/xgboost_seed_4_skf_2_paras_151_lr_0.01_n_900_depth_7_subsample_0.8_scale_pos_weight_6.joblib,"{""learning_rate"": 0.01, ""max_depth"": 7, ""n_estimators"": 900, ""scale_pos_weight"": 6, ""subsample"": 0.8}",xgboost,151,/home/ubuntu/Desktop/DeepAmes_Full_STL_4_keep_weights/results_TA98_without_S9/artifacts/base/xgboost/scalers/xgboost_seed_4_skf_2_paras_151_lr_0.01_n_900_depth_7_subsample_0.8_scale_pos_weight_6_scaler.joblib,4,2
xgboost_seed_4_skf_3_paras_151_lr_0.01_n_900_depth_7_subsample_0.8_scale_pos_weight_6,xgboost,4_skf_3,713,65,54,164,0.881,0.916,0.752,0.916,0.716,0.93,0.734,0.657,/home/ubuntu/Desktop/DeepAmes_Full_STL_4_keep_weights/results_TA98_without_S9/artifacts/base/xgboost/estimators/xgboost_seed_4_skf_3_paras_151_lr_0.01_n_900_depth_7_subsample_0.8_scale_pos_weight_6.joblib,"{""learning_rate"": 0.01, ""max_depth"": 7, ""n_estimators"": 900, ""scale_pos_weight"": 6, ""subsample"": 0.8}",xgboost,151,/home/ubuntu/Desktop/DeepAmes_Full_STL_4_keep_weights/results_TA98_without_S9/artifacts/base/xgboost/scalers/xgboost_seed_4_skf_3_paras_151_lr_0.01_n_900_depth_7_subsample_0.8_scale_pos_weight_6_scaler.joblib,4,3
xgboost_seed_4_skf_4_paras_151_lr_0.01_n_900_depth_7_subsample_0.8_scale_pos_weight_6,xgboost,4_skf_4,714,64,57,161,0.879,0.915,0.739,0.918,0.716,0.926,0.727,0.649,/home/ubuntu/Desktop/DeepAmes_Full_STL_4_keep_weights/results_TA98_without_S9/artifacts/base/xgboost/estimators/xgboost_seed_4_skf_4_paras_151_lr_0.01_n_900_depth_7_subsample_0.8_scale_pos_weight_6.joblib,"{""learning_rate"": 0.01, ""max_depth"": 7, ""n_estimators"": 900, ""scale_pos_weight"": 6, ""subsample"": 0.8}",xgboost,151,/home/ubuntu/Desktop/DeepAmes_Full_STL_4_keep_weights/results_TA98_without_S9/artifacts/base/xgboost/scalers/xgboost_seed_4_skf_4_paras_151_lr_0.01_n_900_depth_7_subsample_0.8_scale_pos_weight_6_scaler.joblib,4,4
xgboost_seed_5_skf_0_paras_151_lr_0.01_n_900_depth_7_subsample_0.8_scale_pos_weight_6,xgboost,5_skf_0,718,60,56,162,0.884,0.914,0.743,0.923,0.73,0.928,0.736,0.662,/home/ubuntu/Desktop/DeepAmes_Full_STL_4_keep_weights/results_TA98_without_S9/artifacts/base/xgboost/estimators/xgboost_seed_5_skf_0_paras_151_lr_0.01_n_900_depth_7_subsample_0.8_scale_pos_weight_6.joblib,"{""learning_rate"": 0.01, ""max_depth"": 7, ""n_estimators"": 900, ""scale_pos_weight"": 6, ""subsample"": 0.8}",xgboost,151,/home/ubuntu/Desktop/DeepAmes_Full_STL_4_keep_weights/results_TA98_without_S9/artifacts/base/xgboost/scalers/xgboost_seed_5_skf_0_paras_151_lr_0.01_n_900_depth_7_subsample_0.8_scale_pos_weight_6_scaler.joblib,5,0
xgboost_seed_5_skf_1_paras_151_lr_0.01_n_900_depth_7_subsample_0.8_scale_pos_weight_6,xgboost,5_skf_1,713,65,56,162,0.879,0.914,0.743,0.916,0.714,0.927,0.728,0.65,/home/ubuntu/Desktop/DeepAmes_Full_STL_4_keep_weights/results_TA98_without_S9/artifacts/base/xgboost/estimators/xgboost_seed_5_skf_1_paras_151_lr_0.01_n_900_depth_7_subsample_0.8_scale_pos_weight_6.joblib,"{""learning_rate"": 0.01, ""max_depth"": 7, ""n_estimators"": 900, ""scale_pos_weight"": 6, ""subsample"": 0.8}",xgboost,151,/home/ubuntu/Desktop/DeepAmes_Full_STL_4_keep_weights/results_TA98_without_S9/artifacts/base/xgboost/scalers/xgboost_seed_5_skf_1_paras_151_lr_0.01_n_900_depth_7_subsample_0.8_scale_pos_weight_6_scaler.joblib,5,1
xgboost_seed_5_skf_2_paras_151_lr_0.01_n_900_depth_7_subsample_0.8_scale_pos_weight_6,xgboost,5_skf_2,712,66,54,164,0.88,0.917,0.752,0.915,0.713,0.93,0.732,0.655,/home/ubuntu/Desktop/DeepAmes_Full_STL_4_keep_weights/results_TA98_without_S9/artifacts/base/xgboost/estimators/xgboost_seed_5_skf_2_paras_151_lr_0.01_n_900_depth_7_subsample_0.8_scale_pos_weight_6.joblib,"{""learning_rate"": 0.01, ""max_depth"": 7, ""n_estimators"": 900, ""scale_pos_weight"": 6, ""subsample"": 0.8}",xgboost,151,/home/ubuntu/Desktop/DeepAmes_Full_STL_4_keep_weights/results_TA98_without_S9/artifacts/base/xgboost/scalers/xgboost_seed_5_skf_2_paras_151_lr_0.01_n_900_depth_7_subsample_0.8_scale_pos_weight_6_scaler.joblib,5,2
xgboost_seed_5_skf_3_paras_151_lr_0.01_n_900_depth_7_subsample_0.8_scale_pos_weight_6,xgboost,5_skf_3,709,69,56,162,0.874,0.915,0.743,0.911,0.701,0.927,0.722,0.641,/home/ubuntu/Desktop/DeepAmes_Full_STL_4_keep_weights/results_TA98_without_S9/artifacts/base/xgboost/estimators/xgboost_seed_5_skf_3_paras_151_lr_0.01_n_900_depth_7_subsample_0.8_scale_pos_weight_6.joblib,"{""learning_rate"": 0.01, ""max_depth"": 7, ""n_estimators"": 900, ""scale_pos_weight"": 6, ""subsample"": 0.8}",xgboost,151,/home/ubuntu/Desktop/DeepAmes_Full_STL_4_keep_weights/results_TA98_without_S9/artifacts/base/xgboost/scalers/xgboost_seed_5_skf_3_paras_151_lr_0.01_n_900_depth_7_subsample_0.8_scale_pos_weight_6_scaler.joblib,5,3
xgboost_seed_5_skf_4_paras_151_lr_0.01_n_900_depth_7_subsample_0.8_scale_pos_weight_6,xgboost,5_skf_4,722,56,61,157,0.883,0.909,0.72,0.928,0.737,0.922,0.729,0.654,/home/ubuntu/Desktop/DeepAmes_Full_STL_4_keep_weights/results_TA98_without_S9/artifacts/base/xgboost/estimators/xgboost_seed_5_skf_4_paras_151_lr_0.01_n_900_depth_7_subsample_0.8_scale_pos_weight_6.joblib,"{""learning_rate"": 0.01, ""max_depth"": 7, ""n_estimators"": 900, ""scale_pos_weight"": 6, ""subsample"": 0.8}",xgboost,151,/home/ubuntu/Desktop/DeepAmes_Full_STL_4_keep_weights/results_TA98_without_S9/artifacts/base/xgboost/scalers/xgboost_seed_5_skf_4_paras_151_lr_0.01_n_900_depth_7_subsample_0.8_scale_pos_weight_6_scaler.joblib,5,4
xgboost_seed_6_skf_1_paras_151_lr_0.01_n_900_depth_7_subsample_0.8_scale_pos_weight_6,xgboost,6_skf_1,720,58,62,156,0.88,0.913,0.716,0.925,0.729,0.921,0.722,0.645,/home/ubuntu/Desktop/DeepAmes_Full_STL_4_keep_weights/results_TA98_without_S9/artifacts/base/xgboost/estimators/xgboost_seed_6_skf_1_paras_151_lr_0.01_n_900_depth_7_subsample_0.8_scale_pos_weight_6.joblib,"{""learning_rate"": 0.01, ""max_depth"": 7, ""n_estimators"": 900, ""scale_pos_weight"": 6, ""subsample"": 0.8}",xgboost,151,/home/ubuntu/Desktop/DeepAmes_Full_STL_4_keep_weights/results_TA98_without_S9/artifacts/base/xgboost/scalers/xgboost_seed_6_skf_1_paras_151_lr_0.01_n_900_depth_7_subsample_0.8_scale_pos_weight_6_scaler.joblib,6,1
xgboost_seed_6_skf_2_paras_151_lr_0.01_n_900_depth_7_subsample_0.8_scale_pos_weight_6,xgboost,6_skf_2,716,62,56,162,0.882,0.915,0.743,0.92,0.723,0.927,0.733,0.657,/home/ubuntu/Desktop/DeepAmes_Full_STL_4_keep_weights/results_TA98_without_S9/artifacts/base/xgboost/estimators/xgboost_seed_6_skf_2_paras_151_lr_0.01_n_900_depth_7_subsample_0.8_scale_pos_weight_6.joblib,"{""learning_rate"": 0.01, ""max_depth"": 7, ""n_estimators"": 900, ""scale_pos_weight"": 6, ""subsample"": 0.8}",xgboost,151,/home/ubuntu/Desktop/DeepAmes_Full_STL_4_keep_weights/results_TA98_without_S9/artifacts/base/xgboost/scalers/xgboost_seed_6_skf_2_paras_151_lr_0.01_n_900_depth_7_subsample_0.8_scale_pos_weight_6_scaler.joblib,6,2
xgboost_seed_6_skf_3_paras_151_lr_0.01_n_900_depth_7_subsample_0.8_scale_pos_weight_6,xgboost,6_skf_3,711,67,59,159,0.873,0.912,0.729,0.914,0.704,0.923,0.716,0.635,/home/ubuntu/Desktop/DeepAmes_Full_STL_4_keep_weights/results_TA98_without_S9/artifacts/base/xgboost/estimators/xgboost_seed_6_skf_3_paras_151_lr_0.01_n_900_depth_7_subsample_0.8_scale_pos_weight_6.joblib,"{""learning_rate"": 0.01, ""max_depth"": 7, ""n_estimators"": 900, ""scale_pos_weight"": 6, ""subsample"": 0.8}",xgboost,151,/home/ubuntu/Desktop/DeepAmes_Full_STL_4_keep_weights/results_TA98_without_S9/artifacts/base/xgboost/scalers/xgboost_seed_6_skf_3_paras_151_lr_0.01_n_900_depth_7_subsample_0.8_scale_pos_weight_6_scaler.joblib,6,3
xgboost_seed_7_skf_0_paras_151_lr_0.01_n_900_depth_7_subsample_0.8_scale_pos_weight_6,xgboost,7_skf_0,710,68,56,162,0.876,0.914,0.743,0.913,0.704,0.927,0.723,0.643,/home/ubuntu/Desktop/DeepAmes_Full_STL_4_keep_weights/results_TA98_without_S9/artifacts/base/xgboost/estimators/xgboost_seed_7_skf_0_paras_151_lr_0.01_n_900_depth_7_subsample_0.8_scale_pos_weight_6.joblib,"{""learning_rate"": 0.01, ""max_depth"": 7, ""n_estimators"": 900, ""scale_pos_weight"": 6, ""subsample"": 0.8}",xgboost,151,/home/ubuntu/Desktop/DeepAmes_Full_STL_4_keep_weights/results_TA98_without_S9/artifacts/base/xgboost/scalers/xgboost_seed_7_skf_0_paras_151_lr_0.01_n_900_depth_7_subsample_0.8_scale_pos_weight_6_scaler.joblib,7,0
xgboost_seed_7_skf_2_paras_151_lr_0.01_n_900_depth_7_subsample_0.8_scale_pos_weight_6,xgboost,7_skf_2,721,57,59,159,0.884,0.914,0.729,0.927,0.736,0.924,0.733,0.658,/home/ubuntu/Desktop/DeepAmes_Full_STL_4_keep_weights/results_TA98_without_S9/artifacts/base/xgboost/estimators/xgboost_seed_7_skf_2_paras_151_lr_0.01_n_900_depth_7_subsample_0.8_scale_pos_weight_6.joblib,"{""learning_rate"": 0.01, ""max_depth"": 7, ""n_estimators"": 900, ""scale_pos_weight"": 6, ""subsample"": 0.8}",xgboost,151,/home/ubuntu/Desktop/DeepAmes_Full_STL_4_keep_weights/results_TA98_without_S9/artifacts/base/xgboost/scalers/xgboost_seed_7_skf_2_paras_151_lr_0.01_n_900_depth_7_subsample_0.8_scale_pos_weight_6_scaler.joblib,7,2
xgboost_seed_7_skf_3_paras_151_lr_0.01_n_900_depth_7_subsample_0.8_scale_pos_weight_6,xgboost,7_skf_3,715,63,54,164,0.883,0.918,0.752,0.919,0.722,0.93,0.737,0.662,/home/ubuntu/Desktop/DeepAmes_Full_STL_4_keep_weights/results_TA98_without_S9/artifacts/base/xgboost/estimators/xgboost_seed_7_skf_3_paras_151_lr_0.01_n_900_depth_7_subsample_0.8_scale_pos_weight_6.joblib,"{""learning_rate"": 0.01, ""max_depth"": 7, ""n_estimators"": 900, ""scale_pos_weight"": 6, ""subsample"": 0.8}",xgboost,151,/home/ubuntu/Desktop/DeepAmes_Full_STL_4_keep_weights/results_TA98_without_S9/artifacts/base/xgboost/scalers/xgboost_seed_7_skf_3_paras_151_lr_0.01_n_900_depth_7_subsample_0.8_scale_pos_weight_6_scaler.joblib,7,3
xgboost_seed_8_skf_0_paras_151_lr_0.01_n_900_depth_7_subsample_0.8_scale_pos_weight_6,xgboost,8_skf_0,713,65,53,165,0.882,0.918,0.757,0.916,0.717,0.931,0.737,0.661,/home/ubuntu/Desktop/DeepAmes_Full_STL_4_keep_weights/results_TA98_without_S9/artifacts/base/xgboost/estimators/xgboost_seed_8_skf_0_paras_151_lr_0.01_n_900_depth_7_subsample_0.8_scale_pos_weight_6.joblib,"{""learning_rate"": 0.01, ""max_depth"": 7, ""n_estimators"": 900, ""scale_pos_weight"": 6, ""subsample"": 0.8}",xgboost,151,/home/ubuntu/Desktop/DeepAmes_Full_STL_4_keep_weights/results_TA98_without_S9/artifacts/base/xgboost/scalers/xgboost_seed_8_skf_0_paras_151_lr_0.01_n_900_depth_7_subsample_0.8_scale_pos_weight_6_scaler.joblib,8,0
xgboost_seed_8_skf_2_paras_151_lr_0.01_n_900_depth_7_subsample_0.8_scale_pos_weight_6,xgboost,8_skf_2,717,61,56,162,0.883,0.918,0.743,0.922,0.726,0.928,0.735,0.659,/home/ubuntu/Desktop/DeepAmes_Full_STL_4_keep_weights/results_TA98_without_S9/artifacts/base/xgboost/estimators/xgboost_seed_8_skf_2_paras_151_lr_0.01_n_900_depth_7_subsample_0.8_scale_pos_weight_6.joblib,"{""learning_rate"": 0.01, ""max_depth"": 7, ""n_estimators"": 900, ""scale_pos_weight"": 6, ""subsample"": 0.8}",xgboost,151,/home/ubuntu/Desktop/DeepAmes_Full_STL_4_keep_weights/results_TA98_without_S9/artifacts/base/xgboost/scalers/xgboost_seed_8_skf_2_paras_151_lr_0.01_n_900_depth_7_subsample_0.8_scale_pos_weight_6_scaler.joblib,8,2
xgboost_seed_8_skf_3_paras_151_lr_0.01_n_900_depth_7_subsample_0.8_scale_pos_weight_6,xgboost,8_skf_3,713,65,60,158,0.874,0.915,0.725,0.916,0.709,0.922,0.717,0.636,/home/ubuntu/Desktop/DeepAmes_Full_STL_4_keep_weights/results_TA98_without_S9/artifacts/base/xgboost/estimators/xgboost_seed_8_skf_3_paras_151_lr_0.01_n_900_depth_7_subsample_0.8_scale_pos_weight_6.joblib,"{""learning_rate"": 0.01, ""max_depth"": 7, ""n_estimators"": 900, ""scale_pos_weight"": 6, ""subsample"": 0.8}",xgboost,151,/home/ubuntu/Desktop/DeepAmes_Full_STL_4_keep_weights/results_TA98_without_S9/artifacts/base/xgboost/scalers/xgboost_seed_8_skf_3_paras_151_lr_0.01_n_900_depth_7_subsample_0.8_scale_pos_weight_6_scaler.joblib,8,3
xgboost_seed_8_skf_4_paras_151_lr_0.01_n_900_depth_7_subsample_0.8_scale_pos_weight_6,xgboost,8_skf_4,719,59,60,158,0.881,0.913,0.725,0.924,0.728,0.923,0.726,0.65,/home/ubuntu/Desktop/DeepAmes_Full_STL_4_keep_weights/results_TA98_without_S9/artifacts/base/xgboost/estimators/xgboost_seed_8_skf_4_paras_151_lr_0.01_n_900_depth_7_subsample_0.8_scale_pos_weight_6.joblib,"{""learning_rate"": 0.01, ""max_depth"": 7, ""n_estimators"": 900, ""scale_pos_weight"": 6, ""subsample"": 0.8}",xgboost,151,/home/ubuntu/Desktop/DeepAmes_Full_STL_4_keep_weights/results_TA98_without_S9/artifacts/base/xgboost/scalers/xgboost_seed_8_skf_4_paras_151_lr_0.01_n_900_depth_7_subsample_0.8_scale_pos_weight_6_scaler.joblib,8,4
xgboost_seed_9_skf_0_paras_151_lr_0.01_n_900_depth_7_subsample_0.8_scale_pos_weight_6,xgboost,9_skf_0,714,64,56,162,0.88,0.915,0.743,0.918,0.717,0.927,0.73,0.652,/home/ubuntu/Desktop/DeepAmes_Full_STL_4_keep_weights/results_TA98_without_S9/artifacts/base/xgboost/estimators/xgboost_seed_9_skf_0_paras_151_lr_0.01_n_900_depth_7_subsample_0.8_scale_pos_weight_6.joblib,"{""learning_rate"": 0.01, ""max_depth"": 7, ""n_estimators"": 900, ""scale_pos_weight"": 6, ""subsample"": 0.8}",xgboost,151,/home/ubuntu/Desktop/DeepAmes_Full_STL_4_keep_weights/results_TA98_without_S9/artifacts/base/xgboost/scalers/xgboost_seed_9_skf_0_paras_151_lr_0.01_n_900_depth_7_subsample_0.8_scale_pos_weight_6_scaler.joblib,9,0
xgboost_seed_9_skf_1_paras_151_lr_0.01_n_900_depth_7_subsample_0.8_scale_pos_weight_6,xgboost,9_skf_1,717,61,58,160,0.881,0.922,0.734,0.922,0.724,0.925,0.729,0.652,/home/ubuntu/Desktop/DeepAmes_Full_STL_4_keep_weights/results_TA98_without_S9/artifacts/base/xgboost/estimators/xgboost_seed_9_skf_1_paras_151_lr_0.01_n_900_depth_7_subsample_0.8_scale_pos_weight_6.joblib,"{""learning_rate"": 0.01, ""max_depth"": 7, ""n_estimators"": 900, ""scale_pos_weight"": 6, ""subsample"": 0.8}",xgboost,151,/home/ubuntu/Desktop/DeepAmes_Full_STL_4_keep_weights/results_TA98_without_S9/artifacts/base/xgboost/scalers/xgboost_seed_9_skf_1_paras_151_lr_0.01_n_900_depth_7_subsample_0.8_scale_pos_weight_6_scaler.joblib,9,1
xgboost_seed_9_skf_3_paras_151_lr_0.01_n_900_depth_7_subsample_0.8_scale_pos_weight_6,xgboost,9_skf_3,714,64,61,157,0.874,0.907,0.72,0.918,0.71,0.921,0.715,0.635,/home/ubuntu/Desktop/DeepAmes_Full_STL_4_keep_weights/results_TA98_without_S9/artifacts/base/xgboost/estimators/xgboost_seed_9_skf_3_paras_151_lr_0.01_n_900_depth_7_subsample_0.8_scale_pos_weight_6.joblib,"{""learning_rate"": 0.01, ""max_depth"": 7, ""n_estimators"": 900, ""scale_pos_weight"": 6, ""subsample"": 0.8}",xgboost,151,/home/ubuntu/Desktop/DeepAmes_Full_STL_4_keep_weights/results_TA98_without_S9/artifacts/base/xgboost/scalers/xgboost_seed_9_skf_3_paras_151_lr_0.01_n_900_depth_7_subsample_0.8_scale_pos_weight_6_scaler.joblib,9,3
xgboost_seed_9_skf_4_paras_151_lr_0.01_n_900_depth_7_subsample_0.8_scale_pos_weight_6,xgboost,9_skf_4,713,65,56,162,0.879,0.916,0.743,0.916,0.714,0.927,0.728,0.65,/home/ubuntu/Desktop/DeepAmes_Full_STL_4_keep_weights/results_TA98_without_S9/artifacts/base/xgboost/estimators/xgboost_seed_9_skf_4_paras_151_lr_0.01_n_900_depth_7_subsample_0.8_scale_pos_weight_6.joblib,"{""learning_rate"": 0.01, ""max_depth"": 7, ""n_estimators"": 900, ""scale_pos_weight"": 6, ""subsample"": 0.8}",xgboost,151,/home/ubuntu/Desktop/DeepAmes_Full_STL_4_keep_weights/results_TA98_without_S9/artifacts/base/xgboost/scalers/xgboost_seed_9_skf_4_paras_151_lr_0.01_n_900_depth_7_subsample_0.8_scale_pos_weight_6_scaler.joblib,9,4
xgboost_seed_10_skf_1_paras_151_lr_0.01_n_900_depth_7_subsample_0.8_scale_pos_weight_6,xgboost,10_skf_1,715,63,57,161,0.88,0.916,0.739,0.919,0.719,0.926,0.729,0.651,/home/ubuntu/Desktop/DeepAmes_Full_STL_4_keep_weights/results_TA98_without_S9/artifacts/base/xgboost/estimators/xgboost_seed_10_skf_1_paras_151_lr_0.01_n_900_depth_7_subsample_0.8_scale_pos_weight_6.joblib,"{""learning_rate"": 0.01, ""max_depth"": 7, ""n_estimators"": 900, ""scale_pos_weight"": 6, ""subsample"": 0.8}",xgboost,151,/home/ubuntu/Desktop/DeepAmes_Full_STL_4_keep_weights/results_TA98_without_S9/artifacts/base/xgboost/scalers/xgboost_seed_10_skf_1_paras_151_lr_0.01_n_900_depth_7_subsample_0.8_scale_pos_weight_6_scaler.joblib,10,1
xgboost_seed_10_skf_2_paras_151_lr_0.01_n_900_depth_7_subsample_0.8_scale_pos_weight_6,xgboost,10_skf_2,710,68,53,165,0.879,0.92,0.757,0.913,0.708,0.931,0.732,0.654,/home/ubuntu/Desktop/DeepAmes_Full_STL_4_keep_weights/results_TA98_without_S9/artifacts/base/xgboost/estimators/xgboost_seed_10_skf_2_paras_151_lr_0.01_n_900_depth_7_subsample_0.8_scale_pos_weight_6.joblib,"{""learning_rate"": 0.01, ""max_depth"": 7, ""n_estimators"": 900, ""scale_pos_weight"": 6, ""subsample"": 0.8}",xgboost,151,/home/ubuntu/Desktop/DeepAmes_Full_STL_4_keep_weights/results_TA98_without_S9/artifacts/base/xgboost/scalers/xgboost_seed_10_skf_2_paras_151_lr_0.01_n_900_depth_7_subsample_0.8_scale_pos_weight_6_scaler.joblib,10,2
xgboost_seed_10_skf_4_paras_151_lr_0.01_n_900_depth_7_subsample_0.8_scale_pos_weight_6,xgboost,10_skf_4,710,68,58,160,0.873,0.908,0.734,0.913,0.702,0.924,0.717,0.636,/home/ubuntu/Desktop/DeepAmes_Full_STL_4_keep_weights/results_TA98_without_S9/artifacts/base/xgboost/estimators/xgboost_seed_10_skf_4_paras_151_lr_0.01_n_900_depth_7_subsample_0.8_scale_pos_weight_6.joblib,"{""learning_rate"": 0.01, ""max_depth"": 7, ""n_estimators"": 900, ""scale_pos_weight"": 6, ""subsample"": 0.8}",xgboost,151,/home/ubuntu/Desktop/DeepAmes_Full_STL_4_keep_weights/results_TA98_without_S9/artifacts/base/xgboost/scalers/xgboost_seed_10_skf_4_paras_151_lr_0.01_n_900_depth_7_subsample_0.8_scale_pos_weight_6_scaler.joblib,10,4
xgboost_seed_11_skf_1_paras_151_lr_0.01_n_900_depth_7_subsample_0.8_scale_pos_weight_6,xgboost,11_skf_1,713,65,55,163,0.88,0.914,0.748,0.916,0.715,0.928,0.731,0.654,/home/ubuntu/Desktop/DeepAmes_Full_STL_4_keep_weights/results_TA98_without_S9/artifacts/base/xgboost/estimators/xgboost_seed_11_skf_1_paras_151_lr_0.01_n_900_depth_7_subsample_0.8_scale_pos_weight_6.joblib,"{""learning_rate"": 0.01, ""max_depth"": 7, ""n_estimators"": 900, ""scale_pos_weight"": 6, ""subsample"": 0.8}",xgboost,151,/home/ubuntu/Desktop/DeepAmes_Full_STL_4_keep_weights/results_TA98_without_S9/artifacts/base/xgboost/scalers/xgboost_seed_11_skf_1_paras_151_lr_0.01_n_900_depth_7_subsample_0.8_scale_pos_weight_6_scaler.joblib,11,1
xgboost_seed_11_skf_2_paras_151_lr_0.01_n_900_depth_7_subsample_0.8_scale_pos_weight_6,xgboost,11_skf_2,711,67,56,162,0.877,0.919,0.743,0.914,0.707,0.927,0.725,0.646,/home/ubuntu/Desktop/DeepAmes_Full_STL_4_keep_weights/results_TA98_without_S9/artifacts/base/xgboost/estimators/xgboost_seed_11_skf_2_paras_151_lr_0.01_n_900_depth_7_subsample_0.8_scale_pos_weight_6.joblib,"{""learning_rate"": 0.01, ""max_depth"": 7, ""n_estimators"": 900, ""scale_pos_weight"": 6, ""subsample"": 0.8}",xgboost,151,/home/ubuntu/Desktop/DeepAmes_Full_STL_4_keep_weights/results_TA98_without_S9/artifacts/base/xgboost/scalers/xgboost_seed_11_skf_2_paras_151_lr_0.01_n_900_depth_7_subsample_0.8_scale_pos_weight_6_scaler.joblib,11,2
xgboost_seed_11_skf_3_paras_151_lr_0.01_n_900_depth_7_subsample_0.8_scale_pos_weight_6,xgboost,11_skf_3,712,66,54,164,0.88,0.913,0.752,0.915,0.713,0.93,0.732,0.655,/home/ubuntu/Desktop/DeepAmes_Full_STL_4_keep_weights/results_TA98_without_S9/artifacts/base/xgboost/estimators/xgboost_seed_11_skf_3_paras_151_lr_0.01_n_900_depth_7_subsample_0.8_scale_pos_weight_6.joblib,"{""learning_rate"": 0.01, ""max_depth"": 7, ""n_estimators"": 900, ""scale_pos_weight"": 6, ""subsample"": 0.8}",xgboost,151,/home/ubuntu/Desktop/DeepAmes_Full_STL_4_keep_weights/results_TA98_without_S9/artifacts/base/xgboost/scalers/xgboost_seed_11_skf_3_paras_151_lr_0.01_n_900_depth_7_subsample_0.8_scale_pos_weight_6_scaler.joblib,11,3
xgboost_seed_11_skf_4_paras_151_lr_0.01_n_900_depth_7_subsample_0.8_scale_pos_weight_6,xgboost,11_skf_4,718,60,56,162,0.884,0.916,0.743,0.923,0.73,0.928,0.736,0.662,/home/ubuntu/Desktop/DeepAmes_Full_STL_4_keep_weights/results_TA98_without_S9/artifacts/base/xgboost/estimators/xgboost_seed_11_skf_4_paras_151_lr_0.01_n_900_depth_7_subsample_0.8_scale_pos_weight_6.joblib,"{""learning_rate"": 0.01, ""max_depth"": 7, ""n_estimators"": 900, ""scale_pos_weight"": 6, ""subsample"": 0.8}",xgboost,151,/home/ubuntu/Desktop/DeepAmes_Full_STL_4_keep_weights/results_TA98_without_S9/artifacts/base/xgboost/scalers/xgboost_seed_11_skf_4_paras_151_lr_0.01_n_900_depth_7_subsample_0.8_scale_pos_weight_6_scaler.joblib,11,4
xgboost_seed_12_skf_0_paras_151_lr_0.01_n_900_depth_7_subsample_0.8_scale_pos_weight_6,xgboost,12_skf_0,713,65,57,161,0.878,0.913,0.739,0.916,0.712,0.926,0.725,0.647,/home/ubuntu/Desktop/DeepAmes_Full_STL_4_keep_weights/results_TA98_without_S9/artifacts/base/xgboost/estimators/xgboost_seed_12_skf_0_paras_151_lr_0.01_n_900_depth_7_subsample_0.8_scale_pos_weight_6.joblib,"{""learning_rate"": 0.01, ""max_depth"": 7, ""n_estimators"": 900, ""scale_pos_weight"": 6, ""subsample"": 0.8}",xgboost,151,/home/ubuntu/Desktop/DeepAmes_Full_STL_4_keep_weights/results_TA98_without_S9/artifacts/base/xgboost/scalers/xgboost_seed_12_skf_0_paras_151_lr_0.01_n_900_depth_7_subsample_0.8_scale_pos_weight_6_scaler.joblib,12,0
xgboost_seed_12_skf_1_paras_151_lr_0.01_n_900_depth_7_subsample_0.8_scale_pos_weight_6,xgboost,12_skf_1,707,71,57,161,0.871,0.91,0.739,0.909,0.694,0.925,0.716,0.633,/home/ubuntu/Desktop/DeepAmes_Full_STL_4_keep_weights/results_TA98_without_S9/artifacts/base/xgboost/estimators/xgboost_seed_12_skf_1_paras_151_lr_0.01_n_900_depth_7_subsample_0.8_scale_pos_weight_6.joblib,"{""learning_rate"": 0.01, ""max_depth"": 7, ""n_estimators"": 900, ""scale_pos_weight"": 6, ""subsample"": 0.8}",xgboost,151,/home/ubuntu/Desktop/DeepAmes_Full_STL_4_keep_weights/results_TA98_without_S9/artifacts/base/xgboost/scalers/xgboost_seed_12_skf_1_paras_151_lr_0.01_n_900_depth_7_subsample_0.8_scale_pos_weight_6_scaler.joblib,12,1
xgboost_seed_12_skf_2_paras_151_lr_0.01_n_900_depth_7_subsample_0.8_scale_pos_weight_6,xgboost,12_skf_2,712,66,57,161,0.877,0.92,0.739,0.915,0.709,0.926,0.724,0.644,/home/ubuntu/Desktop/DeepAmes_Full_STL_4_keep_weights/results_TA98_without_S9/artifacts/base/xgboost/estimators/xgboost_seed_12_skf_2_paras_151_lr_0.01_n_900_depth_7_subsample_0.8_scale_pos_weight_6.joblib,"{""learning_rate"": 0.01, ""max_depth"": 7, ""n_estimators"": 900, ""scale_pos_weight"": 6, ""subsample"": 0.8}",xgboost,151,/home/ubuntu/Desktop/DeepAmes_Full_STL_4_keep_weights/results_TA98_without_S9/artifacts/base/xgboost/scalers/xgboost_seed_12_skf_2_paras_151_lr_0.01_n_900_depth_7_subsample_0.8_scale_pos_weight_6_scaler.joblib,12,2
xgboost_seed_12_skf_3_paras_151_lr_0.01_n_900_depth_7_subsample_0.8_scale_pos_weight_6,xgboost,12_skf_3,713,65,53,165,0.882,0.915,0.757,0.916,0.717,0.931,0.737,0.661,/home/ubuntu/Desktop/DeepAmes_Full_STL_4_keep_weights/results_TA98_without_S9/artifacts/base/xgboost/estimators/xgboost_seed_12_skf_3_paras_151_lr_0.01_n_900_depth_7_subsample_0.8_scale_pos_weight_6.joblib,"{""learning_rate"": 0.01, ""max_depth"": 7, ""n_estimators"": 900, ""scale_pos_weight"": 6, ""subsample"": 0.8}",xgboost,151,/home/ubuntu/Desktop/DeepAmes_Full_STL_4_keep_weights/results_TA98_without_S9/artifacts/base/xgboost/scalers/xgboost_seed_12_skf_3_paras_151_lr_0.01_n_900_depth_7_subsample_0.8_scale_pos_weight_6_scaler.joblib,12,3
xgboost_seed_12_skf_4_paras_151_lr_0.01_n_900_depth_7_subsample_0.8_scale_pos_weight_6,xgboost,12_skf_4,717,61,59,159,0.88,0.915,0.729,0.922,0.723,0.924,0.726,0.649,/home/ubuntu/Desktop/DeepAmes_Full_STL_4_keep_weights/results_TA98_without_S9/artifacts/base/xgboost/estimators/xgboost_seed_12_skf_4_paras_151_lr_0.01_n_900_depth_7_subsample_0.8_scale_pos_weight_6.joblib,"{""learning_rate"": 0.01, ""max_depth"": 7, ""n_estimators"": 900, ""scale_pos_weight"": 6, ""subsample"": 0.8}",xgboost,151,/home/ubuntu/Desktop/DeepAmes_Full_STL_4_keep_weights/results_TA98_without_S9/artifacts/base/xgboost/scalers/xgboost_seed_12_skf_4_paras_151_lr_0.01_n_900_depth_7_subsample_0.8_scale_pos_weight_6_scaler.joblib,12,4
xgboost_seed_13_skf_1_paras_151_lr_0.01_n_900_depth_7_subsample_0.8_scale_pos_weight_6,xgboost,13_skf_1,715,63,58,160,0.879,0.919,0.734,0.919,0.717,0.925,0.726,0.648,/home/ubuntu/Desktop/DeepAmes_Full_STL_4_keep_weights/results_TA98_without_S9/artifacts/base/xgboost/estimators/xgboost_seed_13_skf_1_paras_151_lr_0.01_n_900_depth_7_subsample_0.8_scale_pos_weight_6.joblib,"{""learning_rate"": 0.01, ""max_depth"": 7, ""n_estimators"": 900, ""scale_pos_weight"": 6, ""subsample"": 0.8}",xgboost,151,/home/ubuntu/Desktop/DeepAmes_Full_STL_4_keep_weights/results_TA98_without_S9/artifacts/base/xgboost/scalers/xgboost_seed_13_skf_1_paras_151_lr_0.01_n_900_depth_7_subsample_0.8_scale_pos_weight_6_scaler.joblib,13,1
xgboost_seed_13_skf_2_paras_151_lr_0.01_n_900_depth_7_subsample_0.8_scale_pos_weight_6,xgboost,13_skf_2,712,66,52,166,0.882,0.918,0.761,0.915,0.716,0.932,0.738,0.662,/home/ubuntu/Desktop/DeepAmes_Full_STL_4_keep_weights/results_TA98_without_S9/artifacts/base/xgboost/estimators/xgboost_seed_13_skf_2_paras_151_lr_0.01_n_900_depth_7_subsample_0.8_scale_pos_weight_6.joblib,"{""learning_rate"": 0.01, ""max_depth"": 7, ""n_estimators"": 900, ""scale_pos_weight"": 6, ""subsample"": 0.8}",xgboost,151,/home/ubuntu/Desktop/DeepAmes_Full_STL_4_keep_weights/results_TA98_without_S9/artifacts/base/xgboost/scalers/xgboost_seed_13_skf_2_paras_151_lr_0.01_n_900_depth_7_subsample_0.8_scale_pos_weight_6_scaler.joblib,13,2
xgboost_seed_13_skf_4_paras_151_lr_0.01_n_900_depth_7_subsample_0.8_scale_pos_weight_6,xgboost,13_skf_4,715,63,56,162,0.881,0.916,0.743,0.919,0.72,0.927,0.731,0.655,/home/ubuntu/Desktop/DeepAmes_Full_STL_4_keep_weights/results_TA98_without_S9/artifacts/base/xgboost/estimators/xgboost_seed_13_skf_4_paras_151_lr_0.01_n_900_depth_7_subsample_0.8_scale_pos_weight_6.joblib,"{""learning_rate"": 0.01, ""max_depth"": 7, ""n_estimators"": 900, ""scale_pos_weight"": 6, ""subsample"": 0.8}",xgboost,151,/home/ubuntu/Desktop/DeepAmes_Full_STL_4_keep_weights/results_TA98_without_S9/artifacts/base/xgboost/scalers/xgboost_seed_13_skf_4_paras_151_lr_0.01_n_900_depth_7_subsample_0.8_scale_pos_weight_6_scaler.joblib,13,4
xgboost_seed_14_skf_0_paras_151_lr_0.01_n_900_depth_7_subsample_0.8_scale_pos_weight_6,xgboost,14_skf_0,715,63,55,163,0.882,0.914,0.748,0.919,0.721,0.929,0.734,0.658,/home/ubuntu/Desktop/DeepAmes_Full_STL_4_keep_weights/results_TA98_without_S9/artifacts/base/xgboost/estimators/xgboost_seed_14_skf_0_paras_151_lr_0.01_n_900_depth_7_subsample_0.8_scale_pos_weight_6.joblib,"{""learning_rate"": 0.01, ""max_depth"": 7, ""n_estimators"": 900, ""scale_pos_weight"": 6, ""subsample"": 0.8}",xgboost,151,/home/ubuntu/Desktop/DeepAmes_Full_STL_4_keep_weights/results_TA98_without_S9/artifacts/base/xgboost/scalers/xgboost_seed_14_skf_0_paras_151_lr_0.01_n_900_depth_7_subsample_0.8_scale_pos_weight_6_scaler.joblib,14,0
xgboost_seed_14_skf_1_paras_151_lr_0.01_n_900_depth_7_subsample_0.8_scale_pos_weight_6,xgboost,14_skf_1,713,65,59,159,0.876,0.916,0.729,0.916,0.71,0.924,0.719,0.64,/home/ubuntu/Desktop/DeepAmes_Full_STL_4_keep_weights/results_TA98_without_S9/artifacts/base/xgboost/estimators/xgboost_seed_14_skf_1_paras_151_lr_0.01_n_900_depth_7_subsample_0.8_scale_pos_weight_6.joblib,"{""learning_rate"": 0.01, ""max_depth"": 7, ""n_estimators"": 900, ""scale_pos_weight"": 6, ""subsample"": 0.8}",xgboost,151,/home/ubuntu/Desktop/DeepAmes_Full_STL_4_keep_weights/results_TA98_without_S9/artifacts/base/xgboost/scalers/xgboost_seed_14_skf_1_paras_151_lr_0.01_n_900_depth_7_subsample_0.8_scale_pos_weight_6_scaler.joblib,14,1
xgboost_seed_14_skf_2_paras_151_lr_0.01_n_900_depth_7_subsample_0.8_scale_pos_weight_6,xgboost,14_skf_2,710,68,52,166,0.88,0.918,0.761,0.913,0.709,0.932,0.735,0.657,/home/ubuntu/Desktop/DeepAmes_Full_STL_4_keep_weights/results_TA98_without_S9/artifacts/base/xgboost/estimators/xgboost_seed_14_skf_2_paras_151_lr_0.01_n_900_depth_7_subsample_0.8_scale_pos_weight_6.joblib,"{""learning_rate"": 0.01, ""max_depth"": 7, ""n_estimators"": 900, ""scale_pos_weight"": 6, ""subsample"": 0.8}",xgboost,151,/home/ubuntu/Desktop/DeepAmes_Full_STL_4_keep_weights/results_TA98_without_S9/artifacts/base/xgboost/scalers/xgboost_seed_14_skf_2_paras_151_lr_0.01_n_900_depth_7_subsample_0.8_scale_pos_weight_6_scaler.joblib,14,2
xgboost_seed_14_skf_3_paras_151_lr_0.01_n_900_depth_7_subsample_0.8_scale_pos_weight_6,xgboost,14_skf_3,715,63,56,162,0.881,0.917,0.743,0.919,0.72,0.927,0.731,0.655,/home/ubuntu/Desktop/DeepAmes_Full_STL_4_keep_weights/results_TA98_without_S9/artifacts/base/xgboost/estimators/xgboost_seed_14_skf_3_paras_151_lr_0.01_n_900_depth_7_subsample_0.8_scale_pos_weight_6.joblib,"{""learning_rate"": 0.01, ""max_depth"": 7, ""n_estimators"": 900, ""scale_pos_weight"": 6, ""subsample"": 0.8}",xgboost,151,/home/ubuntu/Desktop/DeepAmes_Full_STL_4_keep_weights/results_TA98_without_S9/artifacts/base/xgboost/scalers/xgboost_seed_14_skf_3_paras_151_lr_0.01_n_900_depth_7_subsample_0.8_scale_pos_weight_6_scaler.joblib,14,3
xgboost_seed_14_skf_4_paras_151_lr_0.01_n_900_depth_7_subsample_0.8_scale_pos_weight_6,xgboost,14_skf_4,712,66,57,161,0.877,0.911,0.739,0.915,0.709,0.926,0.724,0.644,/home/ubuntu/Desktop/DeepAmes_Full_STL_4_keep_weights/results_TA98_without_S9/artifacts/base/xgboost/estimators/xgboost_seed_14_skf_4_paras_151_lr_0.01_n_900_depth_7_subsample_0.8_scale_pos_weight_6.joblib,"{""learning_rate"": 0.01, ""max_depth"": 7, ""n_estimators"": 900, ""scale_pos_weight"": 6, ""subsample"": 0.8}",xgboost,151,/home/ubuntu/Desktop/DeepAmes_Full_STL_4_keep_weights/results_TA98_without_S9/artifacts/base/xgboost/scalers/xgboost_seed_14_skf_4_paras_151_lr_0.01_n_900_depth_7_subsample_0.8_scale_pos_weight_6_scaler.joblib,14,4
xgboost_seed_15_skf_0_paras_151_lr_0.01_n_900_depth_7_subsample_0.8_scale_pos_weight_6,xgboost,15_skf_0,713,65,56,162,0.879,0.915,0.743,0.916,0.714,0.927,0.728,0.65,/home/ubuntu/Desktop/DeepAmes_Full_STL_4_keep_weights/results_TA98_without_S9/artifacts/base/xgboost/estimators/xgboost_seed_15_skf_0_paras_151_lr_0.01_n_900_depth_7_subsample_0.8_scale_pos_weight_6.joblib,"{""learning_rate"": 0.01, ""max_depth"": 7, ""n_estimators"": 900, ""scale_pos_weight"": 6, ""subsample"": 0.8}",xgboost,151,/home/ubuntu/Desktop/DeepAmes_Full_STL_4_keep_weights/results_TA98_without_S9/artifacts/base/xgboost/scalers/xgboost_seed_15_skf_0_paras_151_lr_0.01_n_900_depth_7_subsample_0.8_scale_pos_weight_6_scaler.joblib,15,0
xgboost_seed_15_skf_1_paras_151_lr_0.01_n_900_depth_7_subsample_0.8_scale_pos_weight_6,xgboost,15_skf_1,715,63,58,160,0.879,0.91,0.734,0.919,0.717,0.925,0.726,0.648,/home/ubuntu/Desktop/DeepAmes_Full_STL_4_keep_weights/results_TA98_without_S9/artifacts/base/xgboost/estimators/xgboost_seed_15_skf_1_paras_151_lr_0.01_n_900_depth_7_subsample_0.8_scale_pos_weight_6.joblib,"{""learning_rate"": 0.01, ""max_depth"": 7, ""n_estimators"": 900, ""scale_pos_weight"": 6, ""subsample"": 0.8}",xgboost,151,/home/ubuntu/Desktop/DeepAmes_Full_STL_4_keep_weights/results_TA98_without_S9/artifacts/base/xgboost/scalers/xgboost_seed_15_skf_1_paras_151_lr_0.01_n_900_depth_7_subsample_0.8_scale_pos_weight_6_scaler.joblib,15,1
xgboost_seed_15_skf_2_paras_151_lr_0.01_n_900_depth_7_subsample_0.8_scale_pos_weight_6,xgboost,15_skf_2,715,63,57,161,0.88,0.918,0.739,0.919,0.719,0.926,0.729,0.651,/home/ubuntu/Desktop/DeepAmes_Full_STL_4_keep_weights/results_TA98_without_S9/artifacts/base/xgboost/estimators/xgboost_seed_15_skf_2_paras_151_lr_0.01_n_900_depth_7_subsample_0.8_scale_pos_weight_6.joblib,"{""learning_rate"": 0.01, ""max_depth"": 7, ""n_estimators"": 900, ""scale_pos_weight"": 6, ""subsample"": 0.8}",xgboost,151,/home/ubuntu/Desktop/DeepAmes_Full_STL_4_keep_weights/results_TA98_without_S9/artifacts/base/xgboost/scalers/xgboost_seed_15_skf_2_paras_151_lr_0.01_n_900_depth_7_subsample_0.8_scale_pos_weight_6_scaler.joblib,15,2
xgboost_seed_15_skf_3_paras_151_lr_0.01_n_900_depth_7_subsample_0.8_scale_pos_weight_6,xgboost,15_skf_3,711,67,54,164,0.879,0.915,0.752,0.914,0.71,0.929,0.731,0.653,/home/ubuntu/Desktop/DeepAmes_Full_STL_4_keep_weights/results_TA98_without_S9/artifacts/base/xgboost/estimators/xgboost_seed_15_skf_3_paras_151_lr_0.01_n_900_depth_7_subsample_0.8_scale_pos_weight_6.joblib,"{""learning_rate"": 0.01, ""max_depth"": 7, ""n_estimators"": 900, ""scale_pos_weight"": 6, ""subsample"": 0.8}",xgboost,151,/home/ubuntu/Desktop/DeepAmes_Full_STL_4_keep_weights/results_TA98_without_S9/artifacts/base/xgboost/scalers/xgboost_seed_15_skf_3_paras_151_lr_0.01_n_900_depth_7_subsample_0.8_scale_pos_weight_6_scaler.joblib,15,3
xgboost_seed_16_skf_1_paras_151_lr_0.01_n_900_depth_7_subsample_0.8_scale_pos_weight_6,xgboost,16_skf_1,716,62,58,160,0.88,0.918,0.734,0.92,0.721,0.925,0.727,0.65,/home/ubuntu/Desktop/DeepAmes_Full_STL_4_keep_weights/results_TA98_without_S9/artifacts/base/xgboost/estimators/xgboost_seed_16_skf_1_paras_151_lr_0.01_n_900_depth_7_subsample_0.8_scale_pos_weight_6.joblib,"{""learning_rate"": 0.01, ""max_depth"": 7, ""n_estimators"": 900, ""scale_pos_weight"": 6, ""subsample"": 0.8}",xgboost,151,/home/ubuntu/Desktop/DeepAmes_Full_STL_4_keep_weights/results_TA98_without_S9/artifacts/base/xgboost/scalers/xgboost_seed_16_skf_1_paras_151_lr_0.01_n_900_depth_7_subsample_0.8_scale_pos_weight_6_scaler.joblib,16,1
xgboost_seed_16_skf_2_paras_151_lr_0.01_n_900_depth_7_subsample_0.8_scale_pos_weight_6,xgboost,16_skf_2,714,64,55,163,0.881,0.92,0.748,0.918,0.718,0.928,0.733,0.656,/home/ubuntu/Desktop/DeepAmes_Full_STL_4_keep_weights/results_TA98_without_S9/artifacts/base/xgboost/estimators/xgboost_seed_16_skf_2_paras_151_lr_0.01_n_900_depth_7_subsample_0.8_scale_pos_weight_6.joblib,"{""learning_rate"": 0.01, ""max_depth"": 7, ""n_estimators"": 900, ""scale_pos_weight"": 6, ""subsample"": 0.8}",xgboost,151,/home/ubuntu/Desktop/DeepAmes_Full_STL_4_keep_weights/results_TA98_without_S9/artifacts/base/xgboost/scalers/xgboost_seed_16_skf_2_paras_151_lr_0.01_n_900_depth_7_subsample_0.8_scale_pos_weight_6_scaler.joblib,16,2
xgboost_seed_16_skf_3_paras_151_lr_0.01_n_900_depth_7_subsample_0.8_scale_pos_weight_6,xgboost,16_skf_3,712,66,60,158,0.873,0.909,0.725,0.915,0.705,0.922,0.715,0.634,/home/ubuntu/Desktop/DeepAmes_Full_STL_4_keep_weights/results_TA98_without_S9/artifacts/base/xgboost/estimators/xgboost_seed_16_skf_3_paras_151_lr_0.01_n_900_depth_7_subsample_0.8_scale_pos_weight_6.joblib,"{""learning_rate"": 0.01, ""max_depth"": 7, ""n_estimators"": 900, ""scale_pos_weight"": 6, ""subsample"": 0.8}",xgboost,151,/home/ubuntu/Desktop/DeepAmes_Full_STL_4_keep_weights/results_TA98_without_S9/artifacts/base/xgboost/scalers/xgboost_seed_16_skf_3_paras_151_lr_0.01_n_900_depth_7_subsample_0.8_scale_pos_weight_6_scaler.joblib,16,3
xgboost_seed_16_skf_4_paras_151_lr_0.01_n_900_depth_7_subsample_0.8_scale_pos_weight_6,xgboost,16_skf_4,716,62,55,163,0.883,0.921,0.748,0.92,0.724,0.929,0.736,0.661,/home/ubuntu/Desktop/DeepAmes_Full_STL_4_keep_weights/results_TA98_without_S9/artifacts/base/xgboost/estimators/xgboost_seed_16_skf_4_paras_151_lr_0.01_n_900_depth_7_subsample_0.8_scale_pos_weight_6.joblib,"{""learning_rate"": 0.01, ""max_depth"": 7, ""n_estimators"": 900, ""scale_pos_weight"": 6, ""subsample"": 0.8}",xgboost,151,/home/ubuntu/Desktop/DeepAmes_Full_STL_4_keep_weights/results_TA98_without_S9/artifacts/base/xgboost/scalers/xgboost_seed_16_skf_4_paras_151_lr_0.01_n_900_depth_7_subsample_0.8_scale_pos_weight_6_scaler.joblib,16,4
xgboost_seed_17_skf_0_paras_151_lr_0.01_n_900_depth_7_subsample_0.8_scale_pos_weight_6,xgboost,17_skf_0,719,59,62,156,0.879,0.916,0.716,0.924,0.726,0.921,0.721,0.643,/home/ubuntu/Desktop/DeepAmes_Full_STL_4_keep_weights/results_TA98_without_S9/artifacts/base/xgboost/estimators/xgboost_seed_17_skf_0_paras_151_lr_0.01_n_900_depth_7_subsample_0.8_scale_pos_weight_6.joblib,"{""learning_rate"": 0.01, ""max_depth"": 7, ""n_estimators"": 900, ""scale_pos_weight"": 6, ""subsample"": 0.8}",xgboost,151,/home/ubuntu/Desktop/DeepAmes_Full_STL_4_keep_weights/results_TA98_without_S9/artifacts/base/xgboost/scalers/xgboost_seed_17_skf_0_paras_151_lr_0.01_n_900_depth_7_subsample_0.8_scale_pos_weight_6_scaler.joblib,17,0
xgboost_seed_17_skf_1_paras_151_lr_0.01_n_900_depth_7_subsample_0.8_scale_pos_weight_6,xgboost,17_skf_1,716,62,56,162,0.882,0.92,0.743,0.92,0.723,0.927,0.733,0.657,/home/ubuntu/Desktop/DeepAmes_Full_STL_4_keep_weights/results_TA98_without_S9/artifacts/base/xgboost/estimators/xgboost_seed_17_skf_1_paras_151_lr_0.01_n_900_depth_7_subsample_0.8_scale_pos_weight_6.joblib,"{""learning_rate"": 0.01, ""max_depth"": 7, ""n_estimators"": 900, ""scale_pos_weight"": 6, ""subsample"": 0.8}",xgboost,151,/home/ubuntu/Desktop/DeepAmes_Full_STL_4_keep_weights/results_TA98_without_S9/artifacts/base/xgboost/scalers/xgboost_seed_17_skf_1_paras_151_lr_0.01_n_900_depth_7_subsample_0.8_scale_pos_weight_6_scaler.joblib,17,1
xgboost_seed_17_skf_2_paras_151_lr_0.01_n_900_depth_7_subsample_0.8_scale_pos_weight_6,xgboost,17_skf_2,712,66,54,164,0.88,0.911,0.752,0.915,0.713,0.93,0.732,0.655,/home/ubuntu/Desktop/DeepAmes_Full_STL_4_keep_weights/results_TA98_without_S9/artifacts/base/xgboost/estimators/xgboost_seed_17_skf_2_paras_151_lr_0.01_n_900_depth_7_subsample_0.8_scale_pos_weight_6.joblib,"{""learning_rate"": 0.01, ""max_depth"": 7, ""n_estimators"": 900, ""scale_pos_weight"": 6, ""subsample"": 0.8}",xgboost,151,/home/ubuntu/Desktop/DeepAmes_Full_STL_4_keep_weights/results_TA98_without_S9/artifacts/base/xgboost/scalers/xgboost_seed_17_skf_2_paras_151_lr_0.01_n_900_depth_7_subsample_0.8_scale_pos_weight_6_scaler.joblib,17,2
xgboost_seed_17_skf_3_paras_151_lr_0.01_n_900_depth_7_subsample_0.8_scale_pos_weight_6,xgboost,17_skf_3,712,66,54,164,0.88,0.919,0.752,0.915,0.713,0.93,0.732,0.655,/home/ubuntu/Desktop/DeepAmes_Full_STL_4_keep_weights/results_TA98_without_S9/artifacts/base/xgboost/estimators/xgboost_seed_17_skf_3_paras_151_lr_0.01_n_900_depth_7_subsample_0.8_scale_pos_weight_6.joblib,"{""learning_rate"": 0.01, ""max_depth"": 7, ""n_estimators"": 900, ""scale_pos_weight"": 6, ""subsample"": 0.8}",xgboost,151,/home/ubuntu/Desktop/DeepAmes_Full_STL_4_keep_weights/results_TA98_without_S9/artifacts/base/xgboost/scalers/xgboost_seed_17_skf_3_paras_151_lr_0.01_n_900_depth_7_subsample_0.8_scale_pos_weight_6_scaler.joblib,17,3
xgboost_seed_17_skf_4_paras_151_lr_0.01_n_900_depth_7_subsample_0.8_scale_pos_weight_6,xgboost,17_skf_4,714,64,61,157,0.874,0.912,0.72,0.918,0.71,0.921,0.715,0.635,/home/ubuntu/Desktop/DeepAmes_Full_STL_4_keep_weights/results_TA98_without_S9/artifacts/base/xgboost/estimators/xgboost_seed_17_skf_4_paras_151_lr_0.01_n_900_depth_7_subsample_0.8_scale_pos_weight_6.joblib,"{""learning_rate"": 0.01, ""max_depth"": 7, ""n_estimators"": 900, ""scale_pos_weight"": 6, ""subsample"": 0.8}",xgboost,151,/home/ubuntu/Desktop/DeepAmes_Full_STL_4_keep_weights/results_TA98_without_S9/artifacts/base/xgboost/scalers/xgboost_seed_17_skf_4_paras_151_lr_0.01_n_900_depth_7_subsample_0.8_scale_pos_weight_6_scaler.joblib,17,4
xgboost_seed_18_skf_0_paras_151_lr_0.01_n_900_depth_7_subsample_0.8_scale_pos_weight_6,xgboost,18_skf_0,712,66,53,165,0.881,0.918,0.757,0.915,0.714,0.931,0.735,0.658,/home/ubuntu/Desktop/DeepAmes_Full_STL_4_keep_weights/results_TA98_without_S9/artifacts/base/xgboost/estimators/xgboost_seed_18_skf_0_paras_151_lr_0.01_n_900_depth_7_subsample_0.8_scale_pos_weight_6.joblib,"{""learning_rate"": 0.01, ""max_depth"": 7, ""n_estimators"": 900, ""scale_pos_weight"": 6, ""subsample"": 0.8}",xgboost,151,/home/ubuntu/Desktop/DeepAmes_Full_STL_4_keep_weights/results_TA98_without_S9/artifacts/base/xgboost/scalers/xgboost_seed_18_skf_0_paras_151_lr_0.01_n_900_depth_7_subsample_0.8_scale_pos_weight_6_scaler.joblib,18,0
xgboost_seed_18_skf_3_paras_151_lr_0.01_n_900_depth_7_subsample_0.8_scale_pos_weight_6,xgboost,18_skf_3,713,65,56,162,0.879,0.914,0.743,0.916,0.714,0.927,0.728,0.65,/home/ubuntu/Desktop/DeepAmes_Full_STL_4_keep_weights/results_TA98_without_S9/artifacts/base/xgboost/estimators/xgboost_seed_18_skf_3_paras_151_lr_0.01_n_900_depth_7_subsample_0.8_scale_pos_weight_6.joblib,"{""learning_rate"": 0.01, ""max_depth"": 7, ""n_estimators"": 900, ""scale_pos_weight"": 6, ""subsample"": 0.8}",xgboost,151,/home/ubuntu/Desktop/DeepAmes_Full_STL_4_keep_weights/results_TA98_without_S9/artifacts/base/xgboost/scalers/xgboost_seed_18_skf_3_paras_151_lr_0.01_n_900_depth_7_subsample_0.8_scale_pos_weight_6_scaler.joblib,18,3
xgboost_seed_18_skf_4_paras_151_lr_0.01_n_900_depth_7_subsample_0.8_scale_pos_weight_6,xgboost,18_skf_4,716,62,58,160,0.88,0.917,0.734,0.92,0.721,0.925,0.727,0.65,/home/ubuntu/Desktop/DeepAmes_Full_STL_4_keep_weights/results_TA98_without_S9/artifacts/base/xgboost/estimators/xgboost_seed_18_skf_4_paras_151_lr_0.01_n_900_depth_7_subsample_0.8_scale_pos_weight_6.joblib,"{""learning_rate"": 0.01, ""max_depth"": 7, ""n_estimators"": 900, ""scale_pos_weight"": 6, ""subsample"": 0.8}",xgboost,151,/home/ubuntu/Desktop/DeepAmes_Full_STL_4_keep_weights/results_TA98_without_S9/artifacts/base/xgboost/scalers/xgboost_seed_18_skf_4_paras_151_lr_0.01_n_900_depth_7_subsample_0.8_scale_pos_weight_6_scaler.joblib,18,4
xgboost_seed_19_skf_0_paras_151_lr_0.01_n_900_depth_7_subsample_0.8_scale_pos_weight_6,xgboost,19_skf_0,716,62,58,160,0.88,0.918,0.734,0.92,0.721,0.925,0.727,0.65,/home/ubuntu/Desktop/DeepAmes_Full_STL_4_keep_weights/results_TA98_without_S9/artifacts/base/xgboost/estimators/xgboost_seed_19_skf_0_paras_151_lr_0.01_n_900_depth_7_subsample_0.8_scale_pos_weight_6.joblib,"{""learning_rate"": 0.01, ""max_depth"": 7, ""n_estimators"": 900, ""scale_pos_weight"": 6, ""subsample"": 0.8}",xgboost,151,/home/ubuntu/Desktop/DeepAmes_Full_STL_4_keep_weights/results_TA98_without_S9/artifacts/base/xgboost/scalers/xgboost_seed_19_skf_0_paras_151_lr_0.01_n_900_depth_7_subsample_0.8_scale_pos_weight_6_scaler.joblib,19,0
xgboost_seed_19_skf_3_paras_151_lr_0.01_n_900_depth_7_subsample_0.8_scale_pos_weight_6,xgboost,19_skf_3,720,58,60,158,0.882,0.916,0.725,0.925,0.731,0.923,0.728,0.652,/home/ubuntu/Desktop/DeepAmes_Full_STL_4_keep_weights/results_TA98_without_S9/artifacts/base/xgboost/estimators/xgboost_seed_19_skf_3_paras_151_lr_0.01_n_900_depth_7_subsample_0.8_scale_pos_weight_6.joblib,"{""learning_rate"": 0.01, ""max_depth"": 7, ""n_estimators"": 900, ""scale_pos_weight"": 6, ""subsample"": 0.8}",xgboost,151,/home/ubuntu/Desktop/DeepAmes_Full_STL_4_keep_weights/results_TA98_without_S9/artifacts/base/xgboost/scalers/xgboost_seed_19_skf_3_paras_151_lr_0.01_n_900_depth_7_subsample_0.8_scale_pos_weight_6_scaler.joblib,19,3
xgboost_seed_19_skf_4_paras_151_lr_0.01_n_900_depth_7_subsample_0.8_scale_pos_weight_6,xgboost,19_skf_4,708,70,50,168,0.88,0.915,0.771,0.91,0.706,0.934,0.737,0.66,/home/ubuntu/Desktop/DeepAmes_Full_STL_4_keep_weights/results_TA98_without_S9/artifacts/base/xgboost/estimators/xgboost_seed_19_skf_4_paras_151_lr_0.01_n_900_depth_7_subsample_0.8_scale_pos_weight_6.joblib,"{""learning_rate"": 0.01, ""max_depth"": 7, ""n_estimators"": 900, ""scale_pos_weight"": 6, ""subsample"": 0.8}",xgboost,151,/home/ubuntu/Desktop/DeepAmes_Full_STL_4_keep_weights/results_TA98_without_S9/artifacts/base/xgboost/scalers/xgboost_seed_19_skf_4_paras_151_lr_0.01_n_900_depth_7_subsample_0.8_scale_pos_weight_6_scaler.joblib,19,4
rf_seed_0_skf_0_paras_148_estimator_500_depth_None_minSample_70_random_1_weight_balanced,rf,0_skf_0,701,77,69,149,0.853,0.884,0.683,0.901,0.659,0.91,0.671,0.577,/home/ubuntu/Desktop/DeepAmes_Full_STL_4_keep_weights/results_TA98_without_S9/artifacts/base/rf/estimators/rf_seed_0_skf_0_paras_148_estimator_500_depth_None_minSample_70_random_1_weight_balanced.joblib,"{""bootstrap"": true, ""class_weight"": ""balanced"", ""max_depth"": null, ""max_features"": ""log2"", ""min_samples_split"": 70, ""n_estimators"": 500, ""random_state"": 1}",rf,148,/home/ubuntu/Desktop/DeepAmes_Full_STL_4_keep_weights/results_TA98_without_S9/artifacts/base/rf/scalers/rf_seed_0_skf_0_paras_148_estimator_500_depth_None_minSample_70_random_1_weight_balanced_scaler.joblib,0,0
rf_seed_0_skf_1_paras_148_estimator_500_depth_None_minSample_70_random_1_weight_balanced,rf,0_skf_1,698,80,68,150,0.851,0.88,0.688,0.897,0.652,0.911,0.67,0.574,/home/ubuntu/Desktop/DeepAmes_Full_STL_4_keep_weights/results_TA98_without_S9/artifacts/base/rf/estimators/rf_seed_0_skf_1_paras_148_estimator_500_depth_None_minSample_70_random_1_weight_balanced.joblib,"{""bootstrap"": true, ""class_weight"": ""balanced"", ""max_depth"": null, ""max_features"": ""log2"", ""min_samples_split"": 70, ""n_estimators"": 500, ""random_state"": 1}",rf,148,/home/ubuntu/Desktop/DeepAmes_Full_STL_4_keep_weights/results_TA98_without_S9/artifacts/base/rf/scalers/rf_seed_0_skf_1_paras_148_estimator_500_depth_None_minSample_70_random_1_weight_balanced_scaler.joblib,0,1
rf_seed_0_skf_2_paras_148_estimator_500_depth_None_minSample_70_random_1_weight_balanced,rf,0_skf_2,697,81,60,158,0.858,0.882,0.725,0.896,0.661,0.921,0.691,0.601,/home/ubuntu/Desktop/DeepAmes_Full_STL_4_keep_weights/results_TA98_without_S9/artifacts/base/rf/estimators/rf_seed_0_skf_2_paras_148_estimator_500_depth_None_minSample_70_random_1_weight_balanced.joblib,"{""bootstrap"": true, ""class_weight"": ""balanced"", ""max_depth"": null, ""max_features"": ""log2"", ""min_samples_split"": 70, ""n_estimators"": 500, ""random_state"": 1}",rf,148,/home/ubuntu/Desktop/DeepAmes_Full_STL_4_keep_weights/results_TA98_without_S9/artifacts/base/rf/scalers/rf_seed_0_skf_2_paras_148_estimator_500_depth_None_minSample_70_random_1_weight_balanced_scaler.joblib,0,2
rf_seed_0_skf_3_paras_148_estimator_500_depth_None_minSample_70_random_1_weight_balanced,rf,0_skf_3,700,78,68,150,0.853,0.877,0.688,0.9,0.658,0.911,0.673,0.579,/home/ubuntu/Desktop/DeepAmes_Full_STL_4_keep_weights/results_TA98_without_S9/artifacts/base/rf/estimators/rf_seed_0_skf_3_paras_148_estimator_500_depth_None_minSample_70_random_1_weight_balanced.joblib,"{""bootstrap"": true, ""class_weight"": ""balanced"", ""max_depth"": null, ""max_features"": ""log2"", ""min_samples_split"": 70, ""n_estimators"": 500, ""random_state"": 1}",rf,148,/home/ubuntu/Desktop/DeepAmes_Full_STL_4_keep_weights/results_TA98_without_S9/artifacts/base/rf/scalers/rf_seed_0_skf_3_paras_148_estimator_500_depth_None_minSample_70_random_1_weight_balanced_scaler.joblib,0,3
rf_seed_0_skf_4_paras_148_estimator_500_depth_None_minSample_70_random_1_weight_balanced,rf,0_skf_4,700,78,68,150,0.853,0.877,0.688,0.9,0.658,0.911,0.673,0.579,/home/ubuntu/Desktop/DeepAmes_Full_STL_4_keep_weights/results_TA98_without_S9/artifacts/base/rf/estimators/rf_seed_0_skf_4_paras_148_estimator_500_depth_None_minSample_70_random_1_weight_balanced.joblib,"{""bootstrap"": true, ""class_weight"": ""balanced"", ""max_depth"": null, ""max_features"": ""log2"", ""min_samples_split"": 70, ""n_estimators"": 500, ""random_state"": 1}",rf,148,/home/ubuntu/Desktop/DeepAmes_Full_STL_4_keep_weights/results_TA98_without_S9/artifacts/base/rf/scalers/rf_seed_0_skf_4_paras_148_estimator_500_depth_None_minSample_70_random_1_weight_balanced_scaler.joblib,0,4
rf_seed_1_skf_0_paras_148_estimator_500_depth_None_minSample_70_random_1_weight_balanced,rf,1_skf_0,701,77,63,155,0.859,0.877,0.711,0.901,0.668,0.918,0.689,0.599,/home/ubuntu/Desktop/DeepAmes_Full_STL_4_keep_weights/results_TA98_without_S9/artifacts/base/rf/estimators/rf_seed_1_skf_0_paras_148_estimator_500_depth_None_minSample_70_random_1_weight_balanced.joblib,"{""bootstrap"": true, ""class_weight"": ""balanced"", ""max_depth"": null, ""max_features"": ""log2"", ""min_samples_split"": 70, ""n_estimators"": 500, ""random_state"": 1}",rf,148,/home/ubuntu/Desktop/DeepAmes_Full_STL_4_keep_weights/results_TA98_without_S9/artifacts/base/rf/scalers/rf_seed_1_skf_0_paras_148_estimator_500_depth_None_minSample_70_random_1_weight_balanced_scaler.joblib,1,0
rf_seed_1_skf_1_paras_148_estimator_500_depth_None_minSample_70_random_1_weight_balanced,rf,1_skf_1,701,77,67,151,0.855,0.882,0.693,0.901,0.662,0.913,0.677,0.584,/home/ubuntu/Desktop/DeepAmes_Full_STL_4_keep_weights/results_TA98_without_S9/artifacts/base/rf/estimators/rf_seed_1_skf_1_paras_148_estimator_500_depth_None_minSample_70_random_1_weight_balanced.joblib,"{""bootstrap"": true, ""class_weight"": ""balanced"", ""max_depth"": null, ""max_features"": ""log2"", ""min_samples_split"": 70, ""n_estimators"": 500, ""random_state"": 1}",rf,148,/home/ubuntu/Desktop/DeepAmes_Full_STL_4_keep_weights/results_TA98_without_S9/artifacts/base/rf/scalers/rf_seed_1_skf_1_paras_148_estimator_500_depth_None_minSample_70_random_1_weight_balanced_scaler.joblib,1,1
rf_seed_1_skf_2_paras_148_estimator_500_depth_None_minSample_70_random_1_weight_balanced,rf,1_skf_2,701,77,73,145,0.849,0.873,0.665,0.901,0.653,0.906,0.659,0.562,/home/ubuntu/Desktop/DeepAmes_Full_STL_4_keep_weights/results_TA98_without_S9/artifacts/base/rf/estimators/rf_seed_1_skf_2_paras_148_estimator_500_depth_None_minSample_70_random_1_weight_balanced.joblib,"{""bootstrap"": true, ""class_weight"": ""balanced"", ""max_depth"": null, ""max_features"": ""log2"", ""min_samples_split"": 70, ""n_estimators"": 500, ""random_state"": 1}",rf,148,/home/ubuntu/Desktop/DeepAmes_Full_STL_4_keep_weights/results_TA98_without_S9/artifacts/base/rf/scalers/rf_seed_1_skf_2_paras_148_estimator_500_depth_None_minSample_70_random_1_weight_balanced_scaler.joblib,1,2
rf_seed_1_skf_3_paras_148_estimator_500_depth_None_minSample_70_random_1_weight_balanced,rf,1_skf_3,694,84,66,152,0.849,0.878,0.697,0.892,0.644,0.913,0.67,0.573,/home/ubuntu/Desktop/DeepAmes_Full_STL_4_keep_weights/results_TA98_without_S9/artifacts/base/rf/estimators/rf_seed_1_skf_3_paras_148_estimator_500_depth_None_minSample_70_random_1_weight_balanced.joblib,"{""bootstrap"": true, ""class_weight"": ""balanced"", ""max_depth"": null, ""max_features"": ""log2"", ""min_samples_split"": 70, ""n_estimators"": 500, ""random_state"": 1}",rf,148,/home/ubuntu/Desktop/DeepAmes_Full_STL_4_keep_weights/results_TA98_without_S9/artifacts/base/rf/scalers/rf_seed_1_skf_3_paras_148_estimator_500_depth_None_minSample_70_random_1_weight_balanced_scaler.joblib,1,3
rf_seed_1_skf_4_paras_148_estimator_500_depth_None_minSample_70_random_1_weight_balanced,rf,1_skf_4,697,81,68,150,0.85,0.881,0.688,0.896,0.649,0.911,0.668,0.572,/home/ubuntu/Desktop/DeepAmes_Full_STL_4_keep_weights/results_TA98_without_S9/artifacts/base/rf/estimators/rf_seed_1_skf_4_paras_148_estimator_500_depth_None_minSample_70_random_1_weight_balanced.joblib,"{""bootstrap"": true, ""class_weight"": ""balanced"", ""max_depth"": null, ""max_features"": ""log2"", ""min_samples_split"": 70, ""n_estimators"": 500, ""random_state"": 1}",rf,148,/home/ubuntu/Desktop/DeepAmes_Full_STL_4_keep_weights/results_TA98_without_S9/artifacts/base/rf/scalers/rf_seed_1_skf_4_paras_148_estimator_500_depth_None_minSample_70_random_1_weight_balanced_scaler.joblib,1,4
rf_seed_2_skf_0_paras_148_estimator_500_depth_None_minSample_70_random_1_weight_balanced,rf,2_skf_0,700,78,68,150,0.853,0.877,0.688,0.9,0.658,0.911,0.673,0.579,/home/ubuntu/Desktop/DeepAmes_Full_STL_4_keep_weights/results_TA98_without_S9/artifacts/base/rf/estimators/rf_seed_2_skf_0_paras_148_estimator_500_depth_None_minSample_70_random_1_weight_balanced.joblib,"{""bootstrap"": true, ""class_weight"": ""balanced"", ""max_depth"": null, ""max_features"": ""log2"", ""min_samples_split"": 70, ""n_estimators"": 500, ""random_state"": 1}",rf,148,/home/ubuntu/Desktop/DeepAmes_Full_STL_4_keep_weights/results_TA98_without_S9/artifacts/base/rf/scalers/rf_seed_2_skf_0_paras_148_estimator_500_depth_None_minSample_70_random_1_weight_balanced_scaler.joblib,2,0
rf_seed_2_skf_1_paras_148_estimator_500_depth_None_minSample_70_random_1_weight_balanced,rf,2_skf_1,695,83,67,151,0.849,0.879,0.693,0.893,0.645,0.912,0.668,0.571,/home/ubuntu/Desktop/DeepAmes_Full_STL_4_keep_weights/results_TA98_without_S9/artifacts/base/rf/estimators/rf_seed_2_skf_1_paras_148_estimator_500_depth_None_minSample_70_random_1_weight_balanced.joblib,"{""bootstrap"": true, ""class_weight"": ""balanced"", ""max_depth"": null, ""max_features"": ""log2"", ""min_samples_split"": 70, ""n_estimators"": 500, ""random_state"": 1}",rf,148,/home/ubuntu/Desktop/DeepAmes_Full_STL_4_keep_weights/results_TA98_without_S9/artifacts/base/rf/scalers/rf_seed_2_skf_1_paras_148_estimator_500_depth_None_minSample_70_random_1_weight_balanced_scaler.joblib,2,1
rf_seed_2_skf_2_paras_148_estimator_500_depth_None_minSample_70_random_1_weight_balanced,rf,2_skf_2,702,76,67,151,0.856,0.881,0.693,0.902,0.665,0.913,0.679,0.586,/home/ubuntu/Desktop/DeepAmes_Full_STL_4_keep_weights/results_TA98_without_S9/artifacts/base/rf/estimators/rf_seed_2_skf_2_paras_148_estimator_500_depth_None_minSample_70_random_1_weight_balanced.joblib,"{""bootstrap"": true, ""class_weight"": ""balanced"", ""max_depth"": null, ""max_features"": ""log2"", ""min_samples_split"": 70, ""n_estimators"": 500, ""random_state"": 1}",rf,148,/home/ubuntu/Desktop/DeepAmes_Full_STL_4_keep_weights/results_TA98_without_S9/artifacts/base/rf/scalers/rf_seed_2_skf_2_paras_148_estimator_500_depth_None_minSample_70_random_1_weight_balanced_scaler.joblib,2,2
rf_seed_2_skf_3_paras_148_estimator_500_depth_None_minSample_70_random_1_weight_balanced,rf,2_skf_3,697,81,64,154,0.854,0.881,0.706,0.896,0.655,0.916,0.68,0.587,/home/ubuntu/Desktop/DeepAmes_Full_STL_4_keep_weights/results_TA98_without_S9/artifacts/base/rf/estimators/rf_seed_2_skf_3_paras_148_estimator_500_depth_None_minSample_70_random_1_weight_balanced.joblib,"{""bootstrap"": true, ""class_weight"": ""balanced"", ""max_depth"": null, ""max_features"": ""log2"", ""min_samples_split"": 70, ""n_estimators"": 500, ""random_state"": 1}",rf,148,/home/ubuntu/Desktop/DeepAmes_Full_STL_4_keep_weights/results_TA98_without_S9/artifacts/base/rf/scalers/rf_seed_2_skf_3_paras_148_estimator_500_depth_None_minSample_70_random_1_weight_balanced_scaler.joblib,2,3
rf_seed_2_skf_4_paras_148_estimator_500_depth_None_minSample_70_random_1_weight_balanced,rf,2_skf_4,695,83,70,148,0.846,0.88,0.679,0.893,0.641,0.908,0.659,0.561,/home/ubuntu/Desktop/DeepAmes_Full_STL_4_keep_weights/results_TA98_without_S9/artifacts/base/rf/estimators/rf_seed_2_skf_4_paras_148_estimator_500_depth_None_minSample_70_random_1_weight_balanced.joblib,"{""bootstrap"": true, ""class_weight"": ""balanced"", ""max_depth"": null, ""max_features"": ""log2"", ""min_samples_split"": 70, ""n_estimators"": 500, ""random_state"": 1}",rf,148,/home/ubuntu/Desktop/DeepAmes_Full_STL_4_keep_weights/results_TA98_without_S9/artifacts/base/rf/scalers/rf_seed_2_skf_4_paras_148_estimator_500_depth_None_minSample_70_random_1_weight_balanced_scaler.joblib,2,4
rf_seed_3_skf_0_paras_148_estimator_500_depth_None_minSample_70_random_1_weight_balanced,rf,3_skf_0,701,77,67,151,0.855,0.881,0.693,0.901,0.662,0.913,0.677,0.584,/home/ubuntu/Desktop/DeepAmes_Full_STL_4_keep_weights/results_TA98_without_S9/artifacts/base/rf/estimators/rf_seed_3_skf_0_paras_148_estimator_500_depth_None_minSample_70_random_1_weight_balanced.joblib,"{""bootstrap"": true, ""class_weight"": ""balanced"", ""max_depth"": null, ""max_features"": ""log2"", ""min_samples_split"": 70, ""n_estimators"": 500, ""random_state"": 1}",rf,148,/home/ubuntu/Desktop/DeepAmes_Full_STL_4_keep_weights/results_TA98_without_S9/artifacts/base/rf/scalers/rf_seed_3_skf_0_paras_148_estimator_500_depth_None_minSample_70_random_1_weight_balanced_scaler.joblib,3,0
rf_seed_3_skf_2_paras_148_estimator_500_depth_None_minSample_70_random_1_weight_balanced,rf,3_skf_2,696,82,64,154,0.853,0.879,0.706,0.895,0.653,0.916,0.678,0.584,/home/ubuntu/Desktop/DeepAmes_Full_STL_4_keep_weights/results_TA98_without_S9/artifacts/base/rf/estimators/rf_seed_3_skf_2_paras_148_estimator_500_depth_None_minSample_70_random_1_weight_balanced.joblib,"{""bootstrap"": true, ""class_weight"": ""balanced"", ""max_depth"": null, ""max_features"": ""log2"", ""min_samples_split"": 70, ""n_estimators"": 500, ""random_state"": 1}",rf,148,/home/ubuntu/Desktop/DeepAmes_Full_STL_4_keep_weights/results_TA98_without_S9/artifacts/base/rf/scalers/rf_seed_3_skf_2_paras_148_estimator_500_depth_None_minSample_70_random_1_weight_balanced_scaler.joblib,3,2
rf_seed_3_skf_3_paras_148_estimator_500_depth_None_minSample_70_random_1_weight_balanced,rf,3_skf_3,702,76,67,151,0.856,0.885,0.693,0.902,0.665,0.913,0.679,0.586,/home/ubuntu/Desktop/DeepAmes_Full_STL_4_keep_weights/results_TA98_without_S9/artifacts/base/rf/estimators/rf_seed_3_skf_3_paras_148_estimator_500_depth_None_minSample_70_random_1_weight_balanced.joblib,"{""bootstrap"": true, ""class_weight"": ""balanced"", ""max_depth"": null, ""max_features"": ""log2"", ""min_samples_split"": 70, ""n_estimators"": 500, ""random_state"": 1}",rf,148,/home/ubuntu/Desktop/DeepAmes_Full_STL_4_keep_weights/results_TA98_without_S9/artifacts/base/rf/scalers/rf_seed_3_skf_3_paras_148_estimator_500_depth_None_minSample_70_random_1_weight_balanced_scaler.joblib,3,3
rf_seed_3_skf_4_paras_148_estimator_500_depth_None_minSample_70_random_1_weight_balanced,rf,3_skf_4,698,80,68,150,0.851,0.878,0.688,0.897,0.652,0.911,0.67,0.574,/home/ubuntu/Desktop/DeepAmes_Full_STL_4_keep_weights/results_TA98_without_S9/artifacts/base/rf/estimators/rf_seed_3_skf_4_paras_148_estimator_500_depth_None_minSample_70_random_1_weight_balanced.joblib,"{""bootstrap"": true, ""class_weight"": ""balanced"", ""max_depth"": null, ""max_features"": ""log2"", ""min_samples_split"": 70, ""n_estimators"": 500, ""random_state"": 1}",rf,148,/home/ubuntu/Desktop/DeepAmes_Full_STL_4_keep_weights/results_TA98_without_S9/artifacts/base/rf/scalers/rf_seed_3_skf_4_paras_148_estimator_500_depth_None_minSample_70_random_1_weight_balanced_scaler.joblib,3,4
rf_seed_4_skf_0_paras_148_estimator_500_depth_None_minSample_70_random_1_weight_balanced,rf,4_skf_0,704,74,64,154,0.861,0.883,0.706,0.905,0.675,0.917,0.691,0.602,/home/ubuntu/Desktop/DeepAmes_Full_STL_4_keep_weights/results_TA98_without_S9/artifacts/base/rf/estimators/rf_seed_4_skf_0_paras_148_estimator_500_depth_None_minSample_70_random_1_weight_balanced.joblib,"{""bootstrap"": true, ""class_weight"": ""balanced"", ""max_depth"": null, ""max_features"": ""log2"", ""min_samples_split"": 70, ""n_estimators"": 500, ""random_state"": 1}",rf,148,/home/ubuntu/Desktop/DeepAmes_Full_STL_4_keep_weights/results_TA98_without_S9/artifacts/base/rf/scalers/rf_seed_4_skf_0_paras_148_estimator_500_depth_None_minSample_70_random_1_weight_balanced_scaler.joblib,4,0
rf_seed_4_skf_1_paras_148_estimator_500_depth_None_minSample_70_random_1_weight_balanced,rf,4_skf_1,696,82,64,154,0.853,0.88,0.706,0.895,0.653,0.916,0.678,0.584,/home/ubuntu/Desktop/DeepAmes_Full_STL_4_keep_weights/results_TA98_without_S9/artifacts/base/rf/estimators/rf_seed_4_skf_1_paras_148_estimator_500_depth_None_minSample_70_random_1_weight_balanced.joblib,"{""bootstrap"": true, ""class_weight"": ""balanced"", ""max_depth"": null, ""max_features"": ""log2"", ""min_samples_split"": 70, ""n_estimators"": 500, ""random_state"": 1}",rf,148,/home/ubuntu/Desktop/DeepAmes_Full_STL_4_keep_weights/results_TA98_without_S9/artifacts/base/rf/scalers/rf_seed_4_skf_1_paras_148_estimator_500_depth_None_minSample_70_random_1_weight_balanced_scaler.joblib,4,1
rf_seed_4_skf_2_paras_148_estimator_500_depth_None_minSample_70_random_1_weight_balanced,rf,4_skf_2,699,79,72,146,0.848,0.878,0.67,0.898,0.649,0.907,0.659,0.562,/home/ubuntu/Desktop/DeepAmes_Full_STL_4_keep_weights/results_TA98_without_S9/artifacts/base/rf/estimators/rf_seed_4_skf_2_paras_148_estimator_500_depth_None_minSample_70_random_1_weight_balanced.joblib,"{""bootstrap"": true, ""class_weight"": ""balanced"", ""max_depth"": null, ""max_features"": ""log2"", ""min_samples_split"": 70, ""n_estimators"": 500, ""random_state"": 1}",rf,148,/home/ubuntu/Desktop/DeepAmes_Full_STL_4_keep_weights/results_TA98_without_S9/artifacts/base/rf/scalers/rf_seed_4_skf_2_paras_148_estimator_500_depth_None_minSample_70_random_1_weight_balanced_scaler.joblib,4,2
rf_seed_4_skf_3_paras_148_estimator_500_depth_None_minSample_70_random_1_weight_balanced,rf,4_skf_3,700,78,68,150,0.853,0.881,0.688,0.9,0.658,0.911,0.673,0.579,/home/ubuntu/Desktop/DeepAmes_Full_STL_4_keep_weights/results_TA98_without_S9/artifacts/base/rf/estimators/rf_seed_4_skf_3_paras_148_estimator_500_depth_None_minSample_70_random_1_weight_balanced.joblib,"{""bootstrap"": true, ""class_weight"": ""balanced"", ""max_depth"": null, ""max_features"": ""log2"", ""min_samples_split"": 70, ""n_estimators"": 500, ""random_state"": 1}",rf,148,/home/ubuntu/Desktop/DeepAmes_Full_STL_4_keep_weights/results_TA98_without_S9/artifacts/base/rf/scalers/rf_seed_4_skf_3_paras_148_estimator_500_depth_None_minSample_70_random_1_weight_balanced_scaler.joblib,4,3
rf_seed_4_skf_4_paras_148_estimator_500_depth_None_minSample_70_random_1_weight_balanced,rf,4_skf_4,697,81,63,155,0.855,0.877,0.711,0.896,0.657,0.917,0.683,0.59,/home/ubuntu/Desktop/DeepAmes_Full_STL_4_keep_weights/results_TA98_without_S9/artifacts/base/rf/estimators/rf_seed_4_skf_4_paras_148_estimator_500_depth_None_minSample_70_random_1_weight_balanced.joblib,"{""bootstrap"": true, ""class_weight"": ""balanced"", ""max_depth"": null, ""max_features"": ""log2"", ""min_samples_split"": 70, ""n_estimators"": 500, ""random_state"": 1}",rf,148,/home/ubuntu/Desktop/DeepAmes_Full_STL_4_keep_weights/results_TA98_without_S9/artifacts/base/rf/scalers/rf_seed_4_skf_4_paras_148_estimator_500_depth_None_minSample_70_random_1_weight_balanced_scaler.joblib,4,4
rf_seed_5_skf_0_paras_148_estimator_500_depth_None_minSample_70_random_1_weight_balanced,rf,5_skf_0,702,76,71,147,0.852,0.876,0.674,0.902,0.659,0.908,0.667,0.572,/home/ubuntu/Desktop/DeepAmes_Full_STL_4_keep_weights/results_TA98_without_S9/artifacts/base/rf/estimators/rf_seed_5_skf_0_paras_148_estimator_500_depth_None_minSample_70_random_1_weight_balanced.joblib,"{""bootstrap"": true, ""class_weight"": ""balanced"", ""max_depth"": null, ""max_features"": ""log2"", ""min_samples_split"": 70, ""n_estimators"": 500, ""random_state"": 1}",rf,148,/home/ubuntu/Desktop/DeepAmes_Full_STL_4_keep_weights/results_TA98_without_S9/artifacts/base/rf/scalers/rf_seed_5_skf_0_paras_148_estimator_500_depth_None_minSample_70_random_1_weight_balanced_scaler.joblib,5,0
rf_seed_5_skf_1_paras_148_estimator_500_depth_None_minSample_70_random_1_weight_balanced,rf,5_skf_1,701,77,66,152,0.856,0.88,0.697,0.901,0.664,0.914,0.68,0.588,/home/ubuntu/Desktop/DeepAmes_Full_STL_4_keep_weights/results_TA98_without_S9/artifacts/base/rf/estimators/rf_seed_5_skf_1_paras_148_estimator_500_depth_None_minSample_70_random_1_weight_balanced.joblib,"{""bootstrap"": true, ""class_weight"": ""balanced"", ""max_depth"": null, ""max_features"": ""log2"", ""min_samples_split"": 70, ""n_estimators"": 500, ""random_state"": 1}",rf,148,/home/ubuntu/Desktop/DeepAmes_Full_STL_4_keep_weights/results_TA98_without_S9/artifacts/base/rf/scalers/rf_seed_5_skf_1_paras_148_estimator_500_depth_None_minSample_70_random_1_weight_balanced_scaler.joblib,5,1
rf_seed_5_skf_2_paras_148_estimator_500_depth_None_minSample_70_random_1_weight_balanced,rf,5_skf_2,701,77,60,158,0.862,0.881,0.725,0.901,0.672,0.921,0.698,0.609,/home/ubuntu/Desktop/DeepAmes_Full_STL_4_keep_weights/results_TA98_without_S9/artifacts/base/rf/estimators/rf_seed_5_skf_2_paras_148_estimator_500_depth_None_minSample_70_random_1_weight_balanced.joblib,"{""bootstrap"": true, ""class_weight"": ""balanced"", ""max_depth"": null, ""max_features"": ""log2"", ""min_samples_split"": 70, ""n_estimators"": 500, ""random_state"": 1}",rf,148,/home/ubuntu/Desktop/DeepAmes_Full_STL_4_keep_weights/results_TA98_without_S9/artifacts/base/rf/scalers/rf_seed_5_skf_2_paras_148_estimator_500_depth_None_minSample_70_random_1_weight_balanced_scaler.joblib,5,2
rf_seed_5_skf_3_paras_148_estimator_500_depth_None_minSample_70_random_1_weight_balanced,rf,5_skf_3,696,82,67,151,0.85,0.879,0.693,0.895,0.648,0.912,0.67,0.574,/home/ubuntu/Desktop/DeepAmes_Full_STL_4_keep_weights/results_TA98_without_S9/artifacts/base/rf/estimators/rf_seed_5_skf_3_paras_148_estimator_500_depth_None_minSample_70_random_1_weight_balanced.joblib,"{""bootstrap"": true, ""class_weight"": ""balanced"", ""max_depth"": null, ""max_features"": ""log2"", ""min_samples_split"": 70, ""n_estimators"": 500, ""random_state"": 1}",rf,148,/home/ubuntu/Desktop/DeepAmes_Full_STL_4_keep_weights/results_TA98_without_S9/artifacts/base/rf/scalers/rf_seed_5_skf_3_paras_148_estimator_500_depth_None_minSample_70_random_1_weight_balanced_scaler.joblib,5,3
rf_seed_5_skf_4_paras_148_estimator_500_depth_None_minSample_70_random_1_weight_balanced,rf,5_skf_4,700,78,67,151,0.854,0.875,0.693,0.9,0.659,0.913,0.676,0.582,/home/ubuntu/Desktop/DeepAmes_Full_STL_4_keep_weights/results_TA98_without_S9/artifacts/base/rf/estimators/rf_seed_5_skf_4_paras_148_estimator_500_depth_None_minSample_70_random_1_weight_balanced.joblib,"{""bootstrap"": true, ""class_weight"": ""balanced"", ""max_depth"": null, ""max_features"": ""log2"", ""min_samples_split"": 70, ""n_estimators"": 500, ""random_state"": 1}",rf,148,/home/ubuntu/Desktop/DeepAmes_Full_STL_4_keep_weights/results_TA98_without_S9/artifacts/base/rf/scalers/rf_seed_5_skf_4_paras_148_estimator_500_depth_None_minSample_70_random_1_weight_balanced_scaler.joblib,5,4
rf_seed_6_skf_0_paras_148_estimator_500_depth_None_minSample_70_random_1_weight_balanced,rf,6_skf_0,698,80,63,155,0.856,0.88,0.711,0.897,0.66,0.917,0.684,0.592,/home/ubuntu/Desktop/DeepAmes_Full_STL_4_keep_weights/results_TA98_without_S9/artifacts/base/rf/estimators/rf_seed_6_skf_0_paras_148_estimator_500_depth_None_minSample_70_random_1_weight_balanced.joblib,"{""bootstrap"": true, ""class_weight"": ""balanced"", ""max_depth"": null, ""max_features"": ""log2"", ""min_samples_split"": 70, ""n_estimators"": 500, ""random_state"": 1}",rf,148,/home/ubuntu/Desktop/DeepAmes_Full_STL_4_keep_weights/results_TA98_without_S9/artifacts/base/rf/scalers/rf_seed_6_skf_0_paras_148_estimator_500_depth_None_minSample_70_random_1_weight_balanced_scaler.joblib,6,0
rf_seed_6_skf_1_paras_148_estimator_500_depth_None_minSample_70_random_1_weight_balanced,rf,6_skf_1,699,79,69,149,0.851,0.877,0.683,0.898,0.654,0.91,0.668,0.573,/home/ubuntu/Desktop/DeepAmes_Full_STL_4_keep_weights/results_TA98_without_S9/artifacts/base/rf/estimators/rf_seed_6_skf_1_paras_148_estimator_500_depth_None_minSample_70_random_1_weight_balanced.joblib,"{""bootstrap"": true, ""class_weight"": ""balanced"", ""max_depth"": null, ""max_features"": ""log2"", ""min_samples_split"": 70, ""n_estimators"": 500, ""random_state"": 1}",rf,148,/home/ubuntu/Desktop/DeepAmes_Full_STL_4_keep_weights/results_TA98_without_S9/artifacts/base/rf/scalers/rf_seed_6_skf_1_paras_148_estimator_500_depth_None_minSample_70_random_1_weight_balanced_scaler.joblib,6,1
rf_seed_6_skf_2_paras_148_estimator_500_depth_None_minSample_70_random_1_weight_balanced,rf,6_skf_2,706,72,70,148,0.857,0.881,0.679,0.907,0.673,0.91,0.676,0.584,/home/ubuntu/Desktop/DeepAmes_Full_STL_4_keep_weights/results_TA98_without_S9/artifacts/base/rf/estimators/rf_seed_6_skf_2_paras_148_estimator_500_depth_None_minSample_70_random_1_weight_balanced.joblib,"{""bootstrap"": true, ""class_weight"": ""balanced"", ""max_depth"": null, ""max_features"": ""log2"", ""min_samples_split"": 70, ""n_estimators"": 500, ""random_state"": 1}",rf,148,/home/ubuntu/Desktop/DeepAmes_Full_STL_4_keep_weights/results_TA98_without_S9/artifacts/base/rf/scalers/rf_seed_6_skf_2_paras_148_estimator_500_depth_None_minSample_70_random_1_weight_balanced_scaler.joblib,6,2
rf_seed_6_skf_3_paras_148_estimator_500_depth_None_minSample_70_random_1_weight_balanced,rf,6_skf_3,695,83,68,150,0.848,0.878,0.688,0.893,0.644,0.911,0.665,0.568,/home/ubuntu/Desktop/DeepAmes_Full_STL_4_keep_weights/results_TA98_without_S9/artifacts/base/rf/estimators/rf_seed_6_skf_3_paras_148_estimator_500_depth_None_minSample_70_random_1_weight_balanced.joblib,"{""bootstrap"": true, ""class_weight"": ""balanced"", ""max_depth"": null, ""max_features"": ""log2"", ""min_samples_split"": 70, ""n_estimators"": 500, ""random_state"": 1}",rf,148,/home/ubuntu/Desktop/DeepAmes_Full_STL_4_keep_weights/results_TA98_without_S9/artifacts/base/rf/scalers/rf_seed_6_skf_3_paras_148_estimator_500_depth_None_minSample_70_random_1_weight_balanced_scaler.joblib,6,3
rf_seed_6_skf_4_paras_148_estimator_500_depth_None_minSample_70_random_1_weight_balanced,rf,6_skf_4,700,78,60,158,0.861,0.88,0.725,0.9,0.669,0.921,0.696,0.607,/home/ubuntu/Desktop/DeepAmes_Full_STL_4_keep_weights/results_TA98_without_S9/artifacts/base/rf/estimators/rf_seed_6_skf_4_paras_148_estimator_500_depth_None_minSample_70_random_1_weight_balanced.joblib,"{""bootstrap"": true, ""class_weight"": ""balanced"", ""max_depth"": null, ""max_features"": ""log2"", ""min_samples_split"": 70, ""n_estimators"": 500, ""random_state"": 1}",rf,148,/home/ubuntu/Desktop/DeepAmes_Full_STL_4_keep_weights/results_TA98_without_S9/artifacts/base/rf/scalers/rf_seed_6_skf_4_paras_148_estimator_500_depth_None_minSample_70_random_1_weight_balanced_scaler.joblib,6,4
rf_seed_7_skf_0_paras_148_estimator_500_depth_None_minSample_70_random_1_weight_balanced,rf,7_skf_0,690,88,63,155,0.848,0.878,0.711,0.887,0.638,0.916,0.672,0.576,/home/ubuntu/Desktop/DeepAmes_Full_STL_4_keep_weights/results_TA98_without_S9/artifacts/base/rf/estimators/rf_seed_7_skf_0_paras_148_estimator_500_depth_None_minSample_70_random_1_weight_balanced.joblib,"{""bootstrap"": true, ""class_weight"": ""balanced"", ""max_depth"": null, ""max_features"": ""log2"", ""min_samples_split"": 70, ""n_estimators"": 500, ""random_state"": 1}",rf,148,/home/ubuntu/Desktop/DeepAmes_Full_STL_4_keep_weights/results_TA98_without_S9/artifacts/base/rf/scalers/rf_seed_7_skf_0_paras_148_estimator_500_depth_None_minSample_70_random_1_weight_balanced_scaler.joblib,7,0
rf_seed_7_skf_1_paras_148_estimator_500_depth_None_minSample_70_random_1_weight_balanced,rf,7_skf_1,702,76,67,151,0.856,0.88,0.693,0.902,0.665,0.913,0.679,0.586,/home/ubuntu/Desktop/DeepAmes_Full_STL_4_keep_weights/results_TA98_without_S9/artifacts/base/rf/estimators/rf_seed_7_skf_1_paras_148_estimator_500_depth_None_minSample_70_random_1_weight_balanced.joblib,"{""bootstrap"": true, ""class_weight"": ""balanced"", ""max_depth"": null, ""max_features"": ""log2"", ""min_samples_split"": 70, ""n_estimators"": 500, ""random_state"": 1}",rf,148,/home/ubuntu/Desktop/DeepAmes_Full_STL_4_keep_weights/results_TA98_without_S9/artifacts/base/rf/scalers/rf_seed_7_skf_1_paras_148_estimator_500_depth_None_minSample_70_random_1_weight_balanced_scaler.joblib,7,1
rf_seed_7_skf_2_paras_148_estimator_500_depth_None_minSample_70_random_1_weight_balanced,rf,7_skf_2,700,78,67,151,0.854,0.879,0.693,0.9,0.659,0.913,0.676,0.582,/home/ubuntu/Desktop/DeepAmes_Full_STL_4_keep_weights/results_TA98_without_S9/artifacts/base/rf/estimators/rf_seed_7_skf_2_paras_148_estimator_500_depth_None_minSample_70_random_1_weight_balanced.joblib,"{""bootstrap"": true, ""class_weight"": ""balanced"", ""max_depth"": null, ""max_features"": ""log2"", ""min_samples_split"": 70, ""n_estimators"": 500, ""random_state"": 1}",rf,148,/home/ubuntu/Desktop/DeepAmes_Full_STL_4_keep_weights/results_TA98_without_S9/artifacts/base/rf/scalers/rf_seed_7_skf_2_paras_148_estimator_500_depth_None_minSample_70_random_1_weight_balanced_scaler.joblib,7,2
rf_seed_7_skf_3_paras_148_estimator_500_depth_None_minSample_70_random_1_weight_balanced,rf,7_skf_3,701,77,68,150,0.854,0.879,0.688,0.901,0.661,0.912,0.674,0.581,/home/ubuntu/Desktop/DeepAmes_Full_STL_4_keep_weights/results_TA98_without_S9/artifacts/base/rf/estimators/rf_seed_7_skf_3_paras_148_estimator_500_depth_None_minSample_70_random_1_weight_balanced.joblib,"{""bootstrap"": true, ""class_weight"": ""balanced"", ""max_depth"": null, ""max_features"": ""log2"", ""min_samples_split"": 70, ""n_estimators"": 500, ""random_state"": 1}",rf,148,/home/ubuntu/Desktop/DeepAmes_Full_STL_4_keep_weights/results_TA98_without_S9/artifacts/base/rf/scalers/rf_seed_7_skf_3_paras_148_estimator_500_depth_None_minSample_70_random_1_weight_balanced_scaler.joblib,7,3
rf_seed_7_skf_4_paras_148_estimator_500_depth_None_minSample_70_random_1_weight_balanced,rf,7_skf_4,698,80,62,156,0.857,0.883,0.716,0.897,0.661,0.918,0.687,0.596,/home/ubuntu/Desktop/DeepAmes_Full_STL_4_keep_weights/results_TA98_without_S9/artifacts/base/rf/estimators/rf_seed_7_skf_4_paras_148_estimator_500_depth_None_minSample_70_random_1_weight_balanced.joblib,"{""bootstrap"": true, ""class_weight"": ""balanced"", ""max_depth"": null, ""max_features"": ""log2"", ""min_samples_split"": 70, ""n_estimators"": 500, ""random_state"": 1}",rf,148,/home/ubuntu/Desktop/DeepAmes_Full_STL_4_keep_weights/results_TA98_without_S9/artifacts/base/rf/scalers/rf_seed_7_skf_4_paras_148_estimator_500_depth_None_minSample_70_random_1_weight_balanced_scaler.joblib,7,4
rf_seed_8_skf_0_paras_148_estimator_500_depth_None_minSample_70_random_1_weight_balanced,rf,8_skf_0,699,79,69,149,0.851,0.881,0.683,0.898,0.654,0.91,0.668,0.573,/home/ubuntu/Desktop/DeepAmes_Full_STL_4_keep_weights/results_TA98_without_S9/artifacts/base/rf/estimators/rf_seed_8_skf_0_paras_148_estimator_500_depth_None_minSample_70_random_1_weight_balanced.joblib,"{""bootstrap"": true, ""class_weight"": ""balanced"", ""max_depth"": null, ""max_features"": ""log2"", ""min_samples_split"": 70, ""n_estimators"": 500, ""random_state"": 1}",rf,148,/home/ubuntu/Desktop/DeepAmes_Full_STL_4_keep_weights/results_TA98_without_S9/artifacts/base/rf/scalers/rf_seed_8_skf_0_paras_148_estimator_500_depth_None_minSample_70_random_1_weight_balanced_scaler.joblib,8,0
rf_seed_8_skf_1_paras_148_estimator_500_depth_None_minSample_70_random_1_weight_balanced,rf,8_skf_1,697,81,65,153,0.853,0.878,0.702,0.896,0.654,0.915,0.677,0.583,/home/ubuntu/Desktop/DeepAmes_Full_STL_4_keep_weights/results_TA98_without_S9/artifacts/base/rf/estimators/rf_seed_8_skf_1_paras_148_estimator_500_depth_None_minSample_70_random_1_weight_balanced.joblib,"{""bootstrap"": true, ""class_weight"": ""balanced"", ""max_depth"": null, ""max_features"": ""log2"", ""min_samples_split"": 70, ""n_estimators"": 500, ""random_state"": 1}",rf,148,/home/ubuntu/Desktop/DeepAmes_Full_STL_4_keep_weights/results_TA98_without_S9/artifacts/base/rf/scalers/rf_seed_8_skf_1_paras_148_estimator_500_depth_None_minSample_70_random_1_weight_balanced_scaler.joblib,8,1
rf_seed_8_skf_2_paras_148_estimator_500_depth_None_minSample_70_random_1_weight_balanced,rf,8_skf_2,702,76,65,153,0.858,0.88,0.702,0.902,0.668,0.915,0.685,0.594,/home/ubuntu/Desktop/DeepAmes_Full_STL_4_keep_weights/results_TA98_without_S9/artifacts/base/rf/estimators/rf_seed_8_skf_2_paras_148_estimator_500_depth_None_minSample_70_random_1_weight_balanced.joblib,"{""bootstrap"": true, ""class_weight"": ""balanced"", ""max_depth"": null, ""max_features"": ""log2"", ""min_samples_split"": 70, ""n_estimators"": 500, ""random_state"": 1}",rf,148,/home/ubuntu/Desktop/DeepAmes_Full_STL_4_keep_weights/results_TA98_without_S9/artifacts/base/rf/scalers/rf_seed_8_skf_2_paras_148_estimator_500_depth_None_minSample_70_random_1_weight_balanced_scaler.joblib,8,2
rf_seed_8_skf_3_paras_148_estimator_500_depth_None_minSample_70_random_1_weight_balanced,rf,8_skf_3,701,77,66,152,0.856,0.879,0.697,0.901,0.664,0.914,0.68,0.588,/home/ubuntu/Desktop/DeepAmes_Full_STL_4_keep_weights/results_TA98_without_S9/artifacts/base/rf/estimators/rf_seed_8_skf_3_paras_148_estimator_500_depth_None_minSample_70_random_1_weight_balanced.joblib,"{""bootstrap"": true, ""class_weight"": ""balanced"", ""max_depth"": null, ""max_features"": ""log2"", ""min_samples_split"": 70, ""n_estimators"": 500, ""random_state"": 1}",rf,148,/home/ubuntu/Desktop/DeepAmes_Full_STL_4_keep_weights/results_TA98_without_S9/artifacts/base/rf/scalers/rf_seed_8_skf_3_paras_148_estimator_500_depth_None_minSample_70_random_1_weight_balanced_scaler.joblib,8,3
rf_seed_8_skf_4_paras_148_estimator_500_depth_None_minSample_70_random_1_weight_balanced,rf,8_skf_4,702,76,69,149,0.854,0.879,0.683,0.902,0.662,0.911,0.673,0.579,/home/ubuntu/Desktop/DeepAmes_Full_STL_4_keep_weights/results_TA98_without_S9/artifacts/base/rf/estimators/rf_seed_8_skf_4_paras_148_estimator_500_depth_None_minSample_70_random_1_weight_balanced.joblib,"{""bootstrap"": true, ""class_weight"": ""balanced"", ""max_depth"": null, ""max_features"": ""log2"", ""min_samples_split"": 70, ""n_estimators"": 500, ""random_state"": 1}",rf,148,/home/ubuntu/Desktop/DeepAmes_Full_STL_4_keep_weights/results_TA98_without_S9/artifacts/base/rf/scalers/rf_seed_8_skf_4_paras_148_estimator_500_depth_None_minSample_70_random_1_weight_balanced_scaler.joblib,8,4
rf_seed_9_skf_0_paras_148_estimator_500_depth_None_minSample_70_random_1_weight_balanced,rf,9_skf_0,695,83,70,148,0.846,0.875,0.679,0.893,0.641,0.908,0.659,0.561,/home/ubuntu/Desktop/DeepAmes_Full_STL_4_keep_weights/results_TA98_without_S9/artifacts/base/rf/estimators/rf_seed_9_skf_0_paras_148_estimator_500_depth_None_minSample_70_random_1_weight_balanced.joblib,"{""bootstrap"": true, ""class_weight"": ""balanced"", ""max_depth"": null, ""max_features"": ""log2"", ""min_samples_split"": 70, ""n_estimators"": 500, ""random_state"": 1}",rf,148,/home/ubuntu/Desktop/DeepAmes_Full_STL_4_keep_weights/results_TA98_without_S9/artifacts/base/rf/scalers/rf_seed_9_skf_0_paras_148_estimator_500_depth_None_minSample_70_random_1_weight_balanced_scaler.joblib,9,0
rf_seed_9_skf_1_paras_148_estimator_500_depth_None_minSample_70_random_1_weight_balanced,rf,9_skf_1,695,83,65,153,0.851,0.885,0.702,0.893,0.648,0.914,0.674,0.579,/home/ubuntu/Desktop/DeepAmes_Full_STL_4_keep_weights/results_TA98_without_S9/artifacts/base/rf/estimators/rf_seed_9_skf_1_paras_148_estimator_500_depth_None_minSample_70_random_1_weight_balanced.joblib,"{""bootstrap"": true, ""class_weight"": ""balanced"", ""max_depth"": null, ""max_features"": ""log2"", ""min_samples_split"": 70, ""n_estimators"": 500, ""random_state"": 1}",rf,148,/home/ubuntu/Desktop/DeepAmes_Full_STL_4_keep_weights/results_TA98_without_S9/artifacts/base/rf/scalers/rf_seed_9_skf_1_paras_148_estimator_500_depth_None_minSample_70_random_1_weight_balanced_scaler.joblib,9,1
rf_seed_9_skf_2_paras_148_estimator_500_depth_None_minSample_70_random_1_weight_balanced,rf,9_skf_2,707,71,72,146,0.856,0.877,0.67,0.909,0.673,0.908,0.671,0.579,/home/ubuntu/Desktop/DeepAmes_Full_STL_4_keep_weights/results_TA98_without_S9/artifacts/base/rf/estimators/rf_seed_9_skf_2_paras_148_estimator_500_depth_None_minSample_70_random_1_weight_balanced.joblib,"{""bootstrap"": true, ""class_weight"": ""balanced"", ""max_depth"": null, ""max_features"": ""log2"", ""min_samples_split"": 70, ""n_estimators"": 500, ""random_state"": 1}",rf,148,/home/ubuntu/Desktop/DeepAmes_Full_STL_4_keep_weights/results_TA98_without_S9/artifacts/base/rf/scalers/rf_seed_9_skf_2_paras_148_estimator_500_depth_None_minSample_70_random_1_weight_balanced_scaler.joblib,9,2
rf_seed_9_skf_3_paras_148_estimator_500_depth_None_minSample_70_random_1_weight_balanced,rf,9_skf_3,693,85,67,151,0.847,0.875,0.693,0.891,0.64,0.912,0.665,0.567,/home/ubuntu/Desktop/DeepAmes_Full_STL_4_keep_weights/results_TA98_without_S9/artifacts/base/rf/estimators/rf_seed_9_skf_3_paras_148_estimator_500_depth_None_minSample_70_random_1_weight_balanced.joblib,"{""bootstrap"": true, ""class_weight"": ""balanced"", ""max_depth"": null, ""max_features"": ""log2"", ""min_samples_split"": 70, ""n_estimators"": 500, ""random_state"": 1}",rf,148,/home/ubuntu/Desktop/DeepAmes_Full_STL_4_keep_weights/results_TA98_without_S9/artifacts/base/rf/scalers/rf_seed_9_skf_3_paras_148_estimator_500_depth_None_minSample_70_random_1_weight_balanced_scaler.joblib,9,3
rf_seed_9_skf_4_paras_148_estimator_500_depth_None_minSample_70_random_1_weight_balanced,rf,9_skf_4,700,78,67,151,0.854,0.88,0.693,0.9,0.659,0.913,0.676,0.582,/home/ubuntu/Desktop/DeepAmes_Full_STL_4_keep_weights/results_TA98_without_S9/artifacts/base/rf/estimators/rf_seed_9_skf_4_paras_148_estimator_500_depth_None_minSample_70_random_1_weight_balanced.joblib,"{""bootstrap"": true, ""class_weight"": ""balanced"", ""max_depth"": null, ""max_features"": ""log2"", ""min_samples_split"": 70, ""n_estimators"": 500, ""random_state"": 1}",rf,148,/home/ubuntu/Desktop/DeepAmes_Full_STL_4_keep_weights/results_TA98_without_S9/artifacts/base/rf/scalers/rf_seed_9_skf_4_paras_148_estimator_500_depth_None_minSample_70_random_1_weight_balanced_scaler.joblib,9,4
rf_seed_10_skf_0_paras_148_estimator_500_depth_None_minSample_70_random_1_weight_balanced,rf,10_skf_0,701,77,62,156,0.86,0.884,0.716,0.901,0.67,0.919,0.692,0.602,/home/ubuntu/Desktop/DeepAmes_Full_STL_4_keep_weights/results_TA98_without_S9/artifacts/base/rf/estimators/rf_seed_10_skf_0_paras_148_estimator_500_depth_None_minSample_70_random_1_weight_balanced.joblib,"{""bootstrap"": true, ""class_weight"": ""balanced"", ""max_depth"": null, ""max_features"": ""log2"", ""min_samples_split"": 70, ""n_estimators"": 500, ""random_state"": 1}",rf,148,/home/ubuntu/Desktop/DeepAmes_Full_STL_4_keep_weights/results_TA98_without_S9/artifacts/base/rf/scalers/rf_seed_10_skf_0_paras_148_estimator_500_depth_None_minSample_70_random_1_weight_balanced_scaler.joblib,10,0
rf_seed_10_skf_1_paras_148_estimator_500_depth_None_minSample_70_random_1_weight_balanced,rf,10_skf_1,702,76,72,146,0.851,0.877,0.67,0.902,0.658,0.907,0.664,0.568,/home/ubuntu/Desktop/DeepAmes_Full_STL_4_keep_weights/results_TA98_without_S9/artifacts/base/rf/estimators/rf_seed_10_skf_1_paras_148_estimator_500_depth_None_minSample_70_random_1_weight_balanced.joblib,"{""bootstrap"": true, ""class_weight"": ""balanced"", ""max_depth"": null, ""max_features"": ""log2"", ""min_samples_split"": 70, ""n_estimators"": 500, ""random_state"": 1}",rf,148,/home/ubuntu/Desktop/DeepAmes_Full_STL_4_keep_weights/results_TA98_without_S9/artifacts/base/rf/scalers/rf_seed_10_skf_1_paras_148_estimator_500_depth_None_minSample_70_random_1_weight_balanced_scaler.joblib,10,1
rf_seed_10_skf_3_paras_148_estimator_500_depth_None_minSample_70_random_1_weight_balanced,rf,10_skf_3,698,80,69,149,0.85,0.884,0.683,0.897,0.651,0.91,0.667,0.571,/home/ubuntu/Desktop/DeepAmes_Full_STL_4_keep_weights/results_TA98_without_S9/artifacts/base/rf/estimators/rf_seed_10_skf_3_paras_148_estimator_500_depth_None_minSample_70_random_1_weight_balanced.joblib,"{""bootstrap"": true, ""class_weight"": ""balanced"", ""max_depth"": null, ""max_features"": ""log2"", ""min_samples_split"": 70, ""n_estimators"": 500, ""random_state"": 1}",rf,148,/home/ubuntu/Desktop/DeepAmes_Full_STL_4_keep_weights/results_TA98_without_S9/artifacts/base/rf/scalers/rf_seed_10_skf_3_paras_148_estimator_500_depth_None_minSample_70_random_1_weight_balanced_scaler.joblib,10,3
rf_seed_10_skf_4_paras_148_estimator_500_depth_None_minSample_70_random_1_weight_balanced,rf,10_skf_4,696,82,65,153,0.852,0.875,0.702,0.895,0.651,0.915,0.675,0.581,/home/ubuntu/Desktop/DeepAmes_Full_STL_4_keep_weights/results_TA98_without_S9/artifacts/base/rf/estimators/rf_seed_10_skf_4_paras_148_estimator_500_depth_None_minSample_70_random_1_weight_balanced.joblib,"{""bootstrap"": true, ""class_weight"": ""balanced"", ""max_depth"": null, ""max_features"": ""log2"", ""min_samples_split"": 70, ""n_estimators"": 500, ""random_state"": 1}",rf,148,/home/ubuntu/Desktop/DeepAmes_Full_STL_4_keep_weights/results_TA98_without_S9/artifacts/base/rf/scalers/rf_seed_10_skf_4_paras_148_estimator_500_depth_None_minSample_70_random_1_weight_balanced_scaler.joblib,10,4
rf_seed_11_skf_0_paras_148_estimator_500_depth_None_minSample_70_random_1_weight_balanced,rf,11_skf_0,698,80,65,153,0.854,0.879,0.702,0.897,0.657,0.915,0.678,0.585,/home/ubuntu/Desktop/DeepAmes_Full_STL_4_keep_weights/results_TA98_without_S9/artifacts/base/rf/estimators/rf_seed_11_skf_0_paras_148_estimator_500_depth_None_minSample_70_random_1_weight_balanced.joblib,"{""bootstrap"": true, ""class_weight"": ""balanced"", ""max_depth"": null, ""max_features"": ""log2"", ""min_samples_split"": 70, ""n_estimators"": 500, ""random_state"": 1}",rf,148,/home/ubuntu/Desktop/DeepAmes_Full_STL_4_keep_weights/results_TA98_without_S9/artifacts/base/rf/scalers/rf_seed_11_skf_0_paras_148_estimator_500_depth_None_minSample_70_random_1_weight_balanced_scaler.joblib,11,0
rf_seed_11_skf_1_paras_148_estimator_500_depth_None_minSample_70_random_1_weight_balanced,rf,11_skf_1,699,79,67,151,0.853,0.878,0.693,0.898,0.657,0.913,0.674,0.58,/home/ubuntu/Desktop/DeepAmes_Full_STL_4_keep_weights/results_TA98_without_S9/artifacts/base/rf/estimators/rf_seed_11_skf_1_paras_148_estimator_500_depth_None_minSample_70_random_1_weight_balanced.joblib,"{""bootstrap"": true, ""class_weight"": ""balanced"", ""max_depth"": null, ""max_features"": ""log2"", ""min_samples_split"": 70, ""n_estimators"": 500, ""random_state"": 1}",rf,148,/home/ubuntu/Desktop/DeepAmes_Full_STL_4_keep_weights/results_TA98_without_S9/artifacts/base/rf/scalers/rf_seed_11_skf_1_paras_148_estimator_500_depth_None_minSample_70_random_1_weight_balanced_scaler.joblib,11,1
rf_seed_11_skf_2_paras_148_estimator_500_depth_None_minSample_70_random_1_weight_balanced,rf,11_skf_2,703,75,64,154,0.86,0.885,0.706,0.904,0.672,0.917,0.689,0.599,/home/ubuntu/Desktop/DeepAmes_Full_STL_4_keep_weights/results_TA98_without_S9/artifacts/base/rf/estimators/rf_seed_11_skf_2_paras_148_estimator_500_depth_None_minSample_70_random_1_weight_balanced.joblib,"{""bootstrap"": true, ""class_weight"": ""balanced"", ""max_depth"": null, ""max_features"": ""log2"", ""min_samples_split"": 70, ""n_estimators"": 500, ""random_state"": 1}",rf,148,/home/ubuntu/Desktop/DeepAmes_Full_STL_4_keep_weights/results_TA98_without_S9/artifacts/base/rf/scalers/rf_seed_11_skf_2_paras_148_estimator_500_depth_None_minSample_70_random_1_weight_balanced_scaler.joblib,11,2
rf_seed_11_skf_3_paras_148_estimator_500_depth_None_minSample_70_random_1_weight_balanced,rf,11_skf_3,700,78,65,153,0.856,0.876,0.702,0.9,0.662,0.915,0.682,0.589,/home/ubuntu/Desktop/DeepAmes_Full_STL_4_keep_weights/results_TA98_without_S9/artifacts/base/rf/estimators/rf_seed_11_skf_3_paras_148_estimator_500_depth_None_minSample_70_random_1_weight_balanced.joblib,"{""bootstrap"": true, ""class_weight"": ""balanced"", ""max_depth"": null, ""max_features"": ""log2"", ""min_samples_split"": 70, ""n_estimators"": 500, ""random_state"": 1}",rf,148,/home/ubuntu/Desktop/DeepAmes_Full_STL_4_keep_weights/results_TA98_without_S9/artifacts/base/rf/scalers/rf_seed_11_skf_3_paras_148_estimator_500_depth_None_minSample_70_random_1_weight_balanced_scaler.joblib,11,3
rf_seed_11_skf_4_paras_148_estimator_500_depth_None_minSample_70_random_1_weight_balanced,rf,11_skf_4,702,76,66,152,0.857,0.88,0.697,0.902,0.667,0.914,0.682,0.59,/home/ubuntu/Desktop/DeepAmes_Full_STL_4_keep_weights/results_TA98_without_S9/artifacts/base/rf/estimators/rf_seed_11_skf_4_paras_148_estimator_500_depth_None_minSample_70_random_1_weight_balanced.joblib,"{""bootstrap"": true, ""class_weight"": ""balanced"", ""max_depth"": null, ""max_features"": ""log2"", ""min_samples_split"": 70, ""n_estimators"": 500, ""random_state"": 1}",rf,148,/home/ubuntu/Desktop/DeepAmes_Full_STL_4_keep_weights/results_TA98_without_S9/artifacts/base/rf/scalers/rf_seed_11_skf_4_paras_148_estimator_500_depth_None_minSample_70_random_1_weight_balanced_scaler.joblib,11,4
rf_seed_12_skf_0_paras_148_estimator_500_depth_None_minSample_70_random_1_weight_balanced,rf,12_skf_0,698,80,68,150,0.851,0.88,0.688,0.897,0.652,0.911,0.67,0.574,/home/ubuntu/Desktop/DeepAmes_Full_STL_4_keep_weights/results_TA98_without_S9/artifacts/base/rf/estimators/rf_seed_12_skf_0_paras_148_estimator_500_depth_None_minSample_70_random_1_weight_balanced.joblib,"{""bootstrap"": true, ""class_weight"": ""balanced"", ""max_depth"": null, ""max_features"": ""log2"", ""min_samples_split"": 70, ""n_estimators"": 500, ""random_state"": 1}",rf,148,/home/ubuntu/Desktop/DeepAmes_Full_STL_4_keep_weights/results_TA98_without_S9/artifacts/base/rf/scalers/rf_seed_12_skf_0_paras_148_estimator_500_depth_None_minSample_70_random_1_weight_balanced_scaler.joblib,12,0
rf_seed_12_skf_1_paras_148_estimator_500_depth_None_minSample_70_random_1_weight_balanced,rf,12_skf_1,708,70,63,155,0.866,0.879,0.711,0.91,0.689,0.918,0.7,0.614,/home/ubuntu/Desktop/DeepAmes_Full_STL_4_keep_weights/results_TA98_without_S9/artifacts/base/rf/estimators/rf_seed_12_skf_1_paras_148_estimator_500_depth_None_minSample_70_random_1_weight_balanced.joblib,"{""bootstrap"": true, ""class_weight"": ""balanced"", ""max_depth"": null, ""max_features"": ""log2"", ""min_samples_split"": 70, ""n_estimators"": 500, ""random_state"": 1}",rf,148,/home/ubuntu/Desktop/DeepAmes_Full_STL_4_keep_weights/results_TA98_without_S9/artifacts/base/rf/scalers/rf_seed_12_skf_1_paras_148_estimator_500_depth_None_minSample_70_random_1_weight_balanced_scaler.joblib,12,1
rf_seed_12_skf_2_paras_148_estimator_500_depth_None_minSample_70_random_1_weight_balanced,rf,12_skf_2,696,82,66,152,0.851,0.879,0.697,0.895,0.65,0.913,0.673,0.577,/home/ubuntu/Desktop/DeepAmes_Full_STL_4_keep_weights/results_TA98_without_S9/artifacts/base/rf/estimators/rf_seed_12_skf_2_paras_148_estimator_500_depth_None_minSample_70_random_1_weight_balanced.joblib,"{""bootstrap"": true, ""class_weight"": ""balanced"", ""max_depth"": null, ""max_features"": ""log2"", ""min_samples_split"": 70, ""n_estimators"": 500, ""random_state"": 1}",rf,148,/home/ubuntu/Desktop/DeepAmes_Full_STL_4_keep_weights/results_TA98_without_S9/artifacts/base/rf/scalers/rf_seed_12_skf_2_paras_148_estimator_500_depth_None_minSample_70_random_1_weight_balanced_scaler.joblib,12,2
rf_seed_12_skf_3_paras_148_estimator_500_depth_None_minSample_70_random_1_weight_balanced,rf,12_skf_3,695,83,65,153,0.851,0.881,0.702,0.893,0.648,0.914,0.674,0.579,/home/ubuntu/Desktop/DeepAmes_Full_STL_4_keep_weights/results_TA98_without_S9/artifacts/base/rf/estimators/rf_seed_12_skf_3_paras_148_estimator_500_depth_None_minSample_70_random_1_weight_balanced.joblib,"{""bootstrap"": true, ""class_weight"": ""balanced"", ""max_depth"": null, ""max_features"": ""log2"", ""min_samples_split"": 70, ""n_estimators"": 500, ""random_state"": 1}",rf,148,/home/ubuntu/Desktop/DeepAmes_Full_STL_4_keep_weights/results_TA98_without_S9/artifacts/base/rf/scalers/rf_seed_12_skf_3_paras_148_estimator_500_depth_None_minSample_70_random_1_weight_balanced_scaler.joblib,12,3
rf_seed_12_skf_4_paras_148_estimator_500_depth_None_minSample_70_random_1_weight_balanced,rf,12_skf_4,701,77,73,145,0.849,0.879,0.665,0.901,0.653,0.906,0.659,0.562,/home/ubuntu/Desktop/DeepAmes_Full_STL_4_keep_weights/results_TA98_without_S9/artifacts/base/rf/estimators/rf_seed_12_skf_4_paras_148_estimator_500_depth_None_minSample_70_random_1_weight_balanced.joblib,"{""bootstrap"": true, ""class_weight"": ""balanced"", ""max_depth"": null, ""max_features"": ""log2"", ""min_samples_split"": 70, ""n_estimators"": 500, ""random_state"": 1}",rf,148,/home/ubuntu/Desktop/DeepAmes_Full_STL_4_keep_weights/results_TA98_without_S9/artifacts/base/rf/scalers/rf_seed_12_skf_4_paras_148_estimator_500_depth_None_minSample_70_random_1_weight_balanced_scaler.joblib,12,4
rf_seed_13_skf_0_paras_148_estimator_500_depth_None_minSample_70_random_1_weight_balanced,rf,13_skf_0,703,75,70,148,0.854,0.877,0.679,0.904,0.664,0.909,0.671,0.578,/home/ubuntu/Desktop/DeepAmes_Full_STL_4_keep_weights/results_TA98_without_S9/artifacts/base/rf/estimators/rf_seed_13_skf_0_paras_148_estimator_500_depth_None_minSample_70_random_1_weight_balanced.joblib,"{""bootstrap"": true, ""class_weight"": ""balanced"", ""max_depth"": null, ""max_features"": ""log2"", ""min_samples_split"": 70, ""n_estimators"": 500, ""random_state"": 1}",rf,148,/home/ubuntu/Desktop/DeepAmes_Full_STL_4_keep_weights/results_TA98_without_S9/artifacts/base/rf/scalers/rf_seed_13_skf_0_paras_148_estimator_500_depth_None_minSample_70_random_1_weight_balanced_scaler.joblib,13,0
rf_seed_13_skf_1_paras_148_estimator_500_depth_None_minSample_70_random_1_weight_balanced,rf,13_skf_1,699,79,64,154,0.856,0.88,0.706,0.898,0.661,0.916,0.683,0.591,/home/ubuntu/Desktop/DeepAmes_Full_STL_4_keep_weights/results_TA98_without_S9/artifacts/base/rf/estimators/rf_seed_13_skf_1_paras_148_estimator_500_depth_None_minSample_70_random_1_weight_balanced.joblib,"{""bootstrap"": true, ""class_weight"": ""balanced"", ""max_depth"": null, ""max_features"": ""log2"", ""min_samples_split"": 70, ""n_estimators"": 500, ""random_state"": 1}",rf,148,/home/ubuntu/Desktop/DeepAmes_Full_STL_4_keep_weights/results_TA98_without_S9/artifacts/base/rf/scalers/rf_seed_13_skf_1_paras_148_estimator_500_depth_None_minSample_70_random_1_weight_balanced_scaler.joblib,13,1
rf_seed_13_skf_2_paras_148_estimator_500_depth_None_minSample_70_random_1_weight_balanced,rf,13_skf_2,699,79,64,154,0.856,0.88,0.706,0.898,0.661,0.916,0.683,0.591,/home/ubuntu/Desktop/DeepAmes_Full_STL_4_keep_weights/results_TA98_without_S9/artifacts/base/rf/estimators/rf_seed_13_skf_2_paras_148_estimator_500_depth_None_minSample_70_random_1_weight_balanced.joblib,"{""bootstrap"": true, ""class_weight"": ""balanced"", ""max_depth"": null, ""max_features"": ""log2"", ""min_samples_split"": 70, ""n_estimators"": 500, ""random_state"": 1}",rf,148,/home/ubuntu/Desktop/DeepAmes_Full_STL_4_keep_weights/results_TA98_without_S9/artifacts/base/rf/scalers/rf_seed_13_skf_2_paras_148_estimator_500_depth_None_minSample_70_random_1_weight_balanced_scaler.joblib,13,2
rf_seed_13_skf_3_paras_148_estimator_500_depth_None_minSample_70_random_1_weight_balanced,rf,13_skf_3,703,75,65,153,0.859,0.882,0.702,0.904,0.671,0.915,0.686,0.596,/home/ubuntu/Desktop/DeepAmes_Full_STL_4_keep_weights/results_TA98_without_S9/artifacts/base/rf/estimators/rf_seed_13_skf_3_paras_148_estimator_500_depth_None_minSample_70_random_1_weight_balanced.joblib,"{""bootstrap"": true, ""class_weight"": ""balanced"", ""max_depth"": null, ""max_features"": ""log2"", ""min_samples_split"": 70, ""n_estimators"": 500, ""random_state"": 1}",rf,148,/home/ubuntu/Desktop/DeepAmes_Full_STL_4_keep_weights/results_TA98_without_S9/artifacts/base/rf/scalers/rf_seed_13_skf_3_paras_148_estimator_500_depth_None_minSample_70_random_1_weight_balanced_scaler.joblib,13,3
rf_seed_13_skf_4_paras_148_estimator_500_depth_None_minSample_70_random_1_weight_balanced,rf,13_skf_4,699,79,69,149,0.851,0.879,0.683,0.898,0.654,0.91,0.668,0.573,/home/ubuntu/Desktop/DeepAmes_Full_STL_4_keep_weights/results_TA98_without_S9/artifacts/base/rf/estimators/rf_seed_13_skf_4_paras_148_estimator_500_depth_None_minSample_70_random_1_weight_balanced.joblib,"{""bootstrap"": true, ""class_weight"": ""balanced"", ""max_depth"": null, ""max_features"": ""log2"", ""min_samples_split"": 70, ""n_estimators"": 500, ""random_state"": 1}",rf,148,/home/ubuntu/Desktop/DeepAmes_Full_STL_4_keep_weights/results_TA98_without_S9/artifacts/base/rf/scalers/rf_seed_13_skf_4_paras_148_estimator_500_depth_None_minSample_70_random_1_weight_balanced_scaler.joblib,13,4
rf_seed_14_skf_0_paras_148_estimator_500_depth_None_minSample_70_random_1_weight_balanced,rf,14_skf_0,696,82,61,157,0.856,0.882,0.72,0.895,0.657,0.919,0.687,0.595,/home/ubuntu/Desktop/DeepAmes_Full_STL_4_keep_weights/results_TA98_without_S9/artifacts/base/rf/estimators/rf_seed_14_skf_0_paras_148_estimator_500_depth_None_minSample_70_random_1_weight_balanced.joblib,"{""bootstrap"": true, ""class_weight"": ""balanced"", ""max_depth"": null, ""max_features"": ""log2"", ""min_samples_split"": 70, ""n_estimators"": 500, ""random_state"": 1}",rf,148,/home/ubuntu/Desktop/DeepAmes_Full_STL_4_keep_weights/results_TA98_without_S9/artifacts/base/rf/scalers/rf_seed_14_skf_0_paras_148_estimator_500_depth_None_minSample_70_random_1_weight_balanced_scaler.joblib,14,0
rf_seed_14_skf_1_paras_148_estimator_500_depth_None_minSample_70_random_1_weight_balanced,rf,14_skf_1,699,79,69,149,0.851,0.874,0.683,0.898,0.654,0.91,0.668,0.573,/home/ubuntu/Desktop/DeepAmes_Full_STL_4_keep_weights/results_TA98_without_S9/artifacts/base/rf/estimators/rf_seed_14_skf_1_paras_148_estimator_500_depth_None_minSample_70_random_1_weight_balanced.joblib,"{""bootstrap"": true, ""class_weight"": ""balanced"", ""max_depth"": null, ""max_features"": ""log2"", ""min_samples_split"": 70, ""n_estimators"": 500, ""random_state"": 1}",rf,148,/home/ubuntu/Desktop/DeepAmes_Full_STL_4_keep_weights/results_TA98_without_S9/artifacts/base/rf/scalers/rf_seed_14_skf_1_paras_148_estimator_500_depth_None_minSample_70_random_1_weight_balanced_scaler.joblib,14,1
rf_seed_14_skf_2_paras_148_estimator_500_depth_None_minSample_70_random_1_weight_balanced,rf,14_skf_2,700,78,66,152,0.855,0.88,0.697,0.9,0.661,0.914,0.679,0.586,/home/ubuntu/Desktop/DeepAmes_Full_STL_4_keep_weights/results_TA98_without_S9/artifacts/base/rf/estimators/rf_seed_14_skf_2_paras_148_estimator_500_depth_None_minSample_70_random_1_weight_balanced.joblib,"{""bootstrap"": true, ""class_weight"": ""balanced"", ""max_depth"": null, ""max_features"": ""log2"", ""min_samples_split"": 70, ""n_estimators"": 500, ""random_state"": 1}",rf,148,/home/ubuntu/Desktop/DeepAmes_Full_STL_4_keep_weights/results_TA98_without_S9/artifacts/base/rf/scalers/rf_seed_14_skf_2_paras_148_estimator_500_depth_None_minSample_70_random_1_weight_balanced_scaler.joblib,14,2
rf_seed_14_skf_3_paras_148_estimator_500_depth_None_minSample_70_random_1_weight_balanced,rf,14_skf_3,699,79,65,153,0.855,0.878,0.702,0.898,0.659,0.915,0.68,0.587,/home/ubuntu/Desktop/DeepAmes_Full_STL_4_keep_weights/results_TA98_without_S9/artifacts/base/rf/estimators/rf_seed_14_skf_3_paras_148_estimator_500_depth_None_minSample_70_random_1_weight_balanced.joblib,"{""bootstrap"": true, ""class_weight"": ""balanced"", ""max_depth"": null, ""max_features"": ""log2"", ""min_samples_split"": 70, ""n_estimators"": 500, ""random_state"": 1}",rf,148,/home/ubuntu/Desktop/DeepAmes_Full_STL_4_keep_weights/results_TA98_without_S9/artifacts/base/rf/scalers/rf_seed_14_skf_3_paras_148_estimator_500_depth_None_minSample_70_random_1_weight_balanced_scaler.joblib,14,3
rf_seed_14_skf_4_paras_148_estimator_500_depth_None_minSample_70_random_1_weight_balanced,rf,14_skf_4,704,74,69,149,0.856,0.879,0.683,0.905,0.668,0.911,0.676,0.584,/home/ubuntu/Desktop/DeepAmes_Full_STL_4_keep_weights/results_TA98_without_S9/artifacts/base/rf/estimators/rf_seed_14_skf_4_paras_148_estimator_500_depth_None_minSample_70_random_1_weight_balanced.joblib,"{""bootstrap"": true, ""class_weight"": ""balanced"", ""max_depth"": null, ""max_features"": ""log2"", ""min_samples_split"": 70, ""n_estimators"": 500, ""random_state"": 1}",rf,148,/home/ubuntu/Desktop/DeepAmes_Full_STL_4_keep_weights/results_TA98_without_S9/artifacts/base/rf/scalers/rf_seed_14_skf_4_paras_148_estimator_500_depth_None_minSample_70_random_1_weight_balanced_scaler.joblib,14,4
rf_seed_15_skf_0_paras_148_estimator_500_depth_None_minSample_70_random_1_weight_balanced,rf,15_skf_0,696,82,64,154,0.853,0.88,0.706,0.895,0.653,0.916,0.678,0.584,/home/ubuntu/Desktop/DeepAmes_Full_STL_4_keep_weights/results_TA98_without_S9/artifacts/base/rf/estimators/rf_seed_15_skf_0_paras_148_estimator_500_depth_None_minSample_70_random_1_weight_balanced.joblib,"{""bootstrap"": true, ""class_weight"": ""balanced"", ""max_depth"": null, ""max_features"": ""log2"", ""min_samples_split"": 70, ""n_estimators"": 500, ""random_state"": 1}",rf,148,/home/ubuntu/Desktop/DeepAmes_Full_STL_4_keep_weights/results_TA98_without_S9/artifacts/base/rf/scalers/rf_seed_15_skf_0_paras_148_estimator_500_depth_None_minSample_70_random_1_weight_balanced_scaler.joblib,15,0
rf_seed_15_skf_1_paras_148_estimator_500_depth_None_minSample_70_random_1_weight_balanced,rf,15_skf_1,700,78,66,152,0.855,0.877,0.697,0.9,0.661,0.914,0.679,0.586,/home/ubuntu/Desktop/DeepAmes_Full_STL_4_keep_weights/results_TA98_without_S9/artifacts/base/rf/estimators/rf_seed_15_skf_1_paras_148_estimator_500_depth_None_minSample_70_random_1_weight_balanced.joblib,"{""bootstrap"": true, ""class_weight"": ""balanced"", ""max_depth"": null, ""max_features"": ""log2"", ""min_samples_split"": 70, ""n_estimators"": 500, ""random_state"": 1}",rf,148,/home/ubuntu/Desktop/DeepAmes_Full_STL_4_keep_weights/results_TA98_without_S9/artifacts/base/rf/scalers/rf_seed_15_skf_1_paras_148_estimator_500_depth_None_minSample_70_random_1_weight_balanced_scaler.joblib,15,1
rf_seed_15_skf_2_paras_148_estimator_500_depth_None_minSample_70_random_1_weight_balanced,rf,15_skf_2,704,74,68,150,0.857,0.879,0.688,0.905,0.67,0.912,0.679,0.587,/home/ubuntu/Desktop/DeepAmes_Full_STL_4_keep_weights/results_TA98_without_S9/artifacts/base/rf/estimators/rf_seed_15_skf_2_paras_148_estimator_500_depth_None_minSample_70_random_1_weight_balanced.joblib,"{""bootstrap"": true, ""class_weight"": ""balanced"", ""max_depth"": null, ""max_features"": ""log2"", ""min_samples_split"": 70, ""n_estimators"": 500, ""random_state"": 1}",rf,148,/home/ubuntu/Desktop/DeepAmes_Full_STL_4_keep_weights/results_TA98_without_S9/artifacts/base/rf/scalers/rf_seed_15_skf_2_paras_148_estimator_500_depth_None_minSample_70_random_1_weight_balanced_scaler.joblib,15,2
rf_seed_15_skf_3_paras_148_estimator_500_depth_None_minSample_70_random_1_weight_balanced,rf,15_skf_3,697,81,65,153,0.853,0.88,0.702,0.896,0.654,0.915,0.677,0.583,/home/ubuntu/Desktop/DeepAmes_Full_STL_4_keep_weights/results_TA98_without_S9/artifacts/base/rf/estimators/rf_seed_15_skf_3_paras_148_estimator_500_depth_None_minSample_70_random_1_weight_balanced.joblib,"{""bootstrap"": true, ""class_weight"": ""balanced"", ""max_depth"": null, ""max_features"": ""log2"", ""min_samples_split"": 70, ""n_estimators"": 500, ""random_state"": 1}",rf,148,/home/ubuntu/Desktop/DeepAmes_Full_STL_4_keep_weights/results_TA98_without_S9/artifacts/base/rf/scalers/rf_seed_15_skf_3_paras_148_estimator_500_depth_None_minSample_70_random_1_weight_balanced_scaler.joblib,15,3
rf_seed_15_skf_4_paras_148_estimator_500_depth_None_minSample_70_random_1_weight_balanced,rf,15_skf_4,706,72,68,150,0.859,0.882,0.688,0.907,0.676,0.912,0.682,0.592,/home/ubuntu/Desktop/DeepAmes_Full_STL_4_keep_weights/results_TA98_without_S9/artifacts/base/rf/estimators/rf_seed_15_skf_4_paras_148_estimator_500_depth_None_minSample_70_random_1_weight_balanced.joblib,"{""bootstrap"": true, ""class_weight"": ""balanced"", ""max_depth"": null, ""max_features"": ""log2"", ""min_samples_split"": 70, ""n_estimators"": 500, ""random_state"": 1}",rf,148,/home/ubuntu/Desktop/DeepAmes_Full_STL_4_keep_weights/results_TA98_without_S9/artifacts/base/rf/scalers/rf_seed_15_skf_4_paras_148_estimator_500_depth_None_minSample_70_random_1_weight_balanced_scaler.joblib,15,4
rf_seed_16_skf_0_paras_148_estimator_500_depth_None_minSample_70_random_1_weight_balanced,rf,16_skf_0,704,74,73,145,0.852,0.878,0.665,0.905,0.662,0.906,0.664,0.569,/home/ubuntu/Desktop/DeepAmes_Full_STL_4_keep_weights/results_TA98_without_S9/artifacts/base/rf/estimators/rf_seed_16_skf_0_paras_148_estimator_500_depth_None_minSample_70_random_1_weight_balanced.joblib,"{""bootstrap"": true, ""class_weight"": ""balanced"", ""max_depth"": null, ""max_features"": ""log2"", ""min_samples_split"": 70, ""n_estimators"": 500, ""random_state"": 1}",rf,148,/home/ubuntu/Desktop/DeepAmes_Full_STL_4_keep_weights/results_TA98_without_S9/artifacts/base/rf/scalers/rf_seed_16_skf_0_paras_148_estimator_500_depth_None_minSample_70_random_1_weight_balanced_scaler.joblib,16,0
rf_seed_16_skf_1_paras_148_estimator_500_depth_None_minSample_70_random_1_weight_balanced,rf,16_skf_1,697,81,66,152,0.852,0.882,0.697,0.896,0.652,0.913,0.674,0.579,/home/ubuntu/Desktop/DeepAmes_Full_STL_4_keep_weights/results_TA98_without_S9/artifacts/base/rf/estimators/rf_seed_16_skf_1_paras_148_estimator_500_depth_None_minSample_70_random_1_weight_balanced.joblib,"{""bootstrap"": true, ""class_weight"": ""balanced"", ""max_depth"": null, ""max_features"": ""log2"", ""min_samples_split"": 70, ""n_estimators"": 500, ""random_state"": 1}",rf,148,/home/ubuntu/Desktop/DeepAmes_Full_STL_4_keep_weights/results_TA98_without_S9/artifacts/base/rf/scalers/rf_seed_16_skf_1_paras_148_estimator_500_depth_None_minSample_70_random_1_weight_balanced_scaler.joblib,16,1
rf_seed_16_skf_2_paras_148_estimator_500_depth_None_minSample_70_random_1_weight_balanced,rf,16_skf_2,700,78,66,152,0.855,0.882,0.697,0.9,0.661,0.914,0.679,0.586,/home/ubuntu/Desktop/DeepAmes_Full_STL_4_keep_weights/results_TA98_without_S9/artifacts/base/rf/estimators/rf_seed_16_skf_2_paras_148_estimator_500_depth_None_minSample_70_random_1_weight_balanced.joblib,"{""bootstrap"": true, ""class_weight"": ""balanced"", ""max_depth"": null, ""max_features"": ""log2"", ""min_samples_split"": 70, ""n_estimators"": 500, ""random_state"": 1}",rf,148,/home/ubuntu/Desktop/DeepAmes_Full_STL_4_keep_weights/results_TA98_without_S9/artifacts/base/rf/scalers/rf_seed_16_skf_2_paras_148_estimator_500_depth_None_minSample_70_random_1_weight_balanced_scaler.joblib,16,2
rf_seed_16_skf_3_paras_148_estimator_500_depth_None_minSample_70_random_1_weight_balanced,rf,16_skf_3,699,79,70,148,0.85,0.876,0.679,0.898,0.652,0.909,0.665,0.569,/home/ubuntu/Desktop/DeepAmes_Full_STL_4_keep_weights/results_TA98_without_S9/artifacts/base/rf/estimators/rf_seed_16_skf_3_paras_148_estimator_500_depth_None_minSample_70_random_1_weight_balanced.joblib,"{""bootstrap"": true, ""class_weight"": ""balanced"", ""max_depth"": null, ""max_features"": ""log2"", ""min_samples_split"": 70, ""n_estimators"": 500, ""random_state"": 1}",rf,148,/home/ubuntu/Desktop/DeepAmes_Full_STL_4_keep_weights/results_TA98_without_S9/artifacts/base/rf/scalers/rf_seed_16_skf_3_paras_148_estimator_500_depth_None_minSample_70_random_1_weight_balanced_scaler.joblib,16,3
rf_seed_16_skf_4_paras_148_estimator_500_depth_None_minSample_70_random_1_weight_balanced,rf,16_skf_4,699,79,66,152,0.854,0.879,0.697,0.898,0.658,0.914,0.677,0.584,/home/ubuntu/Desktop/DeepAmes_Full_STL_4_keep_weights/results_TA98_without_S9/artifacts/base/rf/estimators/rf_seed_16_skf_4_paras_148_estimator_500_depth_None_minSample_70_random_1_weight_balanced.joblib,"{""bootstrap"": true, ""class_weight"": ""balanced"", ""max_depth"": null, ""max_features"": ""log2"", ""min_samples_split"": 70, ""n_estimators"": 500, ""random_state"": 1}",rf,148,/home/ubuntu/Desktop/DeepAmes_Full_STL_4_keep_weights/results_TA98_without_S9/artifacts/base/rf/scalers/rf_seed_16_skf_4_paras_148_estimator_500_depth_None_minSample_70_random_1_weight_balanced_scaler.joblib,16,4
rf_seed_17_skf_0_paras_148_estimator_500_depth_None_minSample_70_random_1_weight_balanced,rf,17_skf_0,706,72,73,145,0.854,0.882,0.665,0.907,0.668,0.906,0.667,0.574,/home/ubuntu/Desktop/DeepAmes_Full_STL_4_keep_weights/results_TA98_without_S9/artifacts/base/rf/estimators/rf_seed_17_skf_0_paras_148_estimator_500_depth_None_minSample_70_random_1_weight_balanced.joblib,"{""bootstrap"": true, ""class_weight"": ""balanced"", ""max_depth"": null, ""max_features"": ""log2"", ""min_samples_split"": 70, ""n_estimators"": 500, ""random_state"": 1}",rf,148,/home/ubuntu/Desktop/DeepAmes_Full_STL_4_keep_weights/results_TA98_without_S9/artifacts/base/rf/scalers/rf_seed_17_skf_0_paras_148_estimator_500_depth_None_minSample_70_random_1_weight_balanced_scaler.joblib,17,0
rf_seed_17_skf_1_paras_148_estimator_500_depth_None_minSample_70_random_1_weight_balanced,rf,17_skf_1,702,76,69,149,0.854,0.879,0.683,0.902,0.662,0.911,0.673,0.579,/home/ubuntu/Desktop/DeepAmes_Full_STL_4_keep_weights/results_TA98_without_S9/artifacts/base/rf/estimators/rf_seed_17_skf_1_paras_148_estimator_500_depth_None_minSample_70_random_1_weight_balanced.joblib,"{""bootstrap"": true, ""class_weight"": ""balanced"", ""max_depth"": null, ""max_features"": ""log2"", ""min_samples_split"": 70, ""n_estimators"": 500, ""random_state"": 1}",rf,148,/home/ubuntu/Desktop/DeepAmes_Full_STL_4_keep_weights/results_TA98_without_S9/artifacts/base/rf/scalers/rf_seed_17_skf_1_paras_148_estimator_500_depth_None_minSample_70_random_1_weight_balanced_scaler.joblib,17,1
rf_seed_17_skf_2_paras_148_estimator_500_depth_None_minSample_70_random_1_weight_balanced,rf,17_skf_2,693,85,65,153,0.849,0.876,0.702,0.891,0.643,0.914,0.671,0.575,/home/ubuntu/Desktop/DeepAmes_Full_STL_4_keep_weights/results_TA98_without_S9/artifacts/base/rf/estimators/rf_seed_17_skf_2_paras_148_estimator_500_depth_None_minSample_70_random_1_weight_balanced.joblib,"{""bootstrap"": true, ""class_weight"": ""balanced"", ""max_depth"": null, ""max_features"": ""log2"", ""min_samples_split"": 70, ""n_estimators"": 500, ""random_state"": 1}",rf,148,/home/ubuntu/Desktop/DeepAmes_Full_STL_4_keep_weights/results_TA98_without_S9/artifacts/base/rf/scalers/rf_seed_17_skf_2_paras_148_estimator_500_depth_None_minSample_70_random_1_weight_balanced_scaler.joblib,17,2
rf_seed_17_skf_3_paras_148_estimator_500_depth_None_minSample_70_random_1_weight_balanced,rf,17_skf_3,697,81,64,154,0.854,0.875,0.706,0.896,0.655,0.916,0.68,0.587,/home/ubuntu/Desktop/DeepAmes_Full_STL_4_keep_weights/results_TA98_without_S9/artifacts/base/rf/estimators/rf_seed_17_skf_3_paras_148_estimator_500_depth_None_minSample_70_random_1_weight_balanced.joblib,"{""bootstrap"": true, ""class_weight"": ""balanced"", ""max_depth"": null, ""max_features"": ""log2"", ""min_samples_split"": 70, ""n_estimators"": 500, ""random_state"": 1}",rf,148,/home/ubuntu/Desktop/DeepAmes_Full_STL_4_keep_weights/results_TA98_without_S9/artifacts/base/rf/scalers/rf_seed_17_skf_3_paras_148_estimator_500_depth_None_minSample_70_random_1_weight_balanced_scaler.joblib,17,3
rf_seed_17_skf_4_paras_148_estimator_500_depth_None_minSample_70_random_1_weight_balanced,rf,17_skf_4,701,77,70,148,0.852,0.879,0.679,0.901,0.658,0.909,0.668,0.573,/home/ubuntu/Desktop/DeepAmes_Full_STL_4_keep_weights/results_TA98_without_S9/artifacts/base/rf/estimators/rf_seed_17_skf_4_paras_148_estimator_500_depth_None_minSample_70_random_1_weight_balanced.joblib,"{""bootstrap"": true, ""class_weight"": ""balanced"", ""max_depth"": null, ""max_features"": ""log2"", ""min_samples_split"": 70, ""n_estimators"": 500, ""random_state"": 1}",rf,148,/home/ubuntu/Desktop/DeepAmes_Full_STL_4_keep_weights/results_TA98_without_S9/artifacts/base/rf/scalers/rf_seed_17_skf_4_paras_148_estimator_500_depth_None_minSample_70_random_1_weight_balanced_scaler.joblib,17,4
rf_seed_18_skf_0_paras_148_estimator_500_depth_None_minSample_70_random_1_weight_balanced,rf,18_skf_0,699,79,63,155,0.857,0.881,0.711,0.898,0.662,0.917,0.686,0.594,/home/ubuntu/Desktop/DeepAmes_Full_STL_4_keep_weights/results_TA98_without_S9/artifacts/base/rf/estimators/rf_seed_18_skf_0_paras_148_estimator_500_depth_None_minSample_70_random_1_weight_balanced.joblib,"{""bootstrap"": true, ""class_weight"": ""balanced"", ""max_depth"": null, ""max_features"": ""log2"", ""min_samples_split"": 70, ""n_estimators"": 500, ""random_state"": 1}",rf,148,/home/ubuntu/Desktop/DeepAmes_Full_STL_4_keep_weights/results_TA98_without_S9/artifacts/base/rf/scalers/rf_seed_18_skf_0_paras_148_estimator_500_depth_None_minSample_70_random_1_weight_balanced_scaler.joblib,18,0
rf_seed_18_skf_1_paras_148_estimator_500_depth_None_minSample_70_random_1_weight_balanced,rf,18_skf_1,704,74,70,148,0.855,0.881,0.679,0.905,0.667,0.91,0.673,0.58,/home/ubuntu/Desktop/DeepAmes_Full_STL_4_keep_weights/results_TA98_without_S9/artifacts/base/rf/estimators/rf_seed_18_skf_1_paras_148_estimator_500_depth_None_minSample_70_random_1_weight_balanced.joblib,"{""bootstrap"": true, ""class_weight"": ""balanced"", ""max_depth"": null, ""max_features"": ""log2"", ""min_samples_split"": 70, ""n_estimators"": 500, ""random_state"": 1}",rf,148,/home/ubuntu/Desktop/DeepAmes_Full_STL_4_keep_weights/results_TA98_without_S9/artifacts/base/rf/scalers/rf_seed_18_skf_1_paras_148_estimator_500_depth_None_minSample_70_random_1_weight_balanced_scaler.joblib,18,1
rf_seed_18_skf_3_paras_148_estimator_500_depth_None_minSample_70_random_1_weight_balanced,rf,18_skf_3,689,89,65,153,0.845,0.878,0.702,0.886,0.632,0.914,0.665,0.566,/home/ubuntu/Desktop/DeepAmes_Full_STL_4_keep_weights/results_TA98_without_S9/artifacts/base/rf/estimators/rf_seed_18_skf_3_paras_148_estimator_500_depth_None_minSample_70_random_1_weight_balanced.joblib,"{""bootstrap"": true, ""class_weight"": ""balanced"", ""max_depth"": null, ""max_features"": ""log2"", ""min_samples_split"": 70, ""n_estimators"": 500, ""random_state"": 1}",rf,148,/home/ubuntu/Desktop/DeepAmes_Full_STL_4_keep_weights/results_TA98_without_S9/artifacts/base/rf/scalers/rf_seed_18_skf_3_paras_148_estimator_500_depth_None_minSample_70_random_1_weight_balanced_scaler.joblib,18,3
rf_seed_18_skf_4_paras_148_estimator_500_depth_None_minSample_70_random_1_weight_balanced,rf,18_skf_4,701,77,64,154,0.858,0.879,0.706,0.901,0.667,0.916,0.686,0.595,/home/ubuntu/Desktop/DeepAmes_Full_STL_4_keep_weights/results_TA98_without_S9/artifacts/base/rf/estimators/rf_seed_18_skf_4_paras_148_estimator_500_depth_None_minSample_70_random_1_weight_balanced.joblib,"{""bootstrap"": true, ""class_weight"": ""balanced"", ""max_depth"": null, ""max_features"": ""log2"", ""min_samples_split"": 70, ""n_estimators"": 500, ""random_state"": 1}",rf,148,/home/ubuntu/Desktop/DeepAmes_Full_STL_4_keep_weights/results_TA98_without_S9/artifacts/base/rf/scalers/rf_seed_18_skf_4_paras_148_estimator_500_depth_None_minSample_70_random_1_weight_balanced_scaler.joblib,18,4
rf_seed_19_skf_0_paras_148_estimator_500_depth_None_minSample_70_random_1_weight_balanced,rf,19_skf_0,699,79,69,149,0.851,0.88,0.683,0.898,0.654,0.91,0.668,0.573,/home/ubuntu/Desktop/DeepAmes_Full_STL_4_keep_weights/results_TA98_without_S9/artifacts/base/rf/estimators/rf_seed_19_skf_0_paras_148_estimator_500_depth_None_minSample_70_random_1_weight_balanced.joblib,"{""bootstrap"": true, ""class_weight"": ""balanced"", ""max_depth"": null, ""max_features"": ""log2"", ""min_samples_split"": 70, ""n_estimators"": 500, ""random_state"": 1}",rf,148,/home/ubuntu/Desktop/DeepAmes_Full_STL_4_keep_weights/results_TA98_without_S9/artifacts/base/rf/scalers/rf_seed_19_skf_0_paras_148_estimator_500_depth_None_minSample_70_random_1_weight_balanced_scaler.joblib,19,0
rf_seed_19_skf_1_paras_148_estimator_500_depth_None_minSample_70_random_1_weight_balanced,rf,19_skf_1,700,78,64,154,0.857,0.883,0.706,0.9,0.664,0.916,0.684,0.593,/home/ubuntu/Desktop/DeepAmes_Full_STL_4_keep_weights/results_TA98_without_S9/artifacts/base/rf/estimators/rf_seed_19_skf_1_paras_148_estimator_500_depth_None_minSample_70_random_1_weight_balanced.joblib,"{""bootstrap"": true, ""class_weight"": ""balanced"", ""max_depth"": null, ""max_features"": ""log2"", ""min_samples_split"": 70, ""n_estimators"": 500, ""random_state"": 1}",rf,148,/home/ubuntu/Desktop/DeepAmes_Full_STL_4_keep_weights/results_TA98_without_S9/artifacts/base/rf/scalers/rf_seed_19_skf_1_paras_148_estimator_500_depth_None_minSample_70_random_1_weight_balanced_scaler.joblib,19,1
rf_seed_19_skf_2_paras_148_estimator_500_depth_None_minSample_70_random_1_weight_balanced,rf,19_skf_2,697,81,63,155,0.855,0.878,0.711,0.896,0.657,0.917,0.683,0.59,/home/ubuntu/Desktop/DeepAmes_Full_STL_4_keep_weights/results_TA98_without_S9/artifacts/base/rf/estimators/rf_seed_19_skf_2_paras_148_estimator_500_depth_None_minSample_70_random_1_weight_balanced.joblib,"{""bootstrap"": true, ""class_weight"": ""balanced"", ""max_depth"": null, ""max_features"": ""log2"", ""min_samples_split"": 70, ""n_estimators"": 500, ""random_state"": 1}",rf,148,/home/ubuntu/Desktop/DeepAmes_Full_STL_4_keep_weights/results_TA98_without_S9/artifacts/base/rf/scalers/rf_seed_19_skf_2_paras_148_estimator_500_depth_None_minSample_70_random_1_weight_balanced_scaler.joblib,19,2
rf_seed_19_skf_3_paras_148_estimator_500_depth_None_minSample_70_random_1_weight_balanced,rf,19_skf_3,703,75,73,145,0.851,0.876,0.665,0.904,0.659,0.906,0.662,0.567,/home/ubuntu/Desktop/DeepAmes_Full_STL_4_keep_weights/results_TA98_without_S9/artifacts/base/rf/estimators/rf_seed_19_skf_3_paras_148_estimator_500_depth_None_minSample_70_random_1_weight_balanced.joblib,"{""bootstrap"": true, ""class_weight"": ""balanced"", ""max_depth"": null, ""max_features"": ""log2"", ""min_samples_split"": 70, ""n_estimators"": 500, ""random_state"": 1}",rf,148,/home/ubuntu/Desktop/DeepAmes_Full_STL_4_keep_weights/results_TA98_without_S9/artifacts/base/rf/scalers/rf_seed_19_skf_3_paras_148_estimator_500_depth_None_minSample_70_random_1_weight_balanced_scaler.joblib,19,3
rf_seed_19_skf_4_paras_148_estimator_500_depth_None_minSample_70_random_1_weight_balanced,rf,19_skf_4,699,79,62,156,0.858,0.88,0.716,0.898,0.664,0.919,0.689,0.598,/home/ubuntu/Desktop/DeepAmes_Full_STL_4_keep_weights/results_TA98_without_S9/artifacts/base/rf/estimators/rf_seed_19_skf_4_paras_148_estimator_500_depth_None_minSample_70_random_1_weight_balanced.joblib,"{""bootstrap"": true, ""class_weight"": ""balanced"", ""max_depth"": null, ""max_features"": ""log2"", ""min_samples_split"": 70, ""n_estimators"": 500, ""random_state"": 1}",rf,148,/home/ubuntu/Desktop/DeepAmes_Full_STL_4_keep_weights/results_TA98_without_S9/artifacts/base/rf/scalers/rf_seed_19_skf_4_paras_148_estimator_500_depth_None_minSample_70_random_1_weight_balanced_scaler.joblib,19,4
svm_seed_0_skf_0_paras_19_kernel_rbf_C_1_gamma_1,svm,0_skf_0,734,44,72,146,0.884,0.894,0.67,0.943,0.768,0.911,0.716,0.645,/home/ubuntu/Desktop/DeepAmes_Full_STL_4_keep_weights/results_TA98_without_S9/artifacts/base/svm/estimators/svm_seed_0_skf_0_paras_19_kernel_rbf_C_1_gamma_1.joblib,"{""C"": 1, ""class_weight"": ""balanced"", ""gamma"": 1, ""kernel"": ""rbf"", ""probability"": true, ""random_state"": 1}",svm,19,/home/ubuntu/Desktop/DeepAmes_Full_STL_4_keep_weights/results_TA98_without_S9/artifacts/base/svm/scalers/svm_seed_0_skf_0_paras_19_kernel_rbf_C_1_gamma_1_scaler.joblib,0,0
svm_seed_0_skf_1_paras_19_kernel_rbf_C_1_gamma_1,svm,0_skf_1,731,47,76,142,0.877,0.901,0.651,0.94,0.751,0.906,0.698,0.623,/home/ubuntu/Desktop/DeepAmes_Full_STL_4_keep_weights/results_TA98_without_S9/artifacts/base/svm/estimators/svm_seed_0_skf_1_paras_19_kernel_rbf_C_1_gamma_1.joblib,"{""C"": 1, ""class_weight"": ""balanced"", ""gamma"": 1, ""kernel"": ""rbf"", ""probability"": true, ""random_state"": 1}",svm,19,/home/ubuntu/Desktop/DeepAmes_Full_STL_4_keep_weights/results_TA98_without_S9/artifacts/base/svm/scalers/svm_seed_0_skf_1_paras_19_kernel_rbf_C_1_gamma_1_scaler.joblib,0,1
svm_seed_0_skf_2_paras_19_kernel_rbf_C_1_gamma_1,svm,0_skf_2,733,45,74,144,0.881,0.906,0.661,0.942,0.762,0.908,0.708,0.636,/home/ubuntu/Desktop/DeepAmes_Full_STL_4_keep_weights/results_TA98_without_S9/artifacts/base/svm/estimators/svm_seed_0_skf_2_paras_19_kernel_rbf_C_1_gamma_1.joblib,"{""C"": 1, ""class_weight"": ""balanced"", ""gamma"": 1, ""kernel"": ""rbf"", ""probability"": true, ""random_state"": 1}",svm,19,/home/ubuntu/Desktop/DeepAmes_Full_STL_4_keep_weights/results_TA98_without_S9/artifacts/base/svm/scalers/svm_seed_0_skf_2_paras_19_kernel_rbf_C_1_gamma_1_scaler.joblib,0,2
svm_seed_0_skf_3_paras_19_kernel_rbf_C_1_gamma_1,svm,0_skf_3,728,50,73,145,0.877,0.893,0.665,0.936,0.744,0.909,0.702,0.626,/home/ubuntu/Desktop/DeepAmes_Full_STL_4_keep_weights/results_TA98_without_S9/artifacts/base/svm/estimators/svm_seed_0_skf_3_paras_19_kernel_rbf_C_1_gamma_1.joblib,"{""C"": 1, ""class_weight"": ""balanced"", ""gamma"": 1, ""kernel"": ""rbf"", ""probability"": true, ""random_state"": 1}",svm,19,/home/ubuntu/Desktop/DeepAmes_Full_STL_4_keep_weights/results_TA98_without_S9/artifacts/base/svm/scalers/svm_seed_0_skf_3_paras_19_kernel_rbf_C_1_gamma_1_scaler.joblib,0,3
svm_seed_0_skf_4_paras_19_kernel_rbf_C_1_gamma_1,svm,0_skf_4,731,47,75,143,0.878,0.903,0.656,0.94,0.753,0.907,0.701,0.627,/home/ubuntu/Desktop/DeepAmes_Full_STL_4_keep_weights/results_TA98_without_S9/artifacts/base/svm/estimators/svm_seed_0_skf_4_paras_19_kernel_rbf_C_1_gamma_1.joblib,"{""C"": 1, ""class_weight"": ""balanced"", ""gamma"": 1, ""kernel"": ""rbf"", ""probability"": true, ""random_state"": 1}",svm,19,/home/ubuntu/Desktop/DeepAmes_Full_STL_4_keep_weights/results_TA98_without_S9/artifacts/base/svm/scalers/svm_seed_0_skf_4_paras_19_kernel_rbf_C_1_gamma_1_scaler.joblib,0,4
svm_seed_1_skf_0_paras_19_kernel_rbf_C_1_gamma_1,svm,1_skf_0,731,47,77,141,0.876,0.906,0.647,0.94,0.75,0.905,0.695,0.62,/home/ubuntu/Desktop/DeepAmes_Full_STL_4_keep_weights/results_TA98_without_S9/artifacts/base/svm/estimators/svm_seed_1_skf_0_paras_19_kernel_rbf_C_1_gamma_1.joblib,"{""C"": 1, ""class_weight"": ""balanced"", ""gamma"": 1, ""kernel"": ""rbf"", ""probability"": true, ""random_state"": 1}",svm,19,/home/ubuntu/Desktop/DeepAmes_Full_STL_4_keep_weights/results_TA98_without_S9/artifacts/base/svm/scalers/svm_seed_1_skf_0_paras_19_kernel_rbf_C_1_gamma_1_scaler.joblib,1,0
svm_seed_1_skf_1_paras_19_kernel_rbf_C_1_gamma_1,svm,1_skf_1,732,46,75,143,0.879,0.899,0.656,0.941,0.757,0.907,0.703,0.629,/home/ubuntu/Desktop/DeepAmes_Full_STL_4_keep_weights/results_TA98_without_S9/artifacts/base/svm/estimators/svm_seed_1_skf_1_paras_19_kernel_rbf_C_1_gamma_1.joblib,"{""C"": 1, ""class_weight"": ""balanced"", ""gamma"": 1, ""kernel"": ""rbf"", ""probability"": true, ""random_state"": 1}",svm,19,/home/ubuntu/Desktop/DeepAmes_Full_STL_4_keep_weights/results_TA98_without_S9/artifacts/base/svm/scalers/svm_seed_1_skf_1_paras_19_kernel_rbf_C_1_gamma_1_scaler.joblib,1,1
svm_seed_1_skf_2_paras_19_kernel_rbf_C_1_gamma_1,svm,1_skf_2,733,45,72,146,0.883,0.897,0.67,0.942,0.764,0.911,0.714,0.643,/home/ubuntu/Desktop/DeepAmes_Full_STL_4_keep_weights/results_TA98_without_S9/artifacts/base/svm/estimators/svm_seed_1_skf_2_paras_19_kernel_rbf_C_1_gamma_1.joblib,"{""C"": 1, ""class_weight"": ""balanced"", ""gamma"": 1, ""kernel"": ""rbf"", ""probability"": true, ""random_state"": 1}",svm,19,/home/ubuntu/Desktop/DeepAmes_Full_STL_4_keep_weights/results_TA98_without_S9/artifacts/base/svm/scalers/svm_seed_1_skf_2_paras_19_kernel_rbf_C_1_gamma_1_scaler.joblib,1,2
svm_seed_1_skf_3_paras_19_kernel_rbf_C_1_gamma_1,svm,1_skf_3,727,51,73,145,0.876,0.896,0.665,0.934,0.74,0.909,0.7,0.624,/home/ubuntu/Desktop/DeepAmes_Full_STL_4_keep_weights/results_TA98_without_S9/artifacts/base/svm/estimators/svm_seed_1_skf_3_paras_19_kernel_rbf_C_1_gamma_1.joblib,"{""C"": 1, ""class_weight"": ""balanced"", ""gamma"": 1, ""kernel"": ""rbf"", ""probability"": true, ""random_state"": 1}",svm,19,/home/ubuntu/Desktop/DeepAmes_Full_STL_4_keep_weights/results_TA98_without_S9/artifacts/base/svm/scalers/svm_seed_1_skf_3_paras_19_kernel_rbf_C_1_gamma_1_scaler.joblib,1,3
svm_seed_1_skf_4_paras_19_kernel_rbf_C_1_gamma_1,svm,1_skf_4,732,46,70,148,0.884,0.905,0.679,0.941,0.763,0.913,0.718,0.647,/home/ubuntu/Desktop/DeepAmes_Full_STL_4_keep_weights/results_TA98_without_S9/artifacts/base/svm/estimators/svm_seed_1_skf_4_paras_19_kernel_rbf_C_1_gamma_1.joblib,"{""C"": 1, ""class_weight"": ""balanced"", ""gamma"": 1, ""kernel"": ""rbf"", ""probability"": true, ""random_state"": 1}",svm,19,/home/ubuntu/Desktop/DeepAmes_Full_STL_4_keep_weights/results_TA98_without_S9/artifacts/base/svm/scalers/svm_seed_1_skf_4_paras_19_kernel_rbf_C_1_gamma_1_scaler.joblib,1,4
svm_seed_2_skf_0_paras_19_kernel_rbf_C_1_gamma_1,svm,2_skf_0,740,38,74,144,0.888,0.899,0.661,0.951,0.791,0.909,0.72,0.655,/home/ubuntu/Desktop/DeepAmes_Full_STL_4_keep_weights/results_TA98_without_S9/artifacts/base/svm/estimators/svm_seed_2_skf_0_paras_19_kernel_rbf_C_1_gamma_1.joblib,"{""C"": 1, ""class_weight"": ""balanced"", ""gamma"": 1, ""kernel"": ""rbf"", ""probability"": true, ""random_state"": 1}",svm,19,/home/ubuntu/Desktop/DeepAmes_Full_STL_4_keep_weights/results_TA98_without_S9/artifacts/base/svm/scalers/svm_seed_2_skf_0_paras_19_kernel_rbf_C_1_gamma_1_scaler.joblib,2,0
svm_seed_2_skf_1_paras_19_kernel_rbf_C_1_gamma_1,svm,2_skf_1,733,45,72,146,0.883,0.893,0.67,0.942,0.764,0.911,0.714,0.643,/home/ubuntu/Desktop/DeepAmes_Full_STL_4_keep_weights/results_TA98_without_S9/artifacts/base/svm/estimators/svm_seed_2_skf_1_paras_19_kernel_rbf_C_1_gamma_1.joblib,"{""C"": 1, ""class_weight"": ""balanced"", ""gamma"": 1, ""kernel"": ""rbf"", ""probability"": true, ""random_state"": 1}",svm,19,/home/ubuntu/Desktop/DeepAmes_Full_STL_4_keep_weights/results_TA98_without_S9/artifacts/base/svm/scalers/svm_seed_2_skf_1_paras_19_kernel_rbf_C_1_gamma_1_scaler.joblib,2,1
svm_seed_2_skf_2_paras_19_kernel_rbf_C_1_gamma_1,svm,2_skf_2,734,44,72,146,0.884,0.898,0.67,0.943,0.768,0.911,0.716,0.645,/home/ubuntu/Desktop/DeepAmes_Full_STL_4_keep_weights/results_TA98_without_S9/artifacts/base/svm/estimators/svm_seed_2_skf_2_paras_19_kernel_rbf_C_1_gamma_1.joblib,"{""C"": 1, ""class_weight"": ""balanced"", ""gamma"": 1, ""kernel"": ""rbf"", ""probability"": true, ""random_state"": 1}",svm,19,/home/ubuntu/Desktop/DeepAmes_Full_STL_4_keep_weights/results_TA98_without_S9/artifacts/base/svm/scalers/svm_seed_2_skf_2_paras_19_kernel_rbf_C_1_gamma_1_scaler.joblib,2,2
svm_seed_2_skf_3_paras_19_kernel_rbf_C_1_gamma_1,svm,2_skf_3,727,51,68,150,0.881,0.907,0.688,0.934,0.746,0.914,0.716,0.641,/home/ubuntu/Desktop/DeepAmes_Full_STL_4_keep_weights/results_TA98_without_S9/artifacts/base/svm/estimators/svm_seed_2_skf_3_paras_19_kernel_rbf_C_1_gamma_1.joblib,"{""C"": 1, ""class_weight"": ""balanced"", ""gamma"": 1, ""kernel"": ""rbf"", ""probability"": true, ""random_state"": 1}",svm,19,/home/ubuntu/Desktop/DeepAmes_Full_STL_4_keep_weights/results_TA98_without_S9/artifacts/base/svm/scalers/svm_seed_2_skf_3_paras_19_kernel_rbf_C_1_gamma_1_scaler.joblib,2,3
svm_seed_2_skf_4_paras_19_kernel_rbf_C_1_gamma_1,svm,2_skf_4,728,50,75,143,0.874,0.901,0.656,0.936,0.741,0.907,0.696,0.619,/home/ubuntu/Desktop/DeepAmes_Full_STL_4_keep_weights/results_TA98_without_S9/artifacts/base/svm/estimators/svm_seed_2_skf_4_paras_19_kernel_rbf_C_1_gamma_1.joblib,"{""C"": 1, ""class_weight"": ""balanced"", ""gamma"": 1, ""kernel"": ""rbf"", ""probability"": true, ""random_state"": 1}",svm,19,/home/ubuntu/Desktop/DeepAmes_Full_STL_4_keep_weights/results_TA98_without_S9/artifacts/base/svm/scalers/svm_seed_2_skf_4_paras_19_kernel_rbf_C_1_gamma_1_scaler.joblib,2,4
svm_seed_3_skf_0_paras_19_kernel_rbf_C_1_gamma_1,svm,3_skf_0,731,47,75,143,0.878,0.897,0.656,0.94,0.753,0.907,0.701,0.627,/home/ubuntu/Desktop/DeepAmes_Full_STL_4_keep_weights/results_TA98_without_S9/artifacts/base/svm/estimators/svm_seed_3_skf_0_paras_19_kernel_rbf_C_1_gamma_1.joblib,"{""C"": 1, ""class_weight"": ""balanced"", ""gamma"": 1, ""kernel"": ""rbf"", ""probability"": true, ""random_state"": 1}",svm,19,/home/ubuntu/Desktop/DeepAmes_Full_STL_4_keep_weights/results_TA98_without_S9/artifacts/base/svm/scalers/svm_seed_3_skf_0_paras_19_kernel_rbf_C_1_gamma_1_scaler.joblib,3,0
svm_seed_3_skf_1_paras_19_kernel_rbf_C_1_gamma_1,svm,3_skf_1,729,49,70,148,0.881,0.893,0.679,0.937,0.751,0.912,0.713,0.639,/home/ubuntu/Desktop/DeepAmes_Full_STL_4_keep_weights/results_TA98_without_S9/artifacts/base/svm/estimators/svm_seed_3_skf_1_paras_19_kernel_rbf_C_1_gamma_1.joblib,"{""C"": 1, ""class_weight"": ""balanced"", ""gamma"": 1, ""kernel"": ""rbf"", ""probability"": true, ""random_state"": 1}",svm,19,/home/ubuntu/Desktop/DeepAmes_Full_STL_4_keep_weights/results_TA98_without_S9/artifacts/base/svm/scalers/svm_seed_3_skf_1_paras_19_kernel_rbf_C_1_gamma_1_scaler.joblib,3,1
svm_seed_3_skf_2_paras_19_kernel_rbf_C_1_gamma_1,svm,3_skf_2,733,45,78,140,0.877,0.902,0.642,0.942,0.757,0.904,0.695,0.621,/home/ubuntu/Desktop/DeepAmes_Full_STL_4_keep_weights/results_TA98_without_S9/artifacts/base/svm/estimators/svm_seed_3_skf_2_paras_19_kernel_rbf_C_1_gamma_1.joblib,"{""C"": 1, ""class_weight"": ""balanced"", ""gamma"": 1, ""kernel"": ""rbf"", ""probability"": true, ""random_state"": 1}",svm,19,/home/ubuntu/Desktop/DeepAmes_Full_STL_4_keep_weights/results_TA98_without_S9/artifacts/base/svm/scalers/svm_seed_3_skf_2_paras_19_kernel_rbf_C_1_gamma_1_scaler.joblib,3,2
svm_seed_3_skf_3_paras_19_kernel_rbf_C_1_gamma_1,svm,3_skf_3,729,49,73,145,0.878,0.902,0.665,0.937,0.747,0.909,0.704,0.629,/home/ubuntu/Desktop/DeepAmes_Full_STL_4_keep_weights/results_TA98_without_S9/artifacts/base/svm/estimators/svm_seed_3_skf_3_paras_19_kernel_rbf_C_1_gamma_1.joblib,"{""C"": 1, ""class_weight"": ""balanced"", ""gamma"": 1, ""kernel"": ""rbf"", ""probability"": true, ""random_state"": 1}",svm,19,/home/ubuntu/Desktop/DeepAmes_Full_STL_4_keep_weights/results_TA98_without_S9/artifacts/base/svm/scalers/svm_seed_3_skf_3_paras_19_kernel_rbf_C_1_gamma_1_scaler.joblib,3,3
svm_seed_3_skf_4_paras_19_kernel_rbf_C_1_gamma_1,svm,3_skf_4,725,53,75,143,0.871,0.903,0.656,0.932,0.73,0.906,0.691,0.611,/home/ubuntu/Desktop/DeepAmes_Full_STL_4_keep_weights/results_TA98_without_S9/artifacts/base/svm/estimators/svm_seed_3_skf_4_paras_19_kernel_rbf_C_1_gamma_1.joblib,"{""C"": 1, ""class_weight"": ""balanced"", ""gamma"": 1, ""kernel"": ""rbf"", ""probability"": true, ""random_state"": 1}",svm,19,/home/ubuntu/Desktop/DeepAmes_Full_STL_4_keep_weights/results_TA98_without_S9/artifacts/base/svm/scalers/svm_seed_3_skf_4_paras_19_kernel_rbf_C_1_gamma_1_scaler.joblib,3,4
svm_seed_4_skf_0_paras_19_kernel_rbf_C_1_gamma_1,svm,4_skf_0,729,49,72,146,0.879,0.902,0.67,0.937,0.749,0.91,0.707,0.632,/home/ubuntu/Desktop/DeepAmes_Full_STL_4_keep_weights/results_TA98_without_S9/artifacts/base/svm/estimators/svm_seed_4_skf_0_paras_19_kernel_rbf_C_1_gamma_1.joblib,"{""C"": 1, ""class_weight"": ""balanced"", ""gamma"": 1, ""kernel"": ""rbf"", ""probability"": true, ""random_state"": 1}",svm,19,/home/ubuntu/Desktop/DeepAmes_Full_STL_4_keep_weights/results_TA98_without_S9/artifacts/base/svm/scalers/svm_seed_4_skf_0_paras_19_kernel_rbf_C_1_gamma_1_scaler.joblib,4,0
svm_seed_4_skf_1_paras_19_kernel_rbf_C_1_gamma_1,svm,4_skf_1,733,45,69,149,0.886,0.903,0.683,0.942,0.768,0.914,0.723,0.653,/home/ubuntu/Desktop/DeepAmes_Full_STL_4_keep_weights/results_TA98_without_S9/artifacts/base/svm/estimators/svm_seed_4_skf_1_paras_19_kernel_rbf_C_1_gamma_1.joblib,"{""C"": 1, ""class_weight"": ""balanced"", ""gamma"": 1, ""kernel"": ""rbf"", ""probability"": true, ""random_state"": 1}",svm,19,/home/ubuntu/Desktop/DeepAmes_Full_STL_4_keep_weights/results_TA98_without_S9/artifacts/base/svm/scalers/svm_seed_4_skf_1_paras_19_kernel_rbf_C_1_gamma_1_scaler.joblib,4,1
svm_seed_4_skf_2_paras_19_kernel_rbf_C_1_gamma_1,svm,4_skf_2,734,44,74,144,0.882,0.898,0.661,0.943,0.766,0.908,0.709,0.638,/home/ubuntu/Desktop/DeepAmes_Full_STL_4_keep_weights/results_TA98_without_S9/artifacts/base/svm/estimators/svm_seed_4_skf_2_paras_19_kernel_rbf_C_1_gamma_1.joblib,"{""C"": 1, ""class_weight"": ""balanced"", ""gamma"": 1, ""kernel"": ""rbf"", ""probability"": true, ""random_state"": 1}",svm,19,/home/ubuntu/Desktop/DeepAmes_Full_STL_4_keep_weights/results_TA98_without_S9/artifacts/base/svm/scalers/svm_seed_4_skf_2_paras_19_kernel_rbf_C_1_gamma_1_scaler.joblib,4,2
svm_seed_4_skf_3_paras_19_kernel_rbf_C_1_gamma_1,svm,4_skf_3,729,49,74,144,0.877,0.895,0.661,0.937,0.746,0.908,0.701,0.625,/home/ubuntu/Desktop/DeepAmes_Full_STL_4_keep_weights/results_TA98_without_S9/artifacts/base/svm/estimators/svm_seed_4_skf_3_paras_19_kernel_rbf_C_1_gamma_1.joblib,"{""C"": 1, ""class_weight"": ""balanced"", ""gamma"": 1, ""kernel"": ""rbf"", ""probability"": true, ""random_state"": 1}",svm,19,/home/ubuntu/Desktop/DeepAmes_Full_STL_4_keep_weights/results_TA98_without_S9/artifacts/base/svm/scalers/svm_seed_4_skf_3_paras_19_kernel_rbf_C_1_gamma_1_scaler.joblib,4,3
svm_seed_4_skf_4_paras_19_kernel_rbf_C_1_gamma_1,svm,4_skf_4,730,48,80,138,0.871,0.894,0.633,0.938,0.742,0.901,0.683,0.606,/home/ubuntu/Desktop/DeepAmes_Full_STL_4_keep_weights/results_TA98_without_S9/artifacts/base/svm/estimators/svm_seed_4_skf_4_paras_19_kernel_rbf_C_1_gamma_1.joblib,"{""C"": 1, ""class_weight"": ""balanced"", ""gamma"": 1, ""kernel"": ""rbf"", ""probability"": true, ""random_state"": 1}",svm,19,/home/ubuntu/Desktop/DeepAmes_Full_STL_4_keep_weights/results_TA98_without_S9/artifacts/base/svm/scalers/svm_seed_4_skf_4_paras_19_kernel_rbf_C_1_gamma_1_scaler.joblib,4,4
svm_seed_5_skf_0_paras_19_kernel_rbf_C_1_gamma_1,svm,5_skf_0,736,42,79,139,0.879,0.895,0.638,0.946,0.768,0.903,0.697,0.626,/home/ubuntu/Desktop/DeepAmes_Full_STL_4_keep_weights/results_TA98_without_S9/artifacts/base/svm/estimators/svm_seed_5_skf_0_paras_19_kernel_rbf_C_1_gamma_1.joblib,"{""C"": 1, ""class_weight"": ""balanced"", ""gamma"": 1, ""kernel"": ""rbf"", ""probability"": true, ""random_state"": 1}",svm,19,/home/ubuntu/Desktop/DeepAmes_Full_STL_4_keep_weights/results_TA98_without_S9/artifacts/base/svm/scalers/svm_seed_5_skf_0_paras_19_kernel_rbf_C_1_gamma_1_scaler.joblib,5,0
svm_seed_5_skf_1_paras_19_kernel_rbf_C_1_gamma_1,svm,5_skf_1,728,50,73,145,0.877,0.894,0.665,0.936,0.744,0.909,0.702,0.626,/home/ubuntu/Desktop/DeepAmes_Full_STL_4_keep_weights/results_TA98_without_S9/artifacts/base/svm/estimators/svm_seed_5_skf_1_paras_19_kernel_rbf_C_1_gamma_1.joblib,"{""C"": 1, ""class_weight"": ""balanced"", ""gamma"": 1, ""kernel"": ""rbf"", ""probability"": true, ""random_state"": 1}",svm,19,/home/ubuntu/Desktop/DeepAmes_Full_STL_4_keep_weights/results_TA98_without_S9/artifacts/base/svm/scalers/svm_seed_5_skf_1_paras_19_kernel_rbf_C_1_gamma_1_scaler.joblib,5,1
svm_seed_5_skf_2_paras_19_kernel_rbf_C_1_gamma_1,svm,5_skf_2,731,47,72,146,0.881,0.899,0.67,0.94,0.756,0.91,0.71,0.637,/home/ubuntu/Desktop/DeepAmes_Full_STL_4_keep_weights/results_TA98_without_S9/artifacts/base/svm/estimators/svm_seed_5_skf_2_paras_19_kernel_rbf_C_1_gamma_1.joblib,"{""C"": 1, ""class_weight"": ""balanced"", ""gamma"": 1, ""kernel"": ""rbf"", ""probability"": true, ""random_state"": 1}",svm,19,/home/ubuntu/Desktop/DeepAmes_Full_STL_4_keep_weights/results_TA98_without_S9/artifacts/base/svm/scalers/svm_seed_5_skf_2_paras_19_kernel_rbf_C_1_gamma_1_scaler.joblib,5,2
svm_seed_5_skf_3_paras_19_kernel_rbf_C_1_gamma_1,svm,5_skf_3,732,46,68,150,0.886,0.907,0.688,0.941,0.765,0.915,0.725,0.654,/home/ubuntu/Desktop/DeepAmes_Full_STL_4_keep_weights/results_TA98_without_S9/artifacts/base/svm/estimators/svm_seed_5_skf_3_paras_19_kernel_rbf_C_1_gamma_1.joblib,"{""C"": 1, ""class_weight"": ""balanced"", ""gamma"": 1, ""kernel"": ""rbf"", ""probability"": true, ""random_state"": 1}",svm,19,/home/ubuntu/Desktop/DeepAmes_Full_STL_4_keep_weights/results_TA98_without_S9/artifacts/base/svm/scalers/svm_seed_5_skf_3_paras_19_kernel_rbf_C_1_gamma_1_scaler.joblib,5,3
svm_seed_5_skf_4_paras_19_kernel_rbf_C_1_gamma_1,svm,5_skf_4,732,46,80,138,0.873,0.901,0.633,0.941,0.75,0.901,0.687,0.611,/home/ubuntu/Desktop/DeepAmes_Full_STL_4_keep_weights/results_TA98_without_S9/artifacts/base/svm/estimators/svm_seed_5_skf_4_paras_19_kernel_rbf_C_1_gamma_1.joblib,"{""C"": 1, ""class_weight"": ""balanced"", ""gamma"": 1, ""kernel"": ""rbf"", ""probability"": true, ""random_state"": 1}",svm,19,/home/ubuntu/Desktop/DeepAmes_Full_STL_4_keep_weights/results_TA98_without_S9/artifacts/base/svm/scalers/svm_seed_5_skf_4_paras_19_kernel_rbf_C_1_gamma_1_scaler.joblib,5,4
svm_seed_6_skf_0_paras_19_kernel_rbf_C_1_gamma_1,svm,6_skf_0,733,45,78,140,0.877,0.905,0.642,0.942,0.757,0.904,0.695,0.621,/home/ubuntu/Desktop/DeepAmes_Full_STL_4_keep_weights/results_TA98_without_S9/artifacts/base/svm/estimators/svm_seed_6_skf_0_paras_19_kernel_rbf_C_1_gamma_1.joblib,"{""C"": 1, ""class_weight"": ""balanced"", ""gamma"": 1, ""kernel"": ""rbf"", ""probability"": true, ""random_state"": 1}",svm,19,/home/ubuntu/Desktop/DeepAmes_Full_STL_4_keep_weights/results_TA98_without_S9/artifacts/base/svm/scalers/svm_seed_6_skf_0_paras_19_kernel_rbf_C_1_gamma_1_scaler.joblib,6,0
svm_seed_6_skf_1_paras_19_kernel_rbf_C_1_gamma_1,svm,6_skf_1,734,44,78,140,0.878,0.895,0.642,0.943,0.761,0.904,0.697,0.624,/home/ubuntu/Desktop/DeepAmes_Full_STL_4_keep_weights/results_TA98_without_S9/artifacts/base/svm/estimators/svm_seed_6_skf_1_paras_19_kernel_rbf_C_1_gamma_1.joblib,"{""C"": 1, ""class_weight"": ""balanced"", ""gamma"": 1, ""kernel"": ""rbf"", ""probability"": true, ""random_state"": 1}",svm,19,/home/ubuntu/Desktop/DeepAmes_Full_STL_4_keep_weights/results_TA98_without_S9/artifacts/base/svm/scalers/svm_seed_6_skf_1_paras_19_kernel_rbf_C_1_gamma_1_scaler.joblib,6,1
svm_seed_6_skf_2_paras_19_kernel_rbf_C_1_gamma_1,svm,6_skf_2,735,43,71,147,0.886,0.897,0.674,0.945,0.774,0.912,0.721,0.651,/home/ubuntu/Desktop/DeepAmes_Full_STL_4_keep_weights/results_TA98_without_S9/artifacts/base/svm/estimators/svm_seed_6_skf_2_paras_19_kernel_rbf_C_1_gamma_1.joblib,"{""C"": 1, ""class_weight"": ""balanced"", ""gamma"": 1, ""kernel"": ""rbf"", ""probability"": true, ""random_state"": 1}",svm,19,/home/ubuntu/Desktop/DeepAmes_Full_STL_4_keep_weights/results_TA98_without_S9/artifacts/base/svm/scalers/svm_seed_6_skf_2_paras_19_kernel_rbf_C_1_gamma_1_scaler.joblib,6,2
svm_seed_6_skf_3_paras_19_kernel_rbf_C_1_gamma_1,svm,6_skf_3,727,51,73,145,0.876,0.897,0.665,0.934,0.74,0.909,0.7,0.624,/home/ubuntu/Desktop/DeepAmes_Full_STL_4_keep_weights/results_TA98_without_S9/artifacts/base/svm/estimators/svm_seed_6_skf_3_paras_19_kernel_rbf_C_1_gamma_1.joblib,"{""C"": 1, ""class_weight"": ""balanced"", ""gamma"": 1, ""kernel"": ""rbf"", ""probability"": true, ""random_state"": 1}",svm,19,/home/ubuntu/Desktop/DeepAmes_Full_STL_4_keep_weights/results_TA98_without_S9/artifacts/base/svm/scalers/svm_seed_6_skf_3_paras_19_kernel_rbf_C_1_gamma_1_scaler.joblib,6,3
svm_seed_6_skf_4_paras_19_kernel_rbf_C_1_gamma_1,svm,6_skf_4,739,39,73,145,0.888,0.904,0.665,0.95,0.788,0.91,0.721,0.655,/home/ubuntu/Desktop/DeepAmes_Full_STL_4_keep_weights/results_TA98_without_S9/artifacts/base/svm/estimators/svm_seed_6_skf_4_paras_19_kernel_rbf_C_1_gamma_1.joblib,"{""C"": 1, ""class_weight"": ""balanced"", ""gamma"": 1, ""kernel"": ""rbf"", ""probability"": true, ""random_state"": 1}",svm,19,/home/ubuntu/Desktop/DeepAmes_Full_STL_4_keep_weights/results_TA98_without_S9/artifacts/base/svm/scalers/svm_seed_6_skf_4_paras_19_kernel_rbf_C_1_gamma_1_scaler.joblib,6,4
svm_seed_7_skf_0_paras_19_kernel_rbf_C_1_gamma_1,svm,7_skf_0,733,45,72,146,0.883,0.898,0.67,0.942,0.764,0.911,0.714,0.643,/home/ubuntu/Desktop/DeepAmes_Full_STL_4_keep_weights/results_TA98_without_S9/artifacts/base/svm/estimators/svm_seed_7_skf_0_paras_19_kernel_rbf_C_1_gamma_1.joblib,"{""C"": 1, ""class_weight"": ""balanced"", ""gamma"": 1, ""kernel"": ""rbf"", ""probability"": true, ""random_state"": 1}",svm,19,/home/ubuntu/Desktop/DeepAmes_Full_STL_4_keep_weights/results_TA98_without_S9/artifacts/base/svm/scalers/svm_seed_7_skf_0_paras_19_kernel_rbf_C_1_gamma_1_scaler.joblib,7,0
svm_seed_7_skf_1_paras_19_kernel_rbf_C_1_gamma_1,svm,7_skf_1,735,43,74,144,0.883,0.899,0.661,0.945,0.77,0.909,0.711,0.641,/home/ubuntu/Desktop/DeepAmes_Full_STL_4_keep_weights/results_TA98_without_S9/artifacts/base/svm/estimators/svm_seed_7_skf_1_paras_19_kernel_rbf_C_1_gamma_1.joblib,"{""C"": 1, ""class_weight"": ""balanced"", ""gamma"": 1, ""kernel"": ""rbf"", ""probability"": true, ""random_state"": 1}",svm,19,/home/ubuntu/Desktop/DeepAmes_Full_STL_4_keep_weights/results_TA98_without_S9/artifacts/base/svm/scalers/svm_seed_7_skf_1_paras_19_kernel_rbf_C_1_gamma_1_scaler.joblib,7,1
svm_seed_7_skf_2_paras_19_kernel_rbf_C_1_gamma_1,svm,7_skf_2,730,48,70,148,0.882,0.9,0.679,0.938,0.755,0.912,0.715,0.642,/home/ubuntu/Desktop/DeepAmes_Full_STL_4_keep_weights/results_TA98_without_S9/artifacts/base/svm/estimators/svm_seed_7_skf_2_paras_19_kernel_rbf_C_1_gamma_1.joblib,"{""C"": 1, ""class_weight"": ""balanced"", ""gamma"": 1, ""kernel"": ""rbf"", ""probability"": true, ""random_state"": 1}",svm,19,/home/ubuntu/Desktop/DeepAmes_Full_STL_4_keep_weights/results_TA98_without_S9/artifacts/base/svm/scalers/svm_seed_7_skf_2_paras_19_kernel_rbf_C_1_gamma_1_scaler.joblib,7,2
svm_seed_7_skf_3_paras_19_kernel_rbf_C_1_gamma_1,svm,7_skf_3,724,54,76,142,0.869,0.888,0.651,0.931,0.724,0.905,0.686,0.605,/home/ubuntu/Desktop/DeepAmes_Full_STL_4_keep_weights/results_TA98_without_S9/artifacts/base/svm/estimators/svm_seed_7_skf_3_paras_19_kernel_rbf_C_1_gamma_1.joblib,"{""C"": 1, ""class_weight"": ""balanced"", ""gamma"": 1, ""kernel"": ""rbf"", ""probability"": true, ""random_state"": 1}",svm,19,/home/ubuntu/Desktop/DeepAmes_Full_STL_4_keep_weights/results_TA98_without_S9/artifacts/base/svm/scalers/svm_seed_7_skf_3_paras_19_kernel_rbf_C_1_gamma_1_scaler.joblib,7,3
svm_seed_7_skf_4_paras_19_kernel_rbf_C_1_gamma_1,svm,7_skf_4,726,52,74,144,0.873,0.908,0.661,0.933,0.735,0.908,0.696,0.617,/home/ubuntu/Desktop/DeepAmes_Full_STL_4_keep_weights/results_TA98_without_S9/artifacts/base/svm/estimators/svm_seed_7_skf_4_paras_19_kernel_rbf_C_1_gamma_1.joblib,"{""C"": 1, ""class_weight"": ""balanced"", ""gamma"": 1, ""kernel"": ""rbf"", ""probability"": true, ""random_state"": 1}",svm,19,/home/ubuntu/Desktop/DeepAmes_Full_STL_4_keep_weights/results_TA98_without_S9/artifacts/base/svm/scalers/svm_seed_7_skf_4_paras_19_kernel_rbf_C_1_gamma_1_scaler.joblib,7,4
svm_seed_8_skf_0_paras_19_kernel_rbf_C_1_gamma_1,svm,8_skf_0,736,42,75,143,0.883,0.909,0.656,0.946,0.773,0.908,0.71,0.64,/home/ubuntu/Desktop/DeepAmes_Full_STL_4_keep_weights/results_TA98_without_S9/artifacts/base/svm/estimators/svm_seed_8_skf_0_paras_19_kernel_rbf_C_1_gamma_1.joblib,"{""C"": 1, ""class_weight"": ""balanced"", ""gamma"": 1, ""kernel"": ""rbf"", ""probability"": true, ""random_state"": 1}",svm,19,/home/ubuntu/Desktop/DeepAmes_Full_STL_4_keep_weights/results_TA98_without_S9/artifacts/base/svm/scalers/svm_seed_8_skf_0_paras_19_kernel_rbf_C_1_gamma_1_scaler.joblib,8,0
svm_seed_8_skf_1_paras_19_kernel_rbf_C_1_gamma_1,svm,8_skf_1,730,48,71,147,0.881,0.896,0.674,0.938,0.754,0.911,0.712,0.638,/home/ubuntu/Desktop/DeepAmes_Full_STL_4_keep_weights/results_TA98_without_S9/artifacts/base/svm/estimators/svm_seed_8_skf_1_paras_19_kernel_rbf_C_1_gamma_1.joblib,"{""C"": 1, ""class_weight"": ""balanced"", ""gamma"": 1, ""kernel"": ""rbf"", ""probability"": true, ""random_state"": 1}",svm,19,/home/ubuntu/Desktop/DeepAmes_Full_STL_4_keep_weights/results_TA98_without_S9/artifacts/base/svm/scalers/svm_seed_8_skf_1_paras_19_kernel_rbf_C_1_gamma_1_scaler.joblib,8,1
svm_seed_8_skf_2_paras_19_kernel_rbf_C_1_gamma_1,svm,8_skf_2,730,48,80,138,0.871,0.897,0.633,0.938,0.742,0.901,0.683,0.606,/home/ubuntu/Desktop/DeepAmes_Full_STL_4_keep_weights/results_TA98_without_S9/artifacts/base/svm/estimators/svm_seed_8_skf_2_paras_19_kernel_rbf_C_1_gamma_1.joblib,"{""C"": 1, ""class_weight"": ""balanced"", ""gamma"": 1, ""kernel"": ""rbf"", ""probability"": true, ""random_state"": 1}",svm,19,/home/ubuntu/Desktop/DeepAmes_Full_STL_4_keep_weights/results_TA98_without_S9/artifacts/base/svm/scalers/svm_seed_8_skf_2_paras_19_kernel_rbf_C_1_gamma_1_scaler.joblib,8,2
svm_seed_8_skf_3_paras_19_kernel_rbf_C_1_gamma_1,svm,8_skf_3,733,45,75,143,0.88,0.903,0.656,0.942,0.761,0.907,0.704,0.632,/home/ubuntu/Desktop/DeepAmes_Full_STL_4_keep_weights/results_TA98_without_S9/artifacts/base/svm/estimators/svm_seed_8_skf_3_paras_19_kernel_rbf_C_1_gamma_1.joblib,"{""C"": 1, ""class_weight"": ""balanced"", ""gamma"": 1, ""kernel"": ""rbf"", ""probability"": true, ""random_state"": 1}",svm,19,/home/ubuntu/Desktop/DeepAmes_Full_STL_4_keep_weights/results_TA98_without_S9/artifacts/base/svm/scalers/svm_seed_8_skf_3_paras_19_kernel_rbf_C_1_gamma_1_scaler.joblib,8,3
svm_seed_8_skf_4_paras_19_kernel_rbf_C_1_gamma_1,svm,8_skf_4,734,44,76,142,0.88,0.892,0.651,0.943,0.763,0.906,0.703,0.631,/home/ubuntu/Desktop/DeepAmes_Full_STL_4_keep_weights/results_TA98_without_S9/artifacts/base/svm/estimators/svm_seed_8_skf_4_paras_19_kernel_rbf_C_1_gamma_1.joblib,"{""C"": 1, ""class_weight"": ""balanced"", ""gamma"": 1, ""kernel"": ""rbf"", ""probability"": true, ""random_state"": 1}",svm,19,/home/ubuntu/Desktop/DeepAmes_Full_STL_4_keep_weights/results_TA98_without_S9/artifacts/base/svm/scalers/svm_seed_8_skf_4_paras_19_kernel_rbf_C_1_gamma_1_scaler.joblib,8,4
svm_seed_9_skf_0_paras_19_kernel_rbf_C_1_gamma_1,svm,9_skf_0,731,47,77,141,0.876,0.904,0.647,0.94,0.75,0.905,0.695,0.62,/home/ubuntu/Desktop/DeepAmes_Full_STL_4_keep_weights/results_TA98_without_S9/artifacts/base/svm/estimators/svm_seed_9_skf_0_paras_19_kernel_rbf_C_1_gamma_1.joblib,"{""C"": 1, ""class_weight"": ""balanced"", ""gamma"": 1, ""kernel"": ""rbf"", ""probability"": true, ""random_state"": 1}",svm,19,/home/ubuntu/Desktop/DeepAmes_Full_STL_4_keep_weights/results_TA98_without_S9/artifacts/base/svm/scalers/svm_seed_9_skf_0_paras_19_kernel_rbf_C_1_gamma_1_scaler.joblib,9,0
svm_seed_9_skf_1_paras_19_kernel_rbf_C_1_gamma_1,svm,9_skf_1,741,37,73,145,0.89,0.905,0.665,0.952,0.797,0.91,0.725,0.661,/home/ubuntu/Desktop/DeepAmes_Full_STL_4_keep_weights/results_TA98_without_S9/artifacts/base/svm/estimators/svm_seed_9_skf_1_paras_19_kernel_rbf_C_1_gamma_1.joblib,"{""C"": 1, ""class_weight"": ""balanced"", ""gamma"": 1, ""kernel"": ""rbf"", ""probability"": true, ""random_state"": 1}",svm,19,/home/ubuntu/Desktop/DeepAmes_Full_STL_4_keep_weights/results_TA98_without_S9/artifacts/base/svm/scalers/svm_seed_9_skf_1_paras_19_kernel_rbf_C_1_gamma_1_scaler.joblib,9,1
svm_seed_9_skf_2_paras_19_kernel_rbf_C_1_gamma_1,svm,9_skf_2,726,52,68,150,0.88,0.901,0.688,0.933,0.743,0.914,0.714,0.639,/home/ubuntu/Desktop/DeepAmes_Full_STL_4_keep_weights/results_TA98_without_S9/artifacts/base/svm/estimators/svm_seed_9_skf_2_paras_19_kernel_rbf_C_1_gamma_1.joblib,"{""C"": 1, ""class_weight"": ""balanced"", ""gamma"": 1, ""kernel"": ""rbf"", ""probability"": true, ""random_state"": 1}",svm,19,/home/ubuntu/Desktop/DeepAmes_Full_STL_4_keep_weights/results_TA98_without_S9/artifacts/base/svm/scalers/svm_seed_9_skf_2_paras_19_kernel_rbf_C_1_gamma_1_scaler.joblib,9,2
svm_seed_9_skf_3_paras_19_kernel_rbf_C_1_gamma_1,svm,9_skf_3,735,43,80,138,0.877,0.893,0.633,0.945,0.762,0.902,0.692,0.62,/home/ubuntu/Desktop/DeepAmes_Full_STL_4_keep_weights/results_TA98_without_S9/artifacts/base/svm/estimators/svm_seed_9_skf_3_paras_19_kernel_rbf_C_1_gamma_1.joblib,"{""C"": 1, ""class_weight"": ""balanced"", ""gamma"": 1, ""kernel"": ""rbf"", ""probability"": true, ""random_state"": 1}",svm,19,/home/ubuntu/Desktop/DeepAmes_Full_STL_4_keep_weights/results_TA98_without_S9/artifacts/base/svm/scalers/svm_seed_9_skf_3_paras_19_kernel_rbf_C_1_gamma_1_scaler.joblib,9,3
svm_seed_9_skf_4_paras_19_kernel_rbf_C_1_gamma_1,svm,9_skf_4,721,57,75,143,0.867,0.898,0.656,0.927,0.715,0.906,0.684,0.601,/home/ubuntu/Desktop/DeepAmes_Full_STL_4_keep_weights/results_TA98_without_S9/artifacts/base/svm/estimators/svm_seed_9_skf_4_paras_19_kernel_rbf_C_1_gamma_1.joblib,"{""C"": 1, ""class_weight"": ""balanced"", ""gamma"": 1, ""kernel"": ""rbf"", ""probability"": true, ""random_state"": 1}",svm,19,/home/ubuntu/Desktop/DeepAmes_Full_STL_4_keep_weights/results_TA98_without_S9/artifacts/base/svm/scalers/svm_seed_9_skf_4_paras_19_kernel_rbf_C_1_gamma_1_scaler.joblib,9,4
svm_seed_10_skf_0_paras_19_kernel_rbf_C_1_gamma_1,svm,10_skf_0,736,42,73,145,0.885,0.9,0.665,0.946,0.775,0.91,0.716,0.647,/home/ubuntu/Desktop/DeepAmes_Full_STL_4_keep_weights/results_TA98_without_S9/artifacts/base/svm/estimators/svm_seed_10_skf_0_paras_19_kernel_rbf_C_1_gamma_1.joblib,"{""C"": 1, ""class_weight"": ""balanced"", ""gamma"": 1, ""kernel"": ""rbf"", ""probability"": true, ""random_state"": 1}",svm,19,/home/ubuntu/Desktop/DeepAmes_Full_STL_4_keep_weights/results_TA98_without_S9/artifacts/base/svm/scalers/svm_seed_10_skf_0_paras_19_kernel_rbf_C_1_gamma_1_scaler.joblib,10,0
svm_seed_10_skf_1_paras_19_kernel_rbf_C_1_gamma_1,svm,10_skf_1,726,52,73,145,0.874,0.901,0.665,0.933,0.736,0.909,0.699,0.621,/home/ubuntu/Desktop/DeepAmes_Full_STL_4_keep_weights/results_TA98_without_S9/artifacts/base/svm/estimators/svm_seed_10_skf_1_paras_19_kernel_rbf_C_1_gamma_1.joblib,"{""C"": 1, ""class_weight"": ""balanced"", ""gamma"": 1, ""kernel"": ""rbf"", ""probability"": true, ""random_state"": 1}",svm,19,/home/ubuntu/Desktop/DeepAmes_Full_STL_4_keep_weights/results_TA98_without_S9/artifacts/base/svm/scalers/svm_seed_10_skf_1_paras_19_kernel_rbf_C_1_gamma_1_scaler.joblib,10,1
svm_seed_10_skf_2_paras_19_kernel_rbf_C_1_gamma_1,svm,10_skf_2,723,55,77,141,0.867,0.896,0.647,0.929,0.719,0.904,0.681,0.599,/home/ubuntu/Desktop/DeepAmes_Full_STL_4_keep_weights/results_TA98_without_S9/artifacts/base/svm/estimators/svm_seed_10_skf_2_paras_19_kernel_rbf_C_1_gamma_1.joblib,"{""C"": 1, ""class_weight"": ""balanced"", ""gamma"": 1, ""kernel"": ""rbf"", ""probability"": true, ""random_state"": 1}",svm,19,/home/ubuntu/Desktop/DeepAmes_Full_STL_4_keep_weights/results_TA98_without_S9/artifacts/base/svm/scalers/svm_seed_10_skf_2_paras_19_kernel_rbf_C_1_gamma_1_scaler.joblib,10,2
svm_seed_10_skf_3_paras_19_kernel_rbf_C_1_gamma_1,svm,10_skf_3,737,41,72,146,0.887,0.906,0.67,0.947,0.781,0.911,0.721,0.653,/home/ubuntu/Desktop/DeepAmes_Full_STL_4_keep_weights/results_TA98_without_S9/artifacts/base/svm/estimators/svm_seed_10_skf_3_paras_19_kernel_rbf_C_1_gamma_1.joblib,"{""C"": 1, ""class_weight"": ""balanced"", ""gamma"": 1, ""kernel"": ""rbf"", ""probability"": true, ""random_state"": 1}",svm,19,/home/ubuntu/Desktop/DeepAmes_Full_STL_4_keep_weights/results_TA98_without_S9/artifacts/base/svm/scalers/svm_seed_10_skf_3_paras_19_kernel_rbf_C_1_gamma_1_scaler.joblib,10,3
svm_seed_10_skf_4_paras_19_kernel_rbf_C_1_gamma_1,svm,10_skf_4,726,52,76,142,0.871,0.894,0.651,0.933,0.732,0.905,0.689,0.61,/home/ubuntu/Desktop/DeepAmes_Full_STL_4_keep_weights/results_TA98_without_S9/artifacts/base/svm/estimators/svm_seed_10_skf_4_paras_19_kernel_rbf_C_1_gamma_1.joblib,"{""C"": 1, ""class_weight"": ""balanced"", ""gamma"": 1, ""kernel"": ""rbf"", ""probability"": true, ""random_state"": 1}",svm,19,/home/ubuntu/Desktop/DeepAmes_Full_STL_4_keep_weights/results_TA98_without_S9/artifacts/base/svm/scalers/svm_seed_10_skf_4_paras_19_kernel_rbf_C_1_gamma_1_scaler.joblib,10,4
svm_seed_11_skf_1_paras_19_kernel_rbf_C_1_gamma_1,svm,11_skf_1,728,50,72,146,0.878,0.904,0.67,0.936,0.745,0.91,0.705,0.63,/home/ubuntu/Desktop/DeepAmes_Full_STL_4_keep_weights/results_TA98_without_S9/artifacts/base/svm/estimators/svm_seed_11_skf_1_paras_19_kernel_rbf_C_1_gamma_1.joblib,"{""C"": 1, ""class_weight"": ""balanced"", ""gamma"": 1, ""kernel"": ""rbf"", ""probability"": true, ""random_state"": 1}",svm,19,/home/ubuntu/Desktop/DeepAmes_Full_STL_4_keep_weights/results_TA98_without_S9/artifacts/base/svm/scalers/svm_seed_11_skf_1_paras_19_kernel_rbf_C_1_gamma_1_scaler.joblib,11,1
svm_seed_11_skf_2_paras_19_kernel_rbf_C_1_gamma_1,svm,11_skf_2,735,43,77,141,0.88,0.905,0.647,0.945,0.766,0.905,0.701,0.63,/home/ubuntu/Desktop/DeepAmes_Full_STL_4_keep_weights/results_TA98_without_S9/artifacts/base/svm/estimators/svm_seed_11_skf_2_paras_19_kernel_rbf_C_1_gamma_1.joblib,"{""C"": 1, ""class_weight"": ""balanced"", ""gamma"": 1, ""kernel"": ""rbf"", ""probability"": true, ""random_state"": 1}",svm,19,/home/ubuntu/Desktop/DeepAmes_Full_STL_4_keep_weights/results_TA98_without_S9/artifacts/base/svm/scalers/svm_seed_11_skf_2_paras_19_kernel_rbf_C_1_gamma_1_scaler.joblib,11,2
svm_seed_11_skf_3_paras_19_kernel_rbf_C_1_gamma_1,svm,11_skf_3,725,53,77,141,0.869,0.894,0.647,0.932,0.727,0.904,0.684,0.604,/home/ubuntu/Desktop/DeepAmes_Full_STL_4_keep_weights/results_TA98_without_S9/artifacts/base/svm/estimators/svm_seed_11_skf_3_paras_19_kernel_rbf_C_1_gamma_1.joblib,"{""C"": 1, ""class_weight"": ""balanced"", ""gamma"": 1, ""kernel"": ""rbf"", ""probability"": true, ""random_state"": 1}",svm,19,/home/ubuntu/Desktop/DeepAmes_Full_STL_4_keep_weights/results_TA98_without_S9/artifacts/base/svm/scalers/svm_seed_11_skf_3_paras_19_kernel_rbf_C_1_gamma_1_scaler.joblib,11,3
svm_seed_11_skf_4_paras_19_kernel_rbf_C_1_gamma_1,svm,11_skf_4,732,46,71,147,0.883,0.9,0.674,0.941,0.762,0.912,0.715,0.644,/home/ubuntu/Desktop/DeepAmes_Full_STL_4_keep_weights/results_TA98_without_S9/artifacts/base/svm/estimators/svm_seed_11_skf_4_paras_19_kernel_rbf_C_1_gamma_1.joblib,"{""C"": 1, ""class_weight"": ""balanced"", ""gamma"": 1, ""kernel"": ""rbf"", ""probability"": true, ""random_state"": 1}",svm,19,/home/ubuntu/Desktop/DeepAmes_Full_STL_4_keep_weights/results_TA98_without_S9/artifacts/base/svm/scalers/svm_seed_11_skf_4_paras_19_kernel_rbf_C_1_gamma_1_scaler.joblib,11,4
svm_seed_12_skf_0_paras_19_kernel_rbf_C_1_gamma_1,svm,12_skf_0,731,47,73,145,0.88,0.893,0.665,0.94,0.755,0.909,0.707,0.634,/home/ubuntu/Desktop/DeepAmes_Full_STL_4_keep_weights/results_TA98_without_S9/artifacts/base/svm/estimators/svm_seed_12_skf_0_paras_19_kernel_rbf_C_1_gamma_1.joblib,"{""C"": 1, ""class_weight"": ""balanced"", ""gamma"": 1, ""kernel"": ""rbf"", ""probability"": true, ""random_state"": 1}",svm,19,/home/ubuntu/Desktop/DeepAmes_Full_STL_4_keep_weights/results_TA98_without_S9/artifacts/base/svm/scalers/svm_seed_12_skf_0_paras_19_kernel_rbf_C_1_gamma_1_scaler.joblib,12,0
svm_seed_12_skf_1_paras_19_kernel_rbf_C_1_gamma_1,svm,12_skf_1,723,55,73,145,0.871,0.896,0.665,0.929,0.725,0.908,0.694,0.614,/home/ubuntu/Desktop/DeepAmes_Full_STL_4_keep_weights/results_TA98_without_S9/artifacts/base/svm/estimators/svm_seed_12_skf_1_paras_19_kernel_rbf_C_1_gamma_1.joblib,"{""C"": 1, ""class_weight"": ""balanced"", ""gamma"": 1, ""kernel"": ""rbf"", ""probability"": true, ""random_state"": 1}",svm,19,/home/ubuntu/Desktop/DeepAmes_Full_STL_4_keep_weights/results_TA98_without_S9/artifacts/base/svm/scalers/svm_seed_12_skf_1_paras_19_kernel_rbf_C_1_gamma_1_scaler.joblib,12,1
svm_seed_12_skf_2_paras_19_kernel_rbf_C_1_gamma_1,svm,12_skf_2,731,47,73,145,0.88,0.908,0.665,0.94,0.755,0.909,0.707,0.634,/home/ubuntu/Desktop/DeepAmes_Full_STL_4_keep_weights/results_TA98_without_S9/artifacts/base/svm/estimators/svm_seed_12_skf_2_paras_19_kernel_rbf_C_1_gamma_1.joblib,"{""C"": 1, ""class_weight"": ""balanced"", ""gamma"": 1, ""kernel"": ""rbf"", ""probability"": true, ""random_state"": 1}",svm,19,/home/ubuntu/Desktop/DeepAmes_Full_STL_4_keep_weights/results_TA98_without_S9/artifacts/base/svm/scalers/svm_seed_12_skf_2_paras_19_kernel_rbf_C_1_gamma_1_scaler.joblib,12,2
svm_seed_12_skf_3_paras_19_kernel_rbf_C_1_gamma_1,svm,12_skf_3,725,53,70,148,0.877,0.904,0.679,0.932,0.736,0.912,0.706,0.629,/home/ubuntu/Desktop/DeepAmes_Full_STL_4_keep_weights/results_TA98_without_S9/artifacts/base/svm/estimators/svm_seed_12_skf_3_paras_19_kernel_rbf_C_1_gamma_1.joblib,"{""C"": 1, ""class_weight"": ""balanced"", ""gamma"": 1, ""kernel"": ""rbf"", ""probability"": true, ""random_state"": 1}",svm,19,/home/ubuntu/Desktop/DeepAmes_Full_STL_4_keep_weights/results_TA98_without_S9/artifacts/base/svm/scalers/svm_seed_12_skf_3_paras_19_kernel_rbf_C_1_gamma_1_scaler.joblib,12,3
svm_seed_12_skf_4_paras_19_kernel_rbf_C_1_gamma_1,svm,12_skf_4,742,36,79,139,0.885,0.902,0.638,0.954,0.794,0.904,0.707,0.642,/home/ubuntu/Desktop/DeepAmes_Full_STL_4_keep_weights/results_TA98_without_S9/artifacts/base/svm/estimators/svm_seed_12_skf_4_paras_19_kernel_rbf_C_1_gamma_1.joblib,"{""C"": 1, ""class_weight"": ""balanced"", ""gamma"": 1, ""kernel"": ""rbf"", ""probability"": true, ""random_state"": 1}",svm,19,/home/ubuntu/Desktop/DeepAmes_Full_STL_4_keep_weights/results_TA98_without_S9/artifacts/base/svm/scalers/svm_seed_12_skf_4_paras_19_kernel_rbf_C_1_gamma_1_scaler.joblib,12,4
svm_seed_13_skf_0_paras_19_kernel_rbf_C_1_gamma_1,svm,13_skf_0,731,47,78,140,0.874,0.904,0.642,0.94,0.749,0.904,0.691,0.616,/home/ubuntu/Desktop/DeepAmes_Full_STL_4_keep_weights/results_TA98_without_S9/artifacts/base/svm/estimators/svm_seed_13_skf_0_paras_19_kernel_rbf_C_1_gamma_1.joblib,"{""C"": 1, ""class_weight"": ""balanced"", ""gamma"": 1, ""kernel"": ""rbf"", ""probability"": true, ""random_state"": 1}",svm,19,/home/ubuntu/Desktop/DeepAmes_Full_STL_4_keep_weights/results_TA98_without_S9/artifacts/base/svm/scalers/svm_seed_13_skf_0_paras_19_kernel_rbf_C_1_gamma_1_scaler.joblib,13,0
svm_seed_13_skf_1_paras_19_kernel_rbf_C_1_gamma_1,svm,13_skf_1,735,43,73,145,0.884,0.906,0.665,0.945,0.771,0.91,0.714,0.644,/home/ubuntu/Desktop/DeepAmes_Full_STL_4_keep_weights/results_TA98_without_S9/artifacts/base/svm/estimators/svm_seed_13_skf_1_paras_19_kernel_rbf_C_1_gamma_1.joblib,"{""C"": 1, ""class_weight"": ""balanced"", ""gamma"": 1, ""kernel"": ""rbf"", ""probability"": true, ""random_state"": 1}",svm,19,/home/ubuntu/Desktop/DeepAmes_Full_STL_4_keep_weights/results_TA98_without_S9/artifacts/base/svm/scalers/svm_seed_13_skf_1_paras_19_kernel_rbf_C_1_gamma_1_scaler.joblib,13,1
svm_seed_13_skf_2_paras_19_kernel_rbf_C_1_gamma_1,svm,13_skf_2,733,45,71,147,0.884,0.901,0.674,0.942,0.766,0.912,0.717,0.646,/home/ubuntu/Desktop/DeepAmes_Full_STL_4_keep_weights/results_TA98_without_S9/artifacts/base/svm/estimators/svm_seed_13_skf_2_paras_19_kernel_rbf_C_1_gamma_1.joblib,"{""C"": 1, ""class_weight"": ""balanced"", ""gamma"": 1, ""kernel"": ""rbf"", ""probability"": true, ""random_state"": 1}",svm,19,/home/ubuntu/Desktop/DeepAmes_Full_STL_4_keep_weights/results_TA98_without_S9/artifacts/base/svm/scalers/svm_seed_13_skf_2_paras_19_kernel_rbf_C_1_gamma_1_scaler.joblib,13,2
svm_seed_13_skf_3_paras_19_kernel_rbf_C_1_gamma_1,svm,13_skf_3,731,47,72,146,0.881,0.893,0.67,0.94,0.756,0.91,0.71,0.637,/home/ubuntu/Desktop/DeepAmes_Full_STL_4_keep_weights/results_TA98_without_S9/artifacts/base/svm/estimators/svm_seed_13_skf_3_paras_19_kernel_rbf_C_1_gamma_1.joblib,"{""C"": 1, ""class_weight"": ""balanced"", ""gamma"": 1, ""kernel"": ""rbf"", ""probability"": true, ""random_state"": 1}",svm,19,/home/ubuntu/Desktop/DeepAmes_Full_STL_4_keep_weights/results_TA98_without_S9/artifacts/base/svm/scalers/svm_seed_13_skf_3_paras_19_kernel_rbf_C_1_gamma_1_scaler.joblib,13,3
svm_seed_13_skf_4_paras_19_kernel_rbf_C_1_gamma_1,svm,13_skf_4,732,46,73,145,0.881,0.894,0.665,0.941,0.759,0.909,0.709,0.636,/home/ubuntu/Desktop/DeepAmes_Full_STL_4_keep_weights/results_TA98_without_S9/artifacts/base/svm/estimators/svm_seed_13_skf_4_paras_19_kernel_rbf_C_1_gamma_1.joblib,"{""C"": 1, ""class_weight"": ""balanced"", ""gamma"": 1, ""kernel"": ""rbf"", ""probability"": true, ""random_state"": 1}",svm,19,/home/ubuntu/Desktop/DeepAmes_Full_STL_4_keep_weights/results_TA98_without_S9/artifacts/base/svm/scalers/svm_seed_13_skf_4_paras_19_kernel_rbf_C_1_gamma_1_scaler.joblib,13,4
svm_seed_14_skf_0_paras_19_kernel_rbf_C_1_gamma_1,svm,14_skf_0,732,46,74,144,0.88,0.909,0.661,0.941,0.758,0.908,0.706,0.633,/home/ubuntu/Desktop/DeepAmes_Full_STL_4_keep_weights/results_TA98_without_S9/artifacts/base/svm/estimators/svm_seed_14_skf_0_paras_19_kernel_rbf_C_1_gamma_1.joblib,"{""C"": 1, ""class_weight"": ""balanced"", ""gamma"": 1, ""kernel"": ""rbf"", ""probability"": true, ""random_state"": 1}",svm,19,/home/ubuntu/Desktop/DeepAmes_Full_STL_4_keep_weights/results_TA98_without_S9/artifacts/base/svm/scalers/svm_seed_14_skf_0_paras_19_kernel_rbf_C_1_gamma_1_scaler.joblib,14,0
svm_seed_14_skf_1_paras_19_kernel_rbf_C_1_gamma_1,svm,14_skf_1,728,50,75,143,0.874,0.892,0.656,0.936,0.741,0.907,0.696,0.619,/home/ubuntu/Desktop/DeepAmes_Full_STL_4_keep_weights/results_TA98_without_S9/artifacts/base/svm/estimators/svm_seed_14_skf_1_paras_19_kernel_rbf_C_1_gamma_1.joblib,"{""C"": 1, ""class_weight"": ""balanced"", ""gamma"": 1, ""kernel"": ""rbf"", ""probability"": true, ""random_state"": 1}",svm,19,/home/ubuntu/Desktop/DeepAmes_Full_STL_4_keep_weights/results_TA98_without_S9/artifacts/base/svm/scalers/svm_seed_14_skf_1_paras_19_kernel_rbf_C_1_gamma_1_scaler.joblib,14,1
svm_seed_14_skf_2_paras_19_kernel_rbf_C_1_gamma_1,svm,14_skf_2,730,48,74,144,0.878,0.9,0.661,0.938,0.75,0.908,0.702,0.628,/home/ubuntu/Desktop/DeepAmes_Full_STL_4_keep_weights/results_TA98_without_S9/artifacts/base/svm/estimators/svm_seed_14_skf_2_paras_19_kernel_rbf_C_1_gamma_1.joblib,"{""C"": 1, ""class_weight"": ""balanced"", ""gamma"": 1, ""kernel"": ""rbf"", ""probability"": true, ""random_state"": 1}",svm,19,/home/ubuntu/Desktop/DeepAmes_Full_STL_4_keep_weights/results_TA98_without_S9/artifacts/base/svm/scalers/svm_seed_14_skf_2_paras_19_kernel_rbf_C_1_gamma_1_scaler.joblib,14,2
svm_seed_14_skf_3_paras_19_kernel_rbf_C_1_gamma_1,svm,14_skf_3,734,44,71,147,0.885,0.9,0.674,0.943,0.77,0.912,0.719,0.649,/home/ubuntu/Desktop/DeepAmes_Full_STL_4_keep_weights/results_TA98_without_S9/artifacts/base/svm/estimators/svm_seed_14_skf_3_paras_19_kernel_rbf_C_1_gamma_1.joblib,"{""C"": 1, ""class_weight"": ""balanced"", ""gamma"": 1, ""kernel"": ""rbf"", ""probability"": true, ""random_state"": 1}",svm,19,/home/ubuntu/Desktop/DeepAmes_Full_STL_4_keep_weights/results_TA98_without_S9/artifacts/base/svm/scalers/svm_seed_14_skf_3_paras_19_kernel_rbf_C_1_gamma_1_scaler.joblib,14,3
svm_seed_14_skf_4_paras_19_kernel_rbf_C_1_gamma_1,svm,14_skf_4,731,47,76,142,0.877,0.896,0.651,0.94,0.751,0.906,0.698,0.623,/home/ubuntu/Desktop/DeepAmes_Full_STL_4_keep_weights/results_TA98_without_S9/artifacts/base/svm/estimators/svm_seed_14_skf_4_paras_19_kernel_rbf_C_1_gamma_1.joblib,"{""C"": 1, ""class_weight"": ""balanced"", ""gamma"": 1, ""kernel"": ""rbf"", ""probability"": true, ""random_state"": 1}",svm,19,/home/ubuntu/Desktop/DeepAmes_Full_STL_4_keep_weights/results_TA98_without_S9/artifacts/base/svm/scalers/svm_seed_14_skf_4_paras_19_kernel_rbf_C_1_gamma_1_scaler.joblib,14,4
svm_seed_15_skf_0_paras_19_kernel_rbf_C_1_gamma_1,svm,15_skf_0,733,45,72,146,0.883,0.896,0.67,0.942,0.764,0.911,0.714,0.643,/home/ubuntu/Desktop/DeepAmes_Full_STL_4_keep_weights/results_TA98_without_S9/artifacts/base/svm/estimators/svm_seed_15_skf_0_paras_19_kernel_rbf_C_1_gamma_1.joblib,"{""C"": 1, ""class_weight"": ""balanced"", ""gamma"": 1, ""kernel"": ""rbf"", ""probability"": true, ""random_state"": 1}",svm,19,/home/ubuntu/Desktop/DeepAmes_Full_STL_4_keep_weights/results_TA98_without_S9/artifacts/base/svm/scalers/svm_seed_15_skf_0_paras_19_kernel_rbf_C_1_gamma_1_scaler.joblib,15,0
svm_seed_15_skf_1_paras_19_kernel_rbf_C_1_gamma_1,svm,15_skf_1,736,42,76,142,0.882,0.903,0.651,0.946,0.772,0.906,0.706,0.636,/home/ubuntu/Desktop/DeepAmes_Full_STL_4_keep_weights/results_TA98_without_S9/artifacts/base/svm/estimators/svm_seed_15_skf_1_paras_19_kernel_rbf_C_1_gamma_1.joblib,"{""C"": 1, ""class_weight"": ""balanced"", ""gamma"": 1, ""kernel"": ""rbf"", ""probability"": true, ""random_state"": 1}",svm,19,/home/ubuntu/Desktop/DeepAmes_Full_STL_4_keep_weights/results_TA98_without_S9/artifacts/base/svm/scalers/svm_seed_15_skf_1_paras_19_kernel_rbf_C_1_gamma_1_scaler.joblib,15,1
svm_seed_15_skf_2_paras_19_kernel_rbf_C_1_gamma_1,svm,15_skf_2,732,46,75,143,0.879,0.904,0.656,0.941,0.757,0.907,0.703,0.629,/home/ubuntu/Desktop/DeepAmes_Full_STL_4_keep_weights/results_TA98_without_S9/artifacts/base/svm/estimators/svm_seed_15_skf_2_paras_19_kernel_rbf_C_1_gamma_1.joblib,"{""C"": 1, ""class_weight"": ""balanced"", ""gamma"": 1, ""kernel"": ""rbf"", ""probability"": true, ""random_state"": 1}",svm,19,/home/ubuntu/Desktop/DeepAmes_Full_STL_4_keep_weights/results_TA98_without_S9/artifacts/base/svm/scalers/svm_seed_15_skf_2_paras_19_kernel_rbf_C_1_gamma_1_scaler.joblib,15,2
svm_seed_15_skf_3_paras_19_kernel_rbf_C_1_gamma_1,svm,15_skf_3,729,49,75,143,0.876,0.9,0.656,0.937,0.745,0.907,0.698,0.622,/home/ubuntu/Desktop/DeepAmes_Full_STL_4_keep_weights/results_TA98_without_S9/artifacts/base/svm/estimators/svm_seed_15_skf_3_paras_19_kernel_rbf_C_1_gamma_1.joblib,"{""C"": 1, ""class_weight"": ""balanced"", ""gamma"": 1, ""kernel"": ""rbf"", ""probability"": true, ""random_state"": 1}",svm,19,/home/ubuntu/Desktop/DeepAmes_Full_STL_4_keep_weights/results_TA98_without_S9/artifacts/base/svm/scalers/svm_seed_15_skf_3_paras_19_kernel_rbf_C_1_gamma_1_scaler.joblib,15,3
svm_seed_15_skf_4_paras_19_kernel_rbf_C_1_gamma_1,svm,15_skf_4,728,50,72,146,0.878,0.902,0.67,0.936,0.745,0.91,0.705,0.63,/home/ubuntu/Desktop/DeepAmes_Full_STL_4_keep_weights/results_TA98_without_S9/artifacts/base/svm/estimators/svm_seed_15_skf_4_paras_19_kernel_rbf_C_1_gamma_1.joblib,"{""C"": 1, ""class_weight"": ""balanced"", ""gamma"": 1, ""kernel"": ""rbf"", ""probability"": true, ""random_state"": 1}",svm,19,/home/ubuntu/Desktop/DeepAmes_Full_STL_4_keep_weights/results_TA98_without_S9/artifacts/base/svm/scalers/svm_seed_15_skf_4_paras_19_kernel_rbf_C_1_gamma_1_scaler.joblib,15,4
svm_seed_16_skf_0_paras_19_kernel_rbf_C_1_gamma_1,svm,16_skf_0,735,43,71,147,0.886,0.897,0.674,0.945,0.774,0.912,0.721,0.651,/home/ubuntu/Desktop/DeepAmes_Full_STL_4_keep_weights/results_TA98_without_S9/artifacts/base/svm/estimators/svm_seed_16_skf_0_paras_19_kernel_rbf_C_1_gamma_1.joblib,"{""C"": 1, ""class_weight"": ""balanced"", ""gamma"": 1, ""kernel"": ""rbf"", ""probability"": true, ""random_state"": 1}",svm,19,/home/ubuntu/Desktop/DeepAmes_Full_STL_4_keep_weights/results_TA98_without_S9/artifacts/base/svm/scalers/svm_seed_16_skf_0_paras_19_kernel_rbf_C_1_gamma_1_scaler.joblib,16,0
svm_seed_16_skf_1_paras_19_kernel_rbf_C_1_gamma_1,svm,16_skf_1,727,51,75,143,0.873,0.906,0.656,0.934,0.737,0.906,0.694,0.616,/home/ubuntu/Desktop/DeepAmes_Full_STL_4_keep_weights/results_TA98_without_S9/artifacts/base/svm/estimators/svm_seed_16_skf_1_paras_19_kernel_rbf_C_1_gamma_1.joblib,"{""C"": 1, ""class_weight"": ""balanced"", ""gamma"": 1, ""kernel"": ""rbf"", ""probability"": true, ""random_state"": 1}",svm,19,/home/ubuntu/Desktop/DeepAmes_Full_STL_4_keep_weights/results_TA98_without_S9/artifacts/base/svm/scalers/svm_seed_16_skf_1_paras_19_kernel_rbf_C_1_gamma_1_scaler.joblib,16,1
svm_seed_16_skf_2_paras_19_kernel_rbf_C_1_gamma_1,svm,16_skf_2,731,47,75,143,0.878,0.901,0.656,0.94,0.753,0.907,0.701,0.627,/home/ubuntu/Desktop/DeepAmes_Full_STL_4_keep_weights/results_TA98_without_S9/artifacts/base/svm/estimators/svm_seed_16_skf_2_paras_19_kernel_rbf_C_1_gamma_1.joblib,"{""C"": 1, ""class_weight"": ""balanced"", ""gamma"": 1, ""kernel"": ""rbf"", ""probability"": true, ""random_state"": 1}",svm,19,/home/ubuntu/Desktop/DeepAmes_Full_STL_4_keep_weights/results_TA98_without_S9/artifacts/base/svm/scalers/svm_seed_16_skf_2_paras_19_kernel_rbf_C_1_gamma_1_scaler.joblib,16,2
svm_seed_16_skf_3_paras_19_kernel_rbf_C_1_gamma_1,svm,16_skf_3,729,49,75,143,0.876,0.897,0.656,0.937,0.745,0.907,0.698,0.622,/home/ubuntu/Desktop/DeepAmes_Full_STL_4_keep_weights/results_TA98_without_S9/artifacts/base/svm/estimators/svm_seed_16_skf_3_paras_19_kernel_rbf_C_1_gamma_1.joblib,"{""C"": 1, ""class_weight"": ""balanced"", ""gamma"": 1, ""kernel"": ""rbf"", ""probability"": true, ""random_state"": 1}",svm,19,/home/ubuntu/Desktop/DeepAmes_Full_STL_4_keep_weights/results_TA98_without_S9/artifacts/base/svm/scalers/svm_seed_16_skf_3_paras_19_kernel_rbf_C_1_gamma_1_scaler.joblib,16,3
svm_seed_16_skf_4_paras_19_kernel_rbf_C_1_gamma_1,svm,16_skf_4,734,44,71,147,0.885,0.899,0.674,0.943,0.77,0.912,0.719,0.649,/home/ubuntu/Desktop/DeepAmes_Full_STL_4_keep_weights/results_TA98_without_S9/artifacts/base/svm/estimators/svm_seed_16_skf_4_paras_19_kernel_rbf_C_1_gamma_1.joblib,"{""C"": 1, ""class_weight"": ""balanced"", ""gamma"": 1, ""kernel"": ""rbf"", ""probability"": true, ""random_state"": 1}",svm,19,/home/ubuntu/Desktop/DeepAmes_Full_STL_4_keep_weights/results_TA98_without_S9/artifacts/base/svm/scalers/svm_seed_16_skf_4_paras_19_kernel_rbf_C_1_gamma_1_scaler.joblib,16,4
svm_seed_17_skf_0_paras_19_kernel_rbf_C_1_gamma_1,svm,17_skf_0,739,39,76,142,0.885,0.897,0.651,0.95,0.785,0.907,0.712,0.645,/home/ubuntu/Desktop/DeepAmes_Full_STL_4_keep_weights/results_TA98_without_S9/artifacts/base/svm/estimators/svm_seed_17_skf_0_paras_19_kernel_rbf_C_1_gamma_1.joblib,"{""C"": 1, ""class_weight"": ""balanced"", ""gamma"": 1, ""kernel"": ""rbf"", ""probability"": true, ""random_state"": 1}",svm,19,/home/ubuntu/Desktop/DeepAmes_Full_STL_4_keep_weights/results_TA98_without_S9/artifacts/base/svm/scalers/svm_seed_17_skf_0_paras_19_kernel_rbf_C_1_gamma_1_scaler.joblib,17,0
svm_seed_17_skf_1_paras_19_kernel_rbf_C_1_gamma_1,svm,17_skf_1,735,43,78,140,0.879,0.904,0.642,0.945,0.765,0.904,0.698,0.627,/home/ubuntu/Desktop/DeepAmes_Full_STL_4_keep_weights/results_TA98_without_S9/artifacts/base/svm/estimators/svm_seed_17_skf_1_paras_19_kernel_rbf_C_1_gamma_1.joblib,"{""C"": 1, ""class_weight"": ""balanced"", ""gamma"": 1, ""kernel"": ""rbf"", ""probability"": true, ""random_state"": 1}",svm,19,/home/ubuntu/Desktop/DeepAmes_Full_STL_4_keep_weights/results_TA98_without_S9/artifacts/base/svm/scalers/svm_seed_17_skf_1_paras_19_kernel_rbf_C_1_gamma_1_scaler.joblib,17,1
svm_seed_17_skf_2_paras_19_kernel_rbf_C_1_gamma_1,svm,17_skf_2,725,53,72,146,0.874,0.89,0.67,0.932,0.734,0.91,0.7,0.622,/home/ubuntu/Desktop/DeepAmes_Full_STL_4_keep_weights/results_TA98_without_S9/artifacts/base/svm/estimators/svm_seed_17_skf_2_paras_19_kernel_rbf_C_1_gamma_1.joblib,"{""C"": 1, ""class_weight"": ""balanced"", ""gamma"": 1, ""kernel"": ""rbf"", ""probability"": true, ""random_state"": 1}",svm,19,/home/ubuntu/Desktop/DeepAmes_Full_STL_4_keep_weights/results_TA98_without_S9/artifacts/base/svm/scalers/svm_seed_17_skf_2_paras_19_kernel_rbf_C_1_gamma_1_scaler.joblib,17,2
svm_seed_17_skf_3_paras_19_kernel_rbf_C_1_gamma_1,svm,17_skf_3,728,50,72,146,0.878,0.903,0.67,0.936,0.745,0.91,0.705,0.63,/home/ubuntu/Desktop/DeepAmes_Full_STL_4_keep_weights/results_TA98_without_S9/artifacts/base/svm/estimators/svm_seed_17_skf_3_paras_19_kernel_rbf_C_1_gamma_1.joblib,"{""C"": 1, ""class_weight"": ""balanced"", ""gamma"": 1, ""kernel"": ""rbf"", ""probability"": true, ""random_state"": 1}",svm,19,/home/ubuntu/Desktop/DeepAmes_Full_STL_4_keep_weights/results_TA98_without_S9/artifacts/base/svm/scalers/svm_seed_17_skf_3_paras_19_kernel_rbf_C_1_gamma_1_scaler.joblib,17,3
svm_seed_17_skf_4_paras_19_kernel_rbf_C_1_gamma_1,svm,17_skf_4,733,45,74,144,0.881,0.9,0.661,0.942,0.762,0.908,0.708,0.636,/home/ubuntu/Desktop/DeepAmes_Full_STL_4_keep_weights/results_TA98_without_S9/artifacts/base/svm/estimators/svm_seed_17_skf_4_paras_19_kernel_rbf_C_1_gamma_1.joblib,"{""C"": 1, ""class_weight"": ""balanced"", ""gamma"": 1, ""kernel"": ""rbf"", ""probability"": true, ""random_state"": 1}",svm,19,/home/ubuntu/Desktop/DeepAmes_Full_STL_4_keep_weights/results_TA98_without_S9/artifacts/base/svm/scalers/svm_seed_17_skf_4_paras_19_kernel_rbf_C_1_gamma_1_scaler.joblib,17,4
svm_seed_18_skf_0_paras_19_kernel_rbf_C_1_gamma_1,svm,18_skf_0,726,52,76,142,0.871,0.898,0.651,0.933,0.732,0.905,0.689,0.61,/home/ubuntu/Desktop/DeepAmes_Full_STL_4_keep_weights/results_TA98_without_S9/artifacts/base/svm/estimators/svm_seed_18_skf_0_paras_19_kernel_rbf_C_1_gamma_1.joblib,"{""C"": 1, ""class_weight"": ""balanced"", ""gamma"": 1, ""kernel"": ""rbf"", ""probability"": true, ""random_state"": 1}",svm,19,/home/ubuntu/Desktop/DeepAmes_Full_STL_4_keep_weights/results_TA98_without_S9/artifacts/base/svm/scalers/svm_seed_18_skf_0_paras_19_kernel_rbf_C_1_gamma_1_scaler.joblib,18,0
svm_seed_18_skf_1_paras_19_kernel_rbf_C_1_gamma_1,svm,18_skf_1,734,44,69,149,0.887,0.901,0.683,0.943,0.772,0.914,0.725,0.656,/home/ubuntu/Desktop/DeepAmes_Full_STL_4_keep_weights/results_TA98_without_S9/artifacts/base/svm/estimators/svm_seed_18_skf_1_paras_19_kernel_rbf_C_1_gamma_1.joblib,"{""C"": 1, ""class_weight"": ""balanced"", ""gamma"": 1, ""kernel"": ""rbf"", ""probability"": true, ""random_state"": 1}",svm,19,/home/ubuntu/Desktop/DeepAmes_Full_STL_4_keep_weights/results_TA98_without_S9/artifacts/base/svm/scalers/svm_seed_18_skf_1_paras_19_kernel_rbf_C_1_gamma_1_scaler.joblib,18,1
svm_seed_18_skf_2_paras_19_kernel_rbf_C_1_gamma_1,svm,18_skf_2,733,45,71,147,0.884,0.901,0.674,0.942,0.766,0.912,0.717,0.646,/home/ubuntu/Desktop/DeepAmes_Full_STL_4_keep_weights/results_TA98_without_S9/artifacts/base/svm/estimators/svm_seed_18_skf_2_paras_19_kernel_rbf_C_1_gamma_1.joblib,"{""C"": 1, ""class_weight"": ""balanced"", ""gamma"": 1, ""kernel"": ""rbf"", ""probability"": true, ""random_state"": 1}",svm,19,/home/ubuntu/Desktop/DeepAmes_Full_STL_4_keep_weights/results_TA98_without_S9/artifacts/base/svm/scalers/svm_seed_18_skf_2_paras_19_kernel_rbf_C_1_gamma_1_scaler.joblib,18,2
svm_seed_18_skf_3_paras_19_kernel_rbf_C_1_gamma_1,svm,18_skf_3,723,55,77,141,0.867,0.9,0.647,0.929,0.719,0.904,0.681,0.599,/home/ubuntu/Desktop/DeepAmes_Full_STL_4_keep_weights/results_TA98_without_S9/artifacts/base/svm/estimators/svm_seed_18_skf_3_paras_19_kernel_rbf_C_1_gamma_1.joblib,"{""C"": 1, ""class_weight"": ""balanced"", ""gamma"": 1, ""kernel"": ""rbf"", ""probability"": true, ""random_state"": 1}",svm,19,/home/ubuntu/Desktop/DeepAmes_Full_STL_4_keep_weights/results_TA98_without_S9/artifacts/base/svm/scalers/svm_seed_18_skf_3_paras_19_kernel_rbf_C_1_gamma_1_scaler.joblib,18,3
svm_seed_18_skf_4_paras_19_kernel_rbf_C_1_gamma_1,svm,18_skf_4,736,42,78,140,0.88,0.902,0.642,0.946,0.769,0.904,0.7,0.629,/home/ubuntu/Desktop/DeepAmes_Full_STL_4_keep_weights/results_TA98_without_S9/artifacts/base/svm/estimators/svm_seed_18_skf_4_paras_19_kernel_rbf_C_1_gamma_1.joblib,"{""C"": 1, ""class_weight"": ""balanced"", ""gamma"": 1, ""kernel"": ""rbf"", ""probability"": true, ""random_state"": 1}",svm,19,/home/ubuntu/Desktop/DeepAmes_Full_STL_4_keep_weights/results_TA98_without_S9/artifacts/base/svm/scalers/svm_seed_18_skf_4_paras_19_kernel_rbf_C_1_gamma_1_scaler.joblib,18,4
svm_seed_19_skf_0_paras_19_kernel_rbf_C_1_gamma_1,svm,19_skf_0,735,43,76,142,0.881,0.898,0.651,0.945,0.768,0.906,0.705,0.634,/home/ubuntu/Desktop/DeepAmes_Full_STL_4_keep_weights/results_TA98_without_S9/artifacts/base/svm/estimators/svm_seed_19_skf_0_paras_19_kernel_rbf_C_1_gamma_1.joblib,"{""C"": 1, ""class_weight"": ""balanced"", ""gamma"": 1, ""kernel"": ""rbf"", ""probability"": true, ""random_state"": 1}",svm,19,/home/ubuntu/Desktop/DeepAmes_Full_STL_4_keep_weights/results_TA98_without_S9/artifacts/base/svm/scalers/svm_seed_19_skf_0_paras_19_kernel_rbf_C_1_gamma_1_scaler.joblib,19,0
svm_seed_19_skf_1_paras_19_kernel_rbf_C_1_gamma_1,svm,19_skf_1,731,47,72,146,0.881,0.9,0.67,0.94,0.756,0.91,0.71,0.637,/home/ubuntu/Desktop/DeepAmes_Full_STL_4_keep_weights/results_TA98_without_S9/artifacts/base/svm/estimators/svm_seed_19_skf_1_paras_19_kernel_rbf_C_1_gamma_1.joblib,"{""C"": 1, ""class_weight"": ""balanced"", ""gamma"": 1, ""kernel"": ""rbf"", ""probability"": true, ""random_state"": 1}",svm,19,/home/ubuntu/Desktop/DeepAmes_Full_STL_4_keep_weights/results_TA98_without_S9/artifacts/base/svm/scalers/svm_seed_19_skf_1_paras_19_kernel_rbf_C_1_gamma_1_scaler.joblib,19,1
svm_seed_19_skf_2_paras_19_kernel_rbf_C_1_gamma_1,svm,19_skf_2,734,44,71,147,0.885,0.907,0.674,0.943,0.77,0.912,0.719,0.649,/home/ubuntu/Desktop/DeepAmes_Full_STL_4_keep_weights/results_TA98_without_S9/artifacts/base/svm/estimators/svm_seed_19_skf_2_paras_19_kernel_rbf_C_1_gamma_1.joblib,"{""C"": 1, ""class_weight"": ""balanced"", ""gamma"": 1, ""kernel"": ""rbf"", ""probability"": true, ""random_state"": 1}",svm,19,/home/ubuntu/Desktop/DeepAmes_Full_STL_4_keep_weights/results_TA98_without_S9/artifacts/base/svm/scalers/svm_seed_19_skf_2_paras_19_kernel_rbf_C_1_gamma_1_scaler.joblib,19,2
svm_seed_19_skf_3_paras_19_kernel_rbf_C_1_gamma_1,svm,19_skf_3,736,42,75,143,0.883,0.895,0.656,0.946,0.773,0.908,0.71,0.64,/home/ubuntu/Desktop/DeepAmes_Full_STL_4_keep_weights/results_TA98_without_S9/artifacts/base/svm/estimators/svm_seed_19_skf_3_paras_19_kernel_rbf_C_1_gamma_1.joblib,"{""C"": 1, ""class_weight"": ""balanced"", ""gamma"": 1, ""kernel"": ""rbf"", ""probability"": true, ""random_state"": 1}",svm,19,/home/ubuntu/Desktop/DeepAmes_Full_STL_4_keep_weights/results_TA98_without_S9/artifacts/base/svm/scalers/svm_seed_19_skf_3_paras_19_kernel_rbf_C_1_gamma_1_scaler.joblib,19,3
svm_seed_19_skf_4_paras_19_kernel_rbf_C_1_gamma_1,svm,19_skf_4,726,52,69,149,0.879,0.895,0.683,0.933,0.741,0.913,0.711,0.635,/home/ubuntu/Desktop/DeepAmes_Full_STL_4_keep_weights/results_TA98_without_S9/artifacts/base/svm/estimators/svm_seed_19_skf_4_paras_19_kernel_rbf_C_1_gamma_1.joblib,"{""C"": 1, ""class_weight"": ""balanced"", ""gamma"": 1, ""kernel"": ""rbf"", ""probability"": true, ""random_state"": 1}",svm,19,/home/ubuntu/Desktop/DeepAmes_Full_STL_4_keep_weights/results_TA98_without_S9/artifacts/base/svm/scalers/svm_seed_19_skf_4_paras_19_kernel_rbf_C_1_gamma_1_scaler.joblib,19,4
lr_seed_0_skf_0_paras_22_C_100_weight_None_solver_lbfgs,lr,0_skf_0,717,61,75,143,0.863,0.88,0.656,0.922,0.701,0.905,0.678,0.592,/home/ubuntu/Desktop/DeepAmes_Full_STL_4_keep_weights/results_TA98_without_S9/artifacts/base/lr/estimators/lr_seed_0_skf_0_paras_22_C_100_weight_None_solver_lbfgs.joblib,"{""C"": 100, ""class_weight"": null, ""max_iter"": 300, ""random_state"": 1, ""solver"": ""lbfgs""}",lr,22,/home/ubuntu/Desktop/DeepAmes_Full_STL_4_keep_weights/results_TA98_without_S9/artifacts/base/lr/scalers/lr_seed_0_skf_0_paras_22_C_100_weight_None_solver_lbfgs_scaler.joblib,0,0
lr_seed_0_skf_1_paras_22_C_100_weight_None_solver_lbfgs,lr,0_skf_1,714,64,75,143,0.86,0.878,0.656,0.918,0.691,0.905,0.673,0.585,/home/ubuntu/Desktop/DeepAmes_Full_STL_4_keep_weights/results_TA98_without_S9/artifacts/base/lr/estimators/lr_seed_0_skf_1_paras_22_C_100_weight_None_solver_lbfgs.joblib,"{""C"": 100, ""class_weight"": null, ""max_iter"": 300, ""random_state"": 1, ""solver"": ""lbfgs""}",lr,22,/home/ubuntu/Desktop/DeepAmes_Full_STL_4_keep_weights/results_TA98_without_S9/artifacts/base/lr/scalers/lr_seed_0_skf_1_paras_22_C_100_weight_None_solver_lbfgs_scaler.joblib,0,1
lr_seed_0_skf_4_paras_22_C_100_weight_None_solver_lbfgs,lr,0_skf_4,716,62,73,145,0.864,0.876,0.665,0.92,0.7,0.907,0.682,0.597,/home/ubuntu/Desktop/DeepAmes_Full_STL_4_keep_weights/results_TA98_without_S9/artifacts/base/lr/estimators/lr_seed_0_skf_4_paras_22_C_100_weight_None_solver_lbfgs.joblib,"{""C"": 100, ""class_weight"": null, ""max_iter"": 300, ""random_state"": 1, ""solver"": ""lbfgs""}",lr,22,/home/ubuntu/Desktop/DeepAmes_Full_STL_4_keep_weights/results_TA98_without_S9/artifacts/base/lr/scalers/lr_seed_0_skf_4_paras_22_C_100_weight_None_solver_lbfgs_scaler.joblib,0,4
lr_seed_1_skf_0_paras_22_C_100_weight_None_solver_lbfgs,lr,1_skf_0,715,63,81,137,0.855,0.873,0.628,0.919,0.685,0.898,0.656,0.565,/home/ubuntu/Desktop/DeepAmes_Full_STL_4_keep_weights/results_TA98_without_S9/artifacts/base/lr/estimators/lr_seed_1_skf_0_paras_22_C_100_weight_None_solver_lbfgs.joblib,"{""C"": 100, ""class_weight"": null, ""max_iter"": 300, ""random_state"": 1, ""solver"": ""lbfgs""}",lr,22,/home/ubuntu/Desktop/DeepAmes_Full_STL_4_keep_weights/results_TA98_without_S9/artifacts/base/lr/scalers/lr_seed_1_skf_0_paras_22_C_100_weight_None_solver_lbfgs_scaler.joblib,1,0
lr_seed_1_skf_1_paras_22_C_100_weight_None_solver_lbfgs,lr,1_skf_1,716,62,78,140,0.859,0.87,0.642,0.92,0.693,0.902,0.667,0.578,/home/ubuntu/Desktop/DeepAmes_Full_STL_4_keep_weights/results_TA98_without_S9/artifacts/base/lr/estimators/lr_seed_1_skf_1_paras_22_C_100_weight_None_solver_lbfgs.joblib,"{""C"": 100, ""class_weight"": null, ""max_iter"": 300, ""random_state"": 1, ""solver"": ""lbfgs""}",lr,22,/home/ubuntu/Desktop/DeepAmes_Full_STL_4_keep_weights/results_TA98_without_S9/artifacts/base/lr/scalers/lr_seed_1_skf_1_paras_22_C_100_weight_None_solver_lbfgs_scaler.joblib,1,1
lr_seed_1_skf_2_paras_22_C_100_weight_None_solver_lbfgs,lr,1_skf_2,720,58,78,140,0.863,0.874,0.642,0.925,0.707,0.902,0.673,0.588,/home/ubuntu/Desktop/DeepAmes_Full_STL_4_keep_weights/results_TA98_without_S9/artifacts/base/lr/estimators/lr_seed_1_skf_2_paras_22_C_100_weight_None_solver_lbfgs.joblib,"{""C"": 100, ""class_weight"": null, ""max_iter"": 300, ""random_state"": 1, ""solver"": ""lbfgs""}",lr,22,/home/ubuntu/Desktop/DeepAmes_Full_STL_4_keep_weights/results_TA98_without_S9/artifacts/base/lr/scalers/lr_seed_1_skf_2_paras_22_C_100_weight_None_solver_lbfgs_scaler.joblib,1,2
lr_seed_1_skf_3_paras_22_C_100_weight_None_solver_lbfgs,lr,1_skf_3,711,67,75,143,0.857,0.874,0.656,0.914,0.681,0.905,0.668,0.578,/home/ubuntu/Desktop/DeepAmes_Full_STL_4_keep_weights/results_TA98_without_S9/artifacts/base/lr/estimators/lr_seed_1_skf_3_paras_22_C_100_weight_None_solver_lbfgs.joblib,"{""C"": 100, ""class_weight"": null, ""max_iter"": 300, ""random_state"": 1, ""solver"": ""lbfgs""}",lr,22,/home/ubuntu/Desktop/DeepAmes_Full_STL_4_keep_weights/results_TA98_without_S9/artifacts/base/lr/scalers/lr_seed_1_skf_3_paras_22_C_100_weight_None_solver_lbfgs_scaler.joblib,1,3
lr_seed_1_skf_4_paras_22_C_100_weight_None_solver_lbfgs,lr,1_skf_4,716,62,77,141,0.86,0.879,0.647,0.92,0.695,0.903,0.67,0.582,/home/ubuntu/Desktop/DeepAmes_Full_STL_4_keep_weights/results_TA98_without_S9/artifacts/base/lr/estimators/lr_seed_1_skf_4_paras_22_C_100_weight_None_solver_lbfgs.joblib,"{""C"": 100, ""class_weight"": null, ""max_iter"": 300, ""random_state"": 1, ""solver"": ""lbfgs""}",lr,22,/home/ubuntu/Desktop/DeepAmes_Full_STL_4_keep_weights/results_TA98_without_S9/artifacts/base/lr/scalers/lr_seed_1_skf_4_paras_22_C_100_weight_None_solver_lbfgs_scaler.joblib,1,4
lr_seed_2_skf_1_paras_22_C_100_weight_None_solver_lbfgs,lr,2_skf_1,717,61,80,138,0.858,0.871,0.633,0.922,0.693,0.9,0.662,0.574,/home/ubuntu/Desktop/DeepAmes_Full_STL_4_keep_weights/results_TA98_without_S9/artifacts/base/lr/estimators/lr_seed_2_skf_1_paras_22_C_100_weight_None_solver_lbfgs.joblib,"{""C"": 100, ""class_weight"": null, ""max_iter"": 300, ""random_state"": 1, ""solver"": ""lbfgs""}",lr,22,/home/ubuntu/Desktop/DeepAmes_Full_STL_4_keep_weights/results_TA98_without_S9/artifacts/base/lr/scalers/lr_seed_2_skf_1_paras_22_C_100_weight_None_solver_lbfgs_scaler.joblib,2,1
lr_seed_2_skf_2_paras_22_C_100_weight_None_solver_lbfgs,lr,2_skf_2,714,64,77,141,0.858,0.871,0.647,0.918,0.688,0.903,0.667,0.577,/home/ubuntu/Desktop/DeepAmes_Full_STL_4_keep_weights/results_TA98_without_S9/artifacts/base/lr/estimators/lr_seed_2_skf_2_paras_22_C_100_weight_None_solver_lbfgs.joblib,"{""C"": 100, ""class_weight"": null, ""max_iter"": 300, ""random_state"": 1, ""solver"": ""lbfgs""}",lr,22,/home/ubuntu/Desktop/DeepAmes_Full_STL_4_keep_weights/results_TA98_without_S9/artifacts/base/lr/scalers/lr_seed_2_skf_2_paras_22_C_100_weight_None_solver_lbfgs_scaler.joblib,2,2
lr_seed_2_skf_3_paras_22_C_100_weight_None_solver_lbfgs,lr,2_skf_3,712,66,79,139,0.854,0.88,0.638,0.915,0.678,0.9,0.657,0.565,/home/ubuntu/Desktop/DeepAmes_Full_STL_4_keep_weights/results_TA98_without_S9/artifacts/base/lr/estimators/lr_seed_2_skf_3_paras_22_C_100_weight_None_solver_lbfgs.joblib,"{""C"": 100, ""class_weight"": null, ""max_iter"": 300, ""random_state"": 1, ""solver"": ""lbfgs""}",lr,22,/home/ubuntu/Desktop/DeepAmes_Full_STL_4_keep_weights/results_TA98_without_S9/artifacts/base/lr/scalers/lr_seed_2_skf_3_paras_22_C_100_weight_None_solver_lbfgs_scaler.joblib,2,3
lr_seed_2_skf_4_paras_22_C_100_weight_None_solver_lbfgs,lr,2_skf_4,712,66,78,140,0.855,0.878,0.642,0.915,0.68,0.901,0.66,0.569,/home/ubuntu/Desktop/DeepAmes_Full_STL_4_keep_weights/results_TA98_without_S9/artifacts/base/lr/estimators/lr_seed_2_skf_4_paras_22_C_100_weight_None_solver_lbfgs.joblib,"{""C"": 100, ""class_weight"": null, ""max_iter"": 300, ""random_state"": 1, ""solver"": ""lbfgs""}",lr,22,/home/ubuntu/Desktop/DeepAmes_Full_STL_4_keep_weights/results_TA98_without_S9/artifacts/base/lr/scalers/lr_seed_2_skf_4_paras_22_C_100_weight_None_solver_lbfgs_scaler.joblib,2,4
lr_seed_3_skf_1_paras_22_C_100_weight_None_solver_lbfgs,lr,3_skf_1,717,61,75,143,0.863,0.874,0.656,0.922,0.701,0.905,0.678,0.592,/home/ubuntu/Desktop/DeepAmes_Full_STL_4_keep_weights/results_TA98_without_S9/artifacts/base/lr/estimators/lr_seed_3_skf_1_paras_22_C_100_weight_None_solver_lbfgs.joblib,"{""C"": 100, ""class_weight"": null, ""max_iter"": 300, ""random_state"": 1, ""solver"": ""lbfgs""}",lr,22,/home/ubuntu/Desktop/DeepAmes_Full_STL_4_keep_weights/results_TA98_without_S9/artifacts/base/lr/scalers/lr_seed_3_skf_1_paras_22_C_100_weight_None_solver_lbfgs_scaler.joblib,3,1
lr_seed_3_skf_2_paras_22_C_100_weight_None_solver_lbfgs,lr,3_skf_2,704,74,74,144,0.851,0.872,0.661,0.905,0.661,0.905,0.661,0.565,/home/ubuntu/Desktop/DeepAmes_Full_STL_4_keep_weights/results_TA98_without_S9/artifacts/base/lr/estimators/lr_seed_3_skf_2_paras_22_C_100_weight_None_solver_lbfgs.joblib,"{""C"": 100, ""class_weight"": null, ""max_iter"": 300, ""random_state"": 1, ""solver"": ""lbfgs""}",lr,22,/home/ubuntu/Desktop/DeepAmes_Full_STL_4_keep_weights/results_TA98_without_S9/artifacts/base/lr/scalers/lr_seed_3_skf_2_paras_22_C_100_weight_None_solver_lbfgs_scaler.joblib,3,2
lr_seed_3_skf_3_paras_22_C_100_weight_None_solver_lbfgs,lr,3_skf_3,712,66,72,146,0.861,0.879,0.67,0.915,0.689,0.908,0.679,0.591,/home/ubuntu/Desktop/DeepAmes_Full_STL_4_keep_weights/results_TA98_without_S9/artifacts/base/lr/estimators/lr_seed_3_skf_3_paras_22_C_100_weight_None_solver_lbfgs.joblib,"{""C"": 100, ""class_weight"": null, ""max_iter"": 300, ""random_state"": 1, ""solver"": ""lbfgs""}",lr,22,/home/ubuntu/Desktop/DeepAmes_Full_STL_4_keep_weights/results_TA98_without_S9/artifacts/base/lr/scalers/lr_seed_3_skf_3_paras_22_C_100_weight_None_solver_lbfgs_scaler.joblib,3,3
lr_seed_4_skf_0_paras_22_C_100_weight_None_solver_lbfgs,lr,4_skf_0,711,67,76,142,0.856,0.877,0.651,0.914,0.679,0.903,0.665,0.574,/home/ubuntu/Desktop/DeepAmes_Full_STL_4_keep_weights/results_TA98_without_S9/artifacts/base/lr/estimators/lr_seed_4_skf_0_paras_22_C_100_weight_None_solver_lbfgs.joblib,"{""C"": 100, ""class_weight"": null, ""max_iter"": 300, ""random_state"": 1, ""solver"": ""lbfgs""}",lr,22,/home/ubuntu/Desktop/DeepAmes_Full_STL_4_keep_weights/results_TA98_without_S9/artifacts/base/lr/scalers/lr_seed_4_skf_0_paras_22_C_100_weight_None_solver_lbfgs_scaler.joblib,4,0
lr_seed_4_skf_2_paras_22_C_100_weight_None_solver_lbfgs,lr,4_skf_2,714,64,76,142,0.859,0.871,0.651,0.918,0.689,0.904,0.67,0.581,/home/ubuntu/Desktop/DeepAmes_Full_STL_4_keep_weights/results_TA98_without_S9/artifacts/base/lr/estimators/lr_seed_4_skf_2_paras_22_C_100_weight_None_solver_lbfgs.joblib,"{""C"": 100, ""class_weight"": null, ""max_iter"": 300, ""random_state"": 1, ""solver"": ""lbfgs""}",lr,22,/home/ubuntu/Desktop/DeepAmes_Full_STL_4_keep_weights/results_TA98_without_S9/artifacts/base/lr/scalers/lr_seed_4_skf_2_paras_22_C_100_weight_None_solver_lbfgs_scaler.joblib,4,2
lr_seed_4_skf_3_paras_22_C_100_weight_None_solver_lbfgs,lr,4_skf_3,714,64,78,140,0.857,0.887,0.642,0.918,0.686,0.902,0.664,0.574,/home/ubuntu/Desktop/DeepAmes_Full_STL_4_keep_weights/results_TA98_without_S9/artifacts/base/lr/estimators/lr_seed_4_skf_3_paras_22_C_100_weight_None_solver_lbfgs.joblib,"{""C"": 100, ""class_weight"": null, ""max_iter"": 300, ""random_state"": 1, ""solver"": ""lbfgs""}",lr,22,/home/ubuntu/Desktop/DeepAmes_Full_STL_4_keep_weights/results_TA98_without_S9/artifacts/base/lr/scalers/lr_seed_4_skf_3_paras_22_C_100_weight_None_solver_lbfgs_scaler.joblib,4,3
lr_seed_5_skf_0_paras_22_C_100_weight_None_solver_lbfgs,lr,5_skf_0,714,64,79,139,0.856,0.875,0.638,0.918,0.685,0.9,0.66,0.57,/home/ubuntu/Desktop/DeepAmes_Full_STL_4_keep_weights/results_TA98_without_S9/artifacts/base/lr/estimators/lr_seed_5_skf_0_paras_22_C_100_weight_None_solver_lbfgs.joblib,"{""C"": 100, ""class_weight"": null, ""max_iter"": 300, ""random_state"": 1, ""solver"": ""lbfgs""}",lr,22,/home/ubuntu/Desktop/DeepAmes_Full_STL_4_keep_weights/results_TA98_without_S9/artifacts/base/lr/scalers/lr_seed_5_skf_0_paras_22_C_100_weight_None_solver_lbfgs_scaler.joblib,5,0
lr_seed_5_skf_1_paras_22_C_100_weight_None_solver_lbfgs,lr,5_skf_1,710,68,78,140,0.853,0.863,0.642,0.913,0.673,0.901,0.657,0.564,/home/ubuntu/Desktop/DeepAmes_Full_STL_4_keep_weights/results_TA98_without_S9/artifacts/base/lr/estimators/lr_seed_5_skf_1_paras_22_C_100_weight_None_solver_lbfgs.joblib,"{""C"": 100, ""class_weight"": null, ""max_iter"": 300, ""random_state"": 1, ""solver"": ""lbfgs""}",lr,22,/home/ubuntu/Desktop/DeepAmes_Full_STL_4_keep_weights/results_TA98_without_S9/artifacts/base/lr/scalers/lr_seed_5_skf_1_paras_22_C_100_weight_None_solver_lbfgs_scaler.joblib,5,1
lr_seed_5_skf_3_paras_22_C_100_weight_None_solver_lbfgs,lr,5_skf_3,715,63,79,139,0.857,0.879,0.638,0.919,0.688,0.901,0.662,0.572,/home/ubuntu/Desktop/DeepAmes_Full_STL_4_keep_weights/results_TA98_without_S9/artifacts/base/lr/estimators/lr_seed_5_skf_3_paras_22_C_100_weight_None_solver_lbfgs.joblib,"{""C"": 100, ""class_weight"": null, ""max_iter"": 300, ""random_state"": 1, ""solver"": ""lbfgs""}",lr,22,/home/ubuntu/Desktop/DeepAmes_Full_STL_4_keep_weights/results_TA98_without_S9/artifacts/base/lr/scalers/lr_seed_5_skf_3_paras_22_C_100_weight_None_solver_lbfgs_scaler.joblib,5,3
lr_seed_5_skf_4_paras_22_C_100_weight_None_solver_lbfgs,lr,5_skf_4,713,65,75,143,0.859,0.876,0.656,0.916,0.688,0.905,0.671,0.582,/home/ubuntu/Desktop/DeepAmes_Full_STL_4_keep_weights/results_TA98_without_S9/artifacts/base/lr/estimators/lr_seed_5_skf_4_paras_22_C_100_weight_None_solver_lbfgs.joblib,"{""C"": 100, ""class_weight"": null, ""max_iter"": 300, ""random_state"": 1, ""solver"": ""lbfgs""}",lr,22,/home/ubuntu/Desktop/DeepAmes_Full_STL_4_keep_weights/results_TA98_without_S9/artifacts/base/lr/scalers/lr_seed_5_skf_4_paras_22_C_100_weight_None_solver_lbfgs_scaler.joblib,5,4
lr_seed_6_skf_0_paras_22_C_100_weight_None_solver_lbfgs,lr,6_skf_0,717,61,79,139,0.859,0.886,0.638,0.922,0.695,0.901,0.665,0.577,/home/ubuntu/Desktop/DeepAmes_Full_STL_4_keep_weights/results_TA98_without_S9/artifacts/base/lr/estimators/lr_seed_6_skf_0_paras_22_C_100_weight_None_solver_lbfgs.joblib,"{""C"": 100, ""class_weight"": null, ""max_iter"": 300, ""random_state"": 1, ""solver"": ""lbfgs""}",lr,22,/home/ubuntu/Desktop/DeepAmes_Full_STL_4_keep_weights/results_TA98_without_S9/artifacts/base/lr/scalers/lr_seed_6_skf_0_paras_22_C_100_weight_None_solver_lbfgs_scaler.joblib,6,0
lr_seed_6_skf_1_paras_22_C_100_weight_None_solver_lbfgs,lr,6_skf_1,719,59,77,141,0.863,0.882,0.647,0.924,0.705,0.903,0.675,0.589,/home/ubuntu/Desktop/DeepAmes_Full_STL_4_keep_weights/results_TA98_without_S9/artifacts/base/lr/estimators/lr_seed_6_skf_1_paras_22_C_100_weight_None_solver_lbfgs.joblib,"{""C"": 100, ""class_weight"": null, ""max_iter"": 300, ""random_state"": 1, ""solver"": ""lbfgs""}",lr,22,/home/ubuntu/Desktop/DeepAmes_Full_STL_4_keep_weights/results_TA98_without_S9/artifacts/base/lr/scalers/lr_seed_6_skf_1_paras_22_C_100_weight_None_solver_lbfgs_scaler.joblib,6,1
lr_seed_6_skf_2_paras_22_C_100_weight_None_solver_lbfgs,lr,6_skf_2,714,64,79,139,0.856,0.877,0.638,0.918,0.685,0.9,0.66,0.57,/home/ubuntu/Desktop/DeepAmes_Full_STL_4_keep_weights/results_TA98_without_S9/artifacts/base/lr/estimators/lr_seed_6_skf_2_paras_22_C_100_weight_None_solver_lbfgs.joblib,"{""C"": 100, ""class_weight"": null, ""max_iter"": 300, ""random_state"": 1, ""solver"": ""lbfgs""}",lr,22,/home/ubuntu/Desktop/DeepAmes_Full_STL_4_keep_weights/results_TA98_without_S9/artifacts/base/lr/scalers/lr_seed_6_skf_2_paras_22_C_100_weight_None_solver_lbfgs_scaler.joblib,6,2
lr_seed_6_skf_4_paras_22_C_100_weight_None_solver_lbfgs,lr,6_skf_4,716,62,74,144,0.863,0.867,0.661,0.92,0.699,0.906,0.679,0.593,/home/ubuntu/Desktop/DeepAmes_Full_STL_4_keep_weights/results_TA98_without_S9/artifacts/base/lr/estimators/lr_seed_6_skf_4_paras_22_C_100_weight_None_solver_lbfgs.joblib,"{""C"": 100, ""class_weight"": null, ""max_iter"": 300, ""random_state"": 1, ""solver"": ""lbfgs""}",lr,22,/home/ubuntu/Desktop/DeepAmes_Full_STL_4_keep_weights/results_TA98_without_S9/artifacts/base/lr/scalers/lr_seed_6_skf_4_paras_22_C_100_weight_None_solver_lbfgs_scaler.joblib,6,4
lr_seed_7_skf_0_paras_22_C_100_weight_None_solver_lbfgs,lr,7_skf_0,713,65,80,138,0.854,0.873,0.633,0.916,0.68,0.899,0.656,0.564,/home/ubuntu/Desktop/DeepAmes_Full_STL_4_keep_weights/results_TA98_without_S9/artifacts/base/lr/estimators/lr_seed_7_skf_0_paras_22_C_100_weight_None_solver_lbfgs.joblib,"{""C"": 100, ""class_weight"": null, ""max_iter"": 300, ""random_state"": 1, ""solver"": ""lbfgs""}",lr,22,/home/ubuntu/Desktop/DeepAmes_Full_STL_4_keep_weights/results_TA98_without_S9/artifacts/base/lr/scalers/lr_seed_7_skf_0_paras_22_C_100_weight_None_solver_lbfgs_scaler.joblib,7,0
lr_seed_7_skf_3_paras_22_C_100_weight_None_solver_lbfgs,lr,7_skf_3,718,60,77,141,0.862,0.871,0.647,0.923,0.701,0.903,0.673,0.587,/home/ubuntu/Desktop/DeepAmes_Full_STL_4_keep_weights/results_TA98_without_S9/artifacts/base/lr/estimators/lr_seed_7_skf_3_paras_22_C_100_weight_None_solver_lbfgs.joblib,"{""C"": 100, ""class_weight"": null, ""max_iter"": 300, ""random_state"": 1, ""solver"": ""lbfgs""}",lr,22,/home/ubuntu/Desktop/DeepAmes_Full_STL_4_keep_weights/results_TA98_without_S9/artifacts/base/lr/scalers/lr_seed_7_skf_3_paras_22_C_100_weight_None_solver_lbfgs_scaler.joblib,7,3
lr_seed_8_skf_0_paras_22_C_100_weight_None_solver_lbfgs,lr,8_skf_0,717,61,77,141,0.861,0.879,0.647,0.922,0.698,0.903,0.671,0.584,/home/ubuntu/Desktop/DeepAmes_Full_STL_4_keep_weights/results_TA98_without_S9/artifacts/base/lr/estimators/lr_seed_8_skf_0_paras_22_C_100_weight_None_solver_lbfgs.joblib,"{""C"": 100, ""class_weight"": null, ""max_iter"": 300, ""random_state"": 1, ""solver"": ""lbfgs""}",lr,22,/home/ubuntu/Desktop/DeepAmes_Full_STL_4_keep_weights/results_TA98_without_S9/artifacts/base/lr/scalers/lr_seed_8_skf_0_paras_22_C_100_weight_None_solver_lbfgs_scaler.joblib,8,0
lr_seed_8_skf_1_paras_22_C_100_weight_None_solver_lbfgs,lr,8_skf_1,721,57,76,142,0.866,0.881,0.651,0.927,0.714,0.905,0.681,0.598,/home/ubuntu/Desktop/DeepAmes_Full_STL_4_keep_weights/results_TA98_without_S9/artifacts/base/lr/estimators/lr_seed_8_skf_1_paras_22_C_100_weight_None_solver_lbfgs.joblib,"{""C"": 100, ""class_weight"": null, ""max_iter"": 300, ""random_state"": 1, ""solver"": ""lbfgs""}",lr,22,/home/ubuntu/Desktop/DeepAmes_Full_STL_4_keep_weights/results_TA98_without_S9/artifacts/base/lr/scalers/lr_seed_8_skf_1_paras_22_C_100_weight_None_solver_lbfgs_scaler.joblib,8,1
lr_seed_8_skf_3_paras_22_C_100_weight_None_solver_lbfgs,lr,8_skf_3,717,61,73,145,0.865,0.881,0.665,0.922,0.704,0.908,0.684,0.599,/home/ubuntu/Desktop/DeepAmes_Full_STL_4_keep_weights/results_TA98_without_S9/artifacts/base/lr/estimators/lr_seed_8_skf_3_paras_22_C_100_weight_None_solver_lbfgs.joblib,"{""C"": 100, ""class_weight"": null, ""max_iter"": 300, ""random_state"": 1, ""solver"": ""lbfgs""}",lr,22,/home/ubuntu/Desktop/DeepAmes_Full_STL_4_keep_weights/results_TA98_without_S9/artifacts/base/lr/scalers/lr_seed_8_skf_3_paras_22_C_100_weight_None_solver_lbfgs_scaler.joblib,8,3
lr_seed_8_skf_4_paras_22_C_100_weight_None_solver_lbfgs,lr,8_skf_4,718,60,78,140,0.861,0.868,0.642,0.923,0.7,0.902,0.67,0.583,/home/ubuntu/Desktop/DeepAmes_Full_STL_4_keep_weights/results_TA98_without_S9/artifacts/base/lr/estimators/lr_seed_8_skf_4_paras_22_C_100_weight_None_solver_lbfgs.joblib,"{""C"": 100, ""class_weight"": null, ""max_iter"": 300, ""random_state"": 1, ""solver"": ""lbfgs""}",lr,22,/home/ubuntu/Desktop/DeepAmes_Full_STL_4_keep_weights/results_TA98_without_S9/artifacts/base/lr/scalers/lr_seed_8_skf_4_paras_22_C_100_weight_None_solver_lbfgs_scaler.joblib,8,4
lr_seed_9_skf_0_paras_22_C_100_weight_None_solver_lbfgs,lr,9_skf_0,715,63,78,140,0.858,0.865,0.642,0.919,0.69,0.902,0.665,0.576,/home/ubuntu/Desktop/DeepAmes_Full_STL_4_keep_weights/results_TA98_without_S9/artifacts/base/lr/estimators/lr_seed_9_skf_0_paras_22_C_100_weight_None_solver_lbfgs.joblib,"{""C"": 100, ""class_weight"": null, ""max_iter"": 300, ""random_state"": 1, ""solver"": ""lbfgs""}",lr,22,/home/ubuntu/Desktop/DeepAmes_Full_STL_4_keep_weights/results_TA98_without_S9/artifacts/base/lr/scalers/lr_seed_9_skf_0_paras_22_C_100_weight_None_solver_lbfgs_scaler.joblib,9,0
lr_seed_9_skf_1_paras_22_C_100_weight_None_solver_lbfgs,lr,9_skf_1,713,65,81,137,0.853,0.873,0.628,0.916,0.678,0.898,0.652,0.56,/home/ubuntu/Desktop/DeepAmes_Full_STL_4_keep_weights/results_TA98_without_S9/artifacts/base/lr/estimators/lr_seed_9_skf_1_paras_22_C_100_weight_None_solver_lbfgs.joblib,"{""C"": 100, ""class_weight"": null, ""max_iter"": 300, ""random_state"": 1, ""solver"": ""lbfgs""}",lr,22,/home/ubuntu/Desktop/DeepAmes_Full_STL_4_keep_weights/results_TA98_without_S9/artifacts/base/lr/scalers/lr_seed_9_skf_1_paras_22_C_100_weight_None_solver_lbfgs_scaler.joblib,9,1
lr_seed_9_skf_2_paras_22_C_100_weight_None_solver_lbfgs,lr,9_skf_2,720,58,77,141,0.864,0.88,0.647,0.925,0.709,0.903,0.676,0.592,/home/ubuntu/Desktop/DeepAmes_Full_STL_4_keep_weights/results_TA98_without_S9/artifacts/base/lr/estimators/lr_seed_9_skf_2_paras_22_C_100_weight_None_solver_lbfgs.joblib,"{""C"": 100, ""class_weight"": null, ""max_iter"": 300, ""random_state"": 1, ""solver"": ""lbfgs""}",lr,22,/home/ubuntu/Desktop/DeepAmes_Full_STL_4_keep_weights/results_TA98_without_S9/artifacts/base/lr/scalers/lr_seed_9_skf_2_paras_22_C_100_weight_None_solver_lbfgs_scaler.joblib,9,2
lr_seed_9_skf_3_paras_22_C_100_weight_None_solver_lbfgs,lr,9_skf_3,707,71,77,141,0.851,0.875,0.647,0.909,0.665,0.902,0.656,0.561,/home/ubuntu/Desktop/DeepAmes_Full_STL_4_keep_weights/results_TA98_without_S9/artifacts/base/lr/estimators/lr_seed_9_skf_3_paras_22_C_100_weight_None_solver_lbfgs.joblib,"{""C"": 100, ""class_weight"": null, ""max_iter"": 300, ""random_state"": 1, ""solver"": ""lbfgs""}",lr,22,/home/ubuntu/Desktop/DeepAmes_Full_STL_4_keep_weights/results_TA98_without_S9/artifacts/base/lr/scalers/lr_seed_9_skf_3_paras_22_C_100_weight_None_solver_lbfgs_scaler.joblib,9,3
lr_seed_9_skf_4_paras_22_C_100_weight_None_solver_lbfgs,lr,9_skf_4,725,53,79,139,0.867,0.876,0.638,0.932,0.724,0.902,0.678,0.597,/home/ubuntu/Desktop/DeepAmes_Full_STL_4_keep_weights/results_TA98_without_S9/artifacts/base/lr/estimators/lr_seed_9_skf_4_paras_22_C_100_weight_None_solver_lbfgs.joblib,"{""C"": 100, ""class_weight"": null, ""max_iter"": 300, ""random_state"": 1, ""solver"": ""lbfgs""}",lr,22,/home/ubuntu/Desktop/DeepAmes_Full_STL_4_keep_weights/results_TA98_without_S9/artifacts/base/lr/scalers/lr_seed_9_skf_4_paras_22_C_100_weight_None_solver_lbfgs_scaler.joblib,9,4
lr_seed_10_skf_0_paras_22_C_100_weight_None_solver_lbfgs,lr,10_skf_0,720,58,76,142,0.865,0.874,0.651,0.925,0.71,0.905,0.679,0.595,/home/ubuntu/Desktop/DeepAmes_Full_STL_4_keep_weights/results_TA98_without_S9/artifacts/base/lr/estimators/lr_seed_10_skf_0_paras_22_C_100_weight_None_solver_lbfgs.joblib,"{""C"": 100, ""class_weight"": null, ""max_iter"": 300, ""random_state"": 1, ""solver"": ""lbfgs""}",lr,22,/home/ubuntu/Desktop/DeepAmes_Full_STL_4_keep_weights/results_TA98_without_S9/artifacts/base/lr/scalers/lr_seed_10_skf_0_paras_22_C_100_weight_None_solver_lbfgs_scaler.joblib,10,0
lr_seed_10_skf_1_paras_22_C_100_weight_None_solver_lbfgs,lr,10_skf_1,719,59,81,137,0.859,0.869,0.628,0.924,0.699,0.899,0.662,0.575,/home/ubuntu/Desktop/DeepAmes_Full_STL_4_keep_weights/results_TA98_without_S9/artifacts/base/lr/estimators/lr_seed_10_skf_1_paras_22_C_100_weight_None_solver_lbfgs.joblib,"{""C"": 100, ""class_weight"": null, ""max_iter"": 300, ""random_state"": 1, ""solver"": ""lbfgs""}",lr,22,/home/ubuntu/Desktop/DeepAmes_Full_STL_4_keep_weights/results_TA98_without_S9/artifacts/base/lr/scalers/lr_seed_10_skf_1_paras_22_C_100_weight_None_solver_lbfgs_scaler.joblib,10,1
lr_seed_10_skf_2_paras_22_C_100_weight_None_solver_lbfgs,lr,10_skf_2,715,63,80,138,0.856,0.88,0.633,0.919,0.687,0.899,0.659,0.569,/home/ubuntu/Desktop/DeepAmes_Full_STL_4_keep_weights/results_TA98_without_S9/artifacts/base/lr/estimators/lr_seed_10_skf_2_paras_22_C_100_weight_None_solver_lbfgs.joblib,"{""C"": 100, ""class_weight"": null, ""max_iter"": 300, ""random_state"": 1, ""solver"": ""lbfgs""}",lr,22,/home/ubuntu/Desktop/DeepAmes_Full_STL_4_keep_weights/results_TA98_without_S9/artifacts/base/lr/scalers/lr_seed_10_skf_2_paras_22_C_100_weight_None_solver_lbfgs_scaler.joblib,10,2
lr_seed_10_skf_3_paras_22_C_100_weight_None_solver_lbfgs,lr,10_skf_3,715,63,81,137,0.855,0.873,0.628,0.919,0.685,0.898,0.656,0.565,/home/ubuntu/Desktop/DeepAmes_Full_STL_4_keep_weights/results_TA98_without_S9/artifacts/base/lr/estimators/lr_seed_10_skf_3_paras_22_C_100_weight_None_solver_lbfgs.joblib,"{""C"": 100, ""class_weight"": null, ""max_iter"": 300, ""random_state"": 1, ""solver"": ""lbfgs""}",lr,22,/home/ubuntu/Desktop/DeepAmes_Full_STL_4_keep_weights/results_TA98_without_S9/artifacts/base/lr/scalers/lr_seed_10_skf_3_paras_22_C_100_weight_None_solver_lbfgs_scaler.joblib,10,3
lr_seed_10_skf_4_paras_22_C_100_weight_None_solver_lbfgs,lr,10_skf_4,707,71,75,143,0.853,0.88,0.656,0.909,0.668,0.904,0.662,0.568,/home/ubuntu/Desktop/DeepAmes_Full_STL_4_keep_weights/results_TA98_without_S9/artifacts/base/lr/estimators/lr_seed_10_skf_4_paras_22_C_100_weight_None_solver_lbfgs.joblib,"{""C"": 100, ""class_weight"": null, ""max_iter"": 300, ""random_state"": 1, ""solver"": ""lbfgs""}",lr,22,/home/ubuntu/Desktop/DeepAmes_Full_STL_4_keep_weights/results_TA98_without_S9/artifacts/base/lr/scalers/lr_seed_10_skf_4_paras_22_C_100_weight_None_solver_lbfgs_scaler.joblib,10,4
lr_seed_11_skf_0_paras_22_C_100_weight_None_solver_lbfgs,lr,11_skf_0,714,64,81,137,0.854,0.871,0.628,0.918,0.682,0.898,0.654,0.563,/home/ubuntu/Desktop/DeepAmes_Full_STL_4_keep_weights/results_TA98_without_S9/artifacts/base/lr/estimators/lr_seed_11_skf_0_paras_22_C_100_weight_None_solver_lbfgs.joblib,"{""C"": 100, ""class_weight"": null, ""max_iter"": 300, ""random_state"": 1, ""solver"": ""lbfgs""}",lr,22,/home/ubuntu/Desktop/DeepAmes_Full_STL_4_keep_weights/results_TA98_without_S9/artifacts/base/lr/scalers/lr_seed_11_skf_0_paras_22_C_100_weight_None_solver_lbfgs_scaler.joblib,11,0
lr_seed_11_skf_1_paras_22_C_100_weight_None_solver_lbfgs,lr,11_skf_1,716,62,83,135,0.854,0.879,0.619,0.92,0.685,0.896,0.651,0.56,/home/ubuntu/Desktop/DeepAmes_Full_STL_4_keep_weights/results_TA98_without_S9/artifacts/base/lr/estimators/lr_seed_11_skf_1_paras_22_C_100_weight_None_solver_lbfgs.joblib,"{""C"": 100, ""class_weight"": null, ""max_iter"": 300, ""random_state"": 1, ""solver"": ""lbfgs""}",lr,22,/home/ubuntu/Desktop/DeepAmes_Full_STL_4_keep_weights/results_TA98_without_S9/artifacts/base/lr/scalers/lr_seed_11_skf_1_paras_22_C_100_weight_None_solver_lbfgs_scaler.joblib,11,1
lr_seed_11_skf_3_paras_22_C_100_weight_None_solver_lbfgs,lr,11_skf_3,714,64,71,147,0.864,0.877,0.674,0.918,0.697,0.91,0.685,0.599,/home/ubuntu/Desktop/DeepAmes_Full_STL_4_keep_weights/results_TA98_without_S9/artifacts/base/lr/estimators/lr_seed_11_skf_3_paras_22_C_100_weight_None_solver_lbfgs.joblib,"{""C"": 100, ""class_weight"": null, ""max_iter"": 300, ""random_state"": 1, ""solver"": ""lbfgs""}",lr,22,/home/ubuntu/Desktop/DeepAmes_Full_STL_4_keep_weights/results_TA98_without_S9/artifacts/base/lr/scalers/lr_seed_11_skf_3_paras_22_C_100_weight_None_solver_lbfgs_scaler.joblib,11,3
lr_seed_11_skf_4_paras_22_C_100_weight_None_solver_lbfgs,lr,11_skf_4,713,65,80,138,0.854,0.877,0.633,0.916,0.68,0.899,0.656,0.564,/home/ubuntu/Desktop/DeepAmes_Full_STL_4_keep_weights/results_TA98_without_S9/artifacts/base/lr/estimators/lr_seed_11_skf_4_paras_22_C_100_weight_None_solver_lbfgs.joblib,"{""C"": 100, ""class_weight"": null, ""max_iter"": 300, ""random_state"": 1, ""solver"": ""lbfgs""}",lr,22,/home/ubuntu/Desktop/DeepAmes_Full_STL_4_keep_weights/results_TA98_without_S9/artifacts/base/lr/scalers/lr_seed_11_skf_4_paras_22_C_100_weight_None_solver_lbfgs_scaler.joblib,11,4
lr_seed_12_skf_0_paras_22_C_100_weight_None_solver_lbfgs,lr,12_skf_0,716,62,73,145,0.864,0.869,0.665,0.92,0.7,0.907,0.682,0.597,/home/ubuntu/Desktop/DeepAmes_Full_STL_4_keep_weights/results_TA98_without_S9/artifacts/base/lr/estimators/lr_seed_12_skf_0_paras_22_C_100_weight_None_solver_lbfgs.joblib,"{""C"": 100, ""class_weight"": null, ""max_iter"": 300, ""random_state"": 1, ""solver"": ""lbfgs""}",lr,22,/home/ubuntu/Desktop/DeepAmes_Full_STL_4_keep_weights/results_TA98_without_S9/artifacts/base/lr/scalers/lr_seed_12_skf_0_paras_22_C_100_weight_None_solver_lbfgs_scaler.joblib,12,0
lr_seed_12_skf_1_paras_22_C_100_weight_None_solver_lbfgs,lr,12_skf_1,705,73,71,147,0.855,0.873,0.674,0.906,0.668,0.909,0.671,0.579,/home/ubuntu/Desktop/DeepAmes_Full_STL_4_keep_weights/results_TA98_without_S9/artifacts/base/lr/estimators/lr_seed_12_skf_1_paras_22_C_100_weight_None_solver_lbfgs.joblib,"{""C"": 100, ""class_weight"": null, ""max_iter"": 300, ""random_state"": 1, ""solver"": ""lbfgs""}",lr,22,/home/ubuntu/Desktop/DeepAmes_Full_STL_4_keep_weights/results_TA98_without_S9/artifacts/base/lr/scalers/lr_seed_12_skf_1_paras_22_C_100_weight_None_solver_lbfgs_scaler.joblib,12,1
lr_seed_12_skf_3_paras_22_C_100_weight_None_solver_lbfgs,lr,12_skf_3,720,58,79,139,0.862,0.887,0.638,0.925,0.706,0.901,0.67,0.584,/home/ubuntu/Desktop/DeepAmes_Full_STL_4_keep_weights/results_TA98_without_S9/artifacts/base/lr/estimators/lr_seed_12_skf_3_paras_22_C_100_weight_None_solver_lbfgs.joblib,"{""C"": 100, ""class_weight"": null, ""max_iter"": 300, ""random_state"": 1, ""solver"": ""lbfgs""}",lr,22,/home/ubuntu/Desktop/DeepAmes_Full_STL_4_keep_weights/results_TA98_without_S9/artifacts/base/lr/scalers/lr_seed_12_skf_3_paras_22_C_100_weight_None_solver_lbfgs_scaler.joblib,12,3
lr_seed_13_skf_0_paras_22_C_100_weight_None_solver_lbfgs,lr,13_skf_0,717,61,78,140,0.86,0.87,0.642,0.922,0.697,0.902,0.668,0.581,/home/ubuntu/Desktop/DeepAmes_Full_STL_4_keep_weights/results_TA98_without_S9/artifacts/base/lr/estimators/lr_seed_13_skf_0_paras_22_C_100_weight_None_solver_lbfgs.joblib,"{""C"": 100, ""class_weight"": null, ""max_iter"": 300, ""random_state"": 1, ""solver"": ""lbfgs""}",lr,22,/home/ubuntu/Desktop/DeepAmes_Full_STL_4_keep_weights/results_TA98_without_S9/artifacts/base/lr/scalers/lr_seed_13_skf_0_paras_22_C_100_weight_None_solver_lbfgs_scaler.joblib,13,0
lr_seed_13_skf_1_paras_22_C_100_weight_None_solver_lbfgs,lr,13_skf_1,715,63,82,136,0.854,0.873,0.624,0.919,0.683,0.897,0.652,0.561,/home/ubuntu/Desktop/DeepAmes_Full_STL_4_keep_weights/results_TA98_without_S9/artifacts/base/lr/estimators/lr_seed_13_skf_1_paras_22_C_100_weight_None_solver_lbfgs.joblib,"{""C"": 100, ""class_weight"": null, ""max_iter"": 300, ""random_state"": 1, ""solver"": ""lbfgs""}",lr,22,/home/ubuntu/Desktop/DeepAmes_Full_STL_4_keep_weights/results_TA98_without_S9/artifacts/base/lr/scalers/lr_seed_13_skf_1_paras_22_C_100_weight_None_solver_lbfgs_scaler.joblib,13,1
lr_seed_13_skf_2_paras_22_C_100_weight_None_solver_lbfgs,lr,13_skf_2,713,65,78,140,0.856,0.88,0.642,0.916,0.683,0.901,0.662,0.571,/home/ubuntu/Desktop/DeepAmes_Full_STL_4_keep_weights/results_TA98_without_S9/artifacts/base/lr/estimators/lr_seed_13_skf_2_paras_22_C_100_weight_None_solver_lbfgs.joblib,"{""C"": 100, ""class_weight"": null, ""max_iter"": 300, ""random_state"": 1, ""solver"": ""lbfgs""}",lr,22,/home/ubuntu/Desktop/DeepAmes_Full_STL_4_keep_weights/results_TA98_without_S9/artifacts/base/lr/scalers/lr_seed_13_skf_2_paras_22_C_100_weight_None_solver_lbfgs_scaler.joblib,13,2
lr_seed_13_skf_3_paras_22_C_100_weight_None_solver_lbfgs,lr,13_skf_3,712,66,75,143,0.858,0.872,0.656,0.915,0.684,0.905,0.67,0.58,/home/ubuntu/Desktop/DeepAmes_Full_STL_4_keep_weights/results_TA98_without_S9/artifacts/base/lr/estimators/lr_seed_13_skf_3_paras_22_C_100_weight_None_solver_lbfgs.joblib,"{""C"": 100, ""class_weight"": null, ""max_iter"": 300, ""random_state"": 1, ""solver"": ""lbfgs""}",lr,22,/home/ubuntu/Desktop/DeepAmes_Full_STL_4_keep_weights/results_TA98_without_S9/artifacts/base/lr/scalers/lr_seed_13_skf_3_paras_22_C_100_weight_None_solver_lbfgs_scaler.joblib,13,3
lr_seed_13_skf_4_paras_22_C_100_weight_None_solver_lbfgs,lr,13_skf_4,718,60,80,138,0.859,0.88,0.633,0.923,0.697,0.9,0.663,0.576,/home/ubuntu/Desktop/DeepAmes_Full_STL_4_keep_weights/results_TA98_without_S9/artifacts/base/lr/estimators/lr_seed_13_skf_4_paras_22_C_100_weight_None_solver_lbfgs.joblib,"{""C"": 100, ""class_weight"": null, ""max_iter"": 300, ""random_state"": 1, ""solver"": ""lbfgs""}",lr,22,/home/ubuntu/Desktop/DeepAmes_Full_STL_4_keep_weights/results_TA98_without_S9/artifacts/base/lr/scalers/lr_seed_13_skf_4_paras_22_C_100_weight_None_solver_lbfgs_scaler.joblib,13,4
lr_seed_14_skf_0_paras_22_C_100_weight_None_solver_lbfgs,lr,14_skf_0,718,60,69,149,0.87,0.887,0.683,0.923,0.713,0.912,0.698,0.616,/home/ubuntu/Desktop/DeepAmes_Full_STL_4_keep_weights/results_TA98_without_S9/artifacts/base/lr/estimators/lr_seed_14_skf_0_paras_22_C_100_weight_None_solver_lbfgs.joblib,"{""C"": 100, ""class_weight"": null, ""max_iter"": 300, ""random_state"": 1, ""solver"": ""lbfgs""}",lr,22,/home/ubuntu/Desktop/DeepAmes_Full_STL_4_keep_weights/results_TA98_without_S9/artifacts/base/lr/scalers/lr_seed_14_skf_0_paras_22_C_100_weight_None_solver_lbfgs_scaler.joblib,14,0
lr_seed_14_skf_1_paras_22_C_100_weight_None_solver_lbfgs,lr,14_skf_1,715,63,79,139,0.857,0.866,0.638,0.919,0.688,0.901,0.662,0.572,/home/ubuntu/Desktop/DeepAmes_Full_STL_4_keep_weights/results_TA98_without_S9/artifacts/base/lr/estimators/lr_seed_14_skf_1_paras_22_C_100_weight_None_solver_lbfgs.joblib,"{""C"": 100, ""class_weight"": null, ""max_iter"": 300, ""random_state"": 1, ""solver"": ""lbfgs""}",lr,22,/home/ubuntu/Desktop/DeepAmes_Full_STL_4_keep_weights/results_TA98_without_S9/artifacts/base/lr/scalers/lr_seed_14_skf_1_paras_22_C_100_weight_None_solver_lbfgs_scaler.joblib,14,1
lr_seed_14_skf_2_paras_22_C_100_weight_None_solver_lbfgs,lr,14_skf_2,716,62,77,141,0.86,0.869,0.647,0.92,0.695,0.903,0.67,0.582,/home/ubuntu/Desktop/DeepAmes_Full_STL_4_keep_weights/results_TA98_without_S9/artifacts/base/lr/estimators/lr_seed_14_skf_2_paras_22_C_100_weight_None_solver_lbfgs.joblib,"{""C"": 100, ""class_weight"": null, ""max_iter"": 300, ""random_state"": 1, ""solver"": ""lbfgs""}",lr,22,/home/ubuntu/Desktop/DeepAmes_Full_STL_4_keep_weights/results_TA98_without_S9/artifacts/base/lr/scalers/lr_seed_14_skf_2_paras_22_C_100_weight_None_solver_lbfgs_scaler.joblib,14,2
lr_seed_14_skf_3_paras_22_C_100_weight_None_solver_lbfgs,lr,14_skf_3,715,63,79,139,0.857,0.873,0.638,0.919,0.688,0.901,0.662,0.572,/home/ubuntu/Desktop/DeepAmes_Full_STL_4_keep_weights/results_TA98_without_S9/artifacts/base/lr/estimators/lr_seed_14_skf_3_paras_22_C_100_weight_None_solver_lbfgs.joblib,"{""C"": 100, ""class_weight"": null, ""max_iter"": 300, ""random_state"": 1, ""solver"": ""lbfgs""}",lr,22,/home/ubuntu/Desktop/DeepAmes_Full_STL_4_keep_weights/results_TA98_without_S9/artifacts/base/lr/scalers/lr_seed_14_skf_3_paras_22_C_100_weight_None_solver_lbfgs_scaler.joblib,14,3
lr_seed_14_skf_4_paras_22_C_100_weight_None_solver_lbfgs,lr,14_skf_4,705,73,76,142,0.85,0.877,0.651,0.906,0.66,0.903,0.656,0.56,/home/ubuntu/Desktop/DeepAmes_Full_STL_4_keep_weights/results_TA98_without_S9/artifacts/base/lr/estimators/lr_seed_14_skf_4_paras_22_C_100_weight_None_solver_lbfgs.joblib,"{""C"": 100, ""class_weight"": null, ""max_iter"": 300, ""random_state"": 1, ""solver"": ""lbfgs""}",lr,22,/home/ubuntu/Desktop/DeepAmes_Full_STL_4_keep_weights/results_TA98_without_S9/artifacts/base/lr/scalers/lr_seed_14_skf_4_paras_22_C_100_weight_None_solver_lbfgs_scaler.joblib,14,4
lr_seed_15_skf_1_paras_22_C_100_weight_None_solver_lbfgs,lr,15_skf_1,710,68,73,145,0.858,0.878,0.665,0.913,0.681,0.907,0.673,0.583,/home/ubuntu/Desktop/DeepAmes_Full_STL_4_keep_weights/results_TA98_without_S9/artifacts/base/lr/estimators/lr_seed_15_skf_1_paras_22_C_100_weight_None_solver_lbfgs.joblib,"{""C"": 100, ""class_weight"": null, ""max_iter"": 300, ""random_state"": 1, ""solver"": ""lbfgs""}",lr,22,/home/ubuntu/Desktop/DeepAmes_Full_STL_4_keep_weights/results_TA98_without_S9/artifacts/base/lr/scalers/lr_seed_15_skf_1_paras_22_C_100_weight_None_solver_lbfgs_scaler.joblib,15,1
lr_seed_15_skf_2_paras_22_C_100_weight_None_solver_lbfgs,lr,15_skf_2,711,67,80,138,0.852,0.875,0.633,0.914,0.673,0.899,0.652,0.559,/home/ubuntu/Desktop/DeepAmes_Full_STL_4_keep_weights/results_TA98_without_S9/artifacts/base/lr/estimators/lr_seed_15_skf_2_paras_22_C_100_weight_None_solver_lbfgs.joblib,"{""C"": 100, ""class_weight"": null, ""max_iter"": 300, ""random_state"": 1, ""solver"": ""lbfgs""}",lr,22,/home/ubuntu/Desktop/DeepAmes_Full_STL_4_keep_weights/results_TA98_without_S9/artifacts/base/lr/scalers/lr_seed_15_skf_2_paras_22_C_100_weight_None_solver_lbfgs_scaler.joblib,15,2
lr_seed_15_skf_3_paras_22_C_100_weight_None_solver_lbfgs,lr,15_skf_3,710,68,74,144,0.857,0.866,0.661,0.913,0.679,0.906,0.67,0.579,/home/ubuntu/Desktop/DeepAmes_Full_STL_4_keep_weights/results_TA98_without_S9/artifacts/base/lr/estimators/lr_seed_15_skf_3_paras_22_C_100_weight_None_solver_lbfgs.joblib,"{""C"": 100, ""class_weight"": null, ""max_iter"": 300, ""random_state"": 1, ""solver"": ""lbfgs""}",lr,22,/home/ubuntu/Desktop/DeepAmes_Full_STL_4_keep_weights/results_TA98_without_S9/artifacts/base/lr/scalers/lr_seed_15_skf_3_paras_22_C_100_weight_None_solver_lbfgs_scaler.joblib,15,3
lr_seed_15_skf_4_paras_22_C_100_weight_None_solver_lbfgs,lr,15_skf_4,711,67,75,143,0.857,0.882,0.656,0.914,0.681,0.905,0.668,0.578,/home/ubuntu/Desktop/DeepAmes_Full_STL_4_keep_weights/results_TA98_without_S9/artifacts/base/lr/estimators/lr_seed_15_skf_4_paras_22_C_100_weight_None_solver_lbfgs.joblib,"{""C"": 100, ""class_weight"": null, ""max_iter"": 300, ""random_state"": 1, ""solver"": ""lbfgs""}",lr,22,/home/ubuntu/Desktop/DeepAmes_Full_STL_4_keep_weights/results_TA98_without_S9/artifacts/base/lr/scalers/lr_seed_15_skf_4_paras_22_C_100_weight_None_solver_lbfgs_scaler.joblib,15,4
lr_seed_16_skf_0_paras_22_C_100_weight_None_solver_lbfgs,lr,16_skf_0,714,64,79,139,0.856,0.872,0.638,0.918,0.685,0.9,0.66,0.57,/home/ubuntu/Desktop/DeepAmes_Full_STL_4_keep_weights/results_TA98_without_S9/artifacts/base/lr/estimators/lr_seed_16_skf_0_paras_22_C_100_weight_None_solver_lbfgs.joblib,"{""C"": 100, ""class_weight"": null, ""max_iter"": 300, ""random_state"": 1, ""solver"": ""lbfgs""}",lr,22,/home/ubuntu/Desktop/DeepAmes_Full_STL_4_keep_weights/results_TA98_without_S9/artifacts/base/lr/scalers/lr_seed_16_skf_0_paras_22_C_100_weight_None_solver_lbfgs_scaler.joblib,16,0
lr_seed_16_skf_1_paras_22_C_100_weight_None_solver_lbfgs,lr,16_skf_1,710,68,76,142,0.855,0.882,0.651,0.913,0.676,0.903,0.664,0.572,/home/ubuntu/Desktop/DeepAmes_Full_STL_4_keep_weights/results_TA98_without_S9/artifacts/base/lr/estimators/lr_seed_16_skf_1_paras_22_C_100_weight_None_solver_lbfgs.joblib,"{""C"": 100, ""class_weight"": null, ""max_iter"": 300, ""random_state"": 1, ""solver"": ""lbfgs""}",lr,22,/home/ubuntu/Desktop/DeepAmes_Full_STL_4_keep_weights/results_TA98_without_S9/artifacts/base/lr/scalers/lr_seed_16_skf_1_paras_22_C_100_weight_None_solver_lbfgs_scaler.joblib,16,1
lr_seed_16_skf_2_paras_22_C_100_weight_None_solver_lbfgs,lr,16_skf_2,714,64,80,138,0.855,0.877,0.633,0.918,0.683,0.899,0.657,0.566,/home/ubuntu/Desktop/DeepAmes_Full_STL_4_keep_weights/results_TA98_without_S9/artifacts/base/lr/estimators/lr_seed_16_skf_2_paras_22_C_100_weight_None_solver_lbfgs.joblib,"{""C"": 100, ""class_weight"": null, ""max_iter"": 300, ""random_state"": 1, ""solver"": ""lbfgs""}",lr,22,/home/ubuntu/Desktop/DeepAmes_Full_STL_4_keep_weights/results_TA98_without_S9/artifacts/base/lr/scalers/lr_seed_16_skf_2_paras_22_C_100_weight_None_solver_lbfgs_scaler.joblib,16,2
lr_seed_16_skf_3_paras_22_C_100_weight_None_solver_lbfgs,lr,16_skf_3,719,59,78,140,0.862,0.87,0.642,0.924,0.704,0.902,0.671,0.586,/home/ubuntu/Desktop/DeepAmes_Full_STL_4_keep_weights/results_TA98_without_S9/artifacts/base/lr/estimators/lr_seed_16_skf_3_paras_22_C_100_weight_None_solver_lbfgs.joblib,"{""C"": 100, ""class_weight"": null, ""max_iter"": 300, ""random_state"": 1, ""solver"": ""lbfgs""}",lr,22,/home/ubuntu/Desktop/DeepAmes_Full_STL_4_keep_weights/results_TA98_without_S9/artifacts/base/lr/scalers/lr_seed_16_skf_3_paras_22_C_100_weight_None_solver_lbfgs_scaler.joblib,16,3
lr_seed_16_skf_4_paras_22_C_100_weight_None_solver_lbfgs,lr,16_skf_4,720,58,84,134,0.857,0.879,0.615,0.925,0.698,0.896,0.654,0.566,/home/ubuntu/Desktop/DeepAmes_Full_STL_4_keep_weights/results_TA98_without_S9/artifacts/base/lr/estimators/lr_seed_16_skf_4_paras_22_C_100_weight_None_solver_lbfgs.joblib,"{""C"": 100, ""class_weight"": null, ""max_iter"": 300, ""random_state"": 1, ""solver"": ""lbfgs""}",lr,22,/home/ubuntu/Desktop/DeepAmes_Full_STL_4_keep_weights/results_TA98_without_S9/artifacts/base/lr/scalers/lr_seed_16_skf_4_paras_22_C_100_weight_None_solver_lbfgs_scaler.joblib,16,4
lr_seed_17_skf_0_paras_22_C_100_weight_None_solver_lbfgs,lr,17_skf_0,714,64,74,144,0.861,0.873,0.661,0.918,0.692,0.906,0.676,0.588,/home/ubuntu/Desktop/DeepAmes_Full_STL_4_keep_weights/results_TA98_without_S9/artifacts/base/lr/estimators/lr_seed_17_skf_0_paras_22_C_100_weight_None_solver_lbfgs.joblib,"{""C"": 100, ""class_weight"": null, ""max_iter"": 300, ""random_state"": 1, ""solver"": ""lbfgs""}",lr,22,/home/ubuntu/Desktop/DeepAmes_Full_STL_4_keep_weights/results_TA98_without_S9/artifacts/base/lr/scalers/lr_seed_17_skf_0_paras_22_C_100_weight_None_solver_lbfgs_scaler.joblib,17,0
lr_seed_17_skf_1_paras_22_C_100_weight_None_solver_lbfgs,lr,17_skf_1,712,66,80,138,0.853,0.877,0.633,0.915,0.676,0.899,0.654,0.562,/home/ubuntu/Desktop/DeepAmes_Full_STL_4_keep_weights/results_TA98_without_S9/artifacts/base/lr/estimators/lr_seed_17_skf_1_paras_22_C_100_weight_None_solver_lbfgs.joblib,"{""C"": 100, ""class_weight"": null, ""max_iter"": 300, ""random_state"": 1, ""solver"": ""lbfgs""}",lr,22,/home/ubuntu/Desktop/DeepAmes_Full_STL_4_keep_weights/results_TA98_without_S9/artifacts/base/lr/scalers/lr_seed_17_skf_1_paras_22_C_100_weight_None_solver_lbfgs_scaler.joblib,17,1
lr_seed_17_skf_2_paras_22_C_100_weight_None_solver_lbfgs,lr,17_skf_2,712,66,78,140,0.855,0.871,0.642,0.915,0.68,0.901,0.66,0.569,/home/ubuntu/Desktop/DeepAmes_Full_STL_4_keep_weights/results_TA98_without_S9/artifacts/base/lr/estimators/lr_seed_17_skf_2_paras_22_C_100_weight_None_solver_lbfgs.joblib,"{""C"": 100, ""class_weight"": null, ""max_iter"": 300, ""random_state"": 1, ""solver"": ""lbfgs""}",lr,22,/home/ubuntu/Desktop/DeepAmes_Full_STL_4_keep_weights/results_TA98_without_S9/artifacts/base/lr/scalers/lr_seed_17_skf_2_paras_22_C_100_weight_None_solver_lbfgs_scaler.joblib,17,2
lr_seed_17_skf_3_paras_22_C_100_weight_None_solver_lbfgs,lr,17_skf_3,718,60,77,141,0.862,0.877,0.647,0.923,0.701,0.903,0.673,0.587,/home/ubuntu/Desktop/DeepAmes_Full_STL_4_keep_weights/results_TA98_without_S9/artifacts/base/lr/estimators/lr_seed_17_skf_3_paras_22_C_100_weight_None_solver_lbfgs.joblib,"{""C"": 100, ""class_weight"": null, ""max_iter"": 300, ""random_state"": 1, ""solver"": ""lbfgs""}",lr,22,/home/ubuntu/Desktop/DeepAmes_Full_STL_4_keep_weights/results_TA98_without_S9/artifacts/base/lr/scalers/lr_seed_17_skf_3_paras_22_C_100_weight_None_solver_lbfgs_scaler.joblib,17,3
lr_seed_17_skf_4_paras_22_C_100_weight_None_solver_lbfgs,lr,17_skf_4,715,63,75,143,0.861,0.877,0.656,0.919,0.694,0.905,0.675,0.587,/home/ubuntu/Desktop/DeepAmes_Full_STL_4_keep_weights/results_TA98_without_S9/artifacts/base/lr/estimators/lr_seed_17_skf_4_paras_22_C_100_weight_None_solver_lbfgs.joblib,"{""C"": 100, ""class_weight"": null, ""max_iter"": 300, ""random_state"": 1, ""solver"": ""lbfgs""}",lr,22,/home/ubuntu/Desktop/DeepAmes_Full_STL_4_keep_weights/results_TA98_without_S9/artifacts/base/lr/scalers/lr_seed_17_skf_4_paras_22_C_100_weight_None_solver_lbfgs_scaler.joblib,17,4
lr_seed_18_skf_0_paras_22_C_100_weight_None_solver_lbfgs,lr,18_skf_0,717,61,78,140,0.86,0.88,0.642,0.922,0.697,0.902,0.668,0.581,/home/ubuntu/Desktop/DeepAmes_Full_STL_4_keep_weights/results_TA98_without_S9/artifacts/base/lr/estimators/lr_seed_18_skf_0_paras_22_C_100_weight_None_solver_lbfgs.joblib,"{""C"": 100, ""class_weight"": null, ""max_iter"": 300, ""random_state"": 1, ""solver"": ""lbfgs""}",lr,22,/home/ubuntu/Desktop/DeepAmes_Full_STL_4_keep_weights/results_TA98_without_S9/artifacts/base/lr/scalers/lr_seed_18_skf_0_paras_22_C_100_weight_None_solver_lbfgs_scaler.joblib,18,0
lr_seed_18_skf_1_paras_22_C_100_weight_None_solver_lbfgs,lr,18_skf_1,719,59,79,139,0.861,0.877,0.638,0.924,0.702,0.901,0.668,0.582,/home/ubuntu/Desktop/DeepAmes_Full_STL_4_keep_weights/results_TA98_without_S9/artifacts/base/lr/estimators/lr_seed_18_skf_1_paras_22_C_100_weight_None_solver_lbfgs.joblib,"{""C"": 100, ""class_weight"": null, ""max_iter"": 300, ""random_state"": 1, ""solver"": ""lbfgs""}",lr,22,/home/ubuntu/Desktop/DeepAmes_Full_STL_4_keep_weights/results_TA98_without_S9/artifacts/base/lr/scalers/lr_seed_18_skf_1_paras_22_C_100_weight_None_solver_lbfgs_scaler.joblib,18,1
lr_seed_18_skf_2_paras_22_C_100_weight_None_solver_lbfgs,lr,18_skf_2,713,65,77,141,0.857,0.873,0.647,0.916,0.684,0.903,0.665,0.575,/home/ubuntu/Desktop/DeepAmes_Full_STL_4_keep_weights/results_TA98_without_S9/artifacts/base/lr/estimators/lr_seed_18_skf_2_paras_22_C_100_weight_None_solver_lbfgs.joblib,"{""C"": 100, ""class_weight"": null, ""max_iter"": 300, ""random_state"": 1, ""solver"": ""lbfgs""}",lr,22,/home/ubuntu/Desktop/DeepAmes_Full_STL_4_keep_weights/results_TA98_without_S9/artifacts/base/lr/scalers/lr_seed_18_skf_2_paras_22_C_100_weight_None_solver_lbfgs_scaler.joblib,18,2
lr_seed_18_skf_3_paras_22_C_100_weight_None_solver_lbfgs,lr,18_skf_3,717,61,76,142,0.862,0.872,0.651,0.922,0.7,0.904,0.675,0.588,/home/ubuntu/Desktop/DeepAmes_Full_STL_4_keep_weights/results_TA98_without_S9/artifacts/base/lr/estimators/lr_seed_18_skf_3_paras_22_C_100_weight_None_solver_lbfgs.joblib,"{""C"": 100, ""class_weight"": null, ""max_iter"": 300, ""random_state"": 1, ""solver"": ""lbfgs""}",lr,22,/home/ubuntu/Desktop/DeepAmes_Full_STL_4_keep_weights/results_TA98_without_S9/artifacts/base/lr/scalers/lr_seed_18_skf_3_paras_22_C_100_weight_None_solver_lbfgs_scaler.joblib,18,3
lr_seed_18_skf_4_paras_22_C_100_weight_None_solver_lbfgs,lr,18_skf_4,720,58,81,137,0.86,0.878,0.628,0.925,0.703,0.899,0.663,0.577,/home/ubuntu/Desktop/DeepAmes_Full_STL_4_keep_weights/results_TA98_without_S9/artifacts/base/lr/estimators/lr_seed_18_skf_4_paras_22_C_100_weight_None_solver_lbfgs.joblib,"{""C"": 100, ""class_weight"": null, ""max_iter"": 300, ""random_state"": 1, ""solver"": ""lbfgs""}",lr,22,/home/ubuntu/Desktop/DeepAmes_Full_STL_4_keep_weights/results_TA98_without_S9/artifacts/base/lr/scalers/lr_seed_18_skf_4_paras_22_C_100_weight_None_solver_lbfgs_scaler.joblib,18,4
lr_seed_19_skf_0_paras_22_C_100_weight_None_solver_lbfgs,lr,19_skf_0,715,63,82,136,0.854,0.874,0.624,0.919,0.683,0.897,0.652,0.561,/home/ubuntu/Desktop/DeepAmes_Full_STL_4_keep_weights/results_TA98_without_S9/artifacts/base/lr/estimators/lr_seed_19_skf_0_paras_22_C_100_weight_None_solver_lbfgs.joblib,"{""C"": 100, ""class_weight"": null, ""max_iter"": 300, ""random_state"": 1, ""solver"": ""lbfgs""}",lr,22,/home/ubuntu/Desktop/DeepAmes_Full_STL_4_keep_weights/results_TA98_without_S9/artifacts/base/lr/scalers/lr_seed_19_skf_0_paras_22_C_100_weight_None_solver_lbfgs_scaler.joblib,19,0
lr_seed_19_skf_2_paras_22_C_100_weight_None_solver_lbfgs,lr,19_skf_2,713,65,78,140,0.856,0.877,0.642,0.916,0.683,0.901,0.662,0.571,/home/ubuntu/Desktop/DeepAmes_Full_STL_4_keep_weights/results_TA98_without_S9/artifacts/base/lr/estimators/lr_seed_19_skf_2_paras_22_C_100_weight_None_solver_lbfgs.joblib,"{""C"": 100, ""class_weight"": null, ""max_iter"": 300, ""random_state"": 1, ""solver"": ""lbfgs""}",lr,22,/home/ubuntu/Desktop/DeepAmes_Full_STL_4_keep_weights/results_TA98_without_S9/artifacts/base/lr/scalers/lr_seed_19_skf_2_paras_22_C_100_weight_None_solver_lbfgs_scaler.joblib,19,2
lr_seed_19_skf_3_paras_22_C_100_weight_None_solver_lbfgs,lr,19_skf_3,721,57,77,141,0.865,0.875,0.647,0.927,0.712,0.904,0.678,0.594,/home/ubuntu/Desktop/DeepAmes_Full_STL_4_keep_weights/results_TA98_without_S9/artifacts/base/lr/estimators/lr_seed_19_skf_3_paras_22_C_100_weight_None_solver_lbfgs.joblib,"{""C"": 100, ""class_weight"": null, ""max_iter"": 300, ""random_state"": 1, ""solver"": ""lbfgs""}",lr,22,/home/ubuntu/Desktop/DeepAmes_Full_STL_4_keep_weights/results_TA98_without_S9/artifacts/base/lr/scalers/lr_seed_19_skf_3_paras_22_C_100_weight_None_solver_lbfgs_scaler.joblib,19,3
lr_seed_19_skf_4_paras_22_C_100_weight_None_solver_lbfgs,lr,19_skf_4,711,67,76,142,0.856,0.875,0.651,0.914,0.679,0.903,0.665,0.574,/home/ubuntu/Desktop/DeepAmes_Full_STL_4_keep_weights/results_TA98_without_S9/artifacts/base/lr/estimators/lr_seed_19_skf_4_paras_22_C_100_weight_None_solver_lbfgs.joblib,"{""C"": 100, ""class_weight"": null, ""max_iter"": 300, ""random_state"": 1, ""solver"": ""lbfgs""}",lr,22,/home/ubuntu/Desktop/DeepAmes_Full_STL_4_keep_weights/results_TA98_without_S9/artifacts/base/lr/scalers/lr_seed_19_skf_4_paras_22_C_100_weight_None_solver_lbfgs_scaler.joblib,19,4
knn_seed_0_skf_0_paras_0_K_3,knn,0_skf_0,718,60,69,149,0.87,0.855,0.683,0.923,0.713,0.912,0.698,0.616,/home/ubuntu/Desktop/DeepAmes_Full_STL_4_keep_weights/results_TA98_without_S9/artifacts/base/knn/estimators/knn_seed_0_skf_0_paras_0_K_3.joblib,"{""n_neighbors"": 3}",knn,0,/home/ubuntu/Desktop/DeepAmes_Full_STL_4_keep_weights/results_TA98_without_S9/artifacts/base/knn/scalers/knn_seed_0_skf_0_paras_0_K_3_scaler.joblib,0,0
knn_seed_0_skf_1_paras_0_K_3,knn,0_skf_1,720,58,73,145,0.868,0.862,0.665,0.925,0.714,0.908,0.689,0.606,/home/ubuntu/Desktop/DeepAmes_Full_STL_4_keep_weights/results_TA98_without_S9/artifacts/base/knn/estimators/knn_seed_0_skf_1_paras_0_K_3.joblib,"{""n_neighbors"": 3}",knn,0,/home/ubuntu/Desktop/DeepAmes_Full_STL_4_keep_weights/results_TA98_without_S9/artifacts/base/knn/scalers/knn_seed_0_skf_1_paras_0_K_3_scaler.joblib,0,1
knn_seed_0_skf_2_paras_0_K_3,knn,0_skf_2,703,75,72,146,0.852,0.856,0.67,0.904,0.661,0.907,0.665,0.571,/home/ubuntu/Desktop/DeepAmes_Full_STL_4_keep_weights/results_TA98_without_S9/artifacts/base/knn/estimators/knn_seed_0_skf_2_paras_0_K_3.joblib,"{""n_neighbors"": 3}",knn,0,/home/ubuntu/Desktop/DeepAmes_Full_STL_4_keep_weights/results_TA98_without_S9/artifacts/base/knn/scalers/knn_seed_0_skf_2_paras_0_K_3_scaler.joblib,0,2
knn_seed_0_skf_3_paras_0_K_3,knn,0_skf_3,713,65,77,141,0.857,0.849,0.647,0.916,0.684,0.903,0.665,0.575,/home/ubuntu/Desktop/DeepAmes_Full_STL_4_keep_weights/results_TA98_without_S9/artifacts/base/knn/estimators/knn_seed_0_skf_3_paras_0_K_3.joblib,"{""n_neighbors"": 3}",knn,0,/home/ubuntu/Desktop/DeepAmes_Full_STL_4_keep_weights/results_TA98_without_S9/artifacts/base/knn/scalers/knn_seed_0_skf_3_paras_0_K_3_scaler.joblib,0,3
knn_seed_0_skf_4_paras_0_K_3,knn,0_skf_4,706,72,71,147,0.856,0.858,0.674,0.907,0.671,0.909,0.673,0.581,/home/ubuntu/Desktop/DeepAmes_Full_STL_4_keep_weights/results_TA98_without_S9/artifacts/base/knn/estimators/knn_seed_0_skf_4_paras_0_K_3.joblib,"{""n_neighbors"": 3}",knn,0,/home/ubuntu/Desktop/DeepAmes_Full_STL_4_keep_weights/results_TA98_without_S9/artifacts/base/knn/scalers/knn_seed_0_skf_4_paras_0_K_3_scaler.joblib,0,4
knn_seed_1_skf_0_paras_0_K_3,knn,1_skf_0,712,66,68,150,0.865,0.868,0.688,0.915,0.694,0.913,0.691,0.605,/home/ubuntu/Desktop/DeepAmes_Full_STL_4_keep_weights/results_TA98_without_S9/artifacts/base/knn/estimators/knn_seed_1_skf_0_paras_0_K_3.joblib,"{""n_neighbors"": 3}",knn,0,/home/ubuntu/Desktop/DeepAmes_Full_STL_4_keep_weights/results_TA98_without_S9/artifacts/base/knn/scalers/knn_seed_1_skf_0_paras_0_K_3_scaler.joblib,1,0
knn_seed_1_skf_1_paras_0_K_3,knn,1_skf_1,716,62,75,143,0.862,0.854,0.656,0.92,0.698,0.905,0.676,0.589,/home/ubuntu/Desktop/DeepAmes_Full_STL_4_keep_weights/results_TA98_without_S9/artifacts/base/knn/estimators/knn_seed_1_skf_1_paras_0_K_3.joblib,"{""n_neighbors"": 3}",knn,0,/home/ubuntu/Desktop/DeepAmes_Full_STL_4_keep_weights/results_TA98_without_S9/artifacts/base/knn/scalers/knn_seed_1_skf_1_paras_0_K_3_scaler.joblib,1,1
knn_seed_1_skf_2_paras_0_K_3,knn,1_skf_2,707,71,69,149,0.859,0.851,0.683,0.909,0.677,0.911,0.68,0.59,/home/ubuntu/Desktop/DeepAmes_Full_STL_4_keep_weights/results_TA98_without_S9/artifacts/base/knn/estimators/knn_seed_1_skf_2_paras_0_K_3.joblib,"{""n_neighbors"": 3}",knn,0,/home/ubuntu/Desktop/DeepAmes_Full_STL_4_keep_weights/results_TA98_without_S9/artifacts/base/knn/scalers/knn_seed_1_skf_2_paras_0_K_3_scaler.joblib,1,2
knn_seed_1_skf_3_paras_0_K_3,knn,1_skf_3,708,70,72,146,0.857,0.856,0.67,0.91,0.676,0.908,0.673,0.582,/home/ubuntu/Desktop/DeepAmes_Full_STL_4_keep_weights/results_TA98_without_S9/artifacts/base/knn/estimators/knn_seed_1_skf_3_paras_0_K_3.joblib,"{""n_neighbors"": 3}",knn,0,/home/ubuntu/Desktop/DeepAmes_Full_STL_4_keep_weights/results_TA98_without_S9/artifacts/base/knn/scalers/knn_seed_1_skf_3_paras_0_K_3_scaler.joblib,1,3
knn_seed_1_skf_4_paras_0_K_3,knn,1_skf_4,706,72,72,146,0.855,0.861,0.67,0.907,0.67,0.907,0.67,0.577,/home/ubuntu/Desktop/DeepAmes_Full_STL_4_keep_weights/results_TA98_without_S9/artifacts/base/knn/estimators/knn_seed_1_skf_4_paras_0_K_3.joblib,"{""n_neighbors"": 3}",knn,0,/home/ubuntu/Desktop/DeepAmes_Full_STL_4_keep_weights/results_TA98_without_S9/artifacts/base/knn/scalers/knn_seed_1_skf_4_paras_0_K_3_scaler.joblib,1,4
knn_seed_2_skf_0_paras_0_K_3,knn,2_skf_0,717,61,77,141,0.861,0.863,0.647,0.922,0.698,0.903,0.671,0.584,/home/ubuntu/Desktop/DeepAmes_Full_STL_4_keep_weights/results_TA98_without_S9/artifacts/base/knn/estimators/knn_seed_2_skf_0_paras_0_K_3.joblib,"{""n_neighbors"": 3}",knn,0,/home/ubuntu/Desktop/DeepAmes_Full_STL_4_keep_weights/results_TA98_without_S9/artifacts/base/knn/scalers/knn_seed_2_skf_0_paras_0_K_3_scaler.joblib,2,0
knn_seed_2_skf_1_paras_0_K_3,knn,2_skf_1,716,62,72,146,0.865,0.849,0.67,0.92,0.702,0.909,0.685,0.6,/home/ubuntu/Desktop/DeepAmes_Full_STL_4_keep_weights/results_TA98_without_S9/artifacts/base/knn/estimators/knn_seed_2_skf_1_paras_0_K_3.joblib,"{""n_neighbors"": 3}",knn,0,/home/ubuntu/Desktop/DeepAmes_Full_STL_4_keep_weights/results_TA98_without_S9/artifacts/base/knn/scalers/knn_seed_2_skf_1_paras_0_K_3_scaler.joblib,2,1
knn_seed_2_skf_2_paras_0_K_3,knn,2_skf_2,702,76,72,146,0.851,0.85,0.67,0.902,0.658,0.907,0.664,0.568,/home/ubuntu/Desktop/DeepAmes_Full_STL_4_keep_weights/results_TA98_without_S9/artifacts/base/knn/estimators/knn_seed_2_skf_2_paras_0_K_3.joblib,"{""n_neighbors"": 3}",knn,0,/home/ubuntu/Desktop/DeepAmes_Full_STL_4_keep_weights/results_TA98_without_S9/artifacts/base/knn/scalers/knn_seed_2_skf_2_paras_0_K_3_scaler.joblib,2,2
knn_seed_2_skf_3_paras_0_K_3,knn,2_skf_3,710,68,68,150,0.863,0.872,0.688,0.913,0.688,0.913,0.688,0.601,/home/ubuntu/Desktop/DeepAmes_Full_STL_4_keep_weights/results_TA98_without_S9/artifacts/base/knn/estimators/knn_seed_2_skf_3_paras_0_K_3.joblib,"{""n_neighbors"": 3}",knn,0,/home/ubuntu/Desktop/DeepAmes_Full_STL_4_keep_weights/results_TA98_without_S9/artifacts/base/knn/scalers/knn_seed_2_skf_3_paras_0_K_3_scaler.joblib,2,3
knn_seed_2_skf_4_paras_0_K_3,knn,2_skf_4,714,64,75,143,0.86,0.854,0.656,0.918,0.691,0.905,0.673,0.585,/home/ubuntu/Desktop/DeepAmes_Full_STL_4_keep_weights/results_TA98_without_S9/artifacts/base/knn/estimators/knn_seed_2_skf_4_paras_0_K_3.joblib,"{""n_neighbors"": 3}",knn,0,/home/ubuntu/Desktop/DeepAmes_Full_STL_4_keep_weights/results_TA98_without_S9/artifacts/base/knn/scalers/knn_seed_2_skf_4_paras_0_K_3_scaler.joblib,2,4
knn_seed_3_skf_0_paras_0_K_3,knn,3_skf_0,712,66,72,146,0.861,0.863,0.67,0.915,0.689,0.908,0.679,0.591,/home/ubuntu/Desktop/DeepAmes_Full_STL_4_keep_weights/results_TA98_without_S9/artifacts/base/knn/estimators/knn_seed_3_skf_0_paras_0_K_3.joblib,"{""n_neighbors"": 3}",knn,0,/home/ubuntu/Desktop/DeepAmes_Full_STL_4_keep_weights/results_TA98_without_S9/artifacts/base/knn/scalers/knn_seed_3_skf_0_paras_0_K_3_scaler.joblib,3,0
knn_seed_3_skf_1_paras_0_K_3,knn,3_skf_1,724,54,72,146,0.873,0.849,0.67,0.931,0.73,0.91,0.699,0.62,/home/ubuntu/Desktop/DeepAmes_Full_STL_4_keep_weights/results_TA98_without_S9/artifacts/base/knn/estimators/knn_seed_3_skf_1_paras_0_K_3.joblib,"{""n_neighbors"": 3}",knn,0,/home/ubuntu/Desktop/DeepAmes_Full_STL_4_keep_weights/results_TA98_without_S9/artifacts/base/knn/scalers/knn_seed_3_skf_1_paras_0_K_3_scaler.joblib,3,1
knn_seed_3_skf_2_paras_0_K_3,knn,3_skf_2,715,63,72,146,0.864,0.86,0.67,0.919,0.699,0.909,0.684,0.598,/home/ubuntu/Desktop/DeepAmes_Full_STL_4_keep_weights/results_TA98_without_S9/artifacts/base/knn/estimators/knn_seed_3_skf_2_paras_0_K_3.joblib,"{""n_neighbors"": 3}",knn,0,/home/ubuntu/Desktop/DeepAmes_Full_STL_4_keep_weights/results_TA98_without_S9/artifacts/base/knn/scalers/knn_seed_3_skf_2_paras_0_K_3_scaler.joblib,3,2
knn_seed_3_skf_3_paras_0_K_3,knn,3_skf_3,712,66,73,145,0.86,0.866,0.665,0.915,0.687,0.907,0.676,0.587,/home/ubuntu/Desktop/DeepAmes_Full_STL_4_keep_weights/results_TA98_without_S9/artifacts/base/knn/estimators/knn_seed_3_skf_3_paras_0_K_3.joblib,"{""n_neighbors"": 3}",knn,0,/home/ubuntu/Desktop/DeepAmes_Full_STL_4_keep_weights/results_TA98_without_S9/artifacts/base/knn/scalers/knn_seed_3_skf_3_paras_0_K_3_scaler.joblib,3,3
knn_seed_3_skf_4_paras_0_K_3,knn,3_skf_4,712,66,77,141,0.856,0.844,0.647,0.915,0.681,0.902,0.664,0.573,/home/ubuntu/Desktop/DeepAmes_Full_STL_4_keep_weights/results_TA98_without_S9/artifacts/base/knn/estimators/knn_seed_3_skf_4_paras_0_K_3.joblib,"{""n_neighbors"": 3}",knn,0,/home/ubuntu/Desktop/DeepAmes_Full_STL_4_keep_weights/results_TA98_without_S9/artifacts/base/knn/scalers/knn_seed_3_skf_4_paras_0_K_3_scaler.joblib,3,4
knn_seed_4_skf_0_paras_0_K_3,knn,4_skf_0,708,70,73,145,0.856,0.858,0.665,0.91,0.674,0.907,0.67,0.578,/home/ubuntu/Desktop/DeepAmes_Full_STL_4_keep_weights/results_TA98_without_S9/artifacts/base/knn/estimators/knn_seed_4_skf_0_paras_0_K_3.joblib,"{""n_neighbors"": 3}",knn,0,/home/ubuntu/Desktop/DeepAmes_Full_STL_4_keep_weights/results_TA98_without_S9/artifacts/base/knn/scalers/knn_seed_4_skf_0_paras_0_K_3_scaler.joblib,4,0
knn_seed_4_skf_1_paras_0_K_3,knn,4_skf_1,721,57,72,146,0.87,0.869,0.67,0.927,0.719,0.909,0.694,0.612,/home/ubuntu/Desktop/DeepAmes_Full_STL_4_keep_weights/results_TA98_without_S9/artifacts/base/knn/estimators/knn_seed_4_skf_1_paras_0_K_3.joblib,"{""n_neighbors"": 3}",knn,0,/home/ubuntu/Desktop/DeepAmes_Full_STL_4_keep_weights/results_TA98_without_S9/artifacts/base/knn/scalers/knn_seed_4_skf_1_paras_0_K_3_scaler.joblib,4,1
knn_seed_4_skf_2_paras_0_K_3,knn,4_skf_2,709,69,77,141,0.853,0.856,0.647,0.911,0.671,0.902,0.659,0.566,/home/ubuntu/Desktop/DeepAmes_Full_STL_4_keep_weights/results_TA98_without_S9/artifacts/base/knn/estimators/knn_seed_4_skf_2_paras_0_K_3.joblib,"{""n_neighbors"": 3}",knn,0,/home/ubuntu/Desktop/DeepAmes_Full_STL_4_keep_weights/results_TA98_without_S9/artifacts/base/knn/scalers/knn_seed_4_skf_2_paras_0_K_3_scaler.joblib,4,2
knn_seed_4_skf_3_paras_0_K_3,knn,4_skf_3,712,66,70,148,0.863,0.849,0.679,0.915,0.692,0.91,0.685,0.598,/home/ubuntu/Desktop/DeepAmes_Full_STL_4_keep_weights/results_TA98_without_S9/artifacts/base/knn/estimators/knn_seed_4_skf_3_paras_0_K_3.joblib,"{""n_neighbors"": 3}",knn,0,/home/ubuntu/Desktop/DeepAmes_Full_STL_4_keep_weights/results_TA98_without_S9/artifacts/base/knn/scalers/knn_seed_4_skf_3_paras_0_K_3_scaler.joblib,4,3
knn_seed_5_skf_0_paras_0_K_3,knn,5_skf_0,727,51,71,147,0.878,0.874,0.674,0.934,0.742,0.911,0.707,0.631,/home/ubuntu/Desktop/DeepAmes_Full_STL_4_keep_weights/results_TA98_without_S9/artifacts/base/knn/estimators/knn_seed_5_skf_0_paras_0_K_3.joblib,"{""n_neighbors"": 3}",knn,0,/home/ubuntu/Desktop/DeepAmes_Full_STL_4_keep_weights/results_TA98_without_S9/artifacts/base/knn/scalers/knn_seed_5_skf_0_paras_0_K_3_scaler.joblib,5,0
knn_seed_5_skf_1_paras_0_K_3,knn,5_skf_1,708,70,76,142,0.853,0.846,0.651,0.91,0.67,0.903,0.66,0.567,/home/ubuntu/Desktop/DeepAmes_Full_STL_4_keep_weights/results_TA98_without_S9/artifacts/base/knn/estimators/knn_seed_5_skf_1_paras_0_K_3.joblib,"{""n_neighbors"": 3}",knn,0,/home/ubuntu/Desktop/DeepAmes_Full_STL_4_keep_weights/results_TA98_without_S9/artifacts/base/knn/scalers/knn_seed_5_skf_1_paras_0_K_3_scaler.joblib,5,1
knn_seed_5_skf_3_paras_0_K_3,knn,5_skf_3,709,69,66,152,0.864,0.86,0.697,0.911,0.688,0.915,0.692,0.606,/home/ubuntu/Desktop/DeepAmes_Full_STL_4_keep_weights/results_TA98_without_S9/artifacts/base/knn/estimators/knn_seed_5_skf_3_paras_0_K_3.joblib,"{""n_neighbors"": 3}",knn,0,/home/ubuntu/Desktop/DeepAmes_Full_STL_4_keep_weights/results_TA98_without_S9/artifacts/base/knn/scalers/knn_seed_5_skf_3_paras_0_K_3_scaler.joblib,5,3
knn_seed_5_skf_4_paras_0_K_3,knn,5_skf_4,708,70,76,142,0.853,0.844,0.651,0.91,0.67,0.903,0.66,0.567,/home/ubuntu/Desktop/DeepAmes_Full_STL_4_keep_weights/results_TA98_without_S9/artifacts/base/knn/estimators/knn_seed_5_skf_4_paras_0_K_3.joblib,"{""n_neighbors"": 3}",knn,0,/home/ubuntu/Desktop/DeepAmes_Full_STL_4_keep_weights/results_TA98_without_S9/artifacts/base/knn/scalers/knn_seed_5_skf_4_paras_0_K_3_scaler.joblib,5,4
knn_seed_6_skf_0_paras_0_K_3,knn,6_skf_0,712,66,67,151,0.866,0.87,0.693,0.915,0.696,0.914,0.694,0.609,/home/ubuntu/Desktop/DeepAmes_Full_STL_4_keep_weights/results_TA98_without_S9/artifacts/base/knn/estimators/knn_seed_6_skf_0_paras_0_K_3.joblib,"{""n_neighbors"": 3}",knn,0,/home/ubuntu/Desktop/DeepAmes_Full_STL_4_keep_weights/results_TA98_without_S9/artifacts/base/knn/scalers/knn_seed_6_skf_0_paras_0_K_3_scaler.joblib,6,0
knn_seed_6_skf_1_paras_0_K_3,knn,6_skf_1,711,67,77,141,0.855,0.838,0.647,0.914,0.678,0.902,0.662,0.57,/home/ubuntu/Desktop/DeepAmes_Full_STL_4_keep_weights/results_TA98_without_S9/artifacts/base/knn/estimators/knn_seed_6_skf_1_paras_0_K_3.joblib,"{""n_neighbors"": 3}",knn,0,/home/ubuntu/Desktop/DeepAmes_Full_STL_4_keep_weights/results_TA98_without_S9/artifacts/base/knn/scalers/knn_seed_6_skf_1_paras_0_K_3_scaler.joblib,6,1
knn_seed_6_skf_2_paras_0_K_3,knn,6_skf_2,716,62,71,147,0.866,0.866,0.674,0.92,0.703,0.91,0.689,0.604,/home/ubuntu/Desktop/DeepAmes_Full_STL_4_keep_weights/results_TA98_without_S9/artifacts/base/knn/estimators/knn_seed_6_skf_2_paras_0_K_3.joblib,"{""n_neighbors"": 3}",knn,0,/home/ubuntu/Desktop/DeepAmes_Full_STL_4_keep_weights/results_TA98_without_S9/artifacts/base/knn/scalers/knn_seed_6_skf_2_paras_0_K_3_scaler.joblib,6,2
knn_seed_6_skf_3_paras_0_K_3,knn,6_skf_3,714,64,75,143,0.86,0.845,0.656,0.918,0.691,0.905,0.673,0.585,/home/ubuntu/Desktop/DeepAmes_Full_STL_4_keep_weights/results_TA98_without_S9/artifacts/base/knn/estimators/knn_seed_6_skf_3_paras_0_K_3.joblib,"{""n_neighbors"": 3}",knn,0,/home/ubuntu/Desktop/DeepAmes_Full_STL_4_keep_weights/results_TA98_without_S9/artifacts/base/knn/scalers/knn_seed_6_skf_3_paras_0_K_3_scaler.joblib,6,3
knn_seed_6_skf_4_paras_0_K_3,knn,6_skf_4,711,67,72,146,0.86,0.867,0.67,0.914,0.685,0.908,0.677,0.589,/home/ubuntu/Desktop/DeepAmes_Full_STL_4_keep_weights/results_TA98_without_S9/artifacts/base/knn/estimators/knn_seed_6_skf_4_paras_0_K_3.joblib,"{""n_neighbors"": 3}",knn,0,/home/ubuntu/Desktop/DeepAmes_Full_STL_4_keep_weights/results_TA98_without_S9/artifacts/base/knn/scalers/knn_seed_6_skf_4_paras_0_K_3_scaler.joblib,6,4
knn_seed_7_skf_0_paras_0_K_3,knn,7_skf_0,710,68,76,142,0.855,0.854,0.651,0.913,0.676,0.903,0.664,0.572,/home/ubuntu/Desktop/DeepAmes_Full_STL_4_keep_weights/results_TA98_without_S9/artifacts/base/knn/estimators/knn_seed_7_skf_0_paras_0_K_3.joblib,"{""n_neighbors"": 3}",knn,0,/home/ubuntu/Desktop/DeepAmes_Full_STL_4_keep_weights/results_TA98_without_S9/artifacts/base/knn/scalers/knn_seed_7_skf_0_paras_0_K_3_scaler.joblib,7,0
knn_seed_7_skf_1_paras_0_K_3,knn,7_skf_1,707,71,71,147,0.857,0.86,0.674,0.909,0.674,0.909,0.674,0.583,/home/ubuntu/Desktop/DeepAmes_Full_STL_4_keep_weights/results_TA98_without_S9/artifacts/base/knn/estimators/knn_seed_7_skf_1_paras_0_K_3.joblib,"{""n_neighbors"": 3}",knn,0,/home/ubuntu/Desktop/DeepAmes_Full_STL_4_keep_weights/results_TA98_without_S9/artifacts/base/knn/scalers/knn_seed_7_skf_1_paras_0_K_3_scaler.joblib,7,1
knn_seed_7_skf_2_paras_0_K_3,knn,7_skf_2,710,68,69,149,0.862,0.863,0.683,0.913,0.687,0.911,0.685,0.597,/home/ubuntu/Desktop/DeepAmes_Full_STL_4_keep_weights/results_TA98_without_S9/artifacts/base/knn/estimators/knn_seed_7_skf_2_paras_0_K_3.joblib,"{""n_neighbors"": 3}",knn,0,/home/ubuntu/Desktop/DeepAmes_Full_STL_4_keep_weights/results_TA98_without_S9/artifacts/base/knn/scalers/knn_seed_7_skf_2_paras_0_K_3_scaler.joblib,7,2
knn_seed_7_skf_3_paras_0_K_3,knn,7_skf_3,710,68,70,148,0.861,0.857,0.679,0.913,0.685,0.91,0.682,0.593,/home/ubuntu/Desktop/DeepAmes_Full_STL_4_keep_weights/results_TA98_without_S9/artifacts/base/knn/estimators/knn_seed_7_skf_3_paras_0_K_3.joblib,"{""n_neighbors"": 3}",knn,0,/home/ubuntu/Desktop/DeepAmes_Full_STL_4_keep_weights/results_TA98_without_S9/artifacts/base/knn/scalers/knn_seed_7_skf_3_paras_0_K_3_scaler.joblib,7,3
knn_seed_7_skf_4_paras_0_K_3,knn,7_skf_4,712,66,76,142,0.857,0.851,0.651,0.915,0.683,0.904,0.667,0.576,/home/ubuntu/Desktop/DeepAmes_Full_STL_4_keep_weights/results_TA98_without_S9/artifacts/base/knn/estimators/knn_seed_7_skf_4_paras_0_K_3.joblib,"{""n_neighbors"": 3}",knn,0,/home/ubuntu/Desktop/DeepAmes_Full_STL_4_keep_weights/results_TA98_without_S9/artifacts/base/knn/scalers/knn_seed_7_skf_4_paras_0_K_3_scaler.joblib,7,4
knn_seed_8_skf_0_paras_0_K_3,knn,8_skf_0,710,68,71,147,0.86,0.863,0.674,0.913,0.684,0.909,0.679,0.59,/home/ubuntu/Desktop/DeepAmes_Full_STL_4_keep_weights/results_TA98_without_S9/artifacts/base/knn/estimators/knn_seed_8_skf_0_paras_0_K_3.joblib,"{""n_neighbors"": 3}",knn,0,/home/ubuntu/Desktop/DeepAmes_Full_STL_4_keep_weights/results_TA98_without_S9/artifacts/base/knn/scalers/knn_seed_8_skf_0_paras_0_K_3_scaler.joblib,8,0
knn_seed_8_skf_1_paras_0_K_3,knn,8_skf_1,713,65,72,146,0.862,0.854,0.67,0.916,0.692,0.908,0.681,0.593,/home/ubuntu/Desktop/DeepAmes_Full_STL_4_keep_weights/results_TA98_without_S9/artifacts/base/knn/estimators/knn_seed_8_skf_1_paras_0_K_3.joblib,"{""n_neighbors"": 3}",knn,0,/home/ubuntu/Desktop/DeepAmes_Full_STL_4_keep_weights/results_TA98_without_S9/artifacts/base/knn/scalers/knn_seed_8_skf_1_paras_0_K_3_scaler.joblib,8,1
knn_seed_8_skf_2_paras_0_K_3,knn,8_skf_2,717,61,75,143,0.863,0.844,0.656,0.922,0.701,0.905,0.678,0.592,/home/ubuntu/Desktop/DeepAmes_Full_STL_4_keep_weights/results_TA98_without_S9/artifacts/base/knn/estimators/knn_seed_8_skf_2_paras_0_K_3.joblib,"{""n_neighbors"": 3}",knn,0,/home/ubuntu/Desktop/DeepAmes_Full_STL_4_keep_weights/results_TA98_without_S9/artifacts/base/knn/scalers/knn_seed_8_skf_2_paras_0_K_3_scaler.joblib,8,2
knn_seed_8_skf_3_paras_0_K_3,knn,8_skf_3,707,71,72,146,0.856,0.859,0.67,0.909,0.673,0.908,0.671,0.579,/home/ubuntu/Desktop/DeepAmes_Full_STL_4_keep_weights/results_TA98_without_S9/artifacts/base/knn/estimators/knn_seed_8_skf_3_paras_0_K_3.joblib,"{""n_neighbors"": 3}",knn,0,/home/ubuntu/Desktop/DeepAmes_Full_STL_4_keep_weights/results_TA98_without_S9/artifacts/base/knn/scalers/knn_seed_8_skf_3_paras_0_K_3_scaler.joblib,8,3
knn_seed_8_skf_4_paras_0_K_3,knn,8_skf_4,714,64,74,144,0.861,0.848,0.661,0.918,0.692,0.906,0.676,0.588,/home/ubuntu/Desktop/DeepAmes_Full_STL_4_keep_weights/results_TA98_without_S9/artifacts/base/knn/estimators/knn_seed_8_skf_4_paras_0_K_3.joblib,"{""n_neighbors"": 3}",knn,0,/home/ubuntu/Desktop/DeepAmes_Full_STL_4_keep_weights/results_TA98_without_S9/artifacts/base/knn/scalers/knn_seed_8_skf_4_paras_0_K_3_scaler.joblib,8,4
knn_seed_9_skf_0_paras_0_K_3,knn,9_skf_0,714,64,72,146,0.863,0.866,0.67,0.918,0.695,0.908,0.682,0.595,/home/ubuntu/Desktop/DeepAmes_Full_STL_4_keep_weights/results_TA98_without_S9/artifacts/base/knn/estimators/knn_seed_9_skf_0_paras_0_K_3.joblib,"{""n_neighbors"": 3}",knn,0,/home/ubuntu/Desktop/DeepAmes_Full_STL_4_keep_weights/results_TA98_without_S9/artifacts/base/knn/scalers/knn_seed_9_skf_0_paras_0_K_3_scaler.joblib,9,0
knn_seed_9_skf_1_paras_0_K_3,knn,9_skf_1,715,63,71,147,0.865,0.86,0.674,0.919,0.7,0.91,0.687,0.601,/home/ubuntu/Desktop/DeepAmes_Full_STL_4_keep_weights/results_TA98_without_S9/artifacts/base/knn/estimators/knn_seed_9_skf_1_paras_0_K_3.joblib,"{""n_neighbors"": 3}",knn,0,/home/ubuntu/Desktop/DeepAmes_Full_STL_4_keep_weights/results_TA98_without_S9/artifacts/base/knn/scalers/knn_seed_9_skf_1_paras_0_K_3_scaler.joblib,9,1
knn_seed_9_skf_2_paras_0_K_3,knn,9_skf_2,720,58,76,142,0.865,0.851,0.651,0.925,0.71,0.905,0.679,0.595,/home/ubuntu/Desktop/DeepAmes_Full_STL_4_keep_weights/results_TA98_without_S9/artifacts/base/knn/estimators/knn_seed_9_skf_2_paras_0_K_3.joblib,"{""n_neighbors"": 3}",knn,0,/home/ubuntu/Desktop/DeepAmes_Full_STL_4_keep_weights/results_TA98_without_S9/artifacts/base/knn/scalers/knn_seed_9_skf_2_paras_0_K_3_scaler.joblib,9,2
knn_seed_9_skf_3_paras_0_K_3,knn,9_skf_3,707,71,77,141,0.851,0.843,0.647,0.909,0.665,0.902,0.656,0.561,/home/ubuntu/Desktop/DeepAmes_Full_STL_4_keep_weights/results_TA98_without_S9/artifacts/base/knn/estimators/knn_seed_9_skf_3_paras_0_K_3.joblib,"{""n_neighbors"": 3}",knn,0,/home/ubuntu/Desktop/DeepAmes_Full_STL_4_keep_weights/results_TA98_without_S9/artifacts/base/knn/scalers/knn_seed_9_skf_3_paras_0_K_3_scaler.joblib,9,3
knn_seed_9_skf_4_paras_0_K_3,knn,9_skf_4,706,72,76,142,0.851,0.855,0.651,0.907,0.664,0.903,0.657,0.563,/home/ubuntu/Desktop/DeepAmes_Full_STL_4_keep_weights/results_TA98_without_S9/artifacts/base/knn/estimators/knn_seed_9_skf_4_paras_0_K_3.joblib,"{""n_neighbors"": 3}",knn,0,/home/ubuntu/Desktop/DeepAmes_Full_STL_4_keep_weights/results_TA98_without_S9/artifacts/base/knn/scalers/knn_seed_9_skf_4_paras_0_K_3_scaler.joblib,9,4
knn_seed_10_skf_0_paras_0_K_3,knn,10_skf_0,711,67,73,145,0.859,0.859,0.665,0.914,0.684,0.907,0.674,0.585,/home/ubuntu/Desktop/DeepAmes_Full_STL_4_keep_weights/results_TA98_without_S9/artifacts/base/knn/estimators/knn_seed_10_skf_0_paras_0_K_3.joblib,"{""n_neighbors"": 3}",knn,0,/home/ubuntu/Desktop/DeepAmes_Full_STL_4_keep_weights/results_TA98_without_S9/artifacts/base/knn/scalers/knn_seed_10_skf_0_paras_0_K_3_scaler.joblib,10,0
knn_seed_10_skf_1_paras_0_K_3,knn,10_skf_1,713,65,72,146,0.862,0.857,0.67,0.916,0.692,0.908,0.681,0.593,/home/ubuntu/Desktop/DeepAmes_Full_STL_4_keep_weights/results_TA98_without_S9/artifacts/base/knn/estimators/knn_seed_10_skf_1_paras_0_K_3.joblib,"{""n_neighbors"": 3}",knn,0,/home/ubuntu/Desktop/DeepAmes_Full_STL_4_keep_weights/results_TA98_without_S9/artifacts/base/knn/scalers/knn_seed_10_skf_1_paras_0_K_3_scaler.joblib,10,1
knn_seed_10_skf_3_paras_0_K_3,knn,10_skf_3,714,64,70,148,0.865,0.873,0.679,0.918,0.698,0.911,0.688,0.603,/home/ubuntu/Desktop/DeepAmes_Full_STL_4_keep_weights/results_TA98_without_S9/artifacts/base/knn/estimators/knn_seed_10_skf_3_paras_0_K_3.joblib,"{""n_neighbors"": 3}",knn,0,/home/ubuntu/Desktop/DeepAmes_Full_STL_4_keep_weights/results_TA98_without_S9/artifacts/base/knn/scalers/knn_seed_10_skf_3_paras_0_K_3_scaler.joblib,10,3
knn_seed_10_skf_4_paras_0_K_3,knn,10_skf_4,707,71,70,148,0.858,0.844,0.679,0.909,0.676,0.91,0.677,0.587,/home/ubuntu/Desktop/DeepAmes_Full_STL_4_keep_weights/results_TA98_without_S9/artifacts/base/knn/estimators/knn_seed_10_skf_4_paras_0_K_3.joblib,"{""n_neighbors"": 3}",knn,0,/home/ubuntu/Desktop/DeepAmes_Full_STL_4_keep_weights/results_TA98_without_S9/artifacts/base/knn/scalers/knn_seed_10_skf_4_paras_0_K_3_scaler.joblib,10,4
knn_seed_11_skf_0_paras_0_K_3,knn,11_skf_0,707,71,71,147,0.857,0.849,0.674,0.909,0.674,0.909,0.674,0.583,/home/ubuntu/Desktop/DeepAmes_Full_STL_4_keep_weights/results_TA98_without_S9/artifacts/base/knn/estimators/knn_seed_11_skf_0_paras_0_K_3.joblib,"{""n_neighbors"": 3}",knn,0,/home/ubuntu/Desktop/DeepAmes_Full_STL_4_keep_weights/results_TA98_without_S9/artifacts/base/knn/scalers/knn_seed_11_skf_0_paras_0_K_3_scaler.joblib,11,0
knn_seed_11_skf_1_paras_0_K_3,knn,11_skf_1,720,58,66,152,0.876,0.869,0.697,0.925,0.724,0.916,0.71,0.631,/home/ubuntu/Desktop/DeepAmes_Full_STL_4_keep_weights/results_TA98_without_S9/artifacts/base/knn/estimators/knn_seed_11_skf_1_paras_0_K_3.joblib,"{""n_neighbors"": 3}",knn,0,/home/ubuntu/Desktop/DeepAmes_Full_STL_4_keep_weights/results_TA98_without_S9/artifacts/base/knn/scalers/knn_seed_11_skf_1_paras_0_K_3_scaler.joblib,11,1
knn_seed_11_skf_2_paras_0_K_3,knn,11_skf_2,710,68,71,147,0.86,0.851,0.674,0.913,0.684,0.909,0.679,0.59,/home/ubuntu/Desktop/DeepAmes_Full_STL_4_keep_weights/results_TA98_without_S9/artifacts/base/knn/estimators/knn_seed_11_skf_2_paras_0_K_3.joblib,"{""n_neighbors"": 3}",knn,0,/home/ubuntu/Desktop/DeepAmes_Full_STL_4_keep_weights/results_TA98_without_S9/artifacts/base/knn/scalers/knn_seed_11_skf_2_paras_0_K_3_scaler.joblib,11,2
knn_seed_11_skf_3_paras_0_K_3,knn,11_skf_3,716,62,77,141,0.86,0.86,0.647,0.92,0.695,0.903,0.67,0.582,/home/ubuntu/Desktop/DeepAmes_Full_STL_4_keep_weights/results_TA98_without_S9/artifacts/base/knn/estimators/knn_seed_11_skf_3_paras_0_K_3.joblib,"{""n_neighbors"": 3}",knn,0,/home/ubuntu/Desktop/DeepAmes_Full_STL_4_keep_weights/results_TA98_without_S9/artifacts/base/knn/scalers/knn_seed_11_skf_3_paras_0_K_3_scaler.joblib,11,3
knn_seed_11_skf_4_paras_0_K_3,knn,11_skf_4,723,55,74,144,0.87,0.865,0.661,0.929,0.724,0.907,0.691,0.61,/home/ubuntu/Desktop/DeepAmes_Full_STL_4_keep_weights/results_TA98_without_S9/artifacts/base/knn/estimators/knn_seed_11_skf_4_paras_0_K_3.joblib,"{""n_neighbors"": 3}",knn,0,/home/ubuntu/Desktop/DeepAmes_Full_STL_4_keep_weights/results_TA98_without_S9/artifacts/base/knn/scalers/knn_seed_11_skf_4_paras_0_K_3_scaler.joblib,11,4
knn_seed_12_skf_0_paras_0_K_3,knn,12_skf_0,711,67,71,147,0.861,0.855,0.674,0.914,0.687,0.909,0.681,0.592,/home/ubuntu/Desktop/DeepAmes_Full_STL_4_keep_weights/results_TA98_without_S9/artifacts/base/knn/estimators/knn_seed_12_skf_0_paras_0_K_3.joblib,"{""n_neighbors"": 3}",knn,0,/home/ubuntu/Desktop/DeepAmes_Full_STL_4_keep_weights/results_TA98_without_S9/artifacts/base/knn/scalers/knn_seed_12_skf_0_paras_0_K_3_scaler.joblib,12,0
knn_seed_12_skf_1_paras_0_K_3,knn,12_skf_1,710,68,71,147,0.86,0.854,0.674,0.913,0.684,0.909,0.679,0.59,/home/ubuntu/Desktop/DeepAmes_Full_STL_4_keep_weights/results_TA98_without_S9/artifacts/base/knn/estimators/knn_seed_12_skf_1_paras_0_K_3.joblib,"{""n_neighbors"": 3}",knn,0,/home/ubuntu/Desktop/DeepAmes_Full_STL_4_keep_weights/results_TA98_without_S9/artifacts/base/knn/scalers/knn_seed_12_skf_1_paras_0_K_3_scaler.joblib,12,1
knn_seed_12_skf_2_paras_0_K_3,knn,12_skf_2,720,58,77,141,0.864,0.865,0.647,0.925,0.709,0.903,0.676,0.592,/home/ubuntu/Desktop/DeepAmes_Full_STL_4_keep_weights/results_TA98_without_S9/artifacts/base/knn/estimators/knn_seed_12_skf_2_paras_0_K_3.joblib,"{""n_neighbors"": 3}",knn,0,/home/ubuntu/Desktop/DeepAmes_Full_STL_4_keep_weights/results_TA98_without_S9/artifacts/base/knn/scalers/knn_seed_12_skf_2_paras_0_K_3_scaler.joblib,12,2
knn_seed_12_skf_3_paras_0_K_3,knn,12_skf_3,710,68,74,144,0.857,0.867,0.661,0.913,0.679,0.906,0.67,0.579,/home/ubuntu/Desktop/DeepAmes_Full_STL_4_keep_weights/results_TA98_without_S9/artifacts/base/knn/estimators/knn_seed_12_skf_3_paras_0_K_3.joblib,"{""n_neighbors"": 3}",knn,0,/home/ubuntu/Desktop/DeepAmes_Full_STL_4_keep_weights/results_TA98_without_S9/artifacts/base/knn/scalers/knn_seed_12_skf_3_paras_0_K_3_scaler.joblib,12,3
knn_seed_12_skf_4_paras_0_K_3,knn,12_skf_4,722,56,73,145,0.87,0.858,0.665,0.928,0.721,0.908,0.692,0.611,/home/ubuntu/Desktop/DeepAmes_Full_STL_4_keep_weights/results_TA98_without_S9/artifacts/base/knn/estimators/knn_seed_12_skf_4_paras_0_K_3.joblib,"{""n_neighbors"": 3}",knn,0,/home/ubuntu/Desktop/DeepAmes_Full_STL_4_keep_weights/results_TA98_without_S9/artifacts/base/knn/scalers/knn_seed_12_skf_4_paras_0_K_3_scaler.joblib,12,4
knn_seed_13_skf_0_paras_0_K_3,knn,13_skf_0,710,68,67,151,0.864,0.862,0.693,0.913,0.689,0.914,0.691,0.604,/home/ubuntu/Desktop/DeepAmes_Full_STL_4_keep_weights/results_TA98_without_S9/artifacts/base/knn/estimators/knn_seed_13_skf_0_paras_0_K_3.joblib,"{""n_neighbors"": 3}",knn,0,/home/ubuntu/Desktop/DeepAmes_Full_STL_4_keep_weights/results_TA98_without_S9/artifacts/base/knn/scalers/knn_seed_13_skf_0_paras_0_K_3_scaler.joblib,13,0
knn_seed_13_skf_1_paras_0_K_3,knn,13_skf_1,712,66,71,147,0.862,0.858,0.674,0.915,0.69,0.909,0.682,0.594,/home/ubuntu/Desktop/DeepAmes_Full_STL_4_keep_weights/results_TA98_without_S9/artifacts/base/knn/estimators/knn_seed_13_skf_1_paras_0_K_3.joblib,"{""n_neighbors"": 3}",knn,0,/home/ubuntu/Desktop/DeepAmes_Full_STL_4_keep_weights/results_TA98_without_S9/artifacts/base/knn/scalers/knn_seed_13_skf_1_paras_0_K_3_scaler.joblib,13,1
knn_seed_13_skf_2_paras_0_K_3,knn,13_skf_2,710,68,70,148,0.861,0.852,0.679,0.913,0.685,0.91,0.682,0.593,/home/ubuntu/Desktop/DeepAmes_Full_STL_4_keep_weights/results_TA98_without_S9/artifacts/base/knn/estimators/knn_seed_13_skf_2_paras_0_K_3.joblib,"{""n_neighbors"": 3}",knn,0,/home/ubuntu/Desktop/DeepAmes_Full_STL_4_keep_weights/results_TA98_without_S9/artifacts/base/knn/scalers/knn_seed_13_skf_2_paras_0_K_3_scaler.joblib,13,2
knn_seed_13_skf_3_paras_0_K_3,knn,13_skf_3,707,71,73,145,0.855,0.843,0.665,0.909,0.671,0.906,0.668,0.576,/home/ubuntu/Desktop/DeepAmes_Full_STL_4_keep_weights/results_TA98_without_S9/artifacts/base/knn/estimators/knn_seed_13_skf_3_paras_0_K_3.joblib,"{""n_neighbors"": 3}",knn,0,/home/ubuntu/Desktop/DeepAmes_Full_STL_4_keep_weights/results_TA98_without_S9/artifacts/base/knn/scalers/knn_seed_13_skf_3_paras_0_K_3_scaler.joblib,13,3
knn_seed_13_skf_4_paras_0_K_3,knn,13_skf_4,710,68,74,144,0.857,0.861,0.661,0.913,0.679,0.906,0.67,0.579,/home/ubuntu/Desktop/DeepAmes_Full_STL_4_keep_weights/results_TA98_without_S9/artifacts/base/knn/estimators/knn_seed_13_skf_4_paras_0_K_3.joblib,"{""n_neighbors"": 3}",knn,0,/home/ubuntu/Desktop/DeepAmes_Full_STL_4_keep_weights/results_TA98_without_S9/artifacts/base/knn/scalers/knn_seed_13_skf_4_paras_0_K_3_scaler.joblib,13,4
knn_seed_14_skf_0_paras_0_K_3,knn,14_skf_0,724,54,69,149,0.877,0.87,0.683,0.931,0.734,0.913,0.708,0.63,/home/ubuntu/Desktop/DeepAmes_Full_STL_4_keep_weights/results_TA98_without_S9/artifacts/base/knn/estimators/knn_seed_14_skf_0_paras_0_K_3.joblib,"{""n_neighbors"": 3}",knn,0,/home/ubuntu/Desktop/DeepAmes_Full_STL_4_keep_weights/results_TA98_without_S9/artifacts/base/knn/scalers/knn_seed_14_skf_0_paras_0_K_3_scaler.joblib,14,0
knn_seed_14_skf_1_paras_0_K_3,knn,14_skf_1,713,65,74,144,0.86,0.847,0.661,0.916,0.689,0.906,0.674,0.586,/home/ubuntu/Desktop/DeepAmes_Full_STL_4_keep_weights/results_TA98_without_S9/artifacts/base/knn/estimators/knn_seed_14_skf_1_paras_0_K_3.joblib,"{""n_neighbors"": 3}",knn,0,/home/ubuntu/Desktop/DeepAmes_Full_STL_4_keep_weights/results_TA98_without_S9/artifacts/base/knn/scalers/knn_seed_14_skf_1_paras_0_K_3_scaler.joblib,14,1
knn_seed_14_skf_2_paras_0_K_3,knn,14_skf_2,709,69,68,150,0.862,0.869,0.688,0.911,0.685,0.912,0.686,0.598,/home/ubuntu/Desktop/DeepAmes_Full_STL_4_keep_weights/results_TA98_without_S9/artifacts/base/knn/estimators/knn_seed_14_skf_2_paras_0_K_3.joblib,"{""n_neighbors"": 3}",knn,0,/home/ubuntu/Desktop/DeepAmes_Full_STL_4_keep_weights/results_TA98_without_S9/artifacts/base/knn/scalers/knn_seed_14_skf_2_paras_0_K_3_scaler.joblib,14,2
knn_seed_14_skf_3_paras_0_K_3,knn,14_skf_3,714,64,78,140,0.857,0.854,0.642,0.918,0.686,0.902,0.664,0.574,/home/ubuntu/Desktop/DeepAmes_Full_STL_4_keep_weights/results_TA98_without_S9/artifacts/base/knn/estimators/knn_seed_14_skf_3_paras_0_K_3.joblib,"{""n_neighbors"": 3}",knn,0,/home/ubuntu/Desktop/DeepAmes_Full_STL_4_keep_weights/results_TA98_without_S9/artifacts/base/knn/scalers/knn_seed_14_skf_3_paras_0_K_3_scaler.joblib,14,3
knn_seed_14_skf_4_paras_0_K_3,knn,14_skf_4,710,68,72,146,0.859,0.851,0.67,0.913,0.682,0.908,0.676,0.586,/home/ubuntu/Desktop/DeepAmes_Full_STL_4_keep_weights/results_TA98_without_S9/artifacts/base/knn/estimators/knn_seed_14_skf_4_paras_0_K_3.joblib,"{""n_neighbors"": 3}",knn,0,/home/ubuntu/Desktop/DeepAmes_Full_STL_4_keep_weights/results_TA98_without_S9/artifacts/base/knn/scalers/knn_seed_14_skf_4_paras_0_K_3_scaler.joblib,14,4
knn_seed_15_skf_0_paras_0_K_3,knn,15_skf_0,716,62,73,145,0.864,0.853,0.665,0.92,0.7,0.907,0.682,0.597,/home/ubuntu/Desktop/DeepAmes_Full_STL_4_keep_weights/results_TA98_without_S9/artifacts/base/knn/estimators/knn_seed_15_skf_0_paras_0_K_3.joblib,"{""n_neighbors"": 3}",knn,0,/home/ubuntu/Desktop/DeepAmes_Full_STL_4_keep_weights/results_TA98_without_S9/artifacts/base/knn/scalers/knn_seed_15_skf_0_paras_0_K_3_scaler.joblib,15,0
knn_seed_15_skf_1_paras_0_K_3,knn,15_skf_1,711,67,72,146,0.86,0.861,0.67,0.914,0.685,0.908,0.677,0.589,/home/ubuntu/Desktop/DeepAmes_Full_STL_4_keep_weights/results_TA98_without_S9/artifacts/base/knn/estimators/knn_seed_15_skf_1_paras_0_K_3.joblib,"{""n_neighbors"": 3}",knn,0,/home/ubuntu/Desktop/DeepAmes_Full_STL_4_keep_weights/results_TA98_without_S9/artifacts/base/knn/scalers/knn_seed_15_skf_1_paras_0_K_3_scaler.joblib,15,1
knn_seed_15_skf_2_paras_0_K_3,knn,15_skf_2,711,67,73,145,0.859,0.863,0.665,0.914,0.684,0.907,0.674,0.585,/home/ubuntu/Desktop/DeepAmes_Full_STL_4_keep_weights/results_TA98_without_S9/artifacts/base/knn/estimators/knn_seed_15_skf_2_paras_0_K_3.joblib,"{""n_neighbors"": 3}",knn,0,/home/ubuntu/Desktop/DeepAmes_Full_STL_4_keep_weights/results_TA98_without_S9/artifacts/base/knn/scalers/knn_seed_15_skf_2_paras_0_K_3_scaler.joblib,15,2
knn_seed_15_skf_3_paras_0_K_3,knn,15_skf_3,707,71,74,144,0.854,0.86,0.661,0.909,0.67,0.905,0.665,0.572,/home/ubuntu/Desktop/DeepAmes_Full_STL_4_keep_weights/results_TA98_without_S9/artifacts/base/knn/estimators/knn_seed_15_skf_3_paras_0_K_3.joblib,"{""n_neighbors"": 3}",knn,0,/home/ubuntu/Desktop/DeepAmes_Full_STL_4_keep_weights/results_TA98_without_S9/artifacts/base/knn/scalers/knn_seed_15_skf_3_paras_0_K_3_scaler.joblib,15,3
knn_seed_15_skf_4_paras_0_K_3,knn,15_skf_4,715,63,69,149,0.867,0.861,0.683,0.919,0.703,0.912,0.693,0.609,/home/ubuntu/Desktop/DeepAmes_Full_STL_4_keep_weights/results_TA98_without_S9/artifacts/base/knn/estimators/knn_seed_15_skf_4_paras_0_K_3.joblib,"{""n_neighbors"": 3}",knn,0,/home/ubuntu/Desktop/DeepAmes_Full_STL_4_keep_weights/results_TA98_without_S9/artifacts/base/knn/scalers/knn_seed_15_skf_4_paras_0_K_3_scaler.joblib,15,4
knn_seed_16_skf_0_paras_0_K_3,knn,16_skf_0,718,60,72,146,0.867,0.851,0.67,0.923,0.709,0.909,0.689,0.605,/home/ubuntu/Desktop/DeepAmes_Full_STL_4_keep_weights/results_TA98_without_S9/artifacts/base/knn/estimators/knn_seed_16_skf_0_paras_0_K_3.joblib,"{""n_neighbors"": 3}",knn,0,/home/ubuntu/Desktop/DeepAmes_Full_STL_4_keep_weights/results_TA98_without_S9/artifacts/base/knn/scalers/knn_seed_16_skf_0_paras_0_K_3_scaler.joblib,16,0
knn_seed_16_skf_1_paras_0_K_3,knn,16_skf_1,717,61,75,143,0.863,0.864,0.656,0.922,0.701,0.905,0.678,0.592,/home/ubuntu/Desktop/DeepAmes_Full_STL_4_keep_weights/results_TA98_without_S9/artifacts/base/knn/estimators/knn_seed_16_skf_1_paras_0_K_3.joblib,"{""n_neighbors"": 3}",knn,0,/home/ubuntu/Desktop/DeepAmes_Full_STL_4_keep_weights/results_TA98_without_S9/artifacts/base/knn/scalers/knn_seed_16_skf_1_paras_0_K_3_scaler.joblib,16,1
knn_seed_16_skf_2_paras_0_K_3,knn,16_skf_2,711,67,67,151,0.865,0.858,0.693,0.914,0.693,0.914,0.693,0.607,/home/ubuntu/Desktop/DeepAmes_Full_STL_4_keep_weights/results_TA98_without_S9/artifacts/base/knn/estimators/knn_seed_16_skf_2_paras_0_K_3.joblib,"{""n_neighbors"": 3}",knn,0,/home/ubuntu/Desktop/DeepAmes_Full_STL_4_keep_weights/results_TA98_without_S9/artifacts/base/knn/scalers/knn_seed_16_skf_2_paras_0_K_3_scaler.joblib,16,2
knn_seed_16_skf_3_paras_0_K_3,knn,16_skf_3,712,66,70,148,0.863,0.856,0.679,0.915,0.692,0.91,0.685,0.598,/home/ubuntu/Desktop/DeepAmes_Full_STL_4_keep_weights/results_TA98_without_S9/artifacts/base/knn/estimators/knn_seed_16_skf_3_paras_0_K_3.joblib,"{""n_neighbors"": 3}",knn,0,/home/ubuntu/Desktop/DeepAmes_Full_STL_4_keep_weights/results_TA98_without_S9/artifacts/base/knn/scalers/knn_seed_16_skf_3_paras_0_K_3_scaler.joblib,16,3
knn_seed_16_skf_4_paras_0_K_3,knn,16_skf_4,722,56,69,149,0.874,0.865,0.683,0.928,0.727,0.913,0.704,0.625,/home/ubuntu/Desktop/DeepAmes_Full_STL_4_keep_weights/results_TA98_without_S9/artifacts/base/knn/estimators/knn_seed_16_skf_4_paras_0_K_3.joblib,"{""n_neighbors"": 3}",knn,0,/home/ubuntu/Desktop/DeepAmes_Full_STL_4_keep_weights/results_TA98_without_S9/artifacts/base/knn/scalers/knn_seed_16_skf_4_paras_0_K_3_scaler.joblib,16,4
knn_seed_17_skf_0_paras_0_K_3,knn,17_skf_0,711,67,73,145,0.859,0.834,0.665,0.914,0.684,0.907,0.674,0.585,/home/ubuntu/Desktop/DeepAmes_Full_STL_4_keep_weights/results_TA98_without_S9/artifacts/base/knn/estimators/knn_seed_17_skf_0_paras_0_K_3.joblib,"{""n_neighbors"": 3}",knn,0,/home/ubuntu/Desktop/DeepAmes_Full_STL_4_keep_weights/results_TA98_without_S9/artifacts/base/knn/scalers/knn_seed_17_skf_0_paras_0_K_3_scaler.joblib,17,0
knn_seed_17_skf_1_paras_0_K_3,knn,17_skf_1,714,64,71,147,0.864,0.872,0.674,0.918,0.697,0.91,0.685,0.599,/home/ubuntu/Desktop/DeepAmes_Full_STL_4_keep_weights/results_TA98_without_S9/artifacts/base/knn/estimators/knn_seed_17_skf_1_paras_0_K_3.joblib,"{""n_neighbors"": 3}",knn,0,/home/ubuntu/Desktop/DeepAmes_Full_STL_4_keep_weights/results_TA98_without_S9/artifacts/base/knn/scalers/knn_seed_17_skf_1_paras_0_K_3_scaler.joblib,17,1
knn_seed_17_skf_2_paras_0_K_3,knn,17_skf_2,709,69,70,148,0.86,0.853,0.679,0.911,0.682,0.91,0.68,0.591,/home/ubuntu/Desktop/DeepAmes_Full_STL_4_keep_weights/results_TA98_without_S9/artifacts/base/knn/estimators/knn_seed_17_skf_2_paras_0_K_3.joblib,"{""n_neighbors"": 3}",knn,0,/home/ubuntu/Desktop/DeepAmes_Full_STL_4_keep_weights/results_TA98_without_S9/artifacts/base/knn/scalers/knn_seed_17_skf_2_paras_0_K_3_scaler.joblib,17,2
knn_seed_17_skf_3_paras_0_K_3,knn,17_skf_3,711,67,70,148,0.862,0.864,0.679,0.914,0.688,0.91,0.684,0.596,/home/ubuntu/Desktop/DeepAmes_Full_STL_4_keep_weights/results_TA98_without_S9/artifacts/base/knn/estimators/knn_seed_17_skf_3_paras_0_K_3.joblib,"{""n_neighbors"": 3}",knn,0,/home/ubuntu/Desktop/DeepAmes_Full_STL_4_keep_weights/results_TA98_without_S9/artifacts/base/knn/scalers/knn_seed_17_skf_3_paras_0_K_3_scaler.joblib,17,3
knn_seed_17_skf_4_paras_0_K_3,knn,17_skf_4,719,59,72,146,0.868,0.856,0.67,0.924,0.712,0.909,0.69,0.607,/home/ubuntu/Desktop/DeepAmes_Full_STL_4_keep_weights/results_TA98_without_S9/artifacts/base/knn/estimators/knn_seed_17_skf_4_paras_0_K_3.joblib,"{""n_neighbors"": 3}",knn,0,/home/ubuntu/Desktop/DeepAmes_Full_STL_4_keep_weights/results_TA98_without_S9/artifacts/base/knn/scalers/knn_seed_17_skf_4_paras_0_K_3_scaler.joblib,17,4
knn_seed_18_skf_0_paras_0_K_3,knn,18_skf_0,712,66,70,148,0.863,0.852,0.679,0.915,0.692,0.91,0.685,0.598,/home/ubuntu/Desktop/DeepAmes_Full_STL_4_keep_weights/results_TA98_without_S9/artifacts/base/knn/estimators/knn_seed_18_skf_0_paras_0_K_3.joblib,"{""n_neighbors"": 3}",knn,0,/home/ubuntu/Desktop/DeepAmes_Full_STL_4_keep_weights/results_TA98_without_S9/artifacts/base/knn/scalers/knn_seed_18_skf_0_paras_0_K_3_scaler.joblib,18,0
knn_seed_18_skf_1_paras_0_K_3,knn,18_skf_1,717,61,71,147,0.867,0.862,0.674,0.922,0.707,0.91,0.69,0.606,/home/ubuntu/Desktop/DeepAmes_Full_STL_4_keep_weights/results_TA98_without_S9/artifacts/base/knn/estimators/knn_seed_18_skf_1_paras_0_K_3.joblib,"{""n_neighbors"": 3}",knn,0,/home/ubuntu/Desktop/DeepAmes_Full_STL_4_keep_weights/results_TA98_without_S9/artifacts/base/knn/scalers/knn_seed_18_skf_1_paras_0_K_3_scaler.joblib,18,1
knn_seed_18_skf_2_paras_0_K_3,knn,18_skf_2,713,65,72,146,0.862,0.853,0.67,0.916,0.692,0.908,0.681,0.593,/home/ubuntu/Desktop/DeepAmes_Full_STL_4_keep_weights/results_TA98_without_S9/artifacts/base/knn/estimators/knn_seed_18_skf_2_paras_0_K_3.joblib,"{""n_neighbors"": 3}",knn,0,/home/ubuntu/Desktop/DeepAmes_Full_STL_4_keep_weights/results_TA98_without_S9/artifacts/base/knn/scalers/knn_seed_18_skf_2_paras_0_K_3_scaler.joblib,18,2
knn_seed_18_skf_3_paras_0_K_3,knn,18_skf_3,723,55,78,140,0.866,0.854,0.642,0.929,0.718,0.903,0.678,0.596,/home/ubuntu/Desktop/DeepAmes_Full_STL_4_keep_weights/results_TA98_without_S9/artifacts/base/knn/estimators/knn_seed_18_skf_3_paras_0_K_3.joblib,"{""n_neighbors"": 3}",knn,0,/home/ubuntu/Desktop/DeepAmes_Full_STL_4_keep_weights/results_TA98_without_S9/artifacts/base/knn/scalers/knn_seed_18_skf_3_paras_0_K_3_scaler.joblib,18,3
knn_seed_18_skf_4_paras_0_K_3,knn,18_skf_4,718,60,73,145,0.866,0.861,0.665,0.923,0.707,0.908,0.686,0.601,/home/ubuntu/Desktop/DeepAmes_Full_STL_4_keep_weights/results_TA98_without_S9/artifacts/base/knn/estimators/knn_seed_18_skf_4_paras_0_K_3.joblib,"{""n_neighbors"": 3}",knn,0,/home/ubuntu/Desktop/DeepAmes_Full_STL_4_keep_weights/results_TA98_without_S9/artifacts/base/knn/scalers/knn_seed_18_skf_4_paras_0_K_3_scaler.joblib,18,4
knn_seed_19_skf_0_paras_0_K_3,knn,19_skf_0,714,64,71,147,0.864,0.862,0.674,0.918,0.697,0.91,0.685,0.599,/home/ubuntu/Desktop/DeepAmes_Full_STL_4_keep_weights/results_TA98_without_S9/artifacts/base/knn/estimators/knn_seed_19_skf_0_paras_0_K_3.joblib,"{""n_neighbors"": 3}",knn,0,/home/ubuntu/Desktop/DeepAmes_Full_STL_4_keep_weights/results_TA98_without_S9/artifacts/base/knn/scalers/knn_seed_19_skf_0_paras_0_K_3_scaler.joblib,19,0
knn_seed_19_skf_1_paras_0_K_3,knn,19_skf_1,707,71,68,150,0.86,0.856,0.688,0.909,0.679,0.912,0.683,0.594,/home/ubuntu/Desktop/DeepAmes_Full_STL_4_keep_weights/results_TA98_without_S9/artifacts/base/knn/estimators/knn_seed_19_skf_1_paras_0_K_3.joblib,"{""n_neighbors"": 3}",knn,0,/home/ubuntu/Desktop/DeepAmes_Full_STL_4_keep_weights/results_TA98_without_S9/artifacts/base/knn/scalers/knn_seed_19_skf_1_paras_0_K_3_scaler.joblib,19,1
knn_seed_19_skf_2_paras_0_K_3,knn,19_skf_2,719,59,69,149,0.871,0.859,0.683,0.924,0.716,0.912,0.7,0.618,/home/ubuntu/Desktop/DeepAmes_Full_STL_4_keep_weights/results_TA98_without_S9/artifacts/base/knn/estimators/knn_seed_19_skf_2_paras_0_K_3.joblib,"{""n_neighbors"": 3}",knn,0,/home/ubuntu/Desktop/DeepAmes_Full_STL_4_keep_weights/results_TA98_without_S9/artifacts/base/knn/scalers/knn_seed_19_skf_2_paras_0_K_3_scaler.joblib,19,2
knn_seed_19_skf_4_paras_0_K_3,knn,19_skf_4,715,63,68,150,0.868,0.86,0.688,0.919,0.704,0.913,0.696,0.612,/home/ubuntu/Desktop/DeepAmes_Full_STL_4_keep_weights/results_TA98_without_S9/artifacts/base/knn/estimators/knn_seed_19_skf_4_paras_0_K_3.joblib,"{""n_neighbors"": 3}",knn,0,/home/ubuntu/Desktop/DeepAmes_Full_STL_4_keep_weights/results_TA98_without_S9/artifacts/base/knn/scalers/knn_seed_19_skf_4_paras_0_K_3_scaler.joblib,19,4
