name,model,seed_x,TN,FP,FN,TP,Accuracy,AUC,Sensitivity,Specificity,PPV,NPV,F1,MCC,estimator_path,hyperparams,model_family,paras_id,scaler_path,seed_y,skf_fold
xgboost_seed_0_skf_0_paras_151_lr_0.01_n_900_depth_7_subsample_0.8_scale_pos_weight_6,xgboost,0_skf_0,141,8,14,11,0.874,0.834,0.44,0.946,0.579,0.91,0.5,0.434,/home/ubuntu/Desktop/DeepAmes_Full_STL_4_keep_weights/results_TA102_without_S9/artifacts/base/xgboost/estimators/xgboost_seed_0_skf_0_paras_151_lr_0.01_n_900_depth_7_subsample_0.8_scale_pos_weight_6.joblib,"{""learning_rate"": 0.01, ""max_depth"": 7, ""n_estimators"": 900, ""scale_pos_weight"": 6, ""subsample"": 0.8}",xgboost,151,/home/ubuntu/Desktop/DeepAmes_Full_STL_4_keep_weights/results_TA102_without_S9/artifacts/base/xgboost/scalers/xgboost_seed_0_skf_0_paras_151_lr_0.01_n_900_depth_7_subsample_0.8_scale_pos_weight_6_scaler.joblib,0,0
xgboost_seed_0_skf_1_paras_151_lr_0.01_n_900_depth_7_subsample_0.8_scale_pos_weight_6,xgboost,0_skf_1,140,9,13,12,0.874,0.845,0.48,0.94,0.571,0.915,0.522,0.452,/home/ubuntu/Desktop/DeepAmes_Full_STL_4_keep_weights/results_TA102_without_S9/artifacts/base/xgboost/estimators/xgboost_seed_0_skf_1_paras_151_lr_0.01_n_900_depth_7_subsample_0.8_scale_pos_weight_6.joblib,"{""learning_rate"": 0.01, ""max_depth"": 7, ""n_estimators"": 900, ""scale_pos_weight"": 6, ""subsample"": 0.8}",xgboost,151,/home/ubuntu/Desktop/DeepAmes_Full_STL_4_keep_weights/results_TA102_without_S9/artifacts/base/xgboost/scalers/xgboost_seed_0_skf_1_paras_151_lr_0.01_n_900_depth_7_subsample_0.8_scale_pos_weight_6_scaler.joblib,0,1
xgboost_seed_0_skf_2_paras_151_lr_0.01_n_900_depth_7_subsample_0.8_scale_pos_weight_6,xgboost,0_skf_2,142,7,15,10,0.874,0.838,0.4,0.953,0.588,0.904,0.476,0.417,/home/ubuntu/Desktop/DeepAmes_Full_STL_4_keep_weights/results_TA102_without_S9/artifacts/base/xgboost/estimators/xgboost_seed_0_skf_2_paras_151_lr_0.01_n_900_depth_7_subsample_0.8_scale_pos_weight_6.joblib,"{""learning_rate"": 0.01, ""max_depth"": 7, ""n_estimators"": 900, ""scale_pos_weight"": 6, ""subsample"": 0.8}",xgboost,151,/home/ubuntu/Desktop/DeepAmes_Full_STL_4_keep_weights/results_TA102_without_S9/artifacts/base/xgboost/scalers/xgboost_seed_0_skf_2_paras_151_lr_0.01_n_900_depth_7_subsample_0.8_scale_pos_weight_6_scaler.joblib,0,2
xgboost_seed_0_skf_3_paras_151_lr_0.01_n_900_depth_7_subsample_0.8_scale_pos_weight_6,xgboost,0_skf_3,142,7,12,13,0.891,0.869,0.52,0.953,0.65,0.922,0.578,0.52,/home/ubuntu/Desktop/DeepAmes_Full_STL_4_keep_weights/results_TA102_without_S9/artifacts/base/xgboost/estimators/xgboost_seed_0_skf_3_paras_151_lr_0.01_n_900_depth_7_subsample_0.8_scale_pos_weight_6.joblib,"{""learning_rate"": 0.01, ""max_depth"": 7, ""n_estimators"": 900, ""scale_pos_weight"": 6, ""subsample"": 0.8}",xgboost,151,/home/ubuntu/Desktop/DeepAmes_Full_STL_4_keep_weights/results_TA102_without_S9/artifacts/base/xgboost/scalers/xgboost_seed_0_skf_3_paras_151_lr_0.01_n_900_depth_7_subsample_0.8_scale_pos_weight_6_scaler.joblib,0,3
xgboost_seed_0_skf_4_paras_151_lr_0.01_n_900_depth_7_subsample_0.8_scale_pos_weight_6,xgboost,0_skf_4,142,7,14,11,0.879,0.842,0.44,0.953,0.611,0.91,0.512,0.453,/home/ubuntu/Desktop/DeepAmes_Full_STL_4_keep_weights/results_TA102_without_S9/artifacts/base/xgboost/estimators/xgboost_seed_0_skf_4_paras_151_lr_0.01_n_900_depth_7_subsample_0.8_scale_pos_weight_6.joblib,"{""learning_rate"": 0.01, ""max_depth"": 7, ""n_estimators"": 900, ""scale_pos_weight"": 6, ""subsample"": 0.8}",xgboost,151,/home/ubuntu/Desktop/DeepAmes_Full_STL_4_keep_weights/results_TA102_without_S9/artifacts/base/xgboost/scalers/xgboost_seed_0_skf_4_paras_151_lr_0.01_n_900_depth_7_subsample_0.8_scale_pos_weight_6_scaler.joblib,0,4
xgboost_seed_1_skf_0_paras_151_lr_0.01_n_900_depth_7_subsample_0.8_scale_pos_weight_6,xgboost,1_skf_0,141,8,13,12,0.879,0.811,0.48,0.946,0.6,0.916,0.533,0.469,/home/ubuntu/Desktop/DeepAmes_Full_STL_4_keep_weights/results_TA102_without_S9/artifacts/base/xgboost/estimators/xgboost_seed_1_skf_0_paras_151_lr_0.01_n_900_depth_7_subsample_0.8_scale_pos_weight_6.joblib,"{""learning_rate"": 0.01, ""max_depth"": 7, ""n_estimators"": 900, ""scale_pos_weight"": 6, ""subsample"": 0.8}",xgboost,151,/home/ubuntu/Desktop/DeepAmes_Full_STL_4_keep_weights/results_TA102_without_S9/artifacts/base/xgboost/scalers/xgboost_seed_1_skf_0_paras_151_lr_0.01_n_900_depth_7_subsample_0.8_scale_pos_weight_6_scaler.joblib,1,0
xgboost_seed_1_skf_1_paras_151_lr_0.01_n_900_depth_7_subsample_0.8_scale_pos_weight_6,xgboost,1_skf_1,140,9,13,12,0.874,0.867,0.48,0.94,0.571,0.915,0.522,0.452,/home/ubuntu/Desktop/DeepAmes_Full_STL_4_keep_weights/results_TA102_without_S9/artifacts/base/xgboost/estimators/xgboost_seed_1_skf_1_paras_151_lr_0.01_n_900_depth_7_subsample_0.8_scale_pos_weight_6.joblib,"{""learning_rate"": 0.01, ""max_depth"": 7, ""n_estimators"": 900, ""scale_pos_weight"": 6, ""subsample"": 0.8}",xgboost,151,/home/ubuntu/Desktop/DeepAmes_Full_STL_4_keep_weights/results_TA102_without_S9/artifacts/base/xgboost/scalers/xgboost_seed_1_skf_1_paras_151_lr_0.01_n_900_depth_7_subsample_0.8_scale_pos_weight_6_scaler.joblib,1,1
xgboost_seed_1_skf_2_paras_151_lr_0.01_n_900_depth_7_subsample_0.8_scale_pos_weight_6,xgboost,1_skf_2,142,7,12,13,0.891,0.854,0.52,0.953,0.65,0.922,0.578,0.52,/home/ubuntu/Desktop/DeepAmes_Full_STL_4_keep_weights/results_TA102_without_S9/artifacts/base/xgboost/estimators/xgboost_seed_1_skf_2_paras_151_lr_0.01_n_900_depth_7_subsample_0.8_scale_pos_weight_6.joblib,"{""learning_rate"": 0.01, ""max_depth"": 7, ""n_estimators"": 900, ""scale_pos_weight"": 6, ""subsample"": 0.8}",xgboost,151,/home/ubuntu/Desktop/DeepAmes_Full_STL_4_keep_weights/results_TA102_without_S9/artifacts/base/xgboost/scalers/xgboost_seed_1_skf_2_paras_151_lr_0.01_n_900_depth_7_subsample_0.8_scale_pos_weight_6_scaler.joblib,1,2
xgboost_seed_1_skf_3_paras_151_lr_0.01_n_900_depth_7_subsample_0.8_scale_pos_weight_6,xgboost,1_skf_3,142,7,12,13,0.891,0.845,0.52,0.953,0.65,0.922,0.578,0.52,/home/ubuntu/Desktop/DeepAmes_Full_STL_4_keep_weights/results_TA102_without_S9/artifacts/base/xgboost/estimators/xgboost_seed_1_skf_3_paras_151_lr_0.01_n_900_depth_7_subsample_0.8_scale_pos_weight_6.joblib,"{""learning_rate"": 0.01, ""max_depth"": 7, ""n_estimators"": 900, ""scale_pos_weight"": 6, ""subsample"": 0.8}",xgboost,151,/home/ubuntu/Desktop/DeepAmes_Full_STL_4_keep_weights/results_TA102_without_S9/artifacts/base/xgboost/scalers/xgboost_seed_1_skf_3_paras_151_lr_0.01_n_900_depth_7_subsample_0.8_scale_pos_weight_6_scaler.joblib,1,3
xgboost_seed_1_skf_4_paras_151_lr_0.01_n_900_depth_7_subsample_0.8_scale_pos_weight_6,xgboost,1_skf_4,139,10,12,13,0.874,0.837,0.52,0.933,0.565,0.921,0.542,0.469,/home/ubuntu/Desktop/DeepAmes_Full_STL_4_keep_weights/results_TA102_without_S9/artifacts/base/xgboost/estimators/xgboost_seed_1_skf_4_paras_151_lr_0.01_n_900_depth_7_subsample_0.8_scale_pos_weight_6.joblib,"{""learning_rate"": 0.01, ""max_depth"": 7, ""n_estimators"": 900, ""scale_pos_weight"": 6, ""subsample"": 0.8}",xgboost,151,/home/ubuntu/Desktop/DeepAmes_Full_STL_4_keep_weights/results_TA102_without_S9/artifacts/base/xgboost/scalers/xgboost_seed_1_skf_4_paras_151_lr_0.01_n_900_depth_7_subsample_0.8_scale_pos_weight_6_scaler.joblib,1,4
xgboost_seed_2_skf_0_paras_151_lr_0.01_n_900_depth_7_subsample_0.8_scale_pos_weight_6,xgboost,2_skf_0,141,8,13,12,0.879,0.848,0.48,0.946,0.6,0.916,0.533,0.469,/home/ubuntu/Desktop/DeepAmes_Full_STL_4_keep_weights/results_TA102_without_S9/artifacts/base/xgboost/estimators/xgboost_seed_2_skf_0_paras_151_lr_0.01_n_900_depth_7_subsample_0.8_scale_pos_weight_6.joblib,"{""learning_rate"": 0.01, ""max_depth"": 7, ""n_estimators"": 900, ""scale_pos_weight"": 6, ""subsample"": 0.8}",xgboost,151,/home/ubuntu/Desktop/DeepAmes_Full_STL_4_keep_weights/results_TA102_without_S9/artifacts/base/xgboost/scalers/xgboost_seed_2_skf_0_paras_151_lr_0.01_n_900_depth_7_subsample_0.8_scale_pos_weight_6_scaler.joblib,2,0
xgboost_seed_2_skf_2_paras_151_lr_0.01_n_900_depth_7_subsample_0.8_scale_pos_weight_6,xgboost,2_skf_2,141,8,12,13,0.885,0.861,0.52,0.946,0.619,0.922,0.565,0.502,/home/ubuntu/Desktop/DeepAmes_Full_STL_4_keep_weights/results_TA102_without_S9/artifacts/base/xgboost/estimators/xgboost_seed_2_skf_2_paras_151_lr_0.01_n_900_depth_7_subsample_0.8_scale_pos_weight_6.joblib,"{""learning_rate"": 0.01, ""max_depth"": 7, ""n_estimators"": 900, ""scale_pos_weight"": 6, ""subsample"": 0.8}",xgboost,151,/home/ubuntu/Desktop/DeepAmes_Full_STL_4_keep_weights/results_TA102_without_S9/artifacts/base/xgboost/scalers/xgboost_seed_2_skf_2_paras_151_lr_0.01_n_900_depth_7_subsample_0.8_scale_pos_weight_6_scaler.joblib,2,2
xgboost_seed_2_skf_4_paras_151_lr_0.01_n_900_depth_7_subsample_0.8_scale_pos_weight_6,xgboost,2_skf_4,141,8,13,12,0.879,0.85,0.48,0.946,0.6,0.916,0.533,0.469,/home/ubuntu/Desktop/DeepAmes_Full_STL_4_keep_weights/results_TA102_without_S9/artifacts/base/xgboost/estimators/xgboost_seed_2_skf_4_paras_151_lr_0.01_n_900_depth_7_subsample_0.8_scale_pos_weight_6.joblib,"{""learning_rate"": 0.01, ""max_depth"": 7, ""n_estimators"": 900, ""scale_pos_weight"": 6, ""subsample"": 0.8}",xgboost,151,/home/ubuntu/Desktop/DeepAmes_Full_STL_4_keep_weights/results_TA102_without_S9/artifacts/base/xgboost/scalers/xgboost_seed_2_skf_4_paras_151_lr_0.01_n_900_depth_7_subsample_0.8_scale_pos_weight_6_scaler.joblib,2,4
xgboost_seed_3_skf_1_paras_151_lr_0.01_n_900_depth_7_subsample_0.8_scale_pos_weight_6,xgboost,3_skf_1,142,7,14,11,0.879,0.852,0.44,0.953,0.611,0.91,0.512,0.453,/home/ubuntu/Desktop/DeepAmes_Full_STL_4_keep_weights/results_TA102_without_S9/artifacts/base/xgboost/estimators/xgboost_seed_3_skf_1_paras_151_lr_0.01_n_900_depth_7_subsample_0.8_scale_pos_weight_6.joblib,"{""learning_rate"": 0.01, ""max_depth"": 7, ""n_estimators"": 900, ""scale_pos_weight"": 6, ""subsample"": 0.8}",xgboost,151,/home/ubuntu/Desktop/DeepAmes_Full_STL_4_keep_weights/results_TA102_without_S9/artifacts/base/xgboost/scalers/xgboost_seed_3_skf_1_paras_151_lr_0.01_n_900_depth_7_subsample_0.8_scale_pos_weight_6_scaler.joblib,3,1
xgboost_seed_3_skf_2_paras_151_lr_0.01_n_900_depth_7_subsample_0.8_scale_pos_weight_6,xgboost,3_skf_2,139,10,14,11,0.862,0.881,0.44,0.933,0.524,0.908,0.478,0.401,/home/ubuntu/Desktop/DeepAmes_Full_STL_4_keep_weights/results_TA102_without_S9/artifacts/base/xgboost/estimators/xgboost_seed_3_skf_2_paras_151_lr_0.01_n_900_depth_7_subsample_0.8_scale_pos_weight_6.joblib,"{""learning_rate"": 0.01, ""max_depth"": 7, ""n_estimators"": 900, ""scale_pos_weight"": 6, ""subsample"": 0.8}",xgboost,151,/home/ubuntu/Desktop/DeepAmes_Full_STL_4_keep_weights/results_TA102_without_S9/artifacts/base/xgboost/scalers/xgboost_seed_3_skf_2_paras_151_lr_0.01_n_900_depth_7_subsample_0.8_scale_pos_weight_6_scaler.joblib,3,2
xgboost_seed_3_skf_3_paras_151_lr_0.01_n_900_depth_7_subsample_0.8_scale_pos_weight_6,xgboost,3_skf_3,141,8,12,13,0.885,0.844,0.52,0.946,0.619,0.922,0.565,0.502,/home/ubuntu/Desktop/DeepAmes_Full_STL_4_keep_weights/results_TA102_without_S9/artifacts/base/xgboost/estimators/xgboost_seed_3_skf_3_paras_151_lr_0.01_n_900_depth_7_subsample_0.8_scale_pos_weight_6.joblib,"{""learning_rate"": 0.01, ""max_depth"": 7, ""n_estimators"": 900, ""scale_pos_weight"": 6, ""subsample"": 0.8}",xgboost,151,/home/ubuntu/Desktop/DeepAmes_Full_STL_4_keep_weights/results_TA102_without_S9/artifacts/base/xgboost/scalers/xgboost_seed_3_skf_3_paras_151_lr_0.01_n_900_depth_7_subsample_0.8_scale_pos_weight_6_scaler.joblib,3,3
xgboost_seed_4_skf_1_paras_151_lr_0.01_n_900_depth_7_subsample_0.8_scale_pos_weight_6,xgboost,4_skf_1,142,7,15,10,0.874,0.861,0.4,0.953,0.588,0.904,0.476,0.417,/home/ubuntu/Desktop/DeepAmes_Full_STL_4_keep_weights/results_TA102_without_S9/artifacts/base/xgboost/estimators/xgboost_seed_4_skf_1_paras_151_lr_0.01_n_900_depth_7_subsample_0.8_scale_pos_weight_6.joblib,"{""learning_rate"": 0.01, ""max_depth"": 7, ""n_estimators"": 900, ""scale_pos_weight"": 6, ""subsample"": 0.8}",xgboost,151,/home/ubuntu/Desktop/DeepAmes_Full_STL_4_keep_weights/results_TA102_without_S9/artifacts/base/xgboost/scalers/xgboost_seed_4_skf_1_paras_151_lr_0.01_n_900_depth_7_subsample_0.8_scale_pos_weight_6_scaler.joblib,4,1
xgboost_seed_4_skf_2_paras_151_lr_0.01_n_900_depth_7_subsample_0.8_scale_pos_weight_6,xgboost,4_skf_2,142,7,13,12,0.885,0.842,0.48,0.953,0.632,0.916,0.545,0.487,/home/ubuntu/Desktop/DeepAmes_Full_STL_4_keep_weights/results_TA102_without_S9/artifacts/base/xgboost/estimators/xgboost_seed_4_skf_2_paras_151_lr_0.01_n_900_depth_7_subsample_0.8_scale_pos_weight_6.joblib,"{""learning_rate"": 0.01, ""max_depth"": 7, ""n_estimators"": 900, ""scale_pos_weight"": 6, ""subsample"": 0.8}",xgboost,151,/home/ubuntu/Desktop/DeepAmes_Full_STL_4_keep_weights/results_TA102_without_S9/artifacts/base/xgboost/scalers/xgboost_seed_4_skf_2_paras_151_lr_0.01_n_900_depth_7_subsample_0.8_scale_pos_weight_6_scaler.joblib,4,2
xgboost_seed_4_skf_4_paras_151_lr_0.01_n_900_depth_7_subsample_0.8_scale_pos_weight_6,xgboost,4_skf_4,138,11,13,12,0.862,0.832,0.48,0.926,0.522,0.914,0.5,0.421,/home/ubuntu/Desktop/DeepAmes_Full_STL_4_keep_weights/results_TA102_without_S9/artifacts/base/xgboost/estimators/xgboost_seed_4_skf_4_paras_151_lr_0.01_n_900_depth_7_subsample_0.8_scale_pos_weight_6.joblib,"{""learning_rate"": 0.01, ""max_depth"": 7, ""n_estimators"": 900, ""scale_pos_weight"": 6, ""subsample"": 0.8}",xgboost,151,/home/ubuntu/Desktop/DeepAmes_Full_STL_4_keep_weights/results_TA102_without_S9/artifacts/base/xgboost/scalers/xgboost_seed_4_skf_4_paras_151_lr_0.01_n_900_depth_7_subsample_0.8_scale_pos_weight_6_scaler.joblib,4,4
xgboost_seed_5_skf_0_paras_151_lr_0.01_n_900_depth_7_subsample_0.8_scale_pos_weight_6,xgboost,5_skf_0,143,6,13,12,0.891,0.865,0.48,0.96,0.667,0.917,0.558,0.506,/home/ubuntu/Desktop/DeepAmes_Full_STL_4_keep_weights/results_TA102_without_S9/artifacts/base/xgboost/estimators/xgboost_seed_5_skf_0_paras_151_lr_0.01_n_900_depth_7_subsample_0.8_scale_pos_weight_6.joblib,"{""learning_rate"": 0.01, ""max_depth"": 7, ""n_estimators"": 900, ""scale_pos_weight"": 6, ""subsample"": 0.8}",xgboost,151,/home/ubuntu/Desktop/DeepAmes_Full_STL_4_keep_weights/results_TA102_without_S9/artifacts/base/xgboost/scalers/xgboost_seed_5_skf_0_paras_151_lr_0.01_n_900_depth_7_subsample_0.8_scale_pos_weight_6_scaler.joblib,5,0
xgboost_seed_5_skf_1_paras_151_lr_0.01_n_900_depth_7_subsample_0.8_scale_pos_weight_6,xgboost,5_skf_1,140,9,14,11,0.868,0.823,0.44,0.94,0.55,0.909,0.489,0.417,/home/ubuntu/Desktop/DeepAmes_Full_STL_4_keep_weights/results_TA102_without_S9/artifacts/base/xgboost/estimators/xgboost_seed_5_skf_1_paras_151_lr_0.01_n_900_depth_7_subsample_0.8_scale_pos_weight_6.joblib,"{""learning_rate"": 0.01, ""max_depth"": 7, ""n_estimators"": 900, ""scale_pos_weight"": 6, ""subsample"": 0.8}",xgboost,151,/home/ubuntu/Desktop/DeepAmes_Full_STL_4_keep_weights/results_TA102_without_S9/artifacts/base/xgboost/scalers/xgboost_seed_5_skf_1_paras_151_lr_0.01_n_900_depth_7_subsample_0.8_scale_pos_weight_6_scaler.joblib,5,1
xgboost_seed_5_skf_2_paras_151_lr_0.01_n_900_depth_7_subsample_0.8_scale_pos_weight_6,xgboost,5_skf_2,138,11,15,10,0.851,0.842,0.4,0.926,0.476,0.902,0.435,0.351,/home/ubuntu/Desktop/DeepAmes_Full_STL_4_keep_weights/results_TA102_without_S9/artifacts/base/xgboost/estimators/xgboost_seed_5_skf_2_paras_151_lr_0.01_n_900_depth_7_subsample_0.8_scale_pos_weight_6.joblib,"{""learning_rate"": 0.01, ""max_depth"": 7, ""n_estimators"": 900, ""scale_pos_weight"": 6, ""subsample"": 0.8}",xgboost,151,/home/ubuntu/Desktop/DeepAmes_Full_STL_4_keep_weights/results_TA102_without_S9/artifacts/base/xgboost/scalers/xgboost_seed_5_skf_2_paras_151_lr_0.01_n_900_depth_7_subsample_0.8_scale_pos_weight_6_scaler.joblib,5,2
xgboost_seed_5_skf_4_paras_151_lr_0.01_n_900_depth_7_subsample_0.8_scale_pos_weight_6,xgboost,5_skf_4,142,7,12,13,0.891,0.852,0.52,0.953,0.65,0.922,0.578,0.52,/home/ubuntu/Desktop/DeepAmes_Full_STL_4_keep_weights/results_TA102_without_S9/artifacts/base/xgboost/estimators/xgboost_seed_5_skf_4_paras_151_lr_0.01_n_900_depth_7_subsample_0.8_scale_pos_weight_6.joblib,"{""learning_rate"": 0.01, ""max_depth"": 7, ""n_estimators"": 900, ""scale_pos_weight"": 6, ""subsample"": 0.8}",xgboost,151,/home/ubuntu/Desktop/DeepAmes_Full_STL_4_keep_weights/results_TA102_without_S9/artifacts/base/xgboost/scalers/xgboost_seed_5_skf_4_paras_151_lr_0.01_n_900_depth_7_subsample_0.8_scale_pos_weight_6_scaler.joblib,5,4
xgboost_seed_6_skf_0_paras_151_lr_0.01_n_900_depth_7_subsample_0.8_scale_pos_weight_6,xgboost,6_skf_0,141,8,13,12,0.879,0.873,0.48,0.946,0.6,0.916,0.533,0.469,/home/ubuntu/Desktop/DeepAmes_Full_STL_4_keep_weights/results_TA102_without_S9/artifacts/base/xgboost/estimators/xgboost_seed_6_skf_0_paras_151_lr_0.01_n_900_depth_7_subsample_0.8_scale_pos_weight_6.joblib,"{""learning_rate"": 0.01, ""max_depth"": 7, ""n_estimators"": 900, ""scale_pos_weight"": 6, ""subsample"": 0.8}",xgboost,151,/home/ubuntu/Desktop/DeepAmes_Full_STL_4_keep_weights/results_TA102_without_S9/artifacts/base/xgboost/scalers/xgboost_seed_6_skf_0_paras_151_lr_0.01_n_900_depth_7_subsample_0.8_scale_pos_weight_6_scaler.joblib,6,0
xgboost_seed_6_skf_2_paras_151_lr_0.01_n_900_depth_7_subsample_0.8_scale_pos_weight_6,xgboost,6_skf_2,140,9,12,13,0.879,0.818,0.52,0.94,0.591,0.921,0.553,0.485,/home/ubuntu/Desktop/DeepAmes_Full_STL_4_keep_weights/results_TA102_without_S9/artifacts/base/xgboost/estimators/xgboost_seed_6_skf_2_paras_151_lr_0.01_n_900_depth_7_subsample_0.8_scale_pos_weight_6.joblib,"{""learning_rate"": 0.01, ""max_depth"": 7, ""n_estimators"": 900, ""scale_pos_weight"": 6, ""subsample"": 0.8}",xgboost,151,/home/ubuntu/Desktop/DeepAmes_Full_STL_4_keep_weights/results_TA102_without_S9/artifacts/base/xgboost/scalers/xgboost_seed_6_skf_2_paras_151_lr_0.01_n_900_depth_7_subsample_0.8_scale_pos_weight_6_scaler.joblib,6,2
xgboost_seed_6_skf_3_paras_151_lr_0.01_n_900_depth_7_subsample_0.8_scale_pos_weight_6,xgboost,6_skf_3,142,7,12,13,0.891,0.83,0.52,0.953,0.65,0.922,0.578,0.52,/home/ubuntu/Desktop/DeepAmes_Full_STL_4_keep_weights/results_TA102_without_S9/artifacts/base/xgboost/estimators/xgboost_seed_6_skf_3_paras_151_lr_0.01_n_900_depth_7_subsample_0.8_scale_pos_weight_6.joblib,"{""learning_rate"": 0.01, ""max_depth"": 7, ""n_estimators"": 900, ""scale_pos_weight"": 6, ""subsample"": 0.8}",xgboost,151,/home/ubuntu/Desktop/DeepAmes_Full_STL_4_keep_weights/results_TA102_without_S9/artifacts/base/xgboost/scalers/xgboost_seed_6_skf_3_paras_151_lr_0.01_n_900_depth_7_subsample_0.8_scale_pos_weight_6_scaler.joblib,6,3
xgboost_seed_6_skf_4_paras_151_lr_0.01_n_900_depth_7_subsample_0.8_scale_pos_weight_6,xgboost,6_skf_4,141,8,15,10,0.868,0.836,0.4,0.946,0.556,0.904,0.465,0.399,/home/ubuntu/Desktop/DeepAmes_Full_STL_4_keep_weights/results_TA102_without_S9/artifacts/base/xgboost/estimators/xgboost_seed_6_skf_4_paras_151_lr_0.01_n_900_depth_7_subsample_0.8_scale_pos_weight_6.joblib,"{""learning_rate"": 0.01, ""max_depth"": 7, ""n_estimators"": 900, ""scale_pos_weight"": 6, ""subsample"": 0.8}",xgboost,151,/home/ubuntu/Desktop/DeepAmes_Full_STL_4_keep_weights/results_TA102_without_S9/artifacts/base/xgboost/scalers/xgboost_seed_6_skf_4_paras_151_lr_0.01_n_900_depth_7_subsample_0.8_scale_pos_weight_6_scaler.joblib,6,4
xgboost_seed_7_skf_0_paras_151_lr_0.01_n_900_depth_7_subsample_0.8_scale_pos_weight_6,xgboost,7_skf_0,140,9,16,9,0.856,0.877,0.36,0.94,0.5,0.897,0.419,0.345,/home/ubuntu/Desktop/DeepAmes_Full_STL_4_keep_weights/results_TA102_without_S9/artifacts/base/xgboost/estimators/xgboost_seed_7_skf_0_paras_151_lr_0.01_n_900_depth_7_subsample_0.8_scale_pos_weight_6.joblib,"{""learning_rate"": 0.01, ""max_depth"": 7, ""n_estimators"": 900, ""scale_pos_weight"": 6, ""subsample"": 0.8}",xgboost,151,/home/ubuntu/Desktop/DeepAmes_Full_STL_4_keep_weights/results_TA102_without_S9/artifacts/base/xgboost/scalers/xgboost_seed_7_skf_0_paras_151_lr_0.01_n_900_depth_7_subsample_0.8_scale_pos_weight_6_scaler.joblib,7,0
xgboost_seed_7_skf_1_paras_151_lr_0.01_n_900_depth_7_subsample_0.8_scale_pos_weight_6,xgboost,7_skf_1,143,6,14,11,0.885,0.836,0.44,0.96,0.647,0.911,0.524,0.472,/home/ubuntu/Desktop/DeepAmes_Full_STL_4_keep_weights/results_TA102_without_S9/artifacts/base/xgboost/estimators/xgboost_seed_7_skf_1_paras_151_lr_0.01_n_900_depth_7_subsample_0.8_scale_pos_weight_6.joblib,"{""learning_rate"": 0.01, ""max_depth"": 7, ""n_estimators"": 900, ""scale_pos_weight"": 6, ""subsample"": 0.8}",xgboost,151,/home/ubuntu/Desktop/DeepAmes_Full_STL_4_keep_weights/results_TA102_without_S9/artifacts/base/xgboost/scalers/xgboost_seed_7_skf_1_paras_151_lr_0.01_n_900_depth_7_subsample_0.8_scale_pos_weight_6_scaler.joblib,7,1
xgboost_seed_7_skf_2_paras_151_lr_0.01_n_900_depth_7_subsample_0.8_scale_pos_weight_6,xgboost,7_skf_2,140,9,12,13,0.879,0.844,0.52,0.94,0.591,0.921,0.553,0.485,/home/ubuntu/Desktop/DeepAmes_Full_STL_4_keep_weights/results_TA102_without_S9/artifacts/base/xgboost/estimators/xgboost_seed_7_skf_2_paras_151_lr_0.01_n_900_depth_7_subsample_0.8_scale_pos_weight_6.joblib,"{""learning_rate"": 0.01, ""max_depth"": 7, ""n_estimators"": 900, ""scale_pos_weight"": 6, ""subsample"": 0.8}",xgboost,151,/home/ubuntu/Desktop/DeepAmes_Full_STL_4_keep_weights/results_TA102_without_S9/artifacts/base/xgboost/scalers/xgboost_seed_7_skf_2_paras_151_lr_0.01_n_900_depth_7_subsample_0.8_scale_pos_weight_6_scaler.joblib,7,2
xgboost_seed_7_skf_3_paras_151_lr_0.01_n_900_depth_7_subsample_0.8_scale_pos_weight_6,xgboost,7_skf_3,142,7,12,13,0.891,0.837,0.52,0.953,0.65,0.922,0.578,0.52,/home/ubuntu/Desktop/DeepAmes_Full_STL_4_keep_weights/results_TA102_without_S9/artifacts/base/xgboost/estimators/xgboost_seed_7_skf_3_paras_151_lr_0.01_n_900_depth_7_subsample_0.8_scale_pos_weight_6.joblib,"{""learning_rate"": 0.01, ""max_depth"": 7, ""n_estimators"": 900, ""scale_pos_weight"": 6, ""subsample"": 0.8}",xgboost,151,/home/ubuntu/Desktop/DeepAmes_Full_STL_4_keep_weights/results_TA102_without_S9/artifacts/base/xgboost/scalers/xgboost_seed_7_skf_3_paras_151_lr_0.01_n_900_depth_7_subsample_0.8_scale_pos_weight_6_scaler.joblib,7,3
xgboost_seed_7_skf_4_paras_151_lr_0.01_n_900_depth_7_subsample_0.8_scale_pos_weight_6,xgboost,7_skf_4,142,7,14,11,0.879,0.829,0.44,0.953,0.611,0.91,0.512,0.453,/home/ubuntu/Desktop/DeepAmes_Full_STL_4_keep_weights/results_TA102_without_S9/artifacts/base/xgboost/estimators/xgboost_seed_7_skf_4_paras_151_lr_0.01_n_900_depth_7_subsample_0.8_scale_pos_weight_6.joblib,"{""learning_rate"": 0.01, ""max_depth"": 7, ""n_estimators"": 900, ""scale_pos_weight"": 6, ""subsample"": 0.8}",xgboost,151,/home/ubuntu/Desktop/DeepAmes_Full_STL_4_keep_weights/results_TA102_without_S9/artifacts/base/xgboost/scalers/xgboost_seed_7_skf_4_paras_151_lr_0.01_n_900_depth_7_subsample_0.8_scale_pos_weight_6_scaler.joblib,7,4
xgboost_seed_8_skf_0_paras_151_lr_0.01_n_900_depth_7_subsample_0.8_scale_pos_weight_6,xgboost,8_skf_0,141,8,11,14,0.891,0.852,0.56,0.946,0.636,0.928,0.596,0.534,/home/ubuntu/Desktop/DeepAmes_Full_STL_4_keep_weights/results_TA102_without_S9/artifacts/base/xgboost/estimators/xgboost_seed_8_skf_0_paras_151_lr_0.01_n_900_depth_7_subsample_0.8_scale_pos_weight_6.joblib,"{""learning_rate"": 0.01, ""max_depth"": 7, ""n_estimators"": 900, ""scale_pos_weight"": 6, ""subsample"": 0.8}",xgboost,151,/home/ubuntu/Desktop/DeepAmes_Full_STL_4_keep_weights/results_TA102_without_S9/artifacts/base/xgboost/scalers/xgboost_seed_8_skf_0_paras_151_lr_0.01_n_900_depth_7_subsample_0.8_scale_pos_weight_6_scaler.joblib,8,0
xgboost_seed_8_skf_1_paras_151_lr_0.01_n_900_depth_7_subsample_0.8_scale_pos_weight_6,xgboost,8_skf_1,142,7,15,10,0.874,0.82,0.4,0.953,0.588,0.904,0.476,0.417,/home/ubuntu/Desktop/DeepAmes_Full_STL_4_keep_weights/results_TA102_without_S9/artifacts/base/xgboost/estimators/xgboost_seed_8_skf_1_paras_151_lr_0.01_n_900_depth_7_subsample_0.8_scale_pos_weight_6.joblib,"{""learning_rate"": 0.01, ""max_depth"": 7, ""n_estimators"": 900, ""scale_pos_weight"": 6, ""subsample"": 0.8}",xgboost,151,/home/ubuntu/Desktop/DeepAmes_Full_STL_4_keep_weights/results_TA102_without_S9/artifacts/base/xgboost/scalers/xgboost_seed_8_skf_1_paras_151_lr_0.01_n_900_depth_7_subsample_0.8_scale_pos_weight_6_scaler.joblib,8,1
xgboost_seed_8_skf_3_paras_151_lr_0.01_n_900_depth_7_subsample_0.8_scale_pos_weight_6,xgboost,8_skf_3,141,8,13,12,0.879,0.85,0.48,0.946,0.6,0.916,0.533,0.469,/home/ubuntu/Desktop/DeepAmes_Full_STL_4_keep_weights/results_TA102_without_S9/artifacts/base/xgboost/estimators/xgboost_seed_8_skf_3_paras_151_lr_0.01_n_900_depth_7_subsample_0.8_scale_pos_weight_6.joblib,"{""learning_rate"": 0.01, ""max_depth"": 7, ""n_estimators"": 900, ""scale_pos_weight"": 6, ""subsample"": 0.8}",xgboost,151,/home/ubuntu/Desktop/DeepAmes_Full_STL_4_keep_weights/results_TA102_without_S9/artifacts/base/xgboost/scalers/xgboost_seed_8_skf_3_paras_151_lr_0.01_n_900_depth_7_subsample_0.8_scale_pos_weight_6_scaler.joblib,8,3
xgboost_seed_8_skf_4_paras_151_lr_0.01_n_900_depth_7_subsample_0.8_scale_pos_weight_6,xgboost,8_skf_4,141,8,14,11,0.874,0.852,0.44,0.946,0.579,0.91,0.5,0.434,/home/ubuntu/Desktop/DeepAmes_Full_STL_4_keep_weights/results_TA102_without_S9/artifacts/base/xgboost/estimators/xgboost_seed_8_skf_4_paras_151_lr_0.01_n_900_depth_7_subsample_0.8_scale_pos_weight_6.joblib,"{""learning_rate"": 0.01, ""max_depth"": 7, ""n_estimators"": 900, ""scale_pos_weight"": 6, ""subsample"": 0.8}",xgboost,151,/home/ubuntu/Desktop/DeepAmes_Full_STL_4_keep_weights/results_TA102_without_S9/artifacts/base/xgboost/scalers/xgboost_seed_8_skf_4_paras_151_lr_0.01_n_900_depth_7_subsample_0.8_scale_pos_weight_6_scaler.joblib,8,4
xgboost_seed_9_skf_0_paras_151_lr_0.01_n_900_depth_7_subsample_0.8_scale_pos_weight_6,xgboost,9_skf_0,142,7,14,11,0.879,0.863,0.44,0.953,0.611,0.91,0.512,0.453,/home/ubuntu/Desktop/DeepAmes_Full_STL_4_keep_weights/results_TA102_without_S9/artifacts/base/xgboost/estimators/xgboost_seed_9_skf_0_paras_151_lr_0.01_n_900_depth_7_subsample_0.8_scale_pos_weight_6.joblib,"{""learning_rate"": 0.01, ""max_depth"": 7, ""n_estimators"": 900, ""scale_pos_weight"": 6, ""subsample"": 0.8}",xgboost,151,/home/ubuntu/Desktop/DeepAmes_Full_STL_4_keep_weights/results_TA102_without_S9/artifacts/base/xgboost/scalers/xgboost_seed_9_skf_0_paras_151_lr_0.01_n_900_depth_7_subsample_0.8_scale_pos_weight_6_scaler.joblib,9,0
xgboost_seed_9_skf_1_paras_151_lr_0.01_n_900_depth_7_subsample_0.8_scale_pos_weight_6,xgboost,9_skf_1,140,9,14,11,0.868,0.823,0.44,0.94,0.55,0.909,0.489,0.417,/home/ubuntu/Desktop/DeepAmes_Full_STL_4_keep_weights/results_TA102_without_S9/artifacts/base/xgboost/estimators/xgboost_seed_9_skf_1_paras_151_lr_0.01_n_900_depth_7_subsample_0.8_scale_pos_weight_6.joblib,"{""learning_rate"": 0.01, ""max_depth"": 7, ""n_estimators"": 900, ""scale_pos_weight"": 6, ""subsample"": 0.8}",xgboost,151,/home/ubuntu/Desktop/DeepAmes_Full_STL_4_keep_weights/results_TA102_without_S9/artifacts/base/xgboost/scalers/xgboost_seed_9_skf_1_paras_151_lr_0.01_n_900_depth_7_subsample_0.8_scale_pos_weight_6_scaler.joblib,9,1
xgboost_seed_9_skf_2_paras_151_lr_0.01_n_900_depth_7_subsample_0.8_scale_pos_weight_6,xgboost,9_skf_2,140,9,11,14,0.885,0.852,0.56,0.94,0.609,0.927,0.583,0.517,/home/ubuntu/Desktop/DeepAmes_Full_STL_4_keep_weights/results_TA102_without_S9/artifacts/base/xgboost/estimators/xgboost_seed_9_skf_2_paras_151_lr_0.01_n_900_depth_7_subsample_0.8_scale_pos_weight_6.joblib,"{""learning_rate"": 0.01, ""max_depth"": 7, ""n_estimators"": 900, ""scale_pos_weight"": 6, ""subsample"": 0.8}",xgboost,151,/home/ubuntu/Desktop/DeepAmes_Full_STL_4_keep_weights/results_TA102_without_S9/artifacts/base/xgboost/scalers/xgboost_seed_9_skf_2_paras_151_lr_0.01_n_900_depth_7_subsample_0.8_scale_pos_weight_6_scaler.joblib,9,2
xgboost_seed_9_skf_3_paras_151_lr_0.01_n_900_depth_7_subsample_0.8_scale_pos_weight_6,xgboost,9_skf_3,142,7,14,11,0.879,0.865,0.44,0.953,0.611,0.91,0.512,0.453,/home/ubuntu/Desktop/DeepAmes_Full_STL_4_keep_weights/results_TA102_without_S9/artifacts/base/xgboost/estimators/xgboost_seed_9_skf_3_paras_151_lr_0.01_n_900_depth_7_subsample_0.8_scale_pos_weight_6.joblib,"{""learning_rate"": 0.01, ""max_depth"": 7, ""n_estimators"": 900, ""scale_pos_weight"": 6, ""subsample"": 0.8}",xgboost,151,/home/ubuntu/Desktop/DeepAmes_Full_STL_4_keep_weights/results_TA102_without_S9/artifacts/base/xgboost/scalers/xgboost_seed_9_skf_3_paras_151_lr_0.01_n_900_depth_7_subsample_0.8_scale_pos_weight_6_scaler.joblib,9,3
xgboost_seed_9_skf_4_paras_151_lr_0.01_n_900_depth_7_subsample_0.8_scale_pos_weight_6,xgboost,9_skf_4,140,9,12,13,0.879,0.843,0.52,0.94,0.591,0.921,0.553,0.485,/home/ubuntu/Desktop/DeepAmes_Full_STL_4_keep_weights/results_TA102_without_S9/artifacts/base/xgboost/estimators/xgboost_seed_9_skf_4_paras_151_lr_0.01_n_900_depth_7_subsample_0.8_scale_pos_weight_6.joblib,"{""learning_rate"": 0.01, ""max_depth"": 7, ""n_estimators"": 900, ""scale_pos_weight"": 6, ""subsample"": 0.8}",xgboost,151,/home/ubuntu/Desktop/DeepAmes_Full_STL_4_keep_weights/results_TA102_without_S9/artifacts/base/xgboost/scalers/xgboost_seed_9_skf_4_paras_151_lr_0.01_n_900_depth_7_subsample_0.8_scale_pos_weight_6_scaler.joblib,9,4
xgboost_seed_10_skf_0_paras_151_lr_0.01_n_900_depth_7_subsample_0.8_scale_pos_weight_6,xgboost,10_skf_0,142,7,12,13,0.891,0.844,0.52,0.953,0.65,0.922,0.578,0.52,/home/ubuntu/Desktop/DeepAmes_Full_STL_4_keep_weights/results_TA102_without_S9/artifacts/base/xgboost/estimators/xgboost_seed_10_skf_0_paras_151_lr_0.01_n_900_depth_7_subsample_0.8_scale_pos_weight_6.joblib,"{""learning_rate"": 0.01, ""max_depth"": 7, ""n_estimators"": 900, ""scale_pos_weight"": 6, ""subsample"": 0.8}",xgboost,151,/home/ubuntu/Desktop/DeepAmes_Full_STL_4_keep_weights/results_TA102_without_S9/artifacts/base/xgboost/scalers/xgboost_seed_10_skf_0_paras_151_lr_0.01_n_900_depth_7_subsample_0.8_scale_pos_weight_6_scaler.joblib,10,0
xgboost_seed_10_skf_1_paras_151_lr_0.01_n_900_depth_7_subsample_0.8_scale_pos_weight_6,xgboost,10_skf_1,139,10,14,11,0.862,0.84,0.44,0.933,0.524,0.908,0.478,0.401,/home/ubuntu/Desktop/DeepAmes_Full_STL_4_keep_weights/results_TA102_without_S9/artifacts/base/xgboost/estimators/xgboost_seed_10_skf_1_paras_151_lr_0.01_n_900_depth_7_subsample_0.8_scale_pos_weight_6.joblib,"{""learning_rate"": 0.01, ""max_depth"": 7, ""n_estimators"": 900, ""scale_pos_weight"": 6, ""subsample"": 0.8}",xgboost,151,/home/ubuntu/Desktop/DeepAmes_Full_STL_4_keep_weights/results_TA102_without_S9/artifacts/base/xgboost/scalers/xgboost_seed_10_skf_1_paras_151_lr_0.01_n_900_depth_7_subsample_0.8_scale_pos_weight_6_scaler.joblib,10,1
xgboost_seed_10_skf_2_paras_151_lr_0.01_n_900_depth_7_subsample_0.8_scale_pos_weight_6,xgboost,10_skf_2,140,9,11,14,0.885,0.858,0.56,0.94,0.609,0.927,0.583,0.517,/home/ubuntu/Desktop/DeepAmes_Full_STL_4_keep_weights/results_TA102_without_S9/artifacts/base/xgboost/estimators/xgboost_seed_10_skf_2_paras_151_lr_0.01_n_900_depth_7_subsample_0.8_scale_pos_weight_6.joblib,"{""learning_rate"": 0.01, ""max_depth"": 7, ""n_estimators"": 900, ""scale_pos_weight"": 6, ""subsample"": 0.8}",xgboost,151,/home/ubuntu/Desktop/DeepAmes_Full_STL_4_keep_weights/results_TA102_without_S9/artifacts/base/xgboost/scalers/xgboost_seed_10_skf_2_paras_151_lr_0.01_n_900_depth_7_subsample_0.8_scale_pos_weight_6_scaler.joblib,10,2
xgboost_seed_10_skf_3_paras_151_lr_0.01_n_900_depth_7_subsample_0.8_scale_pos_weight_6,xgboost,10_skf_3,142,7,12,13,0.891,0.838,0.52,0.953,0.65,0.922,0.578,0.52,/home/ubuntu/Desktop/DeepAmes_Full_STL_4_keep_weights/results_TA102_without_S9/artifacts/base/xgboost/estimators/xgboost_seed_10_skf_3_paras_151_lr_0.01_n_900_depth_7_subsample_0.8_scale_pos_weight_6.joblib,"{""learning_rate"": 0.01, ""max_depth"": 7, ""n_estimators"": 900, ""scale_pos_weight"": 6, ""subsample"": 0.8}",xgboost,151,/home/ubuntu/Desktop/DeepAmes_Full_STL_4_keep_weights/results_TA102_without_S9/artifacts/base/xgboost/scalers/xgboost_seed_10_skf_3_paras_151_lr_0.01_n_900_depth_7_subsample_0.8_scale_pos_weight_6_scaler.joblib,10,3
xgboost_seed_10_skf_4_paras_151_lr_0.01_n_900_depth_7_subsample_0.8_scale_pos_weight_6,xgboost,10_skf_4,141,8,16,9,0.862,0.817,0.36,0.946,0.529,0.898,0.429,0.362,/home/ubuntu/Desktop/DeepAmes_Full_STL_4_keep_weights/results_TA102_without_S9/artifacts/base/xgboost/estimators/xgboost_seed_10_skf_4_paras_151_lr_0.01_n_900_depth_7_subsample_0.8_scale_pos_weight_6.joblib,"{""learning_rate"": 0.01, ""max_depth"": 7, ""n_estimators"": 900, ""scale_pos_weight"": 6, ""subsample"": 0.8}",xgboost,151,/home/ubuntu/Desktop/DeepAmes_Full_STL_4_keep_weights/results_TA102_without_S9/artifacts/base/xgboost/scalers/xgboost_seed_10_skf_4_paras_151_lr_0.01_n_900_depth_7_subsample_0.8_scale_pos_weight_6_scaler.joblib,10,4
xgboost_seed_11_skf_0_paras_151_lr_0.01_n_900_depth_7_subsample_0.8_scale_pos_weight_6,xgboost,11_skf_0,143,6,13,12,0.891,0.858,0.48,0.96,0.667,0.917,0.558,0.506,/home/ubuntu/Desktop/DeepAmes_Full_STL_4_keep_weights/results_TA102_without_S9/artifacts/base/xgboost/estimators/xgboost_seed_11_skf_0_paras_151_lr_0.01_n_900_depth_7_subsample_0.8_scale_pos_weight_6.joblib,"{""learning_rate"": 0.01, ""max_depth"": 7, ""n_estimators"": 900, ""scale_pos_weight"": 6, ""subsample"": 0.8}",xgboost,151,/home/ubuntu/Desktop/DeepAmes_Full_STL_4_keep_weights/results_TA102_without_S9/artifacts/base/xgboost/scalers/xgboost_seed_11_skf_0_paras_151_lr_0.01_n_900_depth_7_subsample_0.8_scale_pos_weight_6_scaler.joblib,11,0
xgboost_seed_11_skf_1_paras_151_lr_0.01_n_900_depth_7_subsample_0.8_scale_pos_weight_6,xgboost,11_skf_1,140,9,14,11,0.868,0.838,0.44,0.94,0.55,0.909,0.489,0.417,/home/ubuntu/Desktop/DeepAmes_Full_STL_4_keep_weights/results_TA102_without_S9/artifacts/base/xgboost/estimators/xgboost_seed_11_skf_1_paras_151_lr_0.01_n_900_depth_7_subsample_0.8_scale_pos_weight_6.joblib,"{""learning_rate"": 0.01, ""max_depth"": 7, ""n_estimators"": 900, ""scale_pos_weight"": 6, ""subsample"": 0.8}",xgboost,151,/home/ubuntu/Desktop/DeepAmes_Full_STL_4_keep_weights/results_TA102_without_S9/artifacts/base/xgboost/scalers/xgboost_seed_11_skf_1_paras_151_lr_0.01_n_900_depth_7_subsample_0.8_scale_pos_weight_6_scaler.joblib,11,1
xgboost_seed_11_skf_2_paras_151_lr_0.01_n_900_depth_7_subsample_0.8_scale_pos_weight_6,xgboost,11_skf_2,143,6,14,11,0.885,0.831,0.44,0.96,0.647,0.911,0.524,0.472,/home/ubuntu/Desktop/DeepAmes_Full_STL_4_keep_weights/results_TA102_without_S9/artifacts/base/xgboost/estimators/xgboost_seed_11_skf_2_paras_151_lr_0.01_n_900_depth_7_subsample_0.8_scale_pos_weight_6.joblib,"{""learning_rate"": 0.01, ""max_depth"": 7, ""n_estimators"": 900, ""scale_pos_weight"": 6, ""subsample"": 0.8}",xgboost,151,/home/ubuntu/Desktop/DeepAmes_Full_STL_4_keep_weights/results_TA102_without_S9/artifacts/base/xgboost/scalers/xgboost_seed_11_skf_2_paras_151_lr_0.01_n_900_depth_7_subsample_0.8_scale_pos_weight_6_scaler.joblib,11,2
xgboost_seed_11_skf_3_paras_151_lr_0.01_n_900_depth_7_subsample_0.8_scale_pos_weight_6,xgboost,11_skf_3,141,8,12,13,0.885,0.838,0.52,0.946,0.619,0.922,0.565,0.502,/home/ubuntu/Desktop/DeepAmes_Full_STL_4_keep_weights/results_TA102_without_S9/artifacts/base/xgboost/estimators/xgboost_seed_11_skf_3_paras_151_lr_0.01_n_900_depth_7_subsample_0.8_scale_pos_weight_6.joblib,"{""learning_rate"": 0.01, ""max_depth"": 7, ""n_estimators"": 900, ""scale_pos_weight"": 6, ""subsample"": 0.8}",xgboost,151,/home/ubuntu/Desktop/DeepAmes_Full_STL_4_keep_weights/results_TA102_without_S9/artifacts/base/xgboost/scalers/xgboost_seed_11_skf_3_paras_151_lr_0.01_n_900_depth_7_subsample_0.8_scale_pos_weight_6_scaler.joblib,11,3
xgboost_seed_11_skf_4_paras_151_lr_0.01_n_900_depth_7_subsample_0.8_scale_pos_weight_6,xgboost,11_skf_4,138,11,12,13,0.868,0.868,0.52,0.926,0.542,0.92,0.531,0.454,/home/ubuntu/Desktop/DeepAmes_Full_STL_4_keep_weights/results_TA102_without_S9/artifacts/base/xgboost/estimators/xgboost_seed_11_skf_4_paras_151_lr_0.01_n_900_depth_7_subsample_0.8_scale_pos_weight_6.joblib,"{""learning_rate"": 0.01, ""max_depth"": 7, ""n_estimators"": 900, ""scale_pos_weight"": 6, ""subsample"": 0.8}",xgboost,151,/home/ubuntu/Desktop/DeepAmes_Full_STL_4_keep_weights/results_TA102_without_S9/artifacts/base/xgboost/scalers/xgboost_seed_11_skf_4_paras_151_lr_0.01_n_900_depth_7_subsample_0.8_scale_pos_weight_6_scaler.joblib,11,4
xgboost_seed_12_skf_0_paras_151_lr_0.01_n_900_depth_7_subsample_0.8_scale_pos_weight_6,xgboost,12_skf_0,140,9,14,11,0.868,0.84,0.44,0.94,0.55,0.909,0.489,0.417,/home/ubuntu/Desktop/DeepAmes_Full_STL_4_keep_weights/results_TA102_without_S9/artifacts/base/xgboost/estimators/xgboost_seed_12_skf_0_paras_151_lr_0.01_n_900_depth_7_subsample_0.8_scale_pos_weight_6.joblib,"{""learning_rate"": 0.01, ""max_depth"": 7, ""n_estimators"": 900, ""scale_pos_weight"": 6, ""subsample"": 0.8}",xgboost,151,/home/ubuntu/Desktop/DeepAmes_Full_STL_4_keep_weights/results_TA102_without_S9/artifacts/base/xgboost/scalers/xgboost_seed_12_skf_0_paras_151_lr_0.01_n_900_depth_7_subsample_0.8_scale_pos_weight_6_scaler.joblib,12,0
xgboost_seed_12_skf_2_paras_151_lr_0.01_n_900_depth_7_subsample_0.8_scale_pos_weight_6,xgboost,12_skf_2,141,8,12,13,0.885,0.841,0.52,0.946,0.619,0.922,0.565,0.502,/home/ubuntu/Desktop/DeepAmes_Full_STL_4_keep_weights/results_TA102_without_S9/artifacts/base/xgboost/estimators/xgboost_seed_12_skf_2_paras_151_lr_0.01_n_900_depth_7_subsample_0.8_scale_pos_weight_6.joblib,"{""learning_rate"": 0.01, ""max_depth"": 7, ""n_estimators"": 900, ""scale_pos_weight"": 6, ""subsample"": 0.8}",xgboost,151,/home/ubuntu/Desktop/DeepAmes_Full_STL_4_keep_weights/results_TA102_without_S9/artifacts/base/xgboost/scalers/xgboost_seed_12_skf_2_paras_151_lr_0.01_n_900_depth_7_subsample_0.8_scale_pos_weight_6_scaler.joblib,12,2
xgboost_seed_12_skf_3_paras_151_lr_0.01_n_900_depth_7_subsample_0.8_scale_pos_weight_6,xgboost,12_skf_3,141,8,13,12,0.879,0.844,0.48,0.946,0.6,0.916,0.533,0.469,/home/ubuntu/Desktop/DeepAmes_Full_STL_4_keep_weights/results_TA102_without_S9/artifacts/base/xgboost/estimators/xgboost_seed_12_skf_3_paras_151_lr_0.01_n_900_depth_7_subsample_0.8_scale_pos_weight_6.joblib,"{""learning_rate"": 0.01, ""max_depth"": 7, ""n_estimators"": 900, ""scale_pos_weight"": 6, ""subsample"": 0.8}",xgboost,151,/home/ubuntu/Desktop/DeepAmes_Full_STL_4_keep_weights/results_TA102_without_S9/artifacts/base/xgboost/scalers/xgboost_seed_12_skf_3_paras_151_lr_0.01_n_900_depth_7_subsample_0.8_scale_pos_weight_6_scaler.joblib,12,3
xgboost_seed_12_skf_4_paras_151_lr_0.01_n_900_depth_7_subsample_0.8_scale_pos_weight_6,xgboost,12_skf_4,143,6,13,12,0.891,0.833,0.48,0.96,0.667,0.917,0.558,0.506,/home/ubuntu/Desktop/DeepAmes_Full_STL_4_keep_weights/results_TA102_without_S9/artifacts/base/xgboost/estimators/xgboost_seed_12_skf_4_paras_151_lr_0.01_n_900_depth_7_subsample_0.8_scale_pos_weight_6.joblib,"{""learning_rate"": 0.01, ""max_depth"": 7, ""n_estimators"": 900, ""scale_pos_weight"": 6, ""subsample"": 0.8}",xgboost,151,/home/ubuntu/Desktop/DeepAmes_Full_STL_4_keep_weights/results_TA102_without_S9/artifacts/base/xgboost/scalers/xgboost_seed_12_skf_4_paras_151_lr_0.01_n_900_depth_7_subsample_0.8_scale_pos_weight_6_scaler.joblib,12,4
xgboost_seed_13_skf_0_paras_151_lr_0.01_n_900_depth_7_subsample_0.8_scale_pos_weight_6,xgboost,13_skf_0,141,8,16,9,0.862,0.847,0.36,0.946,0.529,0.898,0.429,0.362,/home/ubuntu/Desktop/DeepAmes_Full_STL_4_keep_weights/results_TA102_without_S9/artifacts/base/xgboost/estimators/xgboost_seed_13_skf_0_paras_151_lr_0.01_n_900_depth_7_subsample_0.8_scale_pos_weight_6.joblib,"{""learning_rate"": 0.01, ""max_depth"": 7, ""n_estimators"": 900, ""scale_pos_weight"": 6, ""subsample"": 0.8}",xgboost,151,/home/ubuntu/Desktop/DeepAmes_Full_STL_4_keep_weights/results_TA102_without_S9/artifacts/base/xgboost/scalers/xgboost_seed_13_skf_0_paras_151_lr_0.01_n_900_depth_7_subsample_0.8_scale_pos_weight_6_scaler.joblib,13,0
xgboost_seed_13_skf_1_paras_151_lr_0.01_n_900_depth_7_subsample_0.8_scale_pos_weight_6,xgboost,13_skf_1,141,8,14,11,0.874,0.833,0.44,0.946,0.579,0.91,0.5,0.434,/home/ubuntu/Desktop/DeepAmes_Full_STL_4_keep_weights/results_TA102_without_S9/artifacts/base/xgboost/estimators/xgboost_seed_13_skf_1_paras_151_lr_0.01_n_900_depth_7_subsample_0.8_scale_pos_weight_6.joblib,"{""learning_rate"": 0.01, ""max_depth"": 7, ""n_estimators"": 900, ""scale_pos_weight"": 6, ""subsample"": 0.8}",xgboost,151,/home/ubuntu/Desktop/DeepAmes_Full_STL_4_keep_weights/results_TA102_without_S9/artifacts/base/xgboost/scalers/xgboost_seed_13_skf_1_paras_151_lr_0.01_n_900_depth_7_subsample_0.8_scale_pos_weight_6_scaler.joblib,13,1
xgboost_seed_13_skf_2_paras_151_lr_0.01_n_900_depth_7_subsample_0.8_scale_pos_weight_6,xgboost,13_skf_2,143,6,15,10,0.879,0.842,0.4,0.96,0.625,0.905,0.488,0.437,/home/ubuntu/Desktop/DeepAmes_Full_STL_4_keep_weights/results_TA102_without_S9/artifacts/base/xgboost/estimators/xgboost_seed_13_skf_2_paras_151_lr_0.01_n_900_depth_7_subsample_0.8_scale_pos_weight_6.joblib,"{""learning_rate"": 0.01, ""max_depth"": 7, ""n_estimators"": 900, ""scale_pos_weight"": 6, ""subsample"": 0.8}",xgboost,151,/home/ubuntu/Desktop/DeepAmes_Full_STL_4_keep_weights/results_TA102_without_S9/artifacts/base/xgboost/scalers/xgboost_seed_13_skf_2_paras_151_lr_0.01_n_900_depth_7_subsample_0.8_scale_pos_weight_6_scaler.joblib,13,2
xgboost_seed_13_skf_3_paras_151_lr_0.01_n_900_depth_7_subsample_0.8_scale_pos_weight_6,xgboost,13_skf_3,139,10,11,14,0.879,0.865,0.56,0.933,0.583,0.927,0.571,0.501,/home/ubuntu/Desktop/DeepAmes_Full_STL_4_keep_weights/results_TA102_without_S9/artifacts/base/xgboost/estimators/xgboost_seed_13_skf_3_paras_151_lr_0.01_n_900_depth_7_subsample_0.8_scale_pos_weight_6.joblib,"{""learning_rate"": 0.01, ""max_depth"": 7, ""n_estimators"": 900, ""scale_pos_weight"": 6, ""subsample"": 0.8}",xgboost,151,/home/ubuntu/Desktop/DeepAmes_Full_STL_4_keep_weights/results_TA102_without_S9/artifacts/base/xgboost/scalers/xgboost_seed_13_skf_3_paras_151_lr_0.01_n_900_depth_7_subsample_0.8_scale_pos_weight_6_scaler.joblib,13,3
xgboost_seed_14_skf_0_paras_151_lr_0.01_n_900_depth_7_subsample_0.8_scale_pos_weight_6,xgboost,14_skf_0,142,7,12,13,0.891,0.843,0.52,0.953,0.65,0.922,0.578,0.52,/home/ubuntu/Desktop/DeepAmes_Full_STL_4_keep_weights/results_TA102_without_S9/artifacts/base/xgboost/estimators/xgboost_seed_14_skf_0_paras_151_lr_0.01_n_900_depth_7_subsample_0.8_scale_pos_weight_6.joblib,"{""learning_rate"": 0.01, ""max_depth"": 7, ""n_estimators"": 900, ""scale_pos_weight"": 6, ""subsample"": 0.8}",xgboost,151,/home/ubuntu/Desktop/DeepAmes_Full_STL_4_keep_weights/results_TA102_without_S9/artifacts/base/xgboost/scalers/xgboost_seed_14_skf_0_paras_151_lr_0.01_n_900_depth_7_subsample_0.8_scale_pos_weight_6_scaler.joblib,14,0
xgboost_seed_14_skf_1_paras_151_lr_0.01_n_900_depth_7_subsample_0.8_scale_pos_weight_6,xgboost,14_skf_1,140,9,13,12,0.874,0.825,0.48,0.94,0.571,0.915,0.522,0.452,/home/ubuntu/Desktop/DeepAmes_Full_STL_4_keep_weights/results_TA102_without_S9/artifacts/base/xgboost/estimators/xgboost_seed_14_skf_1_paras_151_lr_0.01_n_900_depth_7_subsample_0.8_scale_pos_weight_6.joblib,"{""learning_rate"": 0.01, ""max_depth"": 7, ""n_estimators"": 900, ""scale_pos_weight"": 6, ""subsample"": 0.8}",xgboost,151,/home/ubuntu/Desktop/DeepAmes_Full_STL_4_keep_weights/results_TA102_without_S9/artifacts/base/xgboost/scalers/xgboost_seed_14_skf_1_paras_151_lr_0.01_n_900_depth_7_subsample_0.8_scale_pos_weight_6_scaler.joblib,14,1
xgboost_seed_14_skf_3_paras_151_lr_0.01_n_900_depth_7_subsample_0.8_scale_pos_weight_6,xgboost,14_skf_3,140,9,14,11,0.868,0.866,0.44,0.94,0.55,0.909,0.489,0.417,/home/ubuntu/Desktop/DeepAmes_Full_STL_4_keep_weights/results_TA102_without_S9/artifacts/base/xgboost/estimators/xgboost_seed_14_skf_3_paras_151_lr_0.01_n_900_depth_7_subsample_0.8_scale_pos_weight_6.joblib,"{""learning_rate"": 0.01, ""max_depth"": 7, ""n_estimators"": 900, ""scale_pos_weight"": 6, ""subsample"": 0.8}",xgboost,151,/home/ubuntu/Desktop/DeepAmes_Full_STL_4_keep_weights/results_TA102_without_S9/artifacts/base/xgboost/scalers/xgboost_seed_14_skf_3_paras_151_lr_0.01_n_900_depth_7_subsample_0.8_scale_pos_weight_6_scaler.joblib,14,3
xgboost_seed_14_skf_4_paras_151_lr_0.01_n_900_depth_7_subsample_0.8_scale_pos_weight_6,xgboost,14_skf_4,141,8,12,13,0.885,0.816,0.52,0.946,0.619,0.922,0.565,0.502,/home/ubuntu/Desktop/DeepAmes_Full_STL_4_keep_weights/results_TA102_without_S9/artifacts/base/xgboost/estimators/xgboost_seed_14_skf_4_paras_151_lr_0.01_n_900_depth_7_subsample_0.8_scale_pos_weight_6.joblib,"{""learning_rate"": 0.01, ""max_depth"": 7, ""n_estimators"": 900, ""scale_pos_weight"": 6, ""subsample"": 0.8}",xgboost,151,/home/ubuntu/Desktop/DeepAmes_Full_STL_4_keep_weights/results_TA102_without_S9/artifacts/base/xgboost/scalers/xgboost_seed_14_skf_4_paras_151_lr_0.01_n_900_depth_7_subsample_0.8_scale_pos_weight_6_scaler.joblib,14,4
xgboost_seed_15_skf_0_paras_151_lr_0.01_n_900_depth_7_subsample_0.8_scale_pos_weight_6,xgboost,15_skf_0,142,7,12,13,0.891,0.832,0.52,0.953,0.65,0.922,0.578,0.52,/home/ubuntu/Desktop/DeepAmes_Full_STL_4_keep_weights/results_TA102_without_S9/artifacts/base/xgboost/estimators/xgboost_seed_15_skf_0_paras_151_lr_0.01_n_900_depth_7_subsample_0.8_scale_pos_weight_6.joblib,"{""learning_rate"": 0.01, ""max_depth"": 7, ""n_estimators"": 900, ""scale_pos_weight"": 6, ""subsample"": 0.8}",xgboost,151,/home/ubuntu/Desktop/DeepAmes_Full_STL_4_keep_weights/results_TA102_without_S9/artifacts/base/xgboost/scalers/xgboost_seed_15_skf_0_paras_151_lr_0.01_n_900_depth_7_subsample_0.8_scale_pos_weight_6_scaler.joblib,15,0
xgboost_seed_15_skf_1_paras_151_lr_0.01_n_900_depth_7_subsample_0.8_scale_pos_weight_6,xgboost,15_skf_1,140,9,13,12,0.874,0.858,0.48,0.94,0.571,0.915,0.522,0.452,/home/ubuntu/Desktop/DeepAmes_Full_STL_4_keep_weights/results_TA102_without_S9/artifacts/base/xgboost/estimators/xgboost_seed_15_skf_1_paras_151_lr_0.01_n_900_depth_7_subsample_0.8_scale_pos_weight_6.joblib,"{""learning_rate"": 0.01, ""max_depth"": 7, ""n_estimators"": 900, ""scale_pos_weight"": 6, ""subsample"": 0.8}",xgboost,151,/home/ubuntu/Desktop/DeepAmes_Full_STL_4_keep_weights/results_TA102_without_S9/artifacts/base/xgboost/scalers/xgboost_seed_15_skf_1_paras_151_lr_0.01_n_900_depth_7_subsample_0.8_scale_pos_weight_6_scaler.joblib,15,1
xgboost_seed_15_skf_2_paras_151_lr_0.01_n_900_depth_7_subsample_0.8_scale_pos_weight_6,xgboost,15_skf_2,141,8,13,12,0.879,0.839,0.48,0.946,0.6,0.916,0.533,0.469,/home/ubuntu/Desktop/DeepAmes_Full_STL_4_keep_weights/results_TA102_without_S9/artifacts/base/xgboost/estimators/xgboost_seed_15_skf_2_paras_151_lr_0.01_n_900_depth_7_subsample_0.8_scale_pos_weight_6.joblib,"{""learning_rate"": 0.01, ""max_depth"": 7, ""n_estimators"": 900, ""scale_pos_weight"": 6, ""subsample"": 0.8}",xgboost,151,/home/ubuntu/Desktop/DeepAmes_Full_STL_4_keep_weights/results_TA102_without_S9/artifacts/base/xgboost/scalers/xgboost_seed_15_skf_2_paras_151_lr_0.01_n_900_depth_7_subsample_0.8_scale_pos_weight_6_scaler.joblib,15,2
xgboost_seed_15_skf_3_paras_151_lr_0.01_n_900_depth_7_subsample_0.8_scale_pos_weight_6,xgboost,15_skf_3,142,7,12,13,0.891,0.837,0.52,0.953,0.65,0.922,0.578,0.52,/home/ubuntu/Desktop/DeepAmes_Full_STL_4_keep_weights/results_TA102_without_S9/artifacts/base/xgboost/estimators/xgboost_seed_15_skf_3_paras_151_lr_0.01_n_900_depth_7_subsample_0.8_scale_pos_weight_6.joblib,"{""learning_rate"": 0.01, ""max_depth"": 7, ""n_estimators"": 900, ""scale_pos_weight"": 6, ""subsample"": 0.8}",xgboost,151,/home/ubuntu/Desktop/DeepAmes_Full_STL_4_keep_weights/results_TA102_without_S9/artifacts/base/xgboost/scalers/xgboost_seed_15_skf_3_paras_151_lr_0.01_n_900_depth_7_subsample_0.8_scale_pos_weight_6_scaler.joblib,15,3
xgboost_seed_15_skf_4_paras_151_lr_0.01_n_900_depth_7_subsample_0.8_scale_pos_weight_6,xgboost,15_skf_4,142,7,13,12,0.885,0.86,0.48,0.953,0.632,0.916,0.545,0.487,/home/ubuntu/Desktop/DeepAmes_Full_STL_4_keep_weights/results_TA102_without_S9/artifacts/base/xgboost/estimators/xgboost_seed_15_skf_4_paras_151_lr_0.01_n_900_depth_7_subsample_0.8_scale_pos_weight_6.joblib,"{""learning_rate"": 0.01, ""max_depth"": 7, ""n_estimators"": 900, ""scale_pos_weight"": 6, ""subsample"": 0.8}",xgboost,151,/home/ubuntu/Desktop/DeepAmes_Full_STL_4_keep_weights/results_TA102_without_S9/artifacts/base/xgboost/scalers/xgboost_seed_15_skf_4_paras_151_lr_0.01_n_900_depth_7_subsample_0.8_scale_pos_weight_6_scaler.joblib,15,4
xgboost_seed_16_skf_0_paras_151_lr_0.01_n_900_depth_7_subsample_0.8_scale_pos_weight_6,xgboost,16_skf_0,143,6,14,11,0.885,0.806,0.44,0.96,0.647,0.911,0.524,0.472,/home/ubuntu/Desktop/DeepAmes_Full_STL_4_keep_weights/results_TA102_without_S9/artifacts/base/xgboost/estimators/xgboost_seed_16_skf_0_paras_151_lr_0.01_n_900_depth_7_subsample_0.8_scale_pos_weight_6.joblib,"{""learning_rate"": 0.01, ""max_depth"": 7, ""n_estimators"": 900, ""scale_pos_weight"": 6, ""subsample"": 0.8}",xgboost,151,/home/ubuntu/Desktop/DeepAmes_Full_STL_4_keep_weights/results_TA102_without_S9/artifacts/base/xgboost/scalers/xgboost_seed_16_skf_0_paras_151_lr_0.01_n_900_depth_7_subsample_0.8_scale_pos_weight_6_scaler.joblib,16,0
xgboost_seed_16_skf_1_paras_151_lr_0.01_n_900_depth_7_subsample_0.8_scale_pos_weight_6,xgboost,16_skf_1,143,6,15,10,0.879,0.851,0.4,0.96,0.625,0.905,0.488,0.437,/home/ubuntu/Desktop/DeepAmes_Full_STL_4_keep_weights/results_TA102_without_S9/artifacts/base/xgboost/estimators/xgboost_seed_16_skf_1_paras_151_lr_0.01_n_900_depth_7_subsample_0.8_scale_pos_weight_6.joblib,"{""learning_rate"": 0.01, ""max_depth"": 7, ""n_estimators"": 900, ""scale_pos_weight"": 6, ""subsample"": 0.8}",xgboost,151,/home/ubuntu/Desktop/DeepAmes_Full_STL_4_keep_weights/results_TA102_without_S9/artifacts/base/xgboost/scalers/xgboost_seed_16_skf_1_paras_151_lr_0.01_n_900_depth_7_subsample_0.8_scale_pos_weight_6_scaler.joblib,16,1
xgboost_seed_16_skf_2_paras_151_lr_0.01_n_900_depth_7_subsample_0.8_scale_pos_weight_6,xgboost,16_skf_2,142,7,12,13,0.891,0.85,0.52,0.953,0.65,0.922,0.578,0.52,/home/ubuntu/Desktop/DeepAmes_Full_STL_4_keep_weights/results_TA102_without_S9/artifacts/base/xgboost/estimators/xgboost_seed_16_skf_2_paras_151_lr_0.01_n_900_depth_7_subsample_0.8_scale_pos_weight_6.joblib,"{""learning_rate"": 0.01, ""max_depth"": 7, ""n_estimators"": 900, ""scale_pos_weight"": 6, ""subsample"": 0.8}",xgboost,151,/home/ubuntu/Desktop/DeepAmes_Full_STL_4_keep_weights/results_TA102_without_S9/artifacts/base/xgboost/scalers/xgboost_seed_16_skf_2_paras_151_lr_0.01_n_900_depth_7_subsample_0.8_scale_pos_weight_6_scaler.joblib,16,2
xgboost_seed_16_skf_3_paras_151_lr_0.01_n_900_depth_7_subsample_0.8_scale_pos_weight_6,xgboost,16_skf_3,141,8,11,14,0.891,0.871,0.56,0.946,0.636,0.928,0.596,0.534,/home/ubuntu/Desktop/DeepAmes_Full_STL_4_keep_weights/results_TA102_without_S9/artifacts/base/xgboost/estimators/xgboost_seed_16_skf_3_paras_151_lr_0.01_n_900_depth_7_subsample_0.8_scale_pos_weight_6.joblib,"{""learning_rate"": 0.01, ""max_depth"": 7, ""n_estimators"": 900, ""scale_pos_weight"": 6, ""subsample"": 0.8}",xgboost,151,/home/ubuntu/Desktop/DeepAmes_Full_STL_4_keep_weights/results_TA102_without_S9/artifacts/base/xgboost/scalers/xgboost_seed_16_skf_3_paras_151_lr_0.01_n_900_depth_7_subsample_0.8_scale_pos_weight_6_scaler.joblib,16,3
xgboost_seed_16_skf_4_paras_151_lr_0.01_n_900_depth_7_subsample_0.8_scale_pos_weight_6,xgboost,16_skf_4,139,10,14,11,0.862,0.848,0.44,0.933,0.524,0.908,0.478,0.401,/home/ubuntu/Desktop/DeepAmes_Full_STL_4_keep_weights/results_TA102_without_S9/artifacts/base/xgboost/estimators/xgboost_seed_16_skf_4_paras_151_lr_0.01_n_900_depth_7_subsample_0.8_scale_pos_weight_6.joblib,"{""learning_rate"": 0.01, ""max_depth"": 7, ""n_estimators"": 900, ""scale_pos_weight"": 6, ""subsample"": 0.8}",xgboost,151,/home/ubuntu/Desktop/DeepAmes_Full_STL_4_keep_weights/results_TA102_without_S9/artifacts/base/xgboost/scalers/xgboost_seed_16_skf_4_paras_151_lr_0.01_n_900_depth_7_subsample_0.8_scale_pos_weight_6_scaler.joblib,16,4
xgboost_seed_17_skf_0_paras_151_lr_0.01_n_900_depth_7_subsample_0.8_scale_pos_weight_6,xgboost,17_skf_0,143,6,12,13,0.897,0.829,0.52,0.96,0.684,0.923,0.591,0.54,/home/ubuntu/Desktop/DeepAmes_Full_STL_4_keep_weights/results_TA102_without_S9/artifacts/base/xgboost/estimators/xgboost_seed_17_skf_0_paras_151_lr_0.01_n_900_depth_7_subsample_0.8_scale_pos_weight_6.joblib,"{""learning_rate"": 0.01, ""max_depth"": 7, ""n_estimators"": 900, ""scale_pos_weight"": 6, ""subsample"": 0.8}",xgboost,151,/home/ubuntu/Desktop/DeepAmes_Full_STL_4_keep_weights/results_TA102_without_S9/artifacts/base/xgboost/scalers/xgboost_seed_17_skf_0_paras_151_lr_0.01_n_900_depth_7_subsample_0.8_scale_pos_weight_6_scaler.joblib,17,0
xgboost_seed_17_skf_1_paras_151_lr_0.01_n_900_depth_7_subsample_0.8_scale_pos_weight_6,xgboost,17_skf_1,140,9,14,11,0.868,0.856,0.44,0.94,0.55,0.909,0.489,0.417,/home/ubuntu/Desktop/DeepAmes_Full_STL_4_keep_weights/results_TA102_without_S9/artifacts/base/xgboost/estimators/xgboost_seed_17_skf_1_paras_151_lr_0.01_n_900_depth_7_subsample_0.8_scale_pos_weight_6.joblib,"{""learning_rate"": 0.01, ""max_depth"": 7, ""n_estimators"": 900, ""scale_pos_weight"": 6, ""subsample"": 0.8}",xgboost,151,/home/ubuntu/Desktop/DeepAmes_Full_STL_4_keep_weights/results_TA102_without_S9/artifacts/base/xgboost/scalers/xgboost_seed_17_skf_1_paras_151_lr_0.01_n_900_depth_7_subsample_0.8_scale_pos_weight_6_scaler.joblib,17,1
xgboost_seed_17_skf_2_paras_151_lr_0.01_n_900_depth_7_subsample_0.8_scale_pos_weight_6,xgboost,17_skf_2,142,7,14,11,0.879,0.837,0.44,0.953,0.611,0.91,0.512,0.453,/home/ubuntu/Desktop/DeepAmes_Full_STL_4_keep_weights/results_TA102_without_S9/artifacts/base/xgboost/estimators/xgboost_seed_17_skf_2_paras_151_lr_0.01_n_900_depth_7_subsample_0.8_scale_pos_weight_6.joblib,"{""learning_rate"": 0.01, ""max_depth"": 7, ""n_estimators"": 900, ""scale_pos_weight"": 6, ""subsample"": 0.8}",xgboost,151,/home/ubuntu/Desktop/DeepAmes_Full_STL_4_keep_weights/results_TA102_without_S9/artifacts/base/xgboost/scalers/xgboost_seed_17_skf_2_paras_151_lr_0.01_n_900_depth_7_subsample_0.8_scale_pos_weight_6_scaler.joblib,17,2
xgboost_seed_17_skf_3_paras_151_lr_0.01_n_900_depth_7_subsample_0.8_scale_pos_weight_6,xgboost,17_skf_3,140,9,14,11,0.868,0.856,0.44,0.94,0.55,0.909,0.489,0.417,/home/ubuntu/Desktop/DeepAmes_Full_STL_4_keep_weights/results_TA102_without_S9/artifacts/base/xgboost/estimators/xgboost_seed_17_skf_3_paras_151_lr_0.01_n_900_depth_7_subsample_0.8_scale_pos_weight_6.joblib,"{""learning_rate"": 0.01, ""max_depth"": 7, ""n_estimators"": 900, ""scale_pos_weight"": 6, ""subsample"": 0.8}",xgboost,151,/home/ubuntu/Desktop/DeepAmes_Full_STL_4_keep_weights/results_TA102_without_S9/artifacts/base/xgboost/scalers/xgboost_seed_17_skf_3_paras_151_lr_0.01_n_900_depth_7_subsample_0.8_scale_pos_weight_6_scaler.joblib,17,3
xgboost_seed_17_skf_4_paras_151_lr_0.01_n_900_depth_7_subsample_0.8_scale_pos_weight_6,xgboost,17_skf_4,142,7,12,13,0.891,0.846,0.52,0.953,0.65,0.922,0.578,0.52,/home/ubuntu/Desktop/DeepAmes_Full_STL_4_keep_weights/results_TA102_without_S9/artifacts/base/xgboost/estimators/xgboost_seed_17_skf_4_paras_151_lr_0.01_n_900_depth_7_subsample_0.8_scale_pos_weight_6.joblib,"{""learning_rate"": 0.01, ""max_depth"": 7, ""n_estimators"": 900, ""scale_pos_weight"": 6, ""subsample"": 0.8}",xgboost,151,/home/ubuntu/Desktop/DeepAmes_Full_STL_4_keep_weights/results_TA102_without_S9/artifacts/base/xgboost/scalers/xgboost_seed_17_skf_4_paras_151_lr_0.01_n_900_depth_7_subsample_0.8_scale_pos_weight_6_scaler.joblib,17,4
xgboost_seed_18_skf_0_paras_151_lr_0.01_n_900_depth_7_subsample_0.8_scale_pos_weight_6,xgboost,18_skf_0,141,8,14,11,0.874,0.817,0.44,0.946,0.579,0.91,0.5,0.434,/home/ubuntu/Desktop/DeepAmes_Full_STL_4_keep_weights/results_TA102_without_S9/artifacts/base/xgboost/estimators/xgboost_seed_18_skf_0_paras_151_lr_0.01_n_900_depth_7_subsample_0.8_scale_pos_weight_6.joblib,"{""learning_rate"": 0.01, ""max_depth"": 7, ""n_estimators"": 900, ""scale_pos_weight"": 6, ""subsample"": 0.8}",xgboost,151,/home/ubuntu/Desktop/DeepAmes_Full_STL_4_keep_weights/results_TA102_without_S9/artifacts/base/xgboost/scalers/xgboost_seed_18_skf_0_paras_151_lr_0.01_n_900_depth_7_subsample_0.8_scale_pos_weight_6_scaler.joblib,18,0
xgboost_seed_18_skf_1_paras_151_lr_0.01_n_900_depth_7_subsample_0.8_scale_pos_weight_6,xgboost,18_skf_1,142,7,12,13,0.891,0.85,0.52,0.953,0.65,0.922,0.578,0.52,/home/ubuntu/Desktop/DeepAmes_Full_STL_4_keep_weights/results_TA102_without_S9/artifacts/base/xgboost/estimators/xgboost_seed_18_skf_1_paras_151_lr_0.01_n_900_depth_7_subsample_0.8_scale_pos_weight_6.joblib,"{""learning_rate"": 0.01, ""max_depth"": 7, ""n_estimators"": 900, ""scale_pos_weight"": 6, ""subsample"": 0.8}",xgboost,151,/home/ubuntu/Desktop/DeepAmes_Full_STL_4_keep_weights/results_TA102_without_S9/artifacts/base/xgboost/scalers/xgboost_seed_18_skf_1_paras_151_lr_0.01_n_900_depth_7_subsample_0.8_scale_pos_weight_6_scaler.joblib,18,1
xgboost_seed_18_skf_2_paras_151_lr_0.01_n_900_depth_7_subsample_0.8_scale_pos_weight_6,xgboost,18_skf_2,141,8,12,13,0.885,0.806,0.52,0.946,0.619,0.922,0.565,0.502,/home/ubuntu/Desktop/DeepAmes_Full_STL_4_keep_weights/results_TA102_without_S9/artifacts/base/xgboost/estimators/xgboost_seed_18_skf_2_paras_151_lr_0.01_n_900_depth_7_subsample_0.8_scale_pos_weight_6.joblib,"{""learning_rate"": 0.01, ""max_depth"": 7, ""n_estimators"": 900, ""scale_pos_weight"": 6, ""subsample"": 0.8}",xgboost,151,/home/ubuntu/Desktop/DeepAmes_Full_STL_4_keep_weights/results_TA102_without_S9/artifacts/base/xgboost/scalers/xgboost_seed_18_skf_2_paras_151_lr_0.01_n_900_depth_7_subsample_0.8_scale_pos_weight_6_scaler.joblib,18,2
xgboost_seed_18_skf_3_paras_151_lr_0.01_n_900_depth_7_subsample_0.8_scale_pos_weight_6,xgboost,18_skf_3,140,9,13,12,0.874,0.85,0.48,0.94,0.571,0.915,0.522,0.452,/home/ubuntu/Desktop/DeepAmes_Full_STL_4_keep_weights/results_TA102_without_S9/artifacts/base/xgboost/estimators/xgboost_seed_18_skf_3_paras_151_lr_0.01_n_900_depth_7_subsample_0.8_scale_pos_weight_6.joblib,"{""learning_rate"": 0.01, ""max_depth"": 7, ""n_estimators"": 900, ""scale_pos_weight"": 6, ""subsample"": 0.8}",xgboost,151,/home/ubuntu/Desktop/DeepAmes_Full_STL_4_keep_weights/results_TA102_without_S9/artifacts/base/xgboost/scalers/xgboost_seed_18_skf_3_paras_151_lr_0.01_n_900_depth_7_subsample_0.8_scale_pos_weight_6_scaler.joblib,18,3
xgboost_seed_18_skf_4_paras_151_lr_0.01_n_900_depth_7_subsample_0.8_scale_pos_weight_6,xgboost,18_skf_4,140,9,12,13,0.879,0.884,0.52,0.94,0.591,0.921,0.553,0.485,/home/ubuntu/Desktop/DeepAmes_Full_STL_4_keep_weights/results_TA102_without_S9/artifacts/base/xgboost/estimators/xgboost_seed_18_skf_4_paras_151_lr_0.01_n_900_depth_7_subsample_0.8_scale_pos_weight_6.joblib,"{""learning_rate"": 0.01, ""max_depth"": 7, ""n_estimators"": 900, ""scale_pos_weight"": 6, ""subsample"": 0.8}",xgboost,151,/home/ubuntu/Desktop/DeepAmes_Full_STL_4_keep_weights/results_TA102_without_S9/artifacts/base/xgboost/scalers/xgboost_seed_18_skf_4_paras_151_lr_0.01_n_900_depth_7_subsample_0.8_scale_pos_weight_6_scaler.joblib,18,4
xgboost_seed_19_skf_0_paras_151_lr_0.01_n_900_depth_7_subsample_0.8_scale_pos_weight_6,xgboost,19_skf_0,142,7,15,10,0.874,0.832,0.4,0.953,0.588,0.904,0.476,0.417,/home/ubuntu/Desktop/DeepAmes_Full_STL_4_keep_weights/results_TA102_without_S9/artifacts/base/xgboost/estimators/xgboost_seed_19_skf_0_paras_151_lr_0.01_n_900_depth_7_subsample_0.8_scale_pos_weight_6.joblib,"{""learning_rate"": 0.01, ""max_depth"": 7, ""n_estimators"": 900, ""scale_pos_weight"": 6, ""subsample"": 0.8}",xgboost,151,/home/ubuntu/Desktop/DeepAmes_Full_STL_4_keep_weights/results_TA102_without_S9/artifacts/base/xgboost/scalers/xgboost_seed_19_skf_0_paras_151_lr_0.01_n_900_depth_7_subsample_0.8_scale_pos_weight_6_scaler.joblib,19,0
xgboost_seed_19_skf_1_paras_151_lr_0.01_n_900_depth_7_subsample_0.8_scale_pos_weight_6,xgboost,19_skf_1,140,9,11,14,0.885,0.861,0.56,0.94,0.609,0.927,0.583,0.517,/home/ubuntu/Desktop/DeepAmes_Full_STL_4_keep_weights/results_TA102_without_S9/artifacts/base/xgboost/estimators/xgboost_seed_19_skf_1_paras_151_lr_0.01_n_900_depth_7_subsample_0.8_scale_pos_weight_6.joblib,"{""learning_rate"": 0.01, ""max_depth"": 7, ""n_estimators"": 900, ""scale_pos_weight"": 6, ""subsample"": 0.8}",xgboost,151,/home/ubuntu/Desktop/DeepAmes_Full_STL_4_keep_weights/results_TA102_without_S9/artifacts/base/xgboost/scalers/xgboost_seed_19_skf_1_paras_151_lr_0.01_n_900_depth_7_subsample_0.8_scale_pos_weight_6_scaler.joblib,19,1
xgboost_seed_19_skf_2_paras_151_lr_0.01_n_900_depth_7_subsample_0.8_scale_pos_weight_6,xgboost,19_skf_2,141,8,13,12,0.879,0.819,0.48,0.946,0.6,0.916,0.533,0.469,/home/ubuntu/Desktop/DeepAmes_Full_STL_4_keep_weights/results_TA102_without_S9/artifacts/base/xgboost/estimators/xgboost_seed_19_skf_2_paras_151_lr_0.01_n_900_depth_7_subsample_0.8_scale_pos_weight_6.joblib,"{""learning_rate"": 0.01, ""max_depth"": 7, ""n_estimators"": 900, ""scale_pos_weight"": 6, ""subsample"": 0.8}",xgboost,151,/home/ubuntu/Desktop/DeepAmes_Full_STL_4_keep_weights/results_TA102_without_S9/artifacts/base/xgboost/scalers/xgboost_seed_19_skf_2_paras_151_lr_0.01_n_900_depth_7_subsample_0.8_scale_pos_weight_6_scaler.joblib,19,2
xgboost_seed_19_skf_3_paras_151_lr_0.01_n_900_depth_7_subsample_0.8_scale_pos_weight_6,xgboost,19_skf_3,142,7,15,10,0.874,0.875,0.4,0.953,0.588,0.904,0.476,0.417,/home/ubuntu/Desktop/DeepAmes_Full_STL_4_keep_weights/results_TA102_without_S9/artifacts/base/xgboost/estimators/xgboost_seed_19_skf_3_paras_151_lr_0.01_n_900_depth_7_subsample_0.8_scale_pos_weight_6.joblib,"{""learning_rate"": 0.01, ""max_depth"": 7, ""n_estimators"": 900, ""scale_pos_weight"": 6, ""subsample"": 0.8}",xgboost,151,/home/ubuntu/Desktop/DeepAmes_Full_STL_4_keep_weights/results_TA102_without_S9/artifacts/base/xgboost/scalers/xgboost_seed_19_skf_3_paras_151_lr_0.01_n_900_depth_7_subsample_0.8_scale_pos_weight_6_scaler.joblib,19,3
xgboost_seed_19_skf_4_paras_151_lr_0.01_n_900_depth_7_subsample_0.8_scale_pos_weight_6,xgboost,19_skf_4,140,9,12,13,0.879,0.82,0.52,0.94,0.591,0.921,0.553,0.485,/home/ubuntu/Desktop/DeepAmes_Full_STL_4_keep_weights/results_TA102_without_S9/artifacts/base/xgboost/estimators/xgboost_seed_19_skf_4_paras_151_lr_0.01_n_900_depth_7_subsample_0.8_scale_pos_weight_6.joblib,"{""learning_rate"": 0.01, ""max_depth"": 7, ""n_estimators"": 900, ""scale_pos_weight"": 6, ""subsample"": 0.8}",xgboost,151,/home/ubuntu/Desktop/DeepAmes_Full_STL_4_keep_weights/results_TA102_without_S9/artifacts/base/xgboost/scalers/xgboost_seed_19_skf_4_paras_151_lr_0.01_n_900_depth_7_subsample_0.8_scale_pos_weight_6_scaler.joblib,19,4
rf_seed_0_skf_0_paras_148_estimator_500_depth_None_minSample_70_random_1_weight_balanced,rf,0_skf_0,128,21,12,13,0.81,0.802,0.52,0.859,0.382,0.914,0.441,0.335,/home/ubuntu/Desktop/DeepAmes_Full_STL_4_keep_weights/results_TA102_without_S9/artifacts/base/rf/estimators/rf_seed_0_skf_0_paras_148_estimator_500_depth_None_minSample_70_random_1_weight_balanced.joblib,"{""bootstrap"": true, ""class_weight"": ""balanced"", ""max_depth"": null, ""max_features"": ""log2"", ""min_samples_split"": 70, ""n_estimators"": 500, ""random_state"": 1}",rf,148,/home/ubuntu/Desktop/DeepAmes_Full_STL_4_keep_weights/results_TA102_without_S9/artifacts/base/rf/scalers/rf_seed_0_skf_0_paras_148_estimator_500_depth_None_minSample_70_random_1_weight_balanced_scaler.joblib,0,0
rf_seed_0_skf_1_paras_148_estimator_500_depth_None_minSample_70_random_1_weight_balanced,rf,0_skf_1,132,17,12,13,0.833,0.832,0.52,0.886,0.433,0.917,0.473,0.377,/home/ubuntu/Desktop/DeepAmes_Full_STL_4_keep_weights/results_TA102_without_S9/artifacts/base/rf/estimators/rf_seed_0_skf_1_paras_148_estimator_500_depth_None_minSample_70_random_1_weight_balanced.joblib,"{""bootstrap"": true, ""class_weight"": ""balanced"", ""max_depth"": null, ""max_features"": ""log2"", ""min_samples_split"": 70, ""n_estimators"": 500, ""random_state"": 1}",rf,148,/home/ubuntu/Desktop/DeepAmes_Full_STL_4_keep_weights/results_TA102_without_S9/artifacts/base/rf/scalers/rf_seed_0_skf_1_paras_148_estimator_500_depth_None_minSample_70_random_1_weight_balanced_scaler.joblib,0,1
rf_seed_0_skf_2_paras_148_estimator_500_depth_None_minSample_70_random_1_weight_balanced,rf,0_skf_2,129,20,11,14,0.822,0.799,0.56,0.866,0.412,0.921,0.475,0.377,/home/ubuntu/Desktop/DeepAmes_Full_STL_4_keep_weights/results_TA102_without_S9/artifacts/base/rf/estimators/rf_seed_0_skf_2_paras_148_estimator_500_depth_None_minSample_70_random_1_weight_balanced.joblib,"{""bootstrap"": true, ""class_weight"": ""balanced"", ""max_depth"": null, ""max_features"": ""log2"", ""min_samples_split"": 70, ""n_estimators"": 500, ""random_state"": 1}",rf,148,/home/ubuntu/Desktop/DeepAmes_Full_STL_4_keep_weights/results_TA102_without_S9/artifacts/base/rf/scalers/rf_seed_0_skf_2_paras_148_estimator_500_depth_None_minSample_70_random_1_weight_balanced_scaler.joblib,0,2
rf_seed_0_skf_3_paras_148_estimator_500_depth_None_minSample_70_random_1_weight_balanced,rf,0_skf_3,132,17,11,14,0.839,0.813,0.56,0.886,0.452,0.923,0.5,0.409,/home/ubuntu/Desktop/DeepAmes_Full_STL_4_keep_weights/results_TA102_without_S9/artifacts/base/rf/estimators/rf_seed_0_skf_3_paras_148_estimator_500_depth_None_minSample_70_random_1_weight_balanced.joblib,"{""bootstrap"": true, ""class_weight"": ""balanced"", ""max_depth"": null, ""max_features"": ""log2"", ""min_samples_split"": 70, ""n_estimators"": 500, ""random_state"": 1}",rf,148,/home/ubuntu/Desktop/DeepAmes_Full_STL_4_keep_weights/results_TA102_without_S9/artifacts/base/rf/scalers/rf_seed_0_skf_3_paras_148_estimator_500_depth_None_minSample_70_random_1_weight_balanced_scaler.joblib,0,3
rf_seed_0_skf_4_paras_148_estimator_500_depth_None_minSample_70_random_1_weight_balanced,rf,0_skf_4,132,17,11,14,0.839,0.807,0.56,0.886,0.452,0.923,0.5,0.409,/home/ubuntu/Desktop/DeepAmes_Full_STL_4_keep_weights/results_TA102_without_S9/artifacts/base/rf/estimators/rf_seed_0_skf_4_paras_148_estimator_500_depth_None_minSample_70_random_1_weight_balanced.joblib,"{""bootstrap"": true, ""class_weight"": ""balanced"", ""max_depth"": null, ""max_features"": ""log2"", ""min_samples_split"": 70, ""n_estimators"": 500, ""random_state"": 1}",rf,148,/home/ubuntu/Desktop/DeepAmes_Full_STL_4_keep_weights/results_TA102_without_S9/artifacts/base/rf/scalers/rf_seed_0_skf_4_paras_148_estimator_500_depth_None_minSample_70_random_1_weight_balanced_scaler.joblib,0,4
rf_seed_1_skf_0_paras_148_estimator_500_depth_None_minSample_70_random_1_weight_balanced,rf,1_skf_0,130,19,11,14,0.828,0.8,0.56,0.872,0.424,0.922,0.483,0.387,/home/ubuntu/Desktop/DeepAmes_Full_STL_4_keep_weights/results_TA102_without_S9/artifacts/base/rf/estimators/rf_seed_1_skf_0_paras_148_estimator_500_depth_None_minSample_70_random_1_weight_balanced.joblib,"{""bootstrap"": true, ""class_weight"": ""balanced"", ""max_depth"": null, ""max_features"": ""log2"", ""min_samples_split"": 70, ""n_estimators"": 500, ""random_state"": 1}",rf,148,/home/ubuntu/Desktop/DeepAmes_Full_STL_4_keep_weights/results_TA102_without_S9/artifacts/base/rf/scalers/rf_seed_1_skf_0_paras_148_estimator_500_depth_None_minSample_70_random_1_weight_balanced_scaler.joblib,1,0
rf_seed_1_skf_1_paras_148_estimator_500_depth_None_minSample_70_random_1_weight_balanced,rf,1_skf_1,131,18,12,13,0.828,0.828,0.52,0.879,0.419,0.916,0.464,0.366,/home/ubuntu/Desktop/DeepAmes_Full_STL_4_keep_weights/results_TA102_without_S9/artifacts/base/rf/estimators/rf_seed_1_skf_1_paras_148_estimator_500_depth_None_minSample_70_random_1_weight_balanced.joblib,"{""bootstrap"": true, ""class_weight"": ""balanced"", ""max_depth"": null, ""max_features"": ""log2"", ""min_samples_split"": 70, ""n_estimators"": 500, ""random_state"": 1}",rf,148,/home/ubuntu/Desktop/DeepAmes_Full_STL_4_keep_weights/results_TA102_without_S9/artifacts/base/rf/scalers/rf_seed_1_skf_1_paras_148_estimator_500_depth_None_minSample_70_random_1_weight_balanced_scaler.joblib,1,1
rf_seed_1_skf_2_paras_148_estimator_500_depth_None_minSample_70_random_1_weight_balanced,rf,1_skf_2,134,15,11,14,0.851,0.835,0.56,0.899,0.483,0.924,0.519,0.432,/home/ubuntu/Desktop/DeepAmes_Full_STL_4_keep_weights/results_TA102_without_S9/artifacts/base/rf/estimators/rf_seed_1_skf_2_paras_148_estimator_500_depth_None_minSample_70_random_1_weight_balanced.joblib,"{""bootstrap"": true, ""class_weight"": ""balanced"", ""max_depth"": null, ""max_features"": ""log2"", ""min_samples_split"": 70, ""n_estimators"": 500, ""random_state"": 1}",rf,148,/home/ubuntu/Desktop/DeepAmes_Full_STL_4_keep_weights/results_TA102_without_S9/artifacts/base/rf/scalers/rf_seed_1_skf_2_paras_148_estimator_500_depth_None_minSample_70_random_1_weight_balanced_scaler.joblib,1,2
rf_seed_1_skf_3_paras_148_estimator_500_depth_None_minSample_70_random_1_weight_balanced,rf,1_skf_3,132,17,12,13,0.833,0.824,0.52,0.886,0.433,0.917,0.473,0.377,/home/ubuntu/Desktop/DeepAmes_Full_STL_4_keep_weights/results_TA102_without_S9/artifacts/base/rf/estimators/rf_seed_1_skf_3_paras_148_estimator_500_depth_None_minSample_70_random_1_weight_balanced.joblib,"{""bootstrap"": true, ""class_weight"": ""balanced"", ""max_depth"": null, ""max_features"": ""log2"", ""min_samples_split"": 70, ""n_estimators"": 500, ""random_state"": 1}",rf,148,/home/ubuntu/Desktop/DeepAmes_Full_STL_4_keep_weights/results_TA102_without_S9/artifacts/base/rf/scalers/rf_seed_1_skf_3_paras_148_estimator_500_depth_None_minSample_70_random_1_weight_balanced_scaler.joblib,1,3
rf_seed_1_skf_4_paras_148_estimator_500_depth_None_minSample_70_random_1_weight_balanced,rf,1_skf_4,131,18,10,15,0.839,0.823,0.6,0.879,0.455,0.929,0.517,0.429,/home/ubuntu/Desktop/DeepAmes_Full_STL_4_keep_weights/results_TA102_without_S9/artifacts/base/rf/estimators/rf_seed_1_skf_4_paras_148_estimator_500_depth_None_minSample_70_random_1_weight_balanced.joblib,"{""bootstrap"": true, ""class_weight"": ""balanced"", ""max_depth"": null, ""max_features"": ""log2"", ""min_samples_split"": 70, ""n_estimators"": 500, ""random_state"": 1}",rf,148,/home/ubuntu/Desktop/DeepAmes_Full_STL_4_keep_weights/results_TA102_without_S9/artifacts/base/rf/scalers/rf_seed_1_skf_4_paras_148_estimator_500_depth_None_minSample_70_random_1_weight_balanced_scaler.joblib,1,4
rf_seed_2_skf_0_paras_148_estimator_500_depth_None_minSample_70_random_1_weight_balanced,rf,2_skf_0,131,18,10,15,0.839,0.818,0.6,0.879,0.455,0.929,0.517,0.429,/home/ubuntu/Desktop/DeepAmes_Full_STL_4_keep_weights/results_TA102_without_S9/artifacts/base/rf/estimators/rf_seed_2_skf_0_paras_148_estimator_500_depth_None_minSample_70_random_1_weight_balanced.joblib,"{""bootstrap"": true, ""class_weight"": ""balanced"", ""max_depth"": null, ""max_features"": ""log2"", ""min_samples_split"": 70, ""n_estimators"": 500, ""random_state"": 1}",rf,148,/home/ubuntu/Desktop/DeepAmes_Full_STL_4_keep_weights/results_TA102_without_S9/artifacts/base/rf/scalers/rf_seed_2_skf_0_paras_148_estimator_500_depth_None_minSample_70_random_1_weight_balanced_scaler.joblib,2,0
rf_seed_2_skf_1_paras_148_estimator_500_depth_None_minSample_70_random_1_weight_balanced,rf,2_skf_1,129,20,11,14,0.822,0.801,0.56,0.866,0.412,0.921,0.475,0.377,/home/ubuntu/Desktop/DeepAmes_Full_STL_4_keep_weights/results_TA102_without_S9/artifacts/base/rf/estimators/rf_seed_2_skf_1_paras_148_estimator_500_depth_None_minSample_70_random_1_weight_balanced.joblib,"{""bootstrap"": true, ""class_weight"": ""balanced"", ""max_depth"": null, ""max_features"": ""log2"", ""min_samples_split"": 70, ""n_estimators"": 500, ""random_state"": 1}",rf,148,/home/ubuntu/Desktop/DeepAmes_Full_STL_4_keep_weights/results_TA102_without_S9/artifacts/base/rf/scalers/rf_seed_2_skf_1_paras_148_estimator_500_depth_None_minSample_70_random_1_weight_balanced_scaler.joblib,2,1
rf_seed_2_skf_2_paras_148_estimator_500_depth_None_minSample_70_random_1_weight_balanced,rf,2_skf_2,131,18,13,12,0.822,0.827,0.48,0.879,0.4,0.91,0.436,0.334,/home/ubuntu/Desktop/DeepAmes_Full_STL_4_keep_weights/results_TA102_without_S9/artifacts/base/rf/estimators/rf_seed_2_skf_2_paras_148_estimator_500_depth_None_minSample_70_random_1_weight_balanced.joblib,"{""bootstrap"": true, ""class_weight"": ""balanced"", ""max_depth"": null, ""max_features"": ""log2"", ""min_samples_split"": 70, ""n_estimators"": 500, ""random_state"": 1}",rf,148,/home/ubuntu/Desktop/DeepAmes_Full_STL_4_keep_weights/results_TA102_without_S9/artifacts/base/rf/scalers/rf_seed_2_skf_2_paras_148_estimator_500_depth_None_minSample_70_random_1_weight_balanced_scaler.joblib,2,2
rf_seed_2_skf_3_paras_148_estimator_500_depth_None_minSample_70_random_1_weight_balanced,rf,2_skf_3,133,16,12,13,0.839,0.805,0.52,0.893,0.448,0.917,0.481,0.388,/home/ubuntu/Desktop/DeepAmes_Full_STL_4_keep_weights/results_TA102_without_S9/artifacts/base/rf/estimators/rf_seed_2_skf_3_paras_148_estimator_500_depth_None_minSample_70_random_1_weight_balanced.joblib,"{""bootstrap"": true, ""class_weight"": ""balanced"", ""max_depth"": null, ""max_features"": ""log2"", ""min_samples_split"": 70, ""n_estimators"": 500, ""random_state"": 1}",rf,148,/home/ubuntu/Desktop/DeepAmes_Full_STL_4_keep_weights/results_TA102_without_S9/artifacts/base/rf/scalers/rf_seed_2_skf_3_paras_148_estimator_500_depth_None_minSample_70_random_1_weight_balanced_scaler.joblib,2,3
rf_seed_2_skf_4_paras_148_estimator_500_depth_None_minSample_70_random_1_weight_balanced,rf,2_skf_4,132,17,13,12,0.828,0.831,0.48,0.886,0.414,0.91,0.444,0.344,/home/ubuntu/Desktop/DeepAmes_Full_STL_4_keep_weights/results_TA102_without_S9/artifacts/base/rf/estimators/rf_seed_2_skf_4_paras_148_estimator_500_depth_None_minSample_70_random_1_weight_balanced.joblib,"{""bootstrap"": true, ""class_weight"": ""balanced"", ""max_depth"": null, ""max_features"": ""log2"", ""min_samples_split"": 70, ""n_estimators"": 500, ""random_state"": 1}",rf,148,/home/ubuntu/Desktop/DeepAmes_Full_STL_4_keep_weights/results_TA102_without_S9/artifacts/base/rf/scalers/rf_seed_2_skf_4_paras_148_estimator_500_depth_None_minSample_70_random_1_weight_balanced_scaler.joblib,2,4
rf_seed_3_skf_0_paras_148_estimator_500_depth_None_minSample_70_random_1_weight_balanced,rf,3_skf_0,131,18,12,13,0.828,0.804,0.52,0.879,0.419,0.916,0.464,0.366,/home/ubuntu/Desktop/DeepAmes_Full_STL_4_keep_weights/results_TA102_without_S9/artifacts/base/rf/estimators/rf_seed_3_skf_0_paras_148_estimator_500_depth_None_minSample_70_random_1_weight_balanced.joblib,"{""bootstrap"": true, ""class_weight"": ""balanced"", ""max_depth"": null, ""max_features"": ""log2"", ""min_samples_split"": 70, ""n_estimators"": 500, ""random_state"": 1}",rf,148,/home/ubuntu/Desktop/DeepAmes_Full_STL_4_keep_weights/results_TA102_without_S9/artifacts/base/rf/scalers/rf_seed_3_skf_0_paras_148_estimator_500_depth_None_minSample_70_random_1_weight_balanced_scaler.joblib,3,0
rf_seed_3_skf_1_paras_148_estimator_500_depth_None_minSample_70_random_1_weight_balanced,rf,3_skf_1,132,17,11,14,0.839,0.824,0.56,0.886,0.452,0.923,0.5,0.409,/home/ubuntu/Desktop/DeepAmes_Full_STL_4_keep_weights/results_TA102_without_S9/artifacts/base/rf/estimators/rf_seed_3_skf_1_paras_148_estimator_500_depth_None_minSample_70_random_1_weight_balanced.joblib,"{""bootstrap"": true, ""class_weight"": ""balanced"", ""max_depth"": null, ""max_features"": ""log2"", ""min_samples_split"": 70, ""n_estimators"": 500, ""random_state"": 1}",rf,148,/home/ubuntu/Desktop/DeepAmes_Full_STL_4_keep_weights/results_TA102_without_S9/artifacts/base/rf/scalers/rf_seed_3_skf_1_paras_148_estimator_500_depth_None_minSample_70_random_1_weight_balanced_scaler.joblib,3,1
rf_seed_3_skf_2_paras_148_estimator_500_depth_None_minSample_70_random_1_weight_balanced,rf,3_skf_2,133,16,11,14,0.845,0.818,0.56,0.893,0.467,0.924,0.509,0.42,/home/ubuntu/Desktop/DeepAmes_Full_STL_4_keep_weights/results_TA102_without_S9/artifacts/base/rf/estimators/rf_seed_3_skf_2_paras_148_estimator_500_depth_None_minSample_70_random_1_weight_balanced.joblib,"{""bootstrap"": true, ""class_weight"": ""balanced"", ""max_depth"": null, ""max_features"": ""log2"", ""min_samples_split"": 70, ""n_estimators"": 500, ""random_state"": 1}",rf,148,/home/ubuntu/Desktop/DeepAmes_Full_STL_4_keep_weights/results_TA102_without_S9/artifacts/base/rf/scalers/rf_seed_3_skf_2_paras_148_estimator_500_depth_None_minSample_70_random_1_weight_balanced_scaler.joblib,3,2
rf_seed_3_skf_3_paras_148_estimator_500_depth_None_minSample_70_random_1_weight_balanced,rf,3_skf_3,130,19,11,14,0.828,0.819,0.56,0.872,0.424,0.922,0.483,0.387,/home/ubuntu/Desktop/DeepAmes_Full_STL_4_keep_weights/results_TA102_without_S9/artifacts/base/rf/estimators/rf_seed_3_skf_3_paras_148_estimator_500_depth_None_minSample_70_random_1_weight_balanced.joblib,"{""bootstrap"": true, ""class_weight"": ""balanced"", ""max_depth"": null, ""max_features"": ""log2"", ""min_samples_split"": 70, ""n_estimators"": 500, ""random_state"": 1}",rf,148,/home/ubuntu/Desktop/DeepAmes_Full_STL_4_keep_weights/results_TA102_without_S9/artifacts/base/rf/scalers/rf_seed_3_skf_3_paras_148_estimator_500_depth_None_minSample_70_random_1_weight_balanced_scaler.joblib,3,3
rf_seed_3_skf_4_paras_148_estimator_500_depth_None_minSample_70_random_1_weight_balanced,rf,3_skf_4,133,16,11,14,0.845,0.804,0.56,0.893,0.467,0.924,0.509,0.42,/home/ubuntu/Desktop/DeepAmes_Full_STL_4_keep_weights/results_TA102_without_S9/artifacts/base/rf/estimators/rf_seed_3_skf_4_paras_148_estimator_500_depth_None_minSample_70_random_1_weight_balanced.joblib,"{""bootstrap"": true, ""class_weight"": ""balanced"", ""max_depth"": null, ""max_features"": ""log2"", ""min_samples_split"": 70, ""n_estimators"": 500, ""random_state"": 1}",rf,148,/home/ubuntu/Desktop/DeepAmes_Full_STL_4_keep_weights/results_TA102_without_S9/artifacts/base/rf/scalers/rf_seed_3_skf_4_paras_148_estimator_500_depth_None_minSample_70_random_1_weight_balanced_scaler.joblib,3,4
rf_seed_4_skf_0_paras_148_estimator_500_depth_None_minSample_70_random_1_weight_balanced,rf,4_skf_0,131,18,11,14,0.833,0.828,0.56,0.879,0.438,0.923,0.491,0.398,/home/ubuntu/Desktop/DeepAmes_Full_STL_4_keep_weights/results_TA102_without_S9/artifacts/base/rf/estimators/rf_seed_4_skf_0_paras_148_estimator_500_depth_None_minSample_70_random_1_weight_balanced.joblib,"{""bootstrap"": true, ""class_weight"": ""balanced"", ""max_depth"": null, ""max_features"": ""log2"", ""min_samples_split"": 70, ""n_estimators"": 500, ""random_state"": 1}",rf,148,/home/ubuntu/Desktop/DeepAmes_Full_STL_4_keep_weights/results_TA102_without_S9/artifacts/base/rf/scalers/rf_seed_4_skf_0_paras_148_estimator_500_depth_None_minSample_70_random_1_weight_balanced_scaler.joblib,4,0
rf_seed_4_skf_1_paras_148_estimator_500_depth_None_minSample_70_random_1_weight_balanced,rf,4_skf_1,132,17,11,14,0.839,0.804,0.56,0.886,0.452,0.923,0.5,0.409,/home/ubuntu/Desktop/DeepAmes_Full_STL_4_keep_weights/results_TA102_without_S9/artifacts/base/rf/estimators/rf_seed_4_skf_1_paras_148_estimator_500_depth_None_minSample_70_random_1_weight_balanced.joblib,"{""bootstrap"": true, ""class_weight"": ""balanced"", ""max_depth"": null, ""max_features"": ""log2"", ""min_samples_split"": 70, ""n_estimators"": 500, ""random_state"": 1}",rf,148,/home/ubuntu/Desktop/DeepAmes_Full_STL_4_keep_weights/results_TA102_without_S9/artifacts/base/rf/scalers/rf_seed_4_skf_1_paras_148_estimator_500_depth_None_minSample_70_random_1_weight_balanced_scaler.joblib,4,1
rf_seed_4_skf_2_paras_148_estimator_500_depth_None_minSample_70_random_1_weight_balanced,rf,4_skf_2,131,18,12,13,0.828,0.834,0.52,0.879,0.419,0.916,0.464,0.366,/home/ubuntu/Desktop/DeepAmes_Full_STL_4_keep_weights/results_TA102_without_S9/artifacts/base/rf/estimators/rf_seed_4_skf_2_paras_148_estimator_500_depth_None_minSample_70_random_1_weight_balanced.joblib,"{""bootstrap"": true, ""class_weight"": ""balanced"", ""max_depth"": null, ""max_features"": ""log2"", ""min_samples_split"": 70, ""n_estimators"": 500, ""random_state"": 1}",rf,148,/home/ubuntu/Desktop/DeepAmes_Full_STL_4_keep_weights/results_TA102_without_S9/artifacts/base/rf/scalers/rf_seed_4_skf_2_paras_148_estimator_500_depth_None_minSample_70_random_1_weight_balanced_scaler.joblib,4,2
rf_seed_4_skf_3_paras_148_estimator_500_depth_None_minSample_70_random_1_weight_balanced,rf,4_skf_3,132,17,10,15,0.845,0.818,0.6,0.886,0.469,0.93,0.526,0.44,/home/ubuntu/Desktop/DeepAmes_Full_STL_4_keep_weights/results_TA102_without_S9/artifacts/base/rf/estimators/rf_seed_4_skf_3_paras_148_estimator_500_depth_None_minSample_70_random_1_weight_balanced.joblib,"{""bootstrap"": true, ""class_weight"": ""balanced"", ""max_depth"": null, ""max_features"": ""log2"", ""min_samples_split"": 70, ""n_estimators"": 500, ""random_state"": 1}",rf,148,/home/ubuntu/Desktop/DeepAmes_Full_STL_4_keep_weights/results_TA102_without_S9/artifacts/base/rf/scalers/rf_seed_4_skf_3_paras_148_estimator_500_depth_None_minSample_70_random_1_weight_balanced_scaler.joblib,4,3
rf_seed_4_skf_4_paras_148_estimator_500_depth_None_minSample_70_random_1_weight_balanced,rf,4_skf_4,131,18,11,14,0.833,0.816,0.56,0.879,0.438,0.923,0.491,0.398,/home/ubuntu/Desktop/DeepAmes_Full_STL_4_keep_weights/results_TA102_without_S9/artifacts/base/rf/estimators/rf_seed_4_skf_4_paras_148_estimator_500_depth_None_minSample_70_random_1_weight_balanced.joblib,"{""bootstrap"": true, ""class_weight"": ""balanced"", ""max_depth"": null, ""max_features"": ""log2"", ""min_samples_split"": 70, ""n_estimators"": 500, ""random_state"": 1}",rf,148,/home/ubuntu/Desktop/DeepAmes_Full_STL_4_keep_weights/results_TA102_without_S9/artifacts/base/rf/scalers/rf_seed_4_skf_4_paras_148_estimator_500_depth_None_minSample_70_random_1_weight_balanced_scaler.joblib,4,4
rf_seed_5_skf_0_paras_148_estimator_500_depth_None_minSample_70_random_1_weight_balanced,rf,5_skf_0,132,17,13,12,0.828,0.835,0.48,0.886,0.414,0.91,0.444,0.344,/home/ubuntu/Desktop/DeepAmes_Full_STL_4_keep_weights/results_TA102_without_S9/artifacts/base/rf/estimators/rf_seed_5_skf_0_paras_148_estimator_500_depth_None_minSample_70_random_1_weight_balanced.joblib,"{""bootstrap"": true, ""class_weight"": ""balanced"", ""max_depth"": null, ""max_features"": ""log2"", ""min_samples_split"": 70, ""n_estimators"": 500, ""random_state"": 1}",rf,148,/home/ubuntu/Desktop/DeepAmes_Full_STL_4_keep_weights/results_TA102_without_S9/artifacts/base/rf/scalers/rf_seed_5_skf_0_paras_148_estimator_500_depth_None_minSample_70_random_1_weight_balanced_scaler.joblib,5,0
rf_seed_5_skf_1_paras_148_estimator_500_depth_None_minSample_70_random_1_weight_balanced,rf,5_skf_1,131,18,11,14,0.833,0.82,0.56,0.879,0.438,0.923,0.491,0.398,/home/ubuntu/Desktop/DeepAmes_Full_STL_4_keep_weights/results_TA102_without_S9/artifacts/base/rf/estimators/rf_seed_5_skf_1_paras_148_estimator_500_depth_None_minSample_70_random_1_weight_balanced.joblib,"{""bootstrap"": true, ""class_weight"": ""balanced"", ""max_depth"": null, ""max_features"": ""log2"", ""min_samples_split"": 70, ""n_estimators"": 500, ""random_state"": 1}",rf,148,/home/ubuntu/Desktop/DeepAmes_Full_STL_4_keep_weights/results_TA102_without_S9/artifacts/base/rf/scalers/rf_seed_5_skf_1_paras_148_estimator_500_depth_None_minSample_70_random_1_weight_balanced_scaler.joblib,5,1
rf_seed_5_skf_2_paras_148_estimator_500_depth_None_minSample_70_random_1_weight_balanced,rf,5_skf_2,133,16,10,15,0.851,0.803,0.6,0.893,0.484,0.93,0.536,0.452,/home/ubuntu/Desktop/DeepAmes_Full_STL_4_keep_weights/results_TA102_without_S9/artifacts/base/rf/estimators/rf_seed_5_skf_2_paras_148_estimator_500_depth_None_minSample_70_random_1_weight_balanced.joblib,"{""bootstrap"": true, ""class_weight"": ""balanced"", ""max_depth"": null, ""max_features"": ""log2"", ""min_samples_split"": 70, ""n_estimators"": 500, ""random_state"": 1}",rf,148,/home/ubuntu/Desktop/DeepAmes_Full_STL_4_keep_weights/results_TA102_without_S9/artifacts/base/rf/scalers/rf_seed_5_skf_2_paras_148_estimator_500_depth_None_minSample_70_random_1_weight_balanced_scaler.joblib,5,2
rf_seed_5_skf_3_paras_148_estimator_500_depth_None_minSample_70_random_1_weight_balanced,rf,5_skf_3,131,18,10,15,0.839,0.801,0.6,0.879,0.455,0.929,0.517,0.429,/home/ubuntu/Desktop/DeepAmes_Full_STL_4_keep_weights/results_TA102_without_S9/artifacts/base/rf/estimators/rf_seed_5_skf_3_paras_148_estimator_500_depth_None_minSample_70_random_1_weight_balanced.joblib,"{""bootstrap"": true, ""class_weight"": ""balanced"", ""max_depth"": null, ""max_features"": ""log2"", ""min_samples_split"": 70, ""n_estimators"": 500, ""random_state"": 1}",rf,148,/home/ubuntu/Desktop/DeepAmes_Full_STL_4_keep_weights/results_TA102_without_S9/artifacts/base/rf/scalers/rf_seed_5_skf_3_paras_148_estimator_500_depth_None_minSample_70_random_1_weight_balanced_scaler.joblib,5,3
rf_seed_5_skf_4_paras_148_estimator_500_depth_None_minSample_70_random_1_weight_balanced,rf,5_skf_4,131,18,11,14,0.833,0.808,0.56,0.879,0.438,0.923,0.491,0.398,/home/ubuntu/Desktop/DeepAmes_Full_STL_4_keep_weights/results_TA102_without_S9/artifacts/base/rf/estimators/rf_seed_5_skf_4_paras_148_estimator_500_depth_None_minSample_70_random_1_weight_balanced.joblib,"{""bootstrap"": true, ""class_weight"": ""balanced"", ""max_depth"": null, ""max_features"": ""log2"", ""min_samples_split"": 70, ""n_estimators"": 500, ""random_state"": 1}",rf,148,/home/ubuntu/Desktop/DeepAmes_Full_STL_4_keep_weights/results_TA102_without_S9/artifacts/base/rf/scalers/rf_seed_5_skf_4_paras_148_estimator_500_depth_None_minSample_70_random_1_weight_balanced_scaler.joblib,5,4
rf_seed_6_skf_0_paras_148_estimator_500_depth_None_minSample_70_random_1_weight_balanced,rf,6_skf_0,130,19,11,14,0.828,0.814,0.56,0.872,0.424,0.922,0.483,0.387,/home/ubuntu/Desktop/DeepAmes_Full_STL_4_keep_weights/results_TA102_without_S9/artifacts/base/rf/estimators/rf_seed_6_skf_0_paras_148_estimator_500_depth_None_minSample_70_random_1_weight_balanced.joblib,"{""bootstrap"": true, ""class_weight"": ""balanced"", ""max_depth"": null, ""max_features"": ""log2"", ""min_samples_split"": 70, ""n_estimators"": 500, ""random_state"": 1}",rf,148,/home/ubuntu/Desktop/DeepAmes_Full_STL_4_keep_weights/results_TA102_without_S9/artifacts/base/rf/scalers/rf_seed_6_skf_0_paras_148_estimator_500_depth_None_minSample_70_random_1_weight_balanced_scaler.joblib,6,0
rf_seed_6_skf_1_paras_148_estimator_500_depth_None_minSample_70_random_1_weight_balanced,rf,6_skf_1,130,19,12,13,0.822,0.848,0.52,0.872,0.406,0.915,0.456,0.355,/home/ubuntu/Desktop/DeepAmes_Full_STL_4_keep_weights/results_TA102_without_S9/artifacts/base/rf/estimators/rf_seed_6_skf_1_paras_148_estimator_500_depth_None_minSample_70_random_1_weight_balanced.joblib,"{""bootstrap"": true, ""class_weight"": ""balanced"", ""max_depth"": null, ""max_features"": ""log2"", ""min_samples_split"": 70, ""n_estimators"": 500, ""random_state"": 1}",rf,148,/home/ubuntu/Desktop/DeepAmes_Full_STL_4_keep_weights/results_TA102_without_S9/artifacts/base/rf/scalers/rf_seed_6_skf_1_paras_148_estimator_500_depth_None_minSample_70_random_1_weight_balanced_scaler.joblib,6,1
rf_seed_6_skf_2_paras_148_estimator_500_depth_None_minSample_70_random_1_weight_balanced,rf,6_skf_2,132,17,11,14,0.839,0.785,0.56,0.886,0.452,0.923,0.5,0.409,/home/ubuntu/Desktop/DeepAmes_Full_STL_4_keep_weights/results_TA102_without_S9/artifacts/base/rf/estimators/rf_seed_6_skf_2_paras_148_estimator_500_depth_None_minSample_70_random_1_weight_balanced.joblib,"{""bootstrap"": true, ""class_weight"": ""balanced"", ""max_depth"": null, ""max_features"": ""log2"", ""min_samples_split"": 70, ""n_estimators"": 500, ""random_state"": 1}",rf,148,/home/ubuntu/Desktop/DeepAmes_Full_STL_4_keep_weights/results_TA102_without_S9/artifacts/base/rf/scalers/rf_seed_6_skf_2_paras_148_estimator_500_depth_None_minSample_70_random_1_weight_balanced_scaler.joblib,6,2
rf_seed_6_skf_3_paras_148_estimator_500_depth_None_minSample_70_random_1_weight_balanced,rf,6_skf_3,131,18,10,15,0.839,0.819,0.6,0.879,0.455,0.929,0.517,0.429,/home/ubuntu/Desktop/DeepAmes_Full_STL_4_keep_weights/results_TA102_without_S9/artifacts/base/rf/estimators/rf_seed_6_skf_3_paras_148_estimator_500_depth_None_minSample_70_random_1_weight_balanced.joblib,"{""bootstrap"": true, ""class_weight"": ""balanced"", ""max_depth"": null, ""max_features"": ""log2"", ""min_samples_split"": 70, ""n_estimators"": 500, ""random_state"": 1}",rf,148,/home/ubuntu/Desktop/DeepAmes_Full_STL_4_keep_weights/results_TA102_without_S9/artifacts/base/rf/scalers/rf_seed_6_skf_3_paras_148_estimator_500_depth_None_minSample_70_random_1_weight_balanced_scaler.joblib,6,3
rf_seed_7_skf_0_paras_148_estimator_500_depth_None_minSample_70_random_1_weight_balanced,rf,7_skf_0,130,19,12,13,0.822,0.807,0.52,0.872,0.406,0.915,0.456,0.355,/home/ubuntu/Desktop/DeepAmes_Full_STL_4_keep_weights/results_TA102_without_S9/artifacts/base/rf/estimators/rf_seed_7_skf_0_paras_148_estimator_500_depth_None_minSample_70_random_1_weight_balanced.joblib,"{""bootstrap"": true, ""class_weight"": ""balanced"", ""max_depth"": null, ""max_features"": ""log2"", ""min_samples_split"": 70, ""n_estimators"": 500, ""random_state"": 1}",rf,148,/home/ubuntu/Desktop/DeepAmes_Full_STL_4_keep_weights/results_TA102_without_S9/artifacts/base/rf/scalers/rf_seed_7_skf_0_paras_148_estimator_500_depth_None_minSample_70_random_1_weight_balanced_scaler.joblib,7,0
rf_seed_7_skf_1_paras_148_estimator_500_depth_None_minSample_70_random_1_weight_balanced,rf,7_skf_1,131,18,10,15,0.839,0.808,0.6,0.879,0.455,0.929,0.517,0.429,/home/ubuntu/Desktop/DeepAmes_Full_STL_4_keep_weights/results_TA102_without_S9/artifacts/base/rf/estimators/rf_seed_7_skf_1_paras_148_estimator_500_depth_None_minSample_70_random_1_weight_balanced.joblib,"{""bootstrap"": true, ""class_weight"": ""balanced"", ""max_depth"": null, ""max_features"": ""log2"", ""min_samples_split"": 70, ""n_estimators"": 500, ""random_state"": 1}",rf,148,/home/ubuntu/Desktop/DeepAmes_Full_STL_4_keep_weights/results_TA102_without_S9/artifacts/base/rf/scalers/rf_seed_7_skf_1_paras_148_estimator_500_depth_None_minSample_70_random_1_weight_balanced_scaler.joblib,7,1
rf_seed_7_skf_2_paras_148_estimator_500_depth_None_minSample_70_random_1_weight_balanced,rf,7_skf_2,133,16,12,13,0.839,0.797,0.52,0.893,0.448,0.917,0.481,0.388,/home/ubuntu/Desktop/DeepAmes_Full_STL_4_keep_weights/results_TA102_without_S9/artifacts/base/rf/estimators/rf_seed_7_skf_2_paras_148_estimator_500_depth_None_minSample_70_random_1_weight_balanced.joblib,"{""bootstrap"": true, ""class_weight"": ""balanced"", ""max_depth"": null, ""max_features"": ""log2"", ""min_samples_split"": 70, ""n_estimators"": 500, ""random_state"": 1}",rf,148,/home/ubuntu/Desktop/DeepAmes_Full_STL_4_keep_weights/results_TA102_without_S9/artifacts/base/rf/scalers/rf_seed_7_skf_2_paras_148_estimator_500_depth_None_minSample_70_random_1_weight_balanced_scaler.joblib,7,2
rf_seed_7_skf_3_paras_148_estimator_500_depth_None_minSample_70_random_1_weight_balanced,rf,7_skf_3,131,18,12,13,0.828,0.834,0.52,0.879,0.419,0.916,0.464,0.366,/home/ubuntu/Desktop/DeepAmes_Full_STL_4_keep_weights/results_TA102_without_S9/artifacts/base/rf/estimators/rf_seed_7_skf_3_paras_148_estimator_500_depth_None_minSample_70_random_1_weight_balanced.joblib,"{""bootstrap"": true, ""class_weight"": ""balanced"", ""max_depth"": null, ""max_features"": ""log2"", ""min_samples_split"": 70, ""n_estimators"": 500, ""random_state"": 1}",rf,148,/home/ubuntu/Desktop/DeepAmes_Full_STL_4_keep_weights/results_TA102_without_S9/artifacts/base/rf/scalers/rf_seed_7_skf_3_paras_148_estimator_500_depth_None_minSample_70_random_1_weight_balanced_scaler.joblib,7,3
rf_seed_7_skf_4_paras_148_estimator_500_depth_None_minSample_70_random_1_weight_balanced,rf,7_skf_4,130,19,12,13,0.822,0.818,0.52,0.872,0.406,0.915,0.456,0.355,/home/ubuntu/Desktop/DeepAmes_Full_STL_4_keep_weights/results_TA102_without_S9/artifacts/base/rf/estimators/rf_seed_7_skf_4_paras_148_estimator_500_depth_None_minSample_70_random_1_weight_balanced.joblib,"{""bootstrap"": true, ""class_weight"": ""balanced"", ""max_depth"": null, ""max_features"": ""log2"", ""min_samples_split"": 70, ""n_estimators"": 500, ""random_state"": 1}",rf,148,/home/ubuntu/Desktop/DeepAmes_Full_STL_4_keep_weights/results_TA102_without_S9/artifacts/base/rf/scalers/rf_seed_7_skf_4_paras_148_estimator_500_depth_None_minSample_70_random_1_weight_balanced_scaler.joblib,7,4
rf_seed_8_skf_0_paras_148_estimator_500_depth_None_minSample_70_random_1_weight_balanced,rf,8_skf_0,131,18,11,14,0.833,0.807,0.56,0.879,0.438,0.923,0.491,0.398,/home/ubuntu/Desktop/DeepAmes_Full_STL_4_keep_weights/results_TA102_without_S9/artifacts/base/rf/estimators/rf_seed_8_skf_0_paras_148_estimator_500_depth_None_minSample_70_random_1_weight_balanced.joblib,"{""bootstrap"": true, ""class_weight"": ""balanced"", ""max_depth"": null, ""max_features"": ""log2"", ""min_samples_split"": 70, ""n_estimators"": 500, ""random_state"": 1}",rf,148,/home/ubuntu/Desktop/DeepAmes_Full_STL_4_keep_weights/results_TA102_without_S9/artifacts/base/rf/scalers/rf_seed_8_skf_0_paras_148_estimator_500_depth_None_minSample_70_random_1_weight_balanced_scaler.joblib,8,0
rf_seed_8_skf_1_paras_148_estimator_500_depth_None_minSample_70_random_1_weight_balanced,rf,8_skf_1,132,17,12,13,0.833,0.819,0.52,0.886,0.433,0.917,0.473,0.377,/home/ubuntu/Desktop/DeepAmes_Full_STL_4_keep_weights/results_TA102_without_S9/artifacts/base/rf/estimators/rf_seed_8_skf_1_paras_148_estimator_500_depth_None_minSample_70_random_1_weight_balanced.joblib,"{""bootstrap"": true, ""class_weight"": ""balanced"", ""max_depth"": null, ""max_features"": ""log2"", ""min_samples_split"": 70, ""n_estimators"": 500, ""random_state"": 1}",rf,148,/home/ubuntu/Desktop/DeepAmes_Full_STL_4_keep_weights/results_TA102_without_S9/artifacts/base/rf/scalers/rf_seed_8_skf_1_paras_148_estimator_500_depth_None_minSample_70_random_1_weight_balanced_scaler.joblib,8,1
rf_seed_8_skf_2_paras_148_estimator_500_depth_None_minSample_70_random_1_weight_balanced,rf,8_skf_2,130,19,11,14,0.828,0.831,0.56,0.872,0.424,0.922,0.483,0.387,/home/ubuntu/Desktop/DeepAmes_Full_STL_4_keep_weights/results_TA102_without_S9/artifacts/base/rf/estimators/rf_seed_8_skf_2_paras_148_estimator_500_depth_None_minSample_70_random_1_weight_balanced.joblib,"{""bootstrap"": true, ""class_weight"": ""balanced"", ""max_depth"": null, ""max_features"": ""log2"", ""min_samples_split"": 70, ""n_estimators"": 500, ""random_state"": 1}",rf,148,/home/ubuntu/Desktop/DeepAmes_Full_STL_4_keep_weights/results_TA102_without_S9/artifacts/base/rf/scalers/rf_seed_8_skf_2_paras_148_estimator_500_depth_None_minSample_70_random_1_weight_balanced_scaler.joblib,8,2
rf_seed_8_skf_3_paras_148_estimator_500_depth_None_minSample_70_random_1_weight_balanced,rf,8_skf_3,132,17,10,15,0.845,0.824,0.6,0.886,0.469,0.93,0.526,0.44,/home/ubuntu/Desktop/DeepAmes_Full_STL_4_keep_weights/results_TA102_without_S9/artifacts/base/rf/estimators/rf_seed_8_skf_3_paras_148_estimator_500_depth_None_minSample_70_random_1_weight_balanced.joblib,"{""bootstrap"": true, ""class_weight"": ""balanced"", ""max_depth"": null, ""max_features"": ""log2"", ""min_samples_split"": 70, ""n_estimators"": 500, ""random_state"": 1}",rf,148,/home/ubuntu/Desktop/DeepAmes_Full_STL_4_keep_weights/results_TA102_without_S9/artifacts/base/rf/scalers/rf_seed_8_skf_3_paras_148_estimator_500_depth_None_minSample_70_random_1_weight_balanced_scaler.joblib,8,3
rf_seed_8_skf_4_paras_148_estimator_500_depth_None_minSample_70_random_1_weight_balanced,rf,8_skf_4,132,17,11,14,0.839,0.789,0.56,0.886,0.452,0.923,0.5,0.409,/home/ubuntu/Desktop/DeepAmes_Full_STL_4_keep_weights/results_TA102_without_S9/artifacts/base/rf/estimators/rf_seed_8_skf_4_paras_148_estimator_500_depth_None_minSample_70_random_1_weight_balanced.joblib,"{""bootstrap"": true, ""class_weight"": ""balanced"", ""max_depth"": null, ""max_features"": ""log2"", ""min_samples_split"": 70, ""n_estimators"": 500, ""random_state"": 1}",rf,148,/home/ubuntu/Desktop/DeepAmes_Full_STL_4_keep_weights/results_TA102_without_S9/artifacts/base/rf/scalers/rf_seed_8_skf_4_paras_148_estimator_500_depth_None_minSample_70_random_1_weight_balanced_scaler.joblib,8,4
rf_seed_9_skf_0_paras_148_estimator_500_depth_None_minSample_70_random_1_weight_balanced,rf,9_skf_0,135,14,12,13,0.851,0.811,0.52,0.906,0.481,0.918,0.5,0.413,/home/ubuntu/Desktop/DeepAmes_Full_STL_4_keep_weights/results_TA102_without_S9/artifacts/base/rf/estimators/rf_seed_9_skf_0_paras_148_estimator_500_depth_None_minSample_70_random_1_weight_balanced.joblib,"{""bootstrap"": true, ""class_weight"": ""balanced"", ""max_depth"": null, ""max_features"": ""log2"", ""min_samples_split"": 70, ""n_estimators"": 500, ""random_state"": 1}",rf,148,/home/ubuntu/Desktop/DeepAmes_Full_STL_4_keep_weights/results_TA102_without_S9/artifacts/base/rf/scalers/rf_seed_9_skf_0_paras_148_estimator_500_depth_None_minSample_70_random_1_weight_balanced_scaler.joblib,9,0
rf_seed_9_skf_2_paras_148_estimator_500_depth_None_minSample_70_random_1_weight_balanced,rf,9_skf_2,130,19,11,14,0.828,0.83,0.56,0.872,0.424,0.922,0.483,0.387,/home/ubuntu/Desktop/DeepAmes_Full_STL_4_keep_weights/results_TA102_without_S9/artifacts/base/rf/estimators/rf_seed_9_skf_2_paras_148_estimator_500_depth_None_minSample_70_random_1_weight_balanced.joblib,"{""bootstrap"": true, ""class_weight"": ""balanced"", ""max_depth"": null, ""max_features"": ""log2"", ""min_samples_split"": 70, ""n_estimators"": 500, ""random_state"": 1}",rf,148,/home/ubuntu/Desktop/DeepAmes_Full_STL_4_keep_weights/results_TA102_without_S9/artifacts/base/rf/scalers/rf_seed_9_skf_2_paras_148_estimator_500_depth_None_minSample_70_random_1_weight_balanced_scaler.joblib,9,2
rf_seed_9_skf_3_paras_148_estimator_500_depth_None_minSample_70_random_1_weight_balanced,rf,9_skf_3,132,17,11,14,0.839,0.81,0.56,0.886,0.452,0.923,0.5,0.409,/home/ubuntu/Desktop/DeepAmes_Full_STL_4_keep_weights/results_TA102_without_S9/artifacts/base/rf/estimators/rf_seed_9_skf_3_paras_148_estimator_500_depth_None_minSample_70_random_1_weight_balanced.joblib,"{""bootstrap"": true, ""class_weight"": ""balanced"", ""max_depth"": null, ""max_features"": ""log2"", ""min_samples_split"": 70, ""n_estimators"": 500, ""random_state"": 1}",rf,148,/home/ubuntu/Desktop/DeepAmes_Full_STL_4_keep_weights/results_TA102_without_S9/artifacts/base/rf/scalers/rf_seed_9_skf_3_paras_148_estimator_500_depth_None_minSample_70_random_1_weight_balanced_scaler.joblib,9,3
rf_seed_9_skf_4_paras_148_estimator_500_depth_None_minSample_70_random_1_weight_balanced,rf,9_skf_4,129,20,10,15,0.828,0.802,0.6,0.866,0.429,0.928,0.5,0.408,/home/ubuntu/Desktop/DeepAmes_Full_STL_4_keep_weights/results_TA102_without_S9/artifacts/base/rf/estimators/rf_seed_9_skf_4_paras_148_estimator_500_depth_None_minSample_70_random_1_weight_balanced.joblib,"{""bootstrap"": true, ""class_weight"": ""balanced"", ""max_depth"": null, ""max_features"": ""log2"", ""min_samples_split"": 70, ""n_estimators"": 500, ""random_state"": 1}",rf,148,/home/ubuntu/Desktop/DeepAmes_Full_STL_4_keep_weights/results_TA102_without_S9/artifacts/base/rf/scalers/rf_seed_9_skf_4_paras_148_estimator_500_depth_None_minSample_70_random_1_weight_balanced_scaler.joblib,9,4
rf_seed_10_skf_0_paras_148_estimator_500_depth_None_minSample_70_random_1_weight_balanced,rf,10_skf_0,132,17,11,14,0.839,0.815,0.56,0.886,0.452,0.923,0.5,0.409,/home/ubuntu/Desktop/DeepAmes_Full_STL_4_keep_weights/results_TA102_without_S9/artifacts/base/rf/estimators/rf_seed_10_skf_0_paras_148_estimator_500_depth_None_minSample_70_random_1_weight_balanced.joblib,"{""bootstrap"": true, ""class_weight"": ""balanced"", ""max_depth"": null, ""max_features"": ""log2"", ""min_samples_split"": 70, ""n_estimators"": 500, ""random_state"": 1}",rf,148,/home/ubuntu/Desktop/DeepAmes_Full_STL_4_keep_weights/results_TA102_without_S9/artifacts/base/rf/scalers/rf_seed_10_skf_0_paras_148_estimator_500_depth_None_minSample_70_random_1_weight_balanced_scaler.joblib,10,0
rf_seed_10_skf_1_paras_148_estimator_500_depth_None_minSample_70_random_1_weight_balanced,rf,10_skf_1,130,19,11,14,0.828,0.814,0.56,0.872,0.424,0.922,0.483,0.387,/home/ubuntu/Desktop/DeepAmes_Full_STL_4_keep_weights/results_TA102_without_S9/artifacts/base/rf/estimators/rf_seed_10_skf_1_paras_148_estimator_500_depth_None_minSample_70_random_1_weight_balanced.joblib,"{""bootstrap"": true, ""class_weight"": ""balanced"", ""max_depth"": null, ""max_features"": ""log2"", ""min_samples_split"": 70, ""n_estimators"": 500, ""random_state"": 1}",rf,148,/home/ubuntu/Desktop/DeepAmes_Full_STL_4_keep_weights/results_TA102_without_S9/artifacts/base/rf/scalers/rf_seed_10_skf_1_paras_148_estimator_500_depth_None_minSample_70_random_1_weight_balanced_scaler.joblib,10,1
rf_seed_10_skf_2_paras_148_estimator_500_depth_None_minSample_70_random_1_weight_balanced,rf,10_skf_2,132,17,12,13,0.833,0.802,0.52,0.886,0.433,0.917,0.473,0.377,/home/ubuntu/Desktop/DeepAmes_Full_STL_4_keep_weights/results_TA102_without_S9/artifacts/base/rf/estimators/rf_seed_10_skf_2_paras_148_estimator_500_depth_None_minSample_70_random_1_weight_balanced.joblib,"{""bootstrap"": true, ""class_weight"": ""balanced"", ""max_depth"": null, ""max_features"": ""log2"", ""min_samples_split"": 70, ""n_estimators"": 500, ""random_state"": 1}",rf,148,/home/ubuntu/Desktop/DeepAmes_Full_STL_4_keep_weights/results_TA102_without_S9/artifacts/base/rf/scalers/rf_seed_10_skf_2_paras_148_estimator_500_depth_None_minSample_70_random_1_weight_balanced_scaler.joblib,10,2
rf_seed_10_skf_3_paras_148_estimator_500_depth_None_minSample_70_random_1_weight_balanced,rf,10_skf_3,131,18,11,14,0.833,0.826,0.56,0.879,0.438,0.923,0.491,0.398,/home/ubuntu/Desktop/DeepAmes_Full_STL_4_keep_weights/results_TA102_without_S9/artifacts/base/rf/estimators/rf_seed_10_skf_3_paras_148_estimator_500_depth_None_minSample_70_random_1_weight_balanced.joblib,"{""bootstrap"": true, ""class_weight"": ""balanced"", ""max_depth"": null, ""max_features"": ""log2"", ""min_samples_split"": 70, ""n_estimators"": 500, ""random_state"": 1}",rf,148,/home/ubuntu/Desktop/DeepAmes_Full_STL_4_keep_weights/results_TA102_without_S9/artifacts/base/rf/scalers/rf_seed_10_skf_3_paras_148_estimator_500_depth_None_minSample_70_random_1_weight_balanced_scaler.joblib,10,3
rf_seed_10_skf_4_paras_148_estimator_500_depth_None_minSample_70_random_1_weight_balanced,rf,10_skf_4,129,20,10,15,0.828,0.801,0.6,0.866,0.429,0.928,0.5,0.408,/home/ubuntu/Desktop/DeepAmes_Full_STL_4_keep_weights/results_TA102_without_S9/artifacts/base/rf/estimators/rf_seed_10_skf_4_paras_148_estimator_500_depth_None_minSample_70_random_1_weight_balanced.joblib,"{""bootstrap"": true, ""class_weight"": ""balanced"", ""max_depth"": null, ""max_features"": ""log2"", ""min_samples_split"": 70, ""n_estimators"": 500, ""random_state"": 1}",rf,148,/home/ubuntu/Desktop/DeepAmes_Full_STL_4_keep_weights/results_TA102_without_S9/artifacts/base/rf/scalers/rf_seed_10_skf_4_paras_148_estimator_500_depth_None_minSample_70_random_1_weight_balanced_scaler.joblib,10,4
rf_seed_11_skf_0_paras_148_estimator_500_depth_None_minSample_70_random_1_weight_balanced,rf,11_skf_0,134,15,11,14,0.851,0.787,0.56,0.899,0.483,0.924,0.519,0.432,/home/ubuntu/Desktop/DeepAmes_Full_STL_4_keep_weights/results_TA102_without_S9/artifacts/base/rf/estimators/rf_seed_11_skf_0_paras_148_estimator_500_depth_None_minSample_70_random_1_weight_balanced.joblib,"{""bootstrap"": true, ""class_weight"": ""balanced"", ""max_depth"": null, ""max_features"": ""log2"", ""min_samples_split"": 70, ""n_estimators"": 500, ""random_state"": 1}",rf,148,/home/ubuntu/Desktop/DeepAmes_Full_STL_4_keep_weights/results_TA102_without_S9/artifacts/base/rf/scalers/rf_seed_11_skf_0_paras_148_estimator_500_depth_None_minSample_70_random_1_weight_balanced_scaler.joblib,11,0
rf_seed_11_skf_1_paras_148_estimator_500_depth_None_minSample_70_random_1_weight_balanced,rf,11_skf_1,129,20,12,13,0.816,0.818,0.52,0.866,0.394,0.915,0.448,0.345,/home/ubuntu/Desktop/DeepAmes_Full_STL_4_keep_weights/results_TA102_without_S9/artifacts/base/rf/estimators/rf_seed_11_skf_1_paras_148_estimator_500_depth_None_minSample_70_random_1_weight_balanced.joblib,"{""bootstrap"": true, ""class_weight"": ""balanced"", ""max_depth"": null, ""max_features"": ""log2"", ""min_samples_split"": 70, ""n_estimators"": 500, ""random_state"": 1}",rf,148,/home/ubuntu/Desktop/DeepAmes_Full_STL_4_keep_weights/results_TA102_without_S9/artifacts/base/rf/scalers/rf_seed_11_skf_1_paras_148_estimator_500_depth_None_minSample_70_random_1_weight_balanced_scaler.joblib,11,1
rf_seed_11_skf_2_paras_148_estimator_500_depth_None_minSample_70_random_1_weight_balanced,rf,11_skf_2,132,17,11,14,0.839,0.831,0.56,0.886,0.452,0.923,0.5,0.409,/home/ubuntu/Desktop/DeepAmes_Full_STL_4_keep_weights/results_TA102_without_S9/artifacts/base/rf/estimators/rf_seed_11_skf_2_paras_148_estimator_500_depth_None_minSample_70_random_1_weight_balanced.joblib,"{""bootstrap"": true, ""class_weight"": ""balanced"", ""max_depth"": null, ""max_features"": ""log2"", ""min_samples_split"": 70, ""n_estimators"": 500, ""random_state"": 1}",rf,148,/home/ubuntu/Desktop/DeepAmes_Full_STL_4_keep_weights/results_TA102_without_S9/artifacts/base/rf/scalers/rf_seed_11_skf_2_paras_148_estimator_500_depth_None_minSample_70_random_1_weight_balanced_scaler.joblib,11,2
rf_seed_11_skf_3_paras_148_estimator_500_depth_None_minSample_70_random_1_weight_balanced,rf,11_skf_3,131,18,12,13,0.828,0.794,0.52,0.879,0.419,0.916,0.464,0.366,/home/ubuntu/Desktop/DeepAmes_Full_STL_4_keep_weights/results_TA102_without_S9/artifacts/base/rf/estimators/rf_seed_11_skf_3_paras_148_estimator_500_depth_None_minSample_70_random_1_weight_balanced.joblib,"{""bootstrap"": true, ""class_weight"": ""balanced"", ""max_depth"": null, ""max_features"": ""log2"", ""min_samples_split"": 70, ""n_estimators"": 500, ""random_state"": 1}",rf,148,/home/ubuntu/Desktop/DeepAmes_Full_STL_4_keep_weights/results_TA102_without_S9/artifacts/base/rf/scalers/rf_seed_11_skf_3_paras_148_estimator_500_depth_None_minSample_70_random_1_weight_balanced_scaler.joblib,11,3
rf_seed_11_skf_4_paras_148_estimator_500_depth_None_minSample_70_random_1_weight_balanced,rf,11_skf_4,130,19,12,13,0.822,0.817,0.52,0.872,0.406,0.915,0.456,0.355,/home/ubuntu/Desktop/DeepAmes_Full_STL_4_keep_weights/results_TA102_without_S9/artifacts/base/rf/estimators/rf_seed_11_skf_4_paras_148_estimator_500_depth_None_minSample_70_random_1_weight_balanced.joblib,"{""bootstrap"": true, ""class_weight"": ""balanced"", ""max_depth"": null, ""max_features"": ""log2"", ""min_samples_split"": 70, ""n_estimators"": 500, ""random_state"": 1}",rf,148,/home/ubuntu/Desktop/DeepAmes_Full_STL_4_keep_weights/results_TA102_without_S9/artifacts/base/rf/scalers/rf_seed_11_skf_4_paras_148_estimator_500_depth_None_minSample_70_random_1_weight_balanced_scaler.joblib,11,4
rf_seed_12_skf_0_paras_148_estimator_500_depth_None_minSample_70_random_1_weight_balanced,rf,12_skf_0,131,18,10,15,0.839,0.826,0.6,0.879,0.455,0.929,0.517,0.429,/home/ubuntu/Desktop/DeepAmes_Full_STL_4_keep_weights/results_TA102_without_S9/artifacts/base/rf/estimators/rf_seed_12_skf_0_paras_148_estimator_500_depth_None_minSample_70_random_1_weight_balanced.joblib,"{""bootstrap"": true, ""class_weight"": ""balanced"", ""max_depth"": null, ""max_features"": ""log2"", ""min_samples_split"": 70, ""n_estimators"": 500, ""random_state"": 1}",rf,148,/home/ubuntu/Desktop/DeepAmes_Full_STL_4_keep_weights/results_TA102_without_S9/artifacts/base/rf/scalers/rf_seed_12_skf_0_paras_148_estimator_500_depth_None_minSample_70_random_1_weight_balanced_scaler.joblib,12,0
rf_seed_12_skf_1_paras_148_estimator_500_depth_None_minSample_70_random_1_weight_balanced,rf,12_skf_1,132,17,12,13,0.833,0.826,0.52,0.886,0.433,0.917,0.473,0.377,/home/ubuntu/Desktop/DeepAmes_Full_STL_4_keep_weights/results_TA102_without_S9/artifacts/base/rf/estimators/rf_seed_12_skf_1_paras_148_estimator_500_depth_None_minSample_70_random_1_weight_balanced.joblib,"{""bootstrap"": true, ""class_weight"": ""balanced"", ""max_depth"": null, ""max_features"": ""log2"", ""min_samples_split"": 70, ""n_estimators"": 500, ""random_state"": 1}",rf,148,/home/ubuntu/Desktop/DeepAmes_Full_STL_4_keep_weights/results_TA102_without_S9/artifacts/base/rf/scalers/rf_seed_12_skf_1_paras_148_estimator_500_depth_None_minSample_70_random_1_weight_balanced_scaler.joblib,12,1
rf_seed_12_skf_2_paras_148_estimator_500_depth_None_minSample_70_random_1_weight_balanced,rf,12_skf_2,131,18,11,14,0.833,0.818,0.56,0.879,0.438,0.923,0.491,0.398,/home/ubuntu/Desktop/DeepAmes_Full_STL_4_keep_weights/results_TA102_without_S9/artifacts/base/rf/estimators/rf_seed_12_skf_2_paras_148_estimator_500_depth_None_minSample_70_random_1_weight_balanced.joblib,"{""bootstrap"": true, ""class_weight"": ""balanced"", ""max_depth"": null, ""max_features"": ""log2"", ""min_samples_split"": 70, ""n_estimators"": 500, ""random_state"": 1}",rf,148,/home/ubuntu/Desktop/DeepAmes_Full_STL_4_keep_weights/results_TA102_without_S9/artifacts/base/rf/scalers/rf_seed_12_skf_2_paras_148_estimator_500_depth_None_minSample_70_random_1_weight_balanced_scaler.joblib,12,2
rf_seed_12_skf_3_paras_148_estimator_500_depth_None_minSample_70_random_1_weight_balanced,rf,12_skf_3,129,20,12,13,0.816,0.81,0.52,0.866,0.394,0.915,0.448,0.345,/home/ubuntu/Desktop/DeepAmes_Full_STL_4_keep_weights/results_TA102_without_S9/artifacts/base/rf/estimators/rf_seed_12_skf_3_paras_148_estimator_500_depth_None_minSample_70_random_1_weight_balanced.joblib,"{""bootstrap"": true, ""class_weight"": ""balanced"", ""max_depth"": null, ""max_features"": ""log2"", ""min_samples_split"": 70, ""n_estimators"": 500, ""random_state"": 1}",rf,148,/home/ubuntu/Desktop/DeepAmes_Full_STL_4_keep_weights/results_TA102_without_S9/artifacts/base/rf/scalers/rf_seed_12_skf_3_paras_148_estimator_500_depth_None_minSample_70_random_1_weight_balanced_scaler.joblib,12,3
rf_seed_12_skf_4_paras_148_estimator_500_depth_None_minSample_70_random_1_weight_balanced,rf,12_skf_4,133,16,11,14,0.845,0.783,0.56,0.893,0.467,0.924,0.509,0.42,/home/ubuntu/Desktop/DeepAmes_Full_STL_4_keep_weights/results_TA102_without_S9/artifacts/base/rf/estimators/rf_seed_12_skf_4_paras_148_estimator_500_depth_None_minSample_70_random_1_weight_balanced.joblib,"{""bootstrap"": true, ""class_weight"": ""balanced"", ""max_depth"": null, ""max_features"": ""log2"", ""min_samples_split"": 70, ""n_estimators"": 500, ""random_state"": 1}",rf,148,/home/ubuntu/Desktop/DeepAmes_Full_STL_4_keep_weights/results_TA102_without_S9/artifacts/base/rf/scalers/rf_seed_12_skf_4_paras_148_estimator_500_depth_None_minSample_70_random_1_weight_balanced_scaler.joblib,12,4
rf_seed_13_skf_0_paras_148_estimator_500_depth_None_minSample_70_random_1_weight_balanced,rf,13_skf_0,130,19,11,14,0.828,0.822,0.56,0.872,0.424,0.922,0.483,0.387,/home/ubuntu/Desktop/DeepAmes_Full_STL_4_keep_weights/results_TA102_without_S9/artifacts/base/rf/estimators/rf_seed_13_skf_0_paras_148_estimator_500_depth_None_minSample_70_random_1_weight_balanced.joblib,"{""bootstrap"": true, ""class_weight"": ""balanced"", ""max_depth"": null, ""max_features"": ""log2"", ""min_samples_split"": 70, ""n_estimators"": 500, ""random_state"": 1}",rf,148,/home/ubuntu/Desktop/DeepAmes_Full_STL_4_keep_weights/results_TA102_without_S9/artifacts/base/rf/scalers/rf_seed_13_skf_0_paras_148_estimator_500_depth_None_minSample_70_random_1_weight_balanced_scaler.joblib,13,0
rf_seed_13_skf_1_paras_148_estimator_500_depth_None_minSample_70_random_1_weight_balanced,rf,13_skf_1,130,19,11,14,0.828,0.792,0.56,0.872,0.424,0.922,0.483,0.387,/home/ubuntu/Desktop/DeepAmes_Full_STL_4_keep_weights/results_TA102_without_S9/artifacts/base/rf/estimators/rf_seed_13_skf_1_paras_148_estimator_500_depth_None_minSample_70_random_1_weight_balanced.joblib,"{""bootstrap"": true, ""class_weight"": ""balanced"", ""max_depth"": null, ""max_features"": ""log2"", ""min_samples_split"": 70, ""n_estimators"": 500, ""random_state"": 1}",rf,148,/home/ubuntu/Desktop/DeepAmes_Full_STL_4_keep_weights/results_TA102_without_S9/artifacts/base/rf/scalers/rf_seed_13_skf_1_paras_148_estimator_500_depth_None_minSample_70_random_1_weight_balanced_scaler.joblib,13,1
rf_seed_13_skf_2_paras_148_estimator_500_depth_None_minSample_70_random_1_weight_balanced,rf,13_skf_2,132,17,12,13,0.833,0.826,0.52,0.886,0.433,0.917,0.473,0.377,/home/ubuntu/Desktop/DeepAmes_Full_STL_4_keep_weights/results_TA102_without_S9/artifacts/base/rf/estimators/rf_seed_13_skf_2_paras_148_estimator_500_depth_None_minSample_70_random_1_weight_balanced.joblib,"{""bootstrap"": true, ""class_weight"": ""balanced"", ""max_depth"": null, ""max_features"": ""log2"", ""min_samples_split"": 70, ""n_estimators"": 500, ""random_state"": 1}",rf,148,/home/ubuntu/Desktop/DeepAmes_Full_STL_4_keep_weights/results_TA102_without_S9/artifacts/base/rf/scalers/rf_seed_13_skf_2_paras_148_estimator_500_depth_None_minSample_70_random_1_weight_balanced_scaler.joblib,13,2
rf_seed_13_skf_3_paras_148_estimator_500_depth_None_minSample_70_random_1_weight_balanced,rf,13_skf_3,133,16,11,14,0.845,0.829,0.56,0.893,0.467,0.924,0.509,0.42,/home/ubuntu/Desktop/DeepAmes_Full_STL_4_keep_weights/results_TA102_without_S9/artifacts/base/rf/estimators/rf_seed_13_skf_3_paras_148_estimator_500_depth_None_minSample_70_random_1_weight_balanced.joblib,"{""bootstrap"": true, ""class_weight"": ""balanced"", ""max_depth"": null, ""max_features"": ""log2"", ""min_samples_split"": 70, ""n_estimators"": 500, ""random_state"": 1}",rf,148,/home/ubuntu/Desktop/DeepAmes_Full_STL_4_keep_weights/results_TA102_without_S9/artifacts/base/rf/scalers/rf_seed_13_skf_3_paras_148_estimator_500_depth_None_minSample_70_random_1_weight_balanced_scaler.joblib,13,3
rf_seed_13_skf_4_paras_148_estimator_500_depth_None_minSample_70_random_1_weight_balanced,rf,13_skf_4,132,17,10,15,0.845,0.807,0.6,0.886,0.469,0.93,0.526,0.44,/home/ubuntu/Desktop/DeepAmes_Full_STL_4_keep_weights/results_TA102_without_S9/artifacts/base/rf/estimators/rf_seed_13_skf_4_paras_148_estimator_500_depth_None_minSample_70_random_1_weight_balanced.joblib,"{""bootstrap"": true, ""class_weight"": ""balanced"", ""max_depth"": null, ""max_features"": ""log2"", ""min_samples_split"": 70, ""n_estimators"": 500, ""random_state"": 1}",rf,148,/home/ubuntu/Desktop/DeepAmes_Full_STL_4_keep_weights/results_TA102_without_S9/artifacts/base/rf/scalers/rf_seed_13_skf_4_paras_148_estimator_500_depth_None_minSample_70_random_1_weight_balanced_scaler.joblib,13,4
rf_seed_14_skf_0_paras_148_estimator_500_depth_None_minSample_70_random_1_weight_balanced,rf,14_skf_0,131,18,11,14,0.833,0.817,0.56,0.879,0.438,0.923,0.491,0.398,/home/ubuntu/Desktop/DeepAmes_Full_STL_4_keep_weights/results_TA102_without_S9/artifacts/base/rf/estimators/rf_seed_14_skf_0_paras_148_estimator_500_depth_None_minSample_70_random_1_weight_balanced.joblib,"{""bootstrap"": true, ""class_weight"": ""balanced"", ""max_depth"": null, ""max_features"": ""log2"", ""min_samples_split"": 70, ""n_estimators"": 500, ""random_state"": 1}",rf,148,/home/ubuntu/Desktop/DeepAmes_Full_STL_4_keep_weights/results_TA102_without_S9/artifacts/base/rf/scalers/rf_seed_14_skf_0_paras_148_estimator_500_depth_None_minSample_70_random_1_weight_balanced_scaler.joblib,14,0
rf_seed_14_skf_1_paras_148_estimator_500_depth_None_minSample_70_random_1_weight_balanced,rf,14_skf_1,132,17,10,15,0.845,0.806,0.6,0.886,0.469,0.93,0.526,0.44,/home/ubuntu/Desktop/DeepAmes_Full_STL_4_keep_weights/results_TA102_without_S9/artifacts/base/rf/estimators/rf_seed_14_skf_1_paras_148_estimator_500_depth_None_minSample_70_random_1_weight_balanced.joblib,"{""bootstrap"": true, ""class_weight"": ""balanced"", ""max_depth"": null, ""max_features"": ""log2"", ""min_samples_split"": 70, ""n_estimators"": 500, ""random_state"": 1}",rf,148,/home/ubuntu/Desktop/DeepAmes_Full_STL_4_keep_weights/results_TA102_without_S9/artifacts/base/rf/scalers/rf_seed_14_skf_1_paras_148_estimator_500_depth_None_minSample_70_random_1_weight_balanced_scaler.joblib,14,1
rf_seed_14_skf_2_paras_148_estimator_500_depth_None_minSample_70_random_1_weight_balanced,rf,14_skf_2,131,18,12,13,0.828,0.823,0.52,0.879,0.419,0.916,0.464,0.366,/home/ubuntu/Desktop/DeepAmes_Full_STL_4_keep_weights/results_TA102_without_S9/artifacts/base/rf/estimators/rf_seed_14_skf_2_paras_148_estimator_500_depth_None_minSample_70_random_1_weight_balanced.joblib,"{""bootstrap"": true, ""class_weight"": ""balanced"", ""max_depth"": null, ""max_features"": ""log2"", ""min_samples_split"": 70, ""n_estimators"": 500, ""random_state"": 1}",rf,148,/home/ubuntu/Desktop/DeepAmes_Full_STL_4_keep_weights/results_TA102_without_S9/artifacts/base/rf/scalers/rf_seed_14_skf_2_paras_148_estimator_500_depth_None_minSample_70_random_1_weight_balanced_scaler.joblib,14,2
rf_seed_14_skf_3_paras_148_estimator_500_depth_None_minSample_70_random_1_weight_balanced,rf,14_skf_3,129,20,12,13,0.816,0.815,0.52,0.866,0.394,0.915,0.448,0.345,/home/ubuntu/Desktop/DeepAmes_Full_STL_4_keep_weights/results_TA102_without_S9/artifacts/base/rf/estimators/rf_seed_14_skf_3_paras_148_estimator_500_depth_None_minSample_70_random_1_weight_balanced.joblib,"{""bootstrap"": true, ""class_weight"": ""balanced"", ""max_depth"": null, ""max_features"": ""log2"", ""min_samples_split"": 70, ""n_estimators"": 500, ""random_state"": 1}",rf,148,/home/ubuntu/Desktop/DeepAmes_Full_STL_4_keep_weights/results_TA102_without_S9/artifacts/base/rf/scalers/rf_seed_14_skf_3_paras_148_estimator_500_depth_None_minSample_70_random_1_weight_balanced_scaler.joblib,14,3
rf_seed_14_skf_4_paras_148_estimator_500_depth_None_minSample_70_random_1_weight_balanced,rf,14_skf_4,131,18,12,13,0.828,0.792,0.52,0.879,0.419,0.916,0.464,0.366,/home/ubuntu/Desktop/DeepAmes_Full_STL_4_keep_weights/results_TA102_without_S9/artifacts/base/rf/estimators/rf_seed_14_skf_4_paras_148_estimator_500_depth_None_minSample_70_random_1_weight_balanced.joblib,"{""bootstrap"": true, ""class_weight"": ""balanced"", ""max_depth"": null, ""max_features"": ""log2"", ""min_samples_split"": 70, ""n_estimators"": 500, ""random_state"": 1}",rf,148,/home/ubuntu/Desktop/DeepAmes_Full_STL_4_keep_weights/results_TA102_without_S9/artifacts/base/rf/scalers/rf_seed_14_skf_4_paras_148_estimator_500_depth_None_minSample_70_random_1_weight_balanced_scaler.joblib,14,4
rf_seed_15_skf_0_paras_148_estimator_500_depth_None_minSample_70_random_1_weight_balanced,rf,15_skf_0,132,17,11,14,0.839,0.812,0.56,0.886,0.452,0.923,0.5,0.409,/home/ubuntu/Desktop/DeepAmes_Full_STL_4_keep_weights/results_TA102_without_S9/artifacts/base/rf/estimators/rf_seed_15_skf_0_paras_148_estimator_500_depth_None_minSample_70_random_1_weight_balanced.joblib,"{""bootstrap"": true, ""class_weight"": ""balanced"", ""max_depth"": null, ""max_features"": ""log2"", ""min_samples_split"": 70, ""n_estimators"": 500, ""random_state"": 1}",rf,148,/home/ubuntu/Desktop/DeepAmes_Full_STL_4_keep_weights/results_TA102_without_S9/artifacts/base/rf/scalers/rf_seed_15_skf_0_paras_148_estimator_500_depth_None_minSample_70_random_1_weight_balanced_scaler.joblib,15,0
rf_seed_15_skf_1_paras_148_estimator_500_depth_None_minSample_70_random_1_weight_balanced,rf,15_skf_1,130,19,11,14,0.828,0.831,0.56,0.872,0.424,0.922,0.483,0.387,/home/ubuntu/Desktop/DeepAmes_Full_STL_4_keep_weights/results_TA102_without_S9/artifacts/base/rf/estimators/rf_seed_15_skf_1_paras_148_estimator_500_depth_None_minSample_70_random_1_weight_balanced.joblib,"{""bootstrap"": true, ""class_weight"": ""balanced"", ""max_depth"": null, ""max_features"": ""log2"", ""min_samples_split"": 70, ""n_estimators"": 500, ""random_state"": 1}",rf,148,/home/ubuntu/Desktop/DeepAmes_Full_STL_4_keep_weights/results_TA102_without_S9/artifacts/base/rf/scalers/rf_seed_15_skf_1_paras_148_estimator_500_depth_None_minSample_70_random_1_weight_balanced_scaler.joblib,15,1
rf_seed_15_skf_2_paras_148_estimator_500_depth_None_minSample_70_random_1_weight_balanced,rf,15_skf_2,133,16,11,14,0.845,0.795,0.56,0.893,0.467,0.924,0.509,0.42,/home/ubuntu/Desktop/DeepAmes_Full_STL_4_keep_weights/results_TA102_without_S9/artifacts/base/rf/estimators/rf_seed_15_skf_2_paras_148_estimator_500_depth_None_minSample_70_random_1_weight_balanced.joblib,"{""bootstrap"": true, ""class_weight"": ""balanced"", ""max_depth"": null, ""max_features"": ""log2"", ""min_samples_split"": 70, ""n_estimators"": 500, ""random_state"": 1}",rf,148,/home/ubuntu/Desktop/DeepAmes_Full_STL_4_keep_weights/results_TA102_without_S9/artifacts/base/rf/scalers/rf_seed_15_skf_2_paras_148_estimator_500_depth_None_minSample_70_random_1_weight_balanced_scaler.joblib,15,2
rf_seed_15_skf_3_paras_148_estimator_500_depth_None_minSample_70_random_1_weight_balanced,rf,15_skf_3,129,20,12,13,0.816,0.813,0.52,0.866,0.394,0.915,0.448,0.345,/home/ubuntu/Desktop/DeepAmes_Full_STL_4_keep_weights/results_TA102_without_S9/artifacts/base/rf/estimators/rf_seed_15_skf_3_paras_148_estimator_500_depth_None_minSample_70_random_1_weight_balanced.joblib,"{""bootstrap"": true, ""class_weight"": ""balanced"", ""max_depth"": null, ""max_features"": ""log2"", ""min_samples_split"": 70, ""n_estimators"": 500, ""random_state"": 1}",rf,148,/home/ubuntu/Desktop/DeepAmes_Full_STL_4_keep_weights/results_TA102_without_S9/artifacts/base/rf/scalers/rf_seed_15_skf_3_paras_148_estimator_500_depth_None_minSample_70_random_1_weight_balanced_scaler.joblib,15,3
rf_seed_15_skf_4_paras_148_estimator_500_depth_None_minSample_70_random_1_weight_balanced,rf,15_skf_4,130,19,11,14,0.828,0.824,0.56,0.872,0.424,0.922,0.483,0.387,/home/ubuntu/Desktop/DeepAmes_Full_STL_4_keep_weights/results_TA102_without_S9/artifacts/base/rf/estimators/rf_seed_15_skf_4_paras_148_estimator_500_depth_None_minSample_70_random_1_weight_balanced.joblib,"{""bootstrap"": true, ""class_weight"": ""balanced"", ""max_depth"": null, ""max_features"": ""log2"", ""min_samples_split"": 70, ""n_estimators"": 500, ""random_state"": 1}",rf,148,/home/ubuntu/Desktop/DeepAmes_Full_STL_4_keep_weights/results_TA102_without_S9/artifacts/base/rf/scalers/rf_seed_15_skf_4_paras_148_estimator_500_depth_None_minSample_70_random_1_weight_balanced_scaler.joblib,15,4
rf_seed_16_skf_0_paras_148_estimator_500_depth_None_minSample_70_random_1_weight_balanced,rf,16_skf_0,130,19,12,13,0.822,0.831,0.52,0.872,0.406,0.915,0.456,0.355,/home/ubuntu/Desktop/DeepAmes_Full_STL_4_keep_weights/results_TA102_without_S9/artifacts/base/rf/estimators/rf_seed_16_skf_0_paras_148_estimator_500_depth_None_minSample_70_random_1_weight_balanced.joblib,"{""bootstrap"": true, ""class_weight"": ""balanced"", ""max_depth"": null, ""max_features"": ""log2"", ""min_samples_split"": 70, ""n_estimators"": 500, ""random_state"": 1}",rf,148,/home/ubuntu/Desktop/DeepAmes_Full_STL_4_keep_weights/results_TA102_without_S9/artifacts/base/rf/scalers/rf_seed_16_skf_0_paras_148_estimator_500_depth_None_minSample_70_random_1_weight_balanced_scaler.joblib,16,0
rf_seed_16_skf_1_paras_148_estimator_500_depth_None_minSample_70_random_1_weight_balanced,rf,16_skf_1,131,18,11,14,0.833,0.799,0.56,0.879,0.438,0.923,0.491,0.398,/home/ubuntu/Desktop/DeepAmes_Full_STL_4_keep_weights/results_TA102_without_S9/artifacts/base/rf/estimators/rf_seed_16_skf_1_paras_148_estimator_500_depth_None_minSample_70_random_1_weight_balanced.joblib,"{""bootstrap"": true, ""class_weight"": ""balanced"", ""max_depth"": null, ""max_features"": ""log2"", ""min_samples_split"": 70, ""n_estimators"": 500, ""random_state"": 1}",rf,148,/home/ubuntu/Desktop/DeepAmes_Full_STL_4_keep_weights/results_TA102_without_S9/artifacts/base/rf/scalers/rf_seed_16_skf_1_paras_148_estimator_500_depth_None_minSample_70_random_1_weight_balanced_scaler.joblib,16,1
rf_seed_16_skf_2_paras_148_estimator_500_depth_None_minSample_70_random_1_weight_balanced,rf,16_skf_2,132,17,10,15,0.845,0.834,0.6,0.886,0.469,0.93,0.526,0.44,/home/ubuntu/Desktop/DeepAmes_Full_STL_4_keep_weights/results_TA102_without_S9/artifacts/base/rf/estimators/rf_seed_16_skf_2_paras_148_estimator_500_depth_None_minSample_70_random_1_weight_balanced.joblib,"{""bootstrap"": true, ""class_weight"": ""balanced"", ""max_depth"": null, ""max_features"": ""log2"", ""min_samples_split"": 70, ""n_estimators"": 500, ""random_state"": 1}",rf,148,/home/ubuntu/Desktop/DeepAmes_Full_STL_4_keep_weights/results_TA102_without_S9/artifacts/base/rf/scalers/rf_seed_16_skf_2_paras_148_estimator_500_depth_None_minSample_70_random_1_weight_balanced_scaler.joblib,16,2
rf_seed_16_skf_3_paras_148_estimator_500_depth_None_minSample_70_random_1_weight_balanced,rf,16_skf_3,132,17,11,14,0.839,0.804,0.56,0.886,0.452,0.923,0.5,0.409,/home/ubuntu/Desktop/DeepAmes_Full_STL_4_keep_weights/results_TA102_without_S9/artifacts/base/rf/estimators/rf_seed_16_skf_3_paras_148_estimator_500_depth_None_minSample_70_random_1_weight_balanced.joblib,"{""bootstrap"": true, ""class_weight"": ""balanced"", ""max_depth"": null, ""max_features"": ""log2"", ""min_samples_split"": 70, ""n_estimators"": 500, ""random_state"": 1}",rf,148,/home/ubuntu/Desktop/DeepAmes_Full_STL_4_keep_weights/results_TA102_without_S9/artifacts/base/rf/scalers/rf_seed_16_skf_3_paras_148_estimator_500_depth_None_minSample_70_random_1_weight_balanced_scaler.joblib,16,3
rf_seed_16_skf_4_paras_148_estimator_500_depth_None_minSample_70_random_1_weight_balanced,rf,16_skf_4,129,20,12,13,0.816,0.813,0.52,0.866,0.394,0.915,0.448,0.345,/home/ubuntu/Desktop/DeepAmes_Full_STL_4_keep_weights/results_TA102_without_S9/artifacts/base/rf/estimators/rf_seed_16_skf_4_paras_148_estimator_500_depth_None_minSample_70_random_1_weight_balanced.joblib,"{""bootstrap"": true, ""class_weight"": ""balanced"", ""max_depth"": null, ""max_features"": ""log2"", ""min_samples_split"": 70, ""n_estimators"": 500, ""random_state"": 1}",rf,148,/home/ubuntu/Desktop/DeepAmes_Full_STL_4_keep_weights/results_TA102_without_S9/artifacts/base/rf/scalers/rf_seed_16_skf_4_paras_148_estimator_500_depth_None_minSample_70_random_1_weight_balanced_scaler.joblib,16,4
rf_seed_17_skf_0_paras_148_estimator_500_depth_None_minSample_70_random_1_weight_balanced,rf,17_skf_0,131,18,11,14,0.833,0.83,0.56,0.879,0.438,0.923,0.491,0.398,/home/ubuntu/Desktop/DeepAmes_Full_STL_4_keep_weights/results_TA102_without_S9/artifacts/base/rf/estimators/rf_seed_17_skf_0_paras_148_estimator_500_depth_None_minSample_70_random_1_weight_balanced.joblib,"{""bootstrap"": true, ""class_weight"": ""balanced"", ""max_depth"": null, ""max_features"": ""log2"", ""min_samples_split"": 70, ""n_estimators"": 500, ""random_state"": 1}",rf,148,/home/ubuntu/Desktop/DeepAmes_Full_STL_4_keep_weights/results_TA102_without_S9/artifacts/base/rf/scalers/rf_seed_17_skf_0_paras_148_estimator_500_depth_None_minSample_70_random_1_weight_balanced_scaler.joblib,17,0
rf_seed_17_skf_1_paras_148_estimator_500_depth_None_minSample_70_random_1_weight_balanced,rf,17_skf_1,132,17,11,14,0.839,0.808,0.56,0.886,0.452,0.923,0.5,0.409,/home/ubuntu/Desktop/DeepAmes_Full_STL_4_keep_weights/results_TA102_without_S9/artifacts/base/rf/estimators/rf_seed_17_skf_1_paras_148_estimator_500_depth_None_minSample_70_random_1_weight_balanced.joblib,"{""bootstrap"": true, ""class_weight"": ""balanced"", ""max_depth"": null, ""max_features"": ""log2"", ""min_samples_split"": 70, ""n_estimators"": 500, ""random_state"": 1}",rf,148,/home/ubuntu/Desktop/DeepAmes_Full_STL_4_keep_weights/results_TA102_without_S9/artifacts/base/rf/scalers/rf_seed_17_skf_1_paras_148_estimator_500_depth_None_minSample_70_random_1_weight_balanced_scaler.joblib,17,1
rf_seed_17_skf_2_paras_148_estimator_500_depth_None_minSample_70_random_1_weight_balanced,rf,17_skf_2,130,19,11,14,0.828,0.798,0.56,0.872,0.424,0.922,0.483,0.387,/home/ubuntu/Desktop/DeepAmes_Full_STL_4_keep_weights/results_TA102_without_S9/artifacts/base/rf/estimators/rf_seed_17_skf_2_paras_148_estimator_500_depth_None_minSample_70_random_1_weight_balanced.joblib,"{""bootstrap"": true, ""class_weight"": ""balanced"", ""max_depth"": null, ""max_features"": ""log2"", ""min_samples_split"": 70, ""n_estimators"": 500, ""random_state"": 1}",rf,148,/home/ubuntu/Desktop/DeepAmes_Full_STL_4_keep_weights/results_TA102_without_S9/artifacts/base/rf/scalers/rf_seed_17_skf_2_paras_148_estimator_500_depth_None_minSample_70_random_1_weight_balanced_scaler.joblib,17,2
rf_seed_17_skf_3_paras_148_estimator_500_depth_None_minSample_70_random_1_weight_balanced,rf,17_skf_3,132,17,12,13,0.833,0.809,0.52,0.886,0.433,0.917,0.473,0.377,/home/ubuntu/Desktop/DeepAmes_Full_STL_4_keep_weights/results_TA102_without_S9/artifacts/base/rf/estimators/rf_seed_17_skf_3_paras_148_estimator_500_depth_None_minSample_70_random_1_weight_balanced.joblib,"{""bootstrap"": true, ""class_weight"": ""balanced"", ""max_depth"": null, ""max_features"": ""log2"", ""min_samples_split"": 70, ""n_estimators"": 500, ""random_state"": 1}",rf,148,/home/ubuntu/Desktop/DeepAmes_Full_STL_4_keep_weights/results_TA102_without_S9/artifacts/base/rf/scalers/rf_seed_17_skf_3_paras_148_estimator_500_depth_None_minSample_70_random_1_weight_balanced_scaler.joblib,17,3
rf_seed_17_skf_4_paras_148_estimator_500_depth_None_minSample_70_random_1_weight_balanced,rf,17_skf_4,131,18,12,13,0.828,0.825,0.52,0.879,0.419,0.916,0.464,0.366,/home/ubuntu/Desktop/DeepAmes_Full_STL_4_keep_weights/results_TA102_without_S9/artifacts/base/rf/estimators/rf_seed_17_skf_4_paras_148_estimator_500_depth_None_minSample_70_random_1_weight_balanced.joblib,"{""bootstrap"": true, ""class_weight"": ""balanced"", ""max_depth"": null, ""max_features"": ""log2"", ""min_samples_split"": 70, ""n_estimators"": 500, ""random_state"": 1}",rf,148,/home/ubuntu/Desktop/DeepAmes_Full_STL_4_keep_weights/results_TA102_without_S9/artifacts/base/rf/scalers/rf_seed_17_skf_4_paras_148_estimator_500_depth_None_minSample_70_random_1_weight_balanced_scaler.joblib,17,4
rf_seed_18_skf_0_paras_148_estimator_500_depth_None_minSample_70_random_1_weight_balanced,rf,18_skf_0,131,18,10,15,0.839,0.796,0.6,0.879,0.455,0.929,0.517,0.429,/home/ubuntu/Desktop/DeepAmes_Full_STL_4_keep_weights/results_TA102_without_S9/artifacts/base/rf/estimators/rf_seed_18_skf_0_paras_148_estimator_500_depth_None_minSample_70_random_1_weight_balanced.joblib,"{""bootstrap"": true, ""class_weight"": ""balanced"", ""max_depth"": null, ""max_features"": ""log2"", ""min_samples_split"": 70, ""n_estimators"": 500, ""random_state"": 1}",rf,148,/home/ubuntu/Desktop/DeepAmes_Full_STL_4_keep_weights/results_TA102_without_S9/artifacts/base/rf/scalers/rf_seed_18_skf_0_paras_148_estimator_500_depth_None_minSample_70_random_1_weight_balanced_scaler.joblib,18,0
rf_seed_18_skf_1_paras_148_estimator_500_depth_None_minSample_70_random_1_weight_balanced,rf,18_skf_1,130,19,12,13,0.822,0.812,0.52,0.872,0.406,0.915,0.456,0.355,/home/ubuntu/Desktop/DeepAmes_Full_STL_4_keep_weights/results_TA102_without_S9/artifacts/base/rf/estimators/rf_seed_18_skf_1_paras_148_estimator_500_depth_None_minSample_70_random_1_weight_balanced.joblib,"{""bootstrap"": true, ""class_weight"": ""balanced"", ""max_depth"": null, ""max_features"": ""log2"", ""min_samples_split"": 70, ""n_estimators"": 500, ""random_state"": 1}",rf,148,/home/ubuntu/Desktop/DeepAmes_Full_STL_4_keep_weights/results_TA102_without_S9/artifacts/base/rf/scalers/rf_seed_18_skf_1_paras_148_estimator_500_depth_None_minSample_70_random_1_weight_balanced_scaler.joblib,18,1
rf_seed_18_skf_2_paras_148_estimator_500_depth_None_minSample_70_random_1_weight_balanced,rf,18_skf_2,131,18,11,14,0.833,0.814,0.56,0.879,0.438,0.923,0.491,0.398,/home/ubuntu/Desktop/DeepAmes_Full_STL_4_keep_weights/results_TA102_without_S9/artifacts/base/rf/estimators/rf_seed_18_skf_2_paras_148_estimator_500_depth_None_minSample_70_random_1_weight_balanced.joblib,"{""bootstrap"": true, ""class_weight"": ""balanced"", ""max_depth"": null, ""max_features"": ""log2"", ""min_samples_split"": 70, ""n_estimators"": 500, ""random_state"": 1}",rf,148,/home/ubuntu/Desktop/DeepAmes_Full_STL_4_keep_weights/results_TA102_without_S9/artifacts/base/rf/scalers/rf_seed_18_skf_2_paras_148_estimator_500_depth_None_minSample_70_random_1_weight_balanced_scaler.joblib,18,2
rf_seed_18_skf_3_paras_148_estimator_500_depth_None_minSample_70_random_1_weight_balanced,rf,18_skf_3,134,15,11,14,0.851,0.84,0.56,0.899,0.483,0.924,0.519,0.432,/home/ubuntu/Desktop/DeepAmes_Full_STL_4_keep_weights/results_TA102_without_S9/artifacts/base/rf/estimators/rf_seed_18_skf_3_paras_148_estimator_500_depth_None_minSample_70_random_1_weight_balanced.joblib,"{""bootstrap"": true, ""class_weight"": ""balanced"", ""max_depth"": null, ""max_features"": ""log2"", ""min_samples_split"": 70, ""n_estimators"": 500, ""random_state"": 1}",rf,148,/home/ubuntu/Desktop/DeepAmes_Full_STL_4_keep_weights/results_TA102_without_S9/artifacts/base/rf/scalers/rf_seed_18_skf_3_paras_148_estimator_500_depth_None_minSample_70_random_1_weight_balanced_scaler.joblib,18,3
rf_seed_18_skf_4_paras_148_estimator_500_depth_None_minSample_70_random_1_weight_balanced,rf,18_skf_4,130,19,9,16,0.839,0.804,0.64,0.872,0.457,0.935,0.533,0.448,/home/ubuntu/Desktop/DeepAmes_Full_STL_4_keep_weights/results_TA102_without_S9/artifacts/base/rf/estimators/rf_seed_18_skf_4_paras_148_estimator_500_depth_None_minSample_70_random_1_weight_balanced.joblib,"{""bootstrap"": true, ""class_weight"": ""balanced"", ""max_depth"": null, ""max_features"": ""log2"", ""min_samples_split"": 70, ""n_estimators"": 500, ""random_state"": 1}",rf,148,/home/ubuntu/Desktop/DeepAmes_Full_STL_4_keep_weights/results_TA102_without_S9/artifacts/base/rf/scalers/rf_seed_18_skf_4_paras_148_estimator_500_depth_None_minSample_70_random_1_weight_balanced_scaler.joblib,18,4
rf_seed_19_skf_0_paras_148_estimator_500_depth_None_minSample_70_random_1_weight_balanced,rf,19_skf_0,130,19,12,13,0.822,0.806,0.52,0.872,0.406,0.915,0.456,0.355,/home/ubuntu/Desktop/DeepAmes_Full_STL_4_keep_weights/results_TA102_without_S9/artifacts/base/rf/estimators/rf_seed_19_skf_0_paras_148_estimator_500_depth_None_minSample_70_random_1_weight_balanced.joblib,"{""bootstrap"": true, ""class_weight"": ""balanced"", ""max_depth"": null, ""max_features"": ""log2"", ""min_samples_split"": 70, ""n_estimators"": 500, ""random_state"": 1}",rf,148,/home/ubuntu/Desktop/DeepAmes_Full_STL_4_keep_weights/results_TA102_without_S9/artifacts/base/rf/scalers/rf_seed_19_skf_0_paras_148_estimator_500_depth_None_minSample_70_random_1_weight_balanced_scaler.joblib,19,0
rf_seed_19_skf_1_paras_148_estimator_500_depth_None_minSample_70_random_1_weight_balanced,rf,19_skf_1,130,19,10,15,0.833,0.82,0.6,0.872,0.441,0.929,0.508,0.418,/home/ubuntu/Desktop/DeepAmes_Full_STL_4_keep_weights/results_TA102_without_S9/artifacts/base/rf/estimators/rf_seed_19_skf_1_paras_148_estimator_500_depth_None_minSample_70_random_1_weight_balanced.joblib,"{""bootstrap"": true, ""class_weight"": ""balanced"", ""max_depth"": null, ""max_features"": ""log2"", ""min_samples_split"": 70, ""n_estimators"": 500, ""random_state"": 1}",rf,148,/home/ubuntu/Desktop/DeepAmes_Full_STL_4_keep_weights/results_TA102_without_S9/artifacts/base/rf/scalers/rf_seed_19_skf_1_paras_148_estimator_500_depth_None_minSample_70_random_1_weight_balanced_scaler.joblib,19,1
rf_seed_19_skf_2_paras_148_estimator_500_depth_None_minSample_70_random_1_weight_balanced,rf,19_skf_2,133,16,11,14,0.845,0.831,0.56,0.893,0.467,0.924,0.509,0.42,/home/ubuntu/Desktop/DeepAmes_Full_STL_4_keep_weights/results_TA102_without_S9/artifacts/base/rf/estimators/rf_seed_19_skf_2_paras_148_estimator_500_depth_None_minSample_70_random_1_weight_balanced.joblib,"{""bootstrap"": true, ""class_weight"": ""balanced"", ""max_depth"": null, ""max_features"": ""log2"", ""min_samples_split"": 70, ""n_estimators"": 500, ""random_state"": 1}",rf,148,/home/ubuntu/Desktop/DeepAmes_Full_STL_4_keep_weights/results_TA102_without_S9/artifacts/base/rf/scalers/rf_seed_19_skf_2_paras_148_estimator_500_depth_None_minSample_70_random_1_weight_balanced_scaler.joblib,19,2
rf_seed_19_skf_3_paras_148_estimator_500_depth_None_minSample_70_random_1_weight_balanced,rf,19_skf_3,133,16,12,13,0.839,0.82,0.52,0.893,0.448,0.917,0.481,0.388,/home/ubuntu/Desktop/DeepAmes_Full_STL_4_keep_weights/results_TA102_without_S9/artifacts/base/rf/estimators/rf_seed_19_skf_3_paras_148_estimator_500_depth_None_minSample_70_random_1_weight_balanced.joblib,"{""bootstrap"": true, ""class_weight"": ""balanced"", ""max_depth"": null, ""max_features"": ""log2"", ""min_samples_split"": 70, ""n_estimators"": 500, ""random_state"": 1}",rf,148,/home/ubuntu/Desktop/DeepAmes_Full_STL_4_keep_weights/results_TA102_without_S9/artifacts/base/rf/scalers/rf_seed_19_skf_3_paras_148_estimator_500_depth_None_minSample_70_random_1_weight_balanced_scaler.joblib,19,3
rf_seed_19_skf_4_paras_148_estimator_500_depth_None_minSample_70_random_1_weight_balanced,rf,19_skf_4,129,20,11,14,0.822,0.796,0.56,0.866,0.412,0.921,0.475,0.377,/home/ubuntu/Desktop/DeepAmes_Full_STL_4_keep_weights/results_TA102_without_S9/artifacts/base/rf/estimators/rf_seed_19_skf_4_paras_148_estimator_500_depth_None_minSample_70_random_1_weight_balanced.joblib,"{""bootstrap"": true, ""class_weight"": ""balanced"", ""max_depth"": null, ""max_features"": ""log2"", ""min_samples_split"": 70, ""n_estimators"": 500, ""random_state"": 1}",rf,148,/home/ubuntu/Desktop/DeepAmes_Full_STL_4_keep_weights/results_TA102_without_S9/artifacts/base/rf/scalers/rf_seed_19_skf_4_paras_148_estimator_500_depth_None_minSample_70_random_1_weight_balanced_scaler.joblib,19,4
svm_seed_0_skf_0_paras_19_kernel_rbf_C_1_gamma_1,svm,0_skf_0,146,3,16,9,0.891,0.809,0.36,0.98,0.75,0.901,0.486,0.47,/home/ubuntu/Desktop/DeepAmes_Full_STL_4_keep_weights/results_TA102_without_S9/artifacts/base/svm/estimators/svm_seed_0_skf_0_paras_19_kernel_rbf_C_1_gamma_1.joblib,"{""C"": 1, ""class_weight"": ""balanced"", ""gamma"": 1, ""kernel"": ""rbf"", ""probability"": true, ""random_state"": 1}",svm,19,/home/ubuntu/Desktop/DeepAmes_Full_STL_4_keep_weights/results_TA102_without_S9/artifacts/base/svm/scalers/svm_seed_0_skf_0_paras_19_kernel_rbf_C_1_gamma_1_scaler.joblib,0,0
svm_seed_0_skf_1_paras_19_kernel_rbf_C_1_gamma_1,svm,0_skf_1,146,3,17,8,0.885,0.818,0.32,0.98,0.727,0.896,0.444,0.432,/home/ubuntu/Desktop/DeepAmes_Full_STL_4_keep_weights/results_TA102_without_S9/artifacts/base/svm/estimators/svm_seed_0_skf_1_paras_19_kernel_rbf_C_1_gamma_1.joblib,"{""C"": 1, ""class_weight"": ""balanced"", ""gamma"": 1, ""kernel"": ""rbf"", ""probability"": true, ""random_state"": 1}",svm,19,/home/ubuntu/Desktop/DeepAmes_Full_STL_4_keep_weights/results_TA102_without_S9/artifacts/base/svm/scalers/svm_seed_0_skf_1_paras_19_kernel_rbf_C_1_gamma_1_scaler.joblib,0,1
svm_seed_0_skf_3_paras_19_kernel_rbf_C_1_gamma_1,svm,0_skf_3,146,3,18,7,0.879,0.812,0.28,0.98,0.7,0.89,0.4,0.392,/home/ubuntu/Desktop/DeepAmes_Full_STL_4_keep_weights/results_TA102_without_S9/artifacts/base/svm/estimators/svm_seed_0_skf_3_paras_19_kernel_rbf_C_1_gamma_1.joblib,"{""C"": 1, ""class_weight"": ""balanced"", ""gamma"": 1, ""kernel"": ""rbf"", ""probability"": true, ""random_state"": 1}",svm,19,/home/ubuntu/Desktop/DeepAmes_Full_STL_4_keep_weights/results_TA102_without_S9/artifacts/base/svm/scalers/svm_seed_0_skf_3_paras_19_kernel_rbf_C_1_gamma_1_scaler.joblib,0,3
svm_seed_0_skf_4_paras_19_kernel_rbf_C_1_gamma_1,svm,0_skf_4,145,4,17,8,0.879,0.791,0.32,0.973,0.667,0.895,0.432,0.406,/home/ubuntu/Desktop/DeepAmes_Full_STL_4_keep_weights/results_TA102_without_S9/artifacts/base/svm/estimators/svm_seed_0_skf_4_paras_19_kernel_rbf_C_1_gamma_1.joblib,"{""C"": 1, ""class_weight"": ""balanced"", ""gamma"": 1, ""kernel"": ""rbf"", ""probability"": true, ""random_state"": 1}",svm,19,/home/ubuntu/Desktop/DeepAmes_Full_STL_4_keep_weights/results_TA102_without_S9/artifacts/base/svm/scalers/svm_seed_0_skf_4_paras_19_kernel_rbf_C_1_gamma_1_scaler.joblib,0,4
svm_seed_1_skf_0_paras_19_kernel_rbf_C_1_gamma_1,svm,1_skf_0,146,3,16,9,0.891,0.769,0.36,0.98,0.75,0.901,0.486,0.47,/home/ubuntu/Desktop/DeepAmes_Full_STL_4_keep_weights/results_TA102_without_S9/artifacts/base/svm/estimators/svm_seed_1_skf_0_paras_19_kernel_rbf_C_1_gamma_1.joblib,"{""C"": 1, ""class_weight"": ""balanced"", ""gamma"": 1, ""kernel"": ""rbf"", ""probability"": true, ""random_state"": 1}",svm,19,/home/ubuntu/Desktop/DeepAmes_Full_STL_4_keep_weights/results_TA102_without_S9/artifacts/base/svm/scalers/svm_seed_1_skf_0_paras_19_kernel_rbf_C_1_gamma_1_scaler.joblib,1,0
svm_seed_1_skf_1_paras_19_kernel_rbf_C_1_gamma_1,svm,1_skf_1,145,4,17,8,0.879,0.785,0.32,0.973,0.667,0.895,0.432,0.406,/home/ubuntu/Desktop/DeepAmes_Full_STL_4_keep_weights/results_TA102_without_S9/artifacts/base/svm/estimators/svm_seed_1_skf_1_paras_19_kernel_rbf_C_1_gamma_1.joblib,"{""C"": 1, ""class_weight"": ""balanced"", ""gamma"": 1, ""kernel"": ""rbf"", ""probability"": true, ""random_state"": 1}",svm,19,/home/ubuntu/Desktop/DeepAmes_Full_STL_4_keep_weights/results_TA102_without_S9/artifacts/base/svm/scalers/svm_seed_1_skf_1_paras_19_kernel_rbf_C_1_gamma_1_scaler.joblib,1,1
svm_seed_1_skf_3_paras_19_kernel_rbf_C_1_gamma_1,svm,1_skf_3,146,3,17,8,0.885,0.797,0.32,0.98,0.727,0.896,0.444,0.432,/home/ubuntu/Desktop/DeepAmes_Full_STL_4_keep_weights/results_TA102_without_S9/artifacts/base/svm/estimators/svm_seed_1_skf_3_paras_19_kernel_rbf_C_1_gamma_1.joblib,"{""C"": 1, ""class_weight"": ""balanced"", ""gamma"": 1, ""kernel"": ""rbf"", ""probability"": true, ""random_state"": 1}",svm,19,/home/ubuntu/Desktop/DeepAmes_Full_STL_4_keep_weights/results_TA102_without_S9/artifacts/base/svm/scalers/svm_seed_1_skf_3_paras_19_kernel_rbf_C_1_gamma_1_scaler.joblib,1,3
svm_seed_1_skf_4_paras_19_kernel_rbf_C_1_gamma_1,svm,1_skf_4,146,3,19,6,0.874,0.831,0.24,0.98,0.667,0.885,0.353,0.348,/home/ubuntu/Desktop/DeepAmes_Full_STL_4_keep_weights/results_TA102_without_S9/artifacts/base/svm/estimators/svm_seed_1_skf_4_paras_19_kernel_rbf_C_1_gamma_1.joblib,"{""C"": 1, ""class_weight"": ""balanced"", ""gamma"": 1, ""kernel"": ""rbf"", ""probability"": true, ""random_state"": 1}",svm,19,/home/ubuntu/Desktop/DeepAmes_Full_STL_4_keep_weights/results_TA102_without_S9/artifacts/base/svm/scalers/svm_seed_1_skf_4_paras_19_kernel_rbf_C_1_gamma_1_scaler.joblib,1,4
svm_seed_2_skf_1_paras_19_kernel_rbf_C_1_gamma_1,svm,2_skf_1,146,3,16,9,0.891,0.818,0.36,0.98,0.75,0.901,0.486,0.47,/home/ubuntu/Desktop/DeepAmes_Full_STL_4_keep_weights/results_TA102_without_S9/artifacts/base/svm/estimators/svm_seed_2_skf_1_paras_19_kernel_rbf_C_1_gamma_1.joblib,"{""C"": 1, ""class_weight"": ""balanced"", ""gamma"": 1, ""kernel"": ""rbf"", ""probability"": true, ""random_state"": 1}",svm,19,/home/ubuntu/Desktop/DeepAmes_Full_STL_4_keep_weights/results_TA102_without_S9/artifacts/base/svm/scalers/svm_seed_2_skf_1_paras_19_kernel_rbf_C_1_gamma_1_scaler.joblib,2,1
svm_seed_2_skf_2_paras_19_kernel_rbf_C_1_gamma_1,svm,2_skf_2,147,2,18,7,0.885,0.786,0.28,0.987,0.778,0.891,0.412,0.422,/home/ubuntu/Desktop/DeepAmes_Full_STL_4_keep_weights/results_TA102_without_S9/artifacts/base/svm/estimators/svm_seed_2_skf_2_paras_19_kernel_rbf_C_1_gamma_1.joblib,"{""C"": 1, ""class_weight"": ""balanced"", ""gamma"": 1, ""kernel"": ""rbf"", ""probability"": true, ""random_state"": 1}",svm,19,/home/ubuntu/Desktop/DeepAmes_Full_STL_4_keep_weights/results_TA102_without_S9/artifacts/base/svm/scalers/svm_seed_2_skf_2_paras_19_kernel_rbf_C_1_gamma_1_scaler.joblib,2,2
svm_seed_2_skf_3_paras_19_kernel_rbf_C_1_gamma_1,svm,2_skf_3,146,3,18,7,0.879,0.794,0.28,0.98,0.7,0.89,0.4,0.392,/home/ubuntu/Desktop/DeepAmes_Full_STL_4_keep_weights/results_TA102_without_S9/artifacts/base/svm/estimators/svm_seed_2_skf_3_paras_19_kernel_rbf_C_1_gamma_1.joblib,"{""C"": 1, ""class_weight"": ""balanced"", ""gamma"": 1, ""kernel"": ""rbf"", ""probability"": true, ""random_state"": 1}",svm,19,/home/ubuntu/Desktop/DeepAmes_Full_STL_4_keep_weights/results_TA102_without_S9/artifacts/base/svm/scalers/svm_seed_2_skf_3_paras_19_kernel_rbf_C_1_gamma_1_scaler.joblib,2,3
svm_seed_2_skf_4_paras_19_kernel_rbf_C_1_gamma_1,svm,2_skf_4,145,4,18,7,0.874,0.796,0.28,0.973,0.636,0.89,0.389,0.365,/home/ubuntu/Desktop/DeepAmes_Full_STL_4_keep_weights/results_TA102_without_S9/artifacts/base/svm/estimators/svm_seed_2_skf_4_paras_19_kernel_rbf_C_1_gamma_1.joblib,"{""C"": 1, ""class_weight"": ""balanced"", ""gamma"": 1, ""kernel"": ""rbf"", ""probability"": true, ""random_state"": 1}",svm,19,/home/ubuntu/Desktop/DeepAmes_Full_STL_4_keep_weights/results_TA102_without_S9/artifacts/base/svm/scalers/svm_seed_2_skf_4_paras_19_kernel_rbf_C_1_gamma_1_scaler.joblib,2,4
svm_seed_3_skf_1_paras_19_kernel_rbf_C_1_gamma_1,svm,3_skf_1,148,1,20,5,0.879,0.786,0.2,0.993,0.833,0.881,0.323,0.372,/home/ubuntu/Desktop/DeepAmes_Full_STL_4_keep_weights/results_TA102_without_S9/artifacts/base/svm/estimators/svm_seed_3_skf_1_paras_19_kernel_rbf_C_1_gamma_1.joblib,"{""C"": 1, ""class_weight"": ""balanced"", ""gamma"": 1, ""kernel"": ""rbf"", ""probability"": true, ""random_state"": 1}",svm,19,/home/ubuntu/Desktop/DeepAmes_Full_STL_4_keep_weights/results_TA102_without_S9/artifacts/base/svm/scalers/svm_seed_3_skf_1_paras_19_kernel_rbf_C_1_gamma_1_scaler.joblib,3,1
svm_seed_3_skf_2_paras_19_kernel_rbf_C_1_gamma_1,svm,3_skf_2,143,6,17,8,0.868,0.825,0.32,0.96,0.571,0.894,0.41,0.361,/home/ubuntu/Desktop/DeepAmes_Full_STL_4_keep_weights/results_TA102_without_S9/artifacts/base/svm/estimators/svm_seed_3_skf_2_paras_19_kernel_rbf_C_1_gamma_1.joblib,"{""C"": 1, ""class_weight"": ""balanced"", ""gamma"": 1, ""kernel"": ""rbf"", ""probability"": true, ""random_state"": 1}",svm,19,/home/ubuntu/Desktop/DeepAmes_Full_STL_4_keep_weights/results_TA102_without_S9/artifacts/base/svm/scalers/svm_seed_3_skf_2_paras_19_kernel_rbf_C_1_gamma_1_scaler.joblib,3,2
svm_seed_3_skf_3_paras_19_kernel_rbf_C_1_gamma_1,svm,3_skf_3,147,2,16,9,0.897,0.808,0.36,0.987,0.818,0.902,0.5,0.5,/home/ubuntu/Desktop/DeepAmes_Full_STL_4_keep_weights/results_TA102_without_S9/artifacts/base/svm/estimators/svm_seed_3_skf_3_paras_19_kernel_rbf_C_1_gamma_1.joblib,"{""C"": 1, ""class_weight"": ""balanced"", ""gamma"": 1, ""kernel"": ""rbf"", ""probability"": true, ""random_state"": 1}",svm,19,/home/ubuntu/Desktop/DeepAmes_Full_STL_4_keep_weights/results_TA102_without_S9/artifacts/base/svm/scalers/svm_seed_3_skf_3_paras_19_kernel_rbf_C_1_gamma_1_scaler.joblib,3,3
svm_seed_3_skf_4_paras_19_kernel_rbf_C_1_gamma_1,svm,3_skf_4,146,3,17,8,0.885,0.819,0.32,0.98,0.727,0.896,0.444,0.432,/home/ubuntu/Desktop/DeepAmes_Full_STL_4_keep_weights/results_TA102_without_S9/artifacts/base/svm/estimators/svm_seed_3_skf_4_paras_19_kernel_rbf_C_1_gamma_1.joblib,"{""C"": 1, ""class_weight"": ""balanced"", ""gamma"": 1, ""kernel"": ""rbf"", ""probability"": true, ""random_state"": 1}",svm,19,/home/ubuntu/Desktop/DeepAmes_Full_STL_4_keep_weights/results_TA102_without_S9/artifacts/base/svm/scalers/svm_seed_3_skf_4_paras_19_kernel_rbf_C_1_gamma_1_scaler.joblib,3,4
svm_seed_4_skf_1_paras_19_kernel_rbf_C_1_gamma_1,svm,4_skf_1,146,3,18,7,0.879,0.803,0.28,0.98,0.7,0.89,0.4,0.392,/home/ubuntu/Desktop/DeepAmes_Full_STL_4_keep_weights/results_TA102_without_S9/artifacts/base/svm/estimators/svm_seed_4_skf_1_paras_19_kernel_rbf_C_1_gamma_1.joblib,"{""C"": 1, ""class_weight"": ""balanced"", ""gamma"": 1, ""kernel"": ""rbf"", ""probability"": true, ""random_state"": 1}",svm,19,/home/ubuntu/Desktop/DeepAmes_Full_STL_4_keep_weights/results_TA102_without_S9/artifacts/base/svm/scalers/svm_seed_4_skf_1_paras_19_kernel_rbf_C_1_gamma_1_scaler.joblib,4,1
svm_seed_4_skf_3_paras_19_kernel_rbf_C_1_gamma_1,svm,4_skf_3,145,4,16,9,0.885,0.801,0.36,0.973,0.692,0.901,0.474,0.444,/home/ubuntu/Desktop/DeepAmes_Full_STL_4_keep_weights/results_TA102_without_S9/artifacts/base/svm/estimators/svm_seed_4_skf_3_paras_19_kernel_rbf_C_1_gamma_1.joblib,"{""C"": 1, ""class_weight"": ""balanced"", ""gamma"": 1, ""kernel"": ""rbf"", ""probability"": true, ""random_state"": 1}",svm,19,/home/ubuntu/Desktop/DeepAmes_Full_STL_4_keep_weights/results_TA102_without_S9/artifacts/base/svm/scalers/svm_seed_4_skf_3_paras_19_kernel_rbf_C_1_gamma_1_scaler.joblib,4,3
svm_seed_4_skf_4_paras_19_kernel_rbf_C_1_gamma_1,svm,4_skf_4,145,4,17,8,0.879,0.77,0.32,0.973,0.667,0.895,0.432,0.406,/home/ubuntu/Desktop/DeepAmes_Full_STL_4_keep_weights/results_TA102_without_S9/artifacts/base/svm/estimators/svm_seed_4_skf_4_paras_19_kernel_rbf_C_1_gamma_1.joblib,"{""C"": 1, ""class_weight"": ""balanced"", ""gamma"": 1, ""kernel"": ""rbf"", ""probability"": true, ""random_state"": 1}",svm,19,/home/ubuntu/Desktop/DeepAmes_Full_STL_4_keep_weights/results_TA102_without_S9/artifacts/base/svm/scalers/svm_seed_4_skf_4_paras_19_kernel_rbf_C_1_gamma_1_scaler.joblib,4,4
svm_seed_5_skf_0_paras_19_kernel_rbf_C_1_gamma_1,svm,5_skf_0,146,3,17,8,0.885,0.817,0.32,0.98,0.727,0.896,0.444,0.432,/home/ubuntu/Desktop/DeepAmes_Full_STL_4_keep_weights/results_TA102_without_S9/artifacts/base/svm/estimators/svm_seed_5_skf_0_paras_19_kernel_rbf_C_1_gamma_1.joblib,"{""C"": 1, ""class_weight"": ""balanced"", ""gamma"": 1, ""kernel"": ""rbf"", ""probability"": true, ""random_state"": 1}",svm,19,/home/ubuntu/Desktop/DeepAmes_Full_STL_4_keep_weights/results_TA102_without_S9/artifacts/base/svm/scalers/svm_seed_5_skf_0_paras_19_kernel_rbf_C_1_gamma_1_scaler.joblib,5,0
svm_seed_5_skf_2_paras_19_kernel_rbf_C_1_gamma_1,svm,5_skf_2,146,3,18,7,0.879,0.802,0.28,0.98,0.7,0.89,0.4,0.392,/home/ubuntu/Desktop/DeepAmes_Full_STL_4_keep_weights/results_TA102_without_S9/artifacts/base/svm/estimators/svm_seed_5_skf_2_paras_19_kernel_rbf_C_1_gamma_1.joblib,"{""C"": 1, ""class_weight"": ""balanced"", ""gamma"": 1, ""kernel"": ""rbf"", ""probability"": true, ""random_state"": 1}",svm,19,/home/ubuntu/Desktop/DeepAmes_Full_STL_4_keep_weights/results_TA102_without_S9/artifacts/base/svm/scalers/svm_seed_5_skf_2_paras_19_kernel_rbf_C_1_gamma_1_scaler.joblib,5,2
svm_seed_5_skf_3_paras_19_kernel_rbf_C_1_gamma_1,svm,5_skf_3,146,3,17,8,0.885,0.786,0.32,0.98,0.727,0.896,0.444,0.432,/home/ubuntu/Desktop/DeepAmes_Full_STL_4_keep_weights/results_TA102_without_S9/artifacts/base/svm/estimators/svm_seed_5_skf_3_paras_19_kernel_rbf_C_1_gamma_1.joblib,"{""C"": 1, ""class_weight"": ""balanced"", ""gamma"": 1, ""kernel"": ""rbf"", ""probability"": true, ""random_state"": 1}",svm,19,/home/ubuntu/Desktop/DeepAmes_Full_STL_4_keep_weights/results_TA102_without_S9/artifacts/base/svm/scalers/svm_seed_5_skf_3_paras_19_kernel_rbf_C_1_gamma_1_scaler.joblib,5,3
svm_seed_5_skf_4_paras_19_kernel_rbf_C_1_gamma_1,svm,5_skf_4,145,4,16,9,0.885,0.833,0.36,0.973,0.692,0.901,0.474,0.444,/home/ubuntu/Desktop/DeepAmes_Full_STL_4_keep_weights/results_TA102_without_S9/artifacts/base/svm/estimators/svm_seed_5_skf_4_paras_19_kernel_rbf_C_1_gamma_1.joblib,"{""C"": 1, ""class_weight"": ""balanced"", ""gamma"": 1, ""kernel"": ""rbf"", ""probability"": true, ""random_state"": 1}",svm,19,/home/ubuntu/Desktop/DeepAmes_Full_STL_4_keep_weights/results_TA102_without_S9/artifacts/base/svm/scalers/svm_seed_5_skf_4_paras_19_kernel_rbf_C_1_gamma_1_scaler.joblib,5,4
svm_seed_6_skf_0_paras_19_kernel_rbf_C_1_gamma_1,svm,6_skf_0,144,5,18,7,0.868,0.804,0.28,0.966,0.583,0.889,0.378,0.341,/home/ubuntu/Desktop/DeepAmes_Full_STL_4_keep_weights/results_TA102_without_S9/artifacts/base/svm/estimators/svm_seed_6_skf_0_paras_19_kernel_rbf_C_1_gamma_1.joblib,"{""C"": 1, ""class_weight"": ""balanced"", ""gamma"": 1, ""kernel"": ""rbf"", ""probability"": true, ""random_state"": 1}",svm,19,/home/ubuntu/Desktop/DeepAmes_Full_STL_4_keep_weights/results_TA102_without_S9/artifacts/base/svm/scalers/svm_seed_6_skf_0_paras_19_kernel_rbf_C_1_gamma_1_scaler.joblib,6,0
svm_seed_6_skf_1_paras_19_kernel_rbf_C_1_gamma_1,svm,6_skf_1,148,1,20,5,0.879,0.79,0.2,0.993,0.833,0.881,0.323,0.372,/home/ubuntu/Desktop/DeepAmes_Full_STL_4_keep_weights/results_TA102_without_S9/artifacts/base/svm/estimators/svm_seed_6_skf_1_paras_19_kernel_rbf_C_1_gamma_1.joblib,"{""C"": 1, ""class_weight"": ""balanced"", ""gamma"": 1, ""kernel"": ""rbf"", ""probability"": true, ""random_state"": 1}",svm,19,/home/ubuntu/Desktop/DeepAmes_Full_STL_4_keep_weights/results_TA102_without_S9/artifacts/base/svm/scalers/svm_seed_6_skf_1_paras_19_kernel_rbf_C_1_gamma_1_scaler.joblib,6,1
svm_seed_6_skf_2_paras_19_kernel_rbf_C_1_gamma_1,svm,6_skf_2,145,4,16,9,0.885,0.78,0.36,0.973,0.692,0.901,0.474,0.444,/home/ubuntu/Desktop/DeepAmes_Full_STL_4_keep_weights/results_TA102_without_S9/artifacts/base/svm/estimators/svm_seed_6_skf_2_paras_19_kernel_rbf_C_1_gamma_1.joblib,"{""C"": 1, ""class_weight"": ""balanced"", ""gamma"": 1, ""kernel"": ""rbf"", ""probability"": true, ""random_state"": 1}",svm,19,/home/ubuntu/Desktop/DeepAmes_Full_STL_4_keep_weights/results_TA102_without_S9/artifacts/base/svm/scalers/svm_seed_6_skf_2_paras_19_kernel_rbf_C_1_gamma_1_scaler.joblib,6,2
svm_seed_6_skf_3_paras_19_kernel_rbf_C_1_gamma_1,svm,6_skf_3,146,3,16,9,0.891,0.795,0.36,0.98,0.75,0.901,0.486,0.47,/home/ubuntu/Desktop/DeepAmes_Full_STL_4_keep_weights/results_TA102_without_S9/artifacts/base/svm/estimators/svm_seed_6_skf_3_paras_19_kernel_rbf_C_1_gamma_1.joblib,"{""C"": 1, ""class_weight"": ""balanced"", ""gamma"": 1, ""kernel"": ""rbf"", ""probability"": true, ""random_state"": 1}",svm,19,/home/ubuntu/Desktop/DeepAmes_Full_STL_4_keep_weights/results_TA102_without_S9/artifacts/base/svm/scalers/svm_seed_6_skf_3_paras_19_kernel_rbf_C_1_gamma_1_scaler.joblib,6,3
svm_seed_7_skf_0_paras_19_kernel_rbf_C_1_gamma_1,svm,7_skf_0,146,3,17,8,0.885,0.82,0.32,0.98,0.727,0.896,0.444,0.432,/home/ubuntu/Desktop/DeepAmes_Full_STL_4_keep_weights/results_TA102_without_S9/artifacts/base/svm/estimators/svm_seed_7_skf_0_paras_19_kernel_rbf_C_1_gamma_1.joblib,"{""C"": 1, ""class_weight"": ""balanced"", ""gamma"": 1, ""kernel"": ""rbf"", ""probability"": true, ""random_state"": 1}",svm,19,/home/ubuntu/Desktop/DeepAmes_Full_STL_4_keep_weights/results_TA102_without_S9/artifacts/base/svm/scalers/svm_seed_7_skf_0_paras_19_kernel_rbf_C_1_gamma_1_scaler.joblib,7,0
svm_seed_7_skf_1_paras_19_kernel_rbf_C_1_gamma_1,svm,7_skf_1,147,2,16,9,0.897,0.796,0.36,0.987,0.818,0.902,0.5,0.5,/home/ubuntu/Desktop/DeepAmes_Full_STL_4_keep_weights/results_TA102_without_S9/artifacts/base/svm/estimators/svm_seed_7_skf_1_paras_19_kernel_rbf_C_1_gamma_1.joblib,"{""C"": 1, ""class_weight"": ""balanced"", ""gamma"": 1, ""kernel"": ""rbf"", ""probability"": true, ""random_state"": 1}",svm,19,/home/ubuntu/Desktop/DeepAmes_Full_STL_4_keep_weights/results_TA102_without_S9/artifacts/base/svm/scalers/svm_seed_7_skf_1_paras_19_kernel_rbf_C_1_gamma_1_scaler.joblib,7,1
svm_seed_7_skf_2_paras_19_kernel_rbf_C_1_gamma_1,svm,7_skf_2,143,6,17,8,0.868,0.822,0.32,0.96,0.571,0.894,0.41,0.361,/home/ubuntu/Desktop/DeepAmes_Full_STL_4_keep_weights/results_TA102_without_S9/artifacts/base/svm/estimators/svm_seed_7_skf_2_paras_19_kernel_rbf_C_1_gamma_1.joblib,"{""C"": 1, ""class_weight"": ""balanced"", ""gamma"": 1, ""kernel"": ""rbf"", ""probability"": true, ""random_state"": 1}",svm,19,/home/ubuntu/Desktop/DeepAmes_Full_STL_4_keep_weights/results_TA102_without_S9/artifacts/base/svm/scalers/svm_seed_7_skf_2_paras_19_kernel_rbf_C_1_gamma_1_scaler.joblib,7,2
svm_seed_8_skf_1_paras_19_kernel_rbf_C_1_gamma_1,svm,8_skf_1,145,4,17,8,0.879,0.767,0.32,0.973,0.667,0.895,0.432,0.406,/home/ubuntu/Desktop/DeepAmes_Full_STL_4_keep_weights/results_TA102_without_S9/artifacts/base/svm/estimators/svm_seed_8_skf_1_paras_19_kernel_rbf_C_1_gamma_1.joblib,"{""C"": 1, ""class_weight"": ""balanced"", ""gamma"": 1, ""kernel"": ""rbf"", ""probability"": true, ""random_state"": 1}",svm,19,/home/ubuntu/Desktop/DeepAmes_Full_STL_4_keep_weights/results_TA102_without_S9/artifacts/base/svm/scalers/svm_seed_8_skf_1_paras_19_kernel_rbf_C_1_gamma_1_scaler.joblib,8,1
svm_seed_8_skf_2_paras_19_kernel_rbf_C_1_gamma_1,svm,8_skf_2,146,3,17,8,0.885,0.827,0.32,0.98,0.727,0.896,0.444,0.432,/home/ubuntu/Desktop/DeepAmes_Full_STL_4_keep_weights/results_TA102_without_S9/artifacts/base/svm/estimators/svm_seed_8_skf_2_paras_19_kernel_rbf_C_1_gamma_1.joblib,"{""C"": 1, ""class_weight"": ""balanced"", ""gamma"": 1, ""kernel"": ""rbf"", ""probability"": true, ""random_state"": 1}",svm,19,/home/ubuntu/Desktop/DeepAmes_Full_STL_4_keep_weights/results_TA102_without_S9/artifacts/base/svm/scalers/svm_seed_8_skf_2_paras_19_kernel_rbf_C_1_gamma_1_scaler.joblib,8,2
svm_seed_8_skf_3_paras_19_kernel_rbf_C_1_gamma_1,svm,8_skf_3,147,2,16,9,0.897,0.785,0.36,0.987,0.818,0.902,0.5,0.5,/home/ubuntu/Desktop/DeepAmes_Full_STL_4_keep_weights/results_TA102_without_S9/artifacts/base/svm/estimators/svm_seed_8_skf_3_paras_19_kernel_rbf_C_1_gamma_1.joblib,"{""C"": 1, ""class_weight"": ""balanced"", ""gamma"": 1, ""kernel"": ""rbf"", ""probability"": true, ""random_state"": 1}",svm,19,/home/ubuntu/Desktop/DeepAmes_Full_STL_4_keep_weights/results_TA102_without_S9/artifacts/base/svm/scalers/svm_seed_8_skf_3_paras_19_kernel_rbf_C_1_gamma_1_scaler.joblib,8,3
svm_seed_8_skf_4_paras_19_kernel_rbf_C_1_gamma_1,svm,8_skf_4,145,4,17,8,0.879,0.8,0.32,0.973,0.667,0.895,0.432,0.406,/home/ubuntu/Desktop/DeepAmes_Full_STL_4_keep_weights/results_TA102_without_S9/artifacts/base/svm/estimators/svm_seed_8_skf_4_paras_19_kernel_rbf_C_1_gamma_1.joblib,"{""C"": 1, ""class_weight"": ""balanced"", ""gamma"": 1, ""kernel"": ""rbf"", ""probability"": true, ""random_state"": 1}",svm,19,/home/ubuntu/Desktop/DeepAmes_Full_STL_4_keep_weights/results_TA102_without_S9/artifacts/base/svm/scalers/svm_seed_8_skf_4_paras_19_kernel_rbf_C_1_gamma_1_scaler.joblib,8,4
svm_seed_9_skf_0_paras_19_kernel_rbf_C_1_gamma_1,svm,9_skf_0,145,4,15,10,0.891,0.827,0.4,0.973,0.714,0.906,0.513,0.481,/home/ubuntu/Desktop/DeepAmes_Full_STL_4_keep_weights/results_TA102_without_S9/artifacts/base/svm/estimators/svm_seed_9_skf_0_paras_19_kernel_rbf_C_1_gamma_1.joblib,"{""C"": 1, ""class_weight"": ""balanced"", ""gamma"": 1, ""kernel"": ""rbf"", ""probability"": true, ""random_state"": 1}",svm,19,/home/ubuntu/Desktop/DeepAmes_Full_STL_4_keep_weights/results_TA102_without_S9/artifacts/base/svm/scalers/svm_seed_9_skf_0_paras_19_kernel_rbf_C_1_gamma_1_scaler.joblib,9,0
svm_seed_9_skf_1_paras_19_kernel_rbf_C_1_gamma_1,svm,9_skf_1,146,3,19,6,0.874,0.794,0.24,0.98,0.667,0.885,0.353,0.348,/home/ubuntu/Desktop/DeepAmes_Full_STL_4_keep_weights/results_TA102_without_S9/artifacts/base/svm/estimators/svm_seed_9_skf_1_paras_19_kernel_rbf_C_1_gamma_1.joblib,"{""C"": 1, ""class_weight"": ""balanced"", ""gamma"": 1, ""kernel"": ""rbf"", ""probability"": true, ""random_state"": 1}",svm,19,/home/ubuntu/Desktop/DeepAmes_Full_STL_4_keep_weights/results_TA102_without_S9/artifacts/base/svm/scalers/svm_seed_9_skf_1_paras_19_kernel_rbf_C_1_gamma_1_scaler.joblib,9,1
svm_seed_9_skf_2_paras_19_kernel_rbf_C_1_gamma_1,svm,9_skf_2,145,4,17,8,0.879,0.794,0.32,0.973,0.667,0.895,0.432,0.406,/home/ubuntu/Desktop/DeepAmes_Full_STL_4_keep_weights/results_TA102_without_S9/artifacts/base/svm/estimators/svm_seed_9_skf_2_paras_19_kernel_rbf_C_1_gamma_1.joblib,"{""C"": 1, ""class_weight"": ""balanced"", ""gamma"": 1, ""kernel"": ""rbf"", ""probability"": true, ""random_state"": 1}",svm,19,/home/ubuntu/Desktop/DeepAmes_Full_STL_4_keep_weights/results_TA102_without_S9/artifacts/base/svm/scalers/svm_seed_9_skf_2_paras_19_kernel_rbf_C_1_gamma_1_scaler.joblib,9,2
svm_seed_9_skf_3_paras_19_kernel_rbf_C_1_gamma_1,svm,9_skf_3,146,3,18,7,0.879,0.831,0.28,0.98,0.7,0.89,0.4,0.392,/home/ubuntu/Desktop/DeepAmes_Full_STL_4_keep_weights/results_TA102_without_S9/artifacts/base/svm/estimators/svm_seed_9_skf_3_paras_19_kernel_rbf_C_1_gamma_1.joblib,"{""C"": 1, ""class_weight"": ""balanced"", ""gamma"": 1, ""kernel"": ""rbf"", ""probability"": true, ""random_state"": 1}",svm,19,/home/ubuntu/Desktop/DeepAmes_Full_STL_4_keep_weights/results_TA102_without_S9/artifacts/base/svm/scalers/svm_seed_9_skf_3_paras_19_kernel_rbf_C_1_gamma_1_scaler.joblib,9,3
svm_seed_9_skf_4_paras_19_kernel_rbf_C_1_gamma_1,svm,9_skf_4,146,3,19,6,0.874,0.786,0.24,0.98,0.667,0.885,0.353,0.348,/home/ubuntu/Desktop/DeepAmes_Full_STL_4_keep_weights/results_TA102_without_S9/artifacts/base/svm/estimators/svm_seed_9_skf_4_paras_19_kernel_rbf_C_1_gamma_1.joblib,"{""C"": 1, ""class_weight"": ""balanced"", ""gamma"": 1, ""kernel"": ""rbf"", ""probability"": true, ""random_state"": 1}",svm,19,/home/ubuntu/Desktop/DeepAmes_Full_STL_4_keep_weights/results_TA102_without_S9/artifacts/base/svm/scalers/svm_seed_9_skf_4_paras_19_kernel_rbf_C_1_gamma_1_scaler.joblib,9,4
svm_seed_10_skf_1_paras_19_kernel_rbf_C_1_gamma_1,svm,10_skf_1,146,3,16,9,0.891,0.837,0.36,0.98,0.75,0.901,0.486,0.47,/home/ubuntu/Desktop/DeepAmes_Full_STL_4_keep_weights/results_TA102_without_S9/artifacts/base/svm/estimators/svm_seed_10_skf_1_paras_19_kernel_rbf_C_1_gamma_1.joblib,"{""C"": 1, ""class_weight"": ""balanced"", ""gamma"": 1, ""kernel"": ""rbf"", ""probability"": true, ""random_state"": 1}",svm,19,/home/ubuntu/Desktop/DeepAmes_Full_STL_4_keep_weights/results_TA102_without_S9/artifacts/base/svm/scalers/svm_seed_10_skf_1_paras_19_kernel_rbf_C_1_gamma_1_scaler.joblib,10,1
svm_seed_10_skf_2_paras_19_kernel_rbf_C_1_gamma_1,svm,10_skf_2,145,4,16,9,0.885,0.819,0.36,0.973,0.692,0.901,0.474,0.444,/home/ubuntu/Desktop/DeepAmes_Full_STL_4_keep_weights/results_TA102_without_S9/artifacts/base/svm/estimators/svm_seed_10_skf_2_paras_19_kernel_rbf_C_1_gamma_1.joblib,"{""C"": 1, ""class_weight"": ""balanced"", ""gamma"": 1, ""kernel"": ""rbf"", ""probability"": true, ""random_state"": 1}",svm,19,/home/ubuntu/Desktop/DeepAmes_Full_STL_4_keep_weights/results_TA102_without_S9/artifacts/base/svm/scalers/svm_seed_10_skf_2_paras_19_kernel_rbf_C_1_gamma_1_scaler.joblib,10,2
svm_seed_10_skf_4_paras_19_kernel_rbf_C_1_gamma_1,svm,10_skf_4,147,2,18,7,0.885,0.77,0.28,0.987,0.778,0.891,0.412,0.422,/home/ubuntu/Desktop/DeepAmes_Full_STL_4_keep_weights/results_TA102_without_S9/artifacts/base/svm/estimators/svm_seed_10_skf_4_paras_19_kernel_rbf_C_1_gamma_1.joblib,"{""C"": 1, ""class_weight"": ""balanced"", ""gamma"": 1, ""kernel"": ""rbf"", ""probability"": true, ""random_state"": 1}",svm,19,/home/ubuntu/Desktop/DeepAmes_Full_STL_4_keep_weights/results_TA102_without_S9/artifacts/base/svm/scalers/svm_seed_10_skf_4_paras_19_kernel_rbf_C_1_gamma_1_scaler.joblib,10,4
svm_seed_11_skf_0_paras_19_kernel_rbf_C_1_gamma_1,svm,11_skf_0,146,3,19,6,0.874,0.821,0.24,0.98,0.667,0.885,0.353,0.348,/home/ubuntu/Desktop/DeepAmes_Full_STL_4_keep_weights/results_TA102_without_S9/artifacts/base/svm/estimators/svm_seed_11_skf_0_paras_19_kernel_rbf_C_1_gamma_1.joblib,"{""C"": 1, ""class_weight"": ""balanced"", ""gamma"": 1, ""kernel"": ""rbf"", ""probability"": true, ""random_state"": 1}",svm,19,/home/ubuntu/Desktop/DeepAmes_Full_STL_4_keep_weights/results_TA102_without_S9/artifacts/base/svm/scalers/svm_seed_11_skf_0_paras_19_kernel_rbf_C_1_gamma_1_scaler.joblib,11,0
svm_seed_11_skf_1_paras_19_kernel_rbf_C_1_gamma_1,svm,11_skf_1,146,3,17,8,0.885,0.801,0.32,0.98,0.727,0.896,0.444,0.432,/home/ubuntu/Desktop/DeepAmes_Full_STL_4_keep_weights/results_TA102_without_S9/artifacts/base/svm/estimators/svm_seed_11_skf_1_paras_19_kernel_rbf_C_1_gamma_1.joblib,"{""C"": 1, ""class_weight"": ""balanced"", ""gamma"": 1, ""kernel"": ""rbf"", ""probability"": true, ""random_state"": 1}",svm,19,/home/ubuntu/Desktop/DeepAmes_Full_STL_4_keep_weights/results_TA102_without_S9/artifacts/base/svm/scalers/svm_seed_11_skf_1_paras_19_kernel_rbf_C_1_gamma_1_scaler.joblib,11,1
svm_seed_11_skf_2_paras_19_kernel_rbf_C_1_gamma_1,svm,11_skf_2,146,3,18,7,0.879,0.798,0.28,0.98,0.7,0.89,0.4,0.392,/home/ubuntu/Desktop/DeepAmes_Full_STL_4_keep_weights/results_TA102_without_S9/artifacts/base/svm/estimators/svm_seed_11_skf_2_paras_19_kernel_rbf_C_1_gamma_1.joblib,"{""C"": 1, ""class_weight"": ""balanced"", ""gamma"": 1, ""kernel"": ""rbf"", ""probability"": true, ""random_state"": 1}",svm,19,/home/ubuntu/Desktop/DeepAmes_Full_STL_4_keep_weights/results_TA102_without_S9/artifacts/base/svm/scalers/svm_seed_11_skf_2_paras_19_kernel_rbf_C_1_gamma_1_scaler.joblib,11,2
svm_seed_11_skf_3_paras_19_kernel_rbf_C_1_gamma_1,svm,11_skf_3,148,1,17,8,0.897,0.791,0.32,0.993,0.889,0.897,0.471,0.496,/home/ubuntu/Desktop/DeepAmes_Full_STL_4_keep_weights/results_TA102_without_S9/artifacts/base/svm/estimators/svm_seed_11_skf_3_paras_19_kernel_rbf_C_1_gamma_1.joblib,"{""C"": 1, ""class_weight"": ""balanced"", ""gamma"": 1, ""kernel"": ""rbf"", ""probability"": true, ""random_state"": 1}",svm,19,/home/ubuntu/Desktop/DeepAmes_Full_STL_4_keep_weights/results_TA102_without_S9/artifacts/base/svm/scalers/svm_seed_11_skf_3_paras_19_kernel_rbf_C_1_gamma_1_scaler.joblib,11,3
svm_seed_11_skf_4_paras_19_kernel_rbf_C_1_gamma_1,svm,11_skf_4,145,4,17,8,0.879,0.791,0.32,0.973,0.667,0.895,0.432,0.406,/home/ubuntu/Desktop/DeepAmes_Full_STL_4_keep_weights/results_TA102_without_S9/artifacts/base/svm/estimators/svm_seed_11_skf_4_paras_19_kernel_rbf_C_1_gamma_1.joblib,"{""C"": 1, ""class_weight"": ""balanced"", ""gamma"": 1, ""kernel"": ""rbf"", ""probability"": true, ""random_state"": 1}",svm,19,/home/ubuntu/Desktop/DeepAmes_Full_STL_4_keep_weights/results_TA102_without_S9/artifacts/base/svm/scalers/svm_seed_11_skf_4_paras_19_kernel_rbf_C_1_gamma_1_scaler.joblib,11,4
svm_seed_12_skf_0_paras_19_kernel_rbf_C_1_gamma_1,svm,12_skf_0,143,6,17,8,0.868,0.763,0.32,0.96,0.571,0.894,0.41,0.361,/home/ubuntu/Desktop/DeepAmes_Full_STL_4_keep_weights/results_TA102_without_S9/artifacts/base/svm/estimators/svm_seed_12_skf_0_paras_19_kernel_rbf_C_1_gamma_1.joblib,"{""C"": 1, ""class_weight"": ""balanced"", ""gamma"": 1, ""kernel"": ""rbf"", ""probability"": true, ""random_state"": 1}",svm,19,/home/ubuntu/Desktop/DeepAmes_Full_STL_4_keep_weights/results_TA102_without_S9/artifacts/base/svm/scalers/svm_seed_12_skf_0_paras_19_kernel_rbf_C_1_gamma_1_scaler.joblib,12,0
svm_seed_12_skf_1_paras_19_kernel_rbf_C_1_gamma_1,svm,12_skf_1,146,3,17,8,0.885,0.788,0.32,0.98,0.727,0.896,0.444,0.432,/home/ubuntu/Desktop/DeepAmes_Full_STL_4_keep_weights/results_TA102_without_S9/artifacts/base/svm/estimators/svm_seed_12_skf_1_paras_19_kernel_rbf_C_1_gamma_1.joblib,"{""C"": 1, ""class_weight"": ""balanced"", ""gamma"": 1, ""kernel"": ""rbf"", ""probability"": true, ""random_state"": 1}",svm,19,/home/ubuntu/Desktop/DeepAmes_Full_STL_4_keep_weights/results_TA102_without_S9/artifacts/base/svm/scalers/svm_seed_12_skf_1_paras_19_kernel_rbf_C_1_gamma_1_scaler.joblib,12,1
svm_seed_12_skf_3_paras_19_kernel_rbf_C_1_gamma_1,svm,12_skf_3,146,3,16,9,0.891,0.824,0.36,0.98,0.75,0.901,0.486,0.47,/home/ubuntu/Desktop/DeepAmes_Full_STL_4_keep_weights/results_TA102_without_S9/artifacts/base/svm/estimators/svm_seed_12_skf_3_paras_19_kernel_rbf_C_1_gamma_1.joblib,"{""C"": 1, ""class_weight"": ""balanced"", ""gamma"": 1, ""kernel"": ""rbf"", ""probability"": true, ""random_state"": 1}",svm,19,/home/ubuntu/Desktop/DeepAmes_Full_STL_4_keep_weights/results_TA102_without_S9/artifacts/base/svm/scalers/svm_seed_12_skf_3_paras_19_kernel_rbf_C_1_gamma_1_scaler.joblib,12,3
svm_seed_12_skf_4_paras_19_kernel_rbf_C_1_gamma_1,svm,12_skf_4,146,3,17,8,0.885,0.811,0.32,0.98,0.727,0.896,0.444,0.432,/home/ubuntu/Desktop/DeepAmes_Full_STL_4_keep_weights/results_TA102_without_S9/artifacts/base/svm/estimators/svm_seed_12_skf_4_paras_19_kernel_rbf_C_1_gamma_1.joblib,"{""C"": 1, ""class_weight"": ""balanced"", ""gamma"": 1, ""kernel"": ""rbf"", ""probability"": true, ""random_state"": 1}",svm,19,/home/ubuntu/Desktop/DeepAmes_Full_STL_4_keep_weights/results_TA102_without_S9/artifacts/base/svm/scalers/svm_seed_12_skf_4_paras_19_kernel_rbf_C_1_gamma_1_scaler.joblib,12,4
svm_seed_13_skf_1_paras_19_kernel_rbf_C_1_gamma_1,svm,13_skf_1,145,4,16,9,0.885,0.769,0.36,0.973,0.692,0.901,0.474,0.444,/home/ubuntu/Desktop/DeepAmes_Full_STL_4_keep_weights/results_TA102_without_S9/artifacts/base/svm/estimators/svm_seed_13_skf_1_paras_19_kernel_rbf_C_1_gamma_1.joblib,"{""C"": 1, ""class_weight"": ""balanced"", ""gamma"": 1, ""kernel"": ""rbf"", ""probability"": true, ""random_state"": 1}",svm,19,/home/ubuntu/Desktop/DeepAmes_Full_STL_4_keep_weights/results_TA102_without_S9/artifacts/base/svm/scalers/svm_seed_13_skf_1_paras_19_kernel_rbf_C_1_gamma_1_scaler.joblib,13,1
svm_seed_13_skf_2_paras_19_kernel_rbf_C_1_gamma_1,svm,13_skf_2,147,2,17,8,0.891,0.809,0.32,0.987,0.8,0.896,0.457,0.462,/home/ubuntu/Desktop/DeepAmes_Full_STL_4_keep_weights/results_TA102_without_S9/artifacts/base/svm/estimators/svm_seed_13_skf_2_paras_19_kernel_rbf_C_1_gamma_1.joblib,"{""C"": 1, ""class_weight"": ""balanced"", ""gamma"": 1, ""kernel"": ""rbf"", ""probability"": true, ""random_state"": 1}",svm,19,/home/ubuntu/Desktop/DeepAmes_Full_STL_4_keep_weights/results_TA102_without_S9/artifacts/base/svm/scalers/svm_seed_13_skf_2_paras_19_kernel_rbf_C_1_gamma_1_scaler.joblib,13,2
svm_seed_13_skf_3_paras_19_kernel_rbf_C_1_gamma_1,svm,13_skf_3,148,1,19,6,0.885,0.829,0.24,0.993,0.857,0.886,0.375,0.416,/home/ubuntu/Desktop/DeepAmes_Full_STL_4_keep_weights/results_TA102_without_S9/artifacts/base/svm/estimators/svm_seed_13_skf_3_paras_19_kernel_rbf_C_1_gamma_1.joblib,"{""C"": 1, ""class_weight"": ""balanced"", ""gamma"": 1, ""kernel"": ""rbf"", ""probability"": true, ""random_state"": 1}",svm,19,/home/ubuntu/Desktop/DeepAmes_Full_STL_4_keep_weights/results_TA102_without_S9/artifacts/base/svm/scalers/svm_seed_13_skf_3_paras_19_kernel_rbf_C_1_gamma_1_scaler.joblib,13,3
svm_seed_13_skf_4_paras_19_kernel_rbf_C_1_gamma_1,svm,13_skf_4,145,4,18,7,0.874,0.795,0.28,0.973,0.636,0.89,0.389,0.365,/home/ubuntu/Desktop/DeepAmes_Full_STL_4_keep_weights/results_TA102_without_S9/artifacts/base/svm/estimators/svm_seed_13_skf_4_paras_19_kernel_rbf_C_1_gamma_1.joblib,"{""C"": 1, ""class_weight"": ""balanced"", ""gamma"": 1, ""kernel"": ""rbf"", ""probability"": true, ""random_state"": 1}",svm,19,/home/ubuntu/Desktop/DeepAmes_Full_STL_4_keep_weights/results_TA102_without_S9/artifacts/base/svm/scalers/svm_seed_13_skf_4_paras_19_kernel_rbf_C_1_gamma_1_scaler.joblib,13,4
svm_seed_14_skf_0_paras_19_kernel_rbf_C_1_gamma_1,svm,14_skf_0,146,3,16,9,0.891,0.801,0.36,0.98,0.75,0.901,0.486,0.47,/home/ubuntu/Desktop/DeepAmes_Full_STL_4_keep_weights/results_TA102_without_S9/artifacts/base/svm/estimators/svm_seed_14_skf_0_paras_19_kernel_rbf_C_1_gamma_1.joblib,"{""C"": 1, ""class_weight"": ""balanced"", ""gamma"": 1, ""kernel"": ""rbf"", ""probability"": true, ""random_state"": 1}",svm,19,/home/ubuntu/Desktop/DeepAmes_Full_STL_4_keep_weights/results_TA102_without_S9/artifacts/base/svm/scalers/svm_seed_14_skf_0_paras_19_kernel_rbf_C_1_gamma_1_scaler.joblib,14,0
svm_seed_14_skf_3_paras_19_kernel_rbf_C_1_gamma_1,svm,14_skf_3,147,2,19,6,0.879,0.812,0.24,0.987,0.75,0.886,0.364,0.379,/home/ubuntu/Desktop/DeepAmes_Full_STL_4_keep_weights/results_TA102_without_S9/artifacts/base/svm/estimators/svm_seed_14_skf_3_paras_19_kernel_rbf_C_1_gamma_1.joblib,"{""C"": 1, ""class_weight"": ""balanced"", ""gamma"": 1, ""kernel"": ""rbf"", ""probability"": true, ""random_state"": 1}",svm,19,/home/ubuntu/Desktop/DeepAmes_Full_STL_4_keep_weights/results_TA102_without_S9/artifacts/base/svm/scalers/svm_seed_14_skf_3_paras_19_kernel_rbf_C_1_gamma_1_scaler.joblib,14,3
svm_seed_14_skf_4_paras_19_kernel_rbf_C_1_gamma_1,svm,14_skf_4,146,3,16,9,0.891,0.798,0.36,0.98,0.75,0.901,0.486,0.47,/home/ubuntu/Desktop/DeepAmes_Full_STL_4_keep_weights/results_TA102_without_S9/artifacts/base/svm/estimators/svm_seed_14_skf_4_paras_19_kernel_rbf_C_1_gamma_1.joblib,"{""C"": 1, ""class_weight"": ""balanced"", ""gamma"": 1, ""kernel"": ""rbf"", ""probability"": true, ""random_state"": 1}",svm,19,/home/ubuntu/Desktop/DeepAmes_Full_STL_4_keep_weights/results_TA102_without_S9/artifacts/base/svm/scalers/svm_seed_14_skf_4_paras_19_kernel_rbf_C_1_gamma_1_scaler.joblib,14,4
svm_seed_15_skf_0_paras_19_kernel_rbf_C_1_gamma_1,svm,15_skf_0,146,3,16,9,0.891,0.817,0.36,0.98,0.75,0.901,0.486,0.47,/home/ubuntu/Desktop/DeepAmes_Full_STL_4_keep_weights/results_TA102_without_S9/artifacts/base/svm/estimators/svm_seed_15_skf_0_paras_19_kernel_rbf_C_1_gamma_1.joblib,"{""C"": 1, ""class_weight"": ""balanced"", ""gamma"": 1, ""kernel"": ""rbf"", ""probability"": true, ""random_state"": 1}",svm,19,/home/ubuntu/Desktop/DeepAmes_Full_STL_4_keep_weights/results_TA102_without_S9/artifacts/base/svm/scalers/svm_seed_15_skf_0_paras_19_kernel_rbf_C_1_gamma_1_scaler.joblib,15,0
svm_seed_15_skf_3_paras_19_kernel_rbf_C_1_gamma_1,svm,15_skf_3,147,2,17,8,0.891,0.795,0.32,0.987,0.8,0.896,0.457,0.462,/home/ubuntu/Desktop/DeepAmes_Full_STL_4_keep_weights/results_TA102_without_S9/artifacts/base/svm/estimators/svm_seed_15_skf_3_paras_19_kernel_rbf_C_1_gamma_1.joblib,"{""C"": 1, ""class_weight"": ""balanced"", ""gamma"": 1, ""kernel"": ""rbf"", ""probability"": true, ""random_state"": 1}",svm,19,/home/ubuntu/Desktop/DeepAmes_Full_STL_4_keep_weights/results_TA102_without_S9/artifacts/base/svm/scalers/svm_seed_15_skf_3_paras_19_kernel_rbf_C_1_gamma_1_scaler.joblib,15,3
svm_seed_15_skf_4_paras_19_kernel_rbf_C_1_gamma_1,svm,15_skf_4,146,3,19,6,0.874,0.765,0.24,0.98,0.667,0.885,0.353,0.348,/home/ubuntu/Desktop/DeepAmes_Full_STL_4_keep_weights/results_TA102_without_S9/artifacts/base/svm/estimators/svm_seed_15_skf_4_paras_19_kernel_rbf_C_1_gamma_1.joblib,"{""C"": 1, ""class_weight"": ""balanced"", ""gamma"": 1, ""kernel"": ""rbf"", ""probability"": true, ""random_state"": 1}",svm,19,/home/ubuntu/Desktop/DeepAmes_Full_STL_4_keep_weights/results_TA102_without_S9/artifacts/base/svm/scalers/svm_seed_15_skf_4_paras_19_kernel_rbf_C_1_gamma_1_scaler.joblib,15,4
svm_seed_16_skf_1_paras_19_kernel_rbf_C_1_gamma_1,svm,16_skf_1,146,3,16,9,0.891,0.803,0.36,0.98,0.75,0.901,0.486,0.47,/home/ubuntu/Desktop/DeepAmes_Full_STL_4_keep_weights/results_TA102_without_S9/artifacts/base/svm/estimators/svm_seed_16_skf_1_paras_19_kernel_rbf_C_1_gamma_1.joblib,"{""C"": 1, ""class_weight"": ""balanced"", ""gamma"": 1, ""kernel"": ""rbf"", ""probability"": true, ""random_state"": 1}",svm,19,/home/ubuntu/Desktop/DeepAmes_Full_STL_4_keep_weights/results_TA102_without_S9/artifacts/base/svm/scalers/svm_seed_16_skf_1_paras_19_kernel_rbf_C_1_gamma_1_scaler.joblib,16,1
svm_seed_16_skf_2_paras_19_kernel_rbf_C_1_gamma_1,svm,16_skf_2,143,6,17,8,0.868,0.79,0.32,0.96,0.571,0.894,0.41,0.361,/home/ubuntu/Desktop/DeepAmes_Full_STL_4_keep_weights/results_TA102_without_S9/artifacts/base/svm/estimators/svm_seed_16_skf_2_paras_19_kernel_rbf_C_1_gamma_1.joblib,"{""C"": 1, ""class_weight"": ""balanced"", ""gamma"": 1, ""kernel"": ""rbf"", ""probability"": true, ""random_state"": 1}",svm,19,/home/ubuntu/Desktop/DeepAmes_Full_STL_4_keep_weights/results_TA102_without_S9/artifacts/base/svm/scalers/svm_seed_16_skf_2_paras_19_kernel_rbf_C_1_gamma_1_scaler.joblib,16,2
svm_seed_16_skf_3_paras_19_kernel_rbf_C_1_gamma_1,svm,16_skf_3,145,4,18,7,0.874,0.828,0.28,0.973,0.636,0.89,0.389,0.365,/home/ubuntu/Desktop/DeepAmes_Full_STL_4_keep_weights/results_TA102_without_S9/artifacts/base/svm/estimators/svm_seed_16_skf_3_paras_19_kernel_rbf_C_1_gamma_1.joblib,"{""C"": 1, ""class_weight"": ""balanced"", ""gamma"": 1, ""kernel"": ""rbf"", ""probability"": true, ""random_state"": 1}",svm,19,/home/ubuntu/Desktop/DeepAmes_Full_STL_4_keep_weights/results_TA102_without_S9/artifacts/base/svm/scalers/svm_seed_16_skf_3_paras_19_kernel_rbf_C_1_gamma_1_scaler.joblib,16,3
svm_seed_16_skf_4_paras_19_kernel_rbf_C_1_gamma_1,svm,16_skf_4,148,1,16,9,0.902,0.803,0.36,0.993,0.9,0.902,0.514,0.532,/home/ubuntu/Desktop/DeepAmes_Full_STL_4_keep_weights/results_TA102_without_S9/artifacts/base/svm/estimators/svm_seed_16_skf_4_paras_19_kernel_rbf_C_1_gamma_1.joblib,"{""C"": 1, ""class_weight"": ""balanced"", ""gamma"": 1, ""kernel"": ""rbf"", ""probability"": true, ""random_state"": 1}",svm,19,/home/ubuntu/Desktop/DeepAmes_Full_STL_4_keep_weights/results_TA102_without_S9/artifacts/base/svm/scalers/svm_seed_16_skf_4_paras_19_kernel_rbf_C_1_gamma_1_scaler.joblib,16,4
svm_seed_17_skf_0_paras_19_kernel_rbf_C_1_gamma_1,svm,17_skf_0,146,3,16,9,0.891,0.781,0.36,0.98,0.75,0.901,0.486,0.47,/home/ubuntu/Desktop/DeepAmes_Full_STL_4_keep_weights/results_TA102_without_S9/artifacts/base/svm/estimators/svm_seed_17_skf_0_paras_19_kernel_rbf_C_1_gamma_1.joblib,"{""C"": 1, ""class_weight"": ""balanced"", ""gamma"": 1, ""kernel"": ""rbf"", ""probability"": true, ""random_state"": 1}",svm,19,/home/ubuntu/Desktop/DeepAmes_Full_STL_4_keep_weights/results_TA102_without_S9/artifacts/base/svm/scalers/svm_seed_17_skf_0_paras_19_kernel_rbf_C_1_gamma_1_scaler.joblib,17,0
svm_seed_17_skf_1_paras_19_kernel_rbf_C_1_gamma_1,svm,17_skf_1,146,3,16,9,0.891,0.815,0.36,0.98,0.75,0.901,0.486,0.47,/home/ubuntu/Desktop/DeepAmes_Full_STL_4_keep_weights/results_TA102_without_S9/artifacts/base/svm/estimators/svm_seed_17_skf_1_paras_19_kernel_rbf_C_1_gamma_1.joblib,"{""C"": 1, ""class_weight"": ""balanced"", ""gamma"": 1, ""kernel"": ""rbf"", ""probability"": true, ""random_state"": 1}",svm,19,/home/ubuntu/Desktop/DeepAmes_Full_STL_4_keep_weights/results_TA102_without_S9/artifacts/base/svm/scalers/svm_seed_17_skf_1_paras_19_kernel_rbf_C_1_gamma_1_scaler.joblib,17,1
svm_seed_17_skf_2_paras_19_kernel_rbf_C_1_gamma_1,svm,17_skf_2,146,3,17,8,0.885,0.787,0.32,0.98,0.727,0.896,0.444,0.432,/home/ubuntu/Desktop/DeepAmes_Full_STL_4_keep_weights/results_TA102_without_S9/artifacts/base/svm/estimators/svm_seed_17_skf_2_paras_19_kernel_rbf_C_1_gamma_1.joblib,"{""C"": 1, ""class_weight"": ""balanced"", ""gamma"": 1, ""kernel"": ""rbf"", ""probability"": true, ""random_state"": 1}",svm,19,/home/ubuntu/Desktop/DeepAmes_Full_STL_4_keep_weights/results_TA102_without_S9/artifacts/base/svm/scalers/svm_seed_17_skf_2_paras_19_kernel_rbf_C_1_gamma_1_scaler.joblib,17,2
svm_seed_17_skf_3_paras_19_kernel_rbf_C_1_gamma_1,svm,17_skf_3,146,3,19,6,0.874,0.805,0.24,0.98,0.667,0.885,0.353,0.348,/home/ubuntu/Desktop/DeepAmes_Full_STL_4_keep_weights/results_TA102_without_S9/artifacts/base/svm/estimators/svm_seed_17_skf_3_paras_19_kernel_rbf_C_1_gamma_1.joblib,"{""C"": 1, ""class_weight"": ""balanced"", ""gamma"": 1, ""kernel"": ""rbf"", ""probability"": true, ""random_state"": 1}",svm,19,/home/ubuntu/Desktop/DeepAmes_Full_STL_4_keep_weights/results_TA102_without_S9/artifacts/base/svm/scalers/svm_seed_17_skf_3_paras_19_kernel_rbf_C_1_gamma_1_scaler.joblib,17,3
svm_seed_18_skf_0_paras_19_kernel_rbf_C_1_gamma_1,svm,18_skf_0,147,2,17,8,0.891,0.799,0.32,0.987,0.8,0.896,0.457,0.462,/home/ubuntu/Desktop/DeepAmes_Full_STL_4_keep_weights/results_TA102_without_S9/artifacts/base/svm/estimators/svm_seed_18_skf_0_paras_19_kernel_rbf_C_1_gamma_1.joblib,"{""C"": 1, ""class_weight"": ""balanced"", ""gamma"": 1, ""kernel"": ""rbf"", ""probability"": true, ""random_state"": 1}",svm,19,/home/ubuntu/Desktop/DeepAmes_Full_STL_4_keep_weights/results_TA102_without_S9/artifacts/base/svm/scalers/svm_seed_18_skf_0_paras_19_kernel_rbf_C_1_gamma_1_scaler.joblib,18,0
svm_seed_18_skf_1_paras_19_kernel_rbf_C_1_gamma_1,svm,18_skf_1,144,5,16,9,0.879,0.78,0.36,0.966,0.643,0.9,0.462,0.421,/home/ubuntu/Desktop/DeepAmes_Full_STL_4_keep_weights/results_TA102_without_S9/artifacts/base/svm/estimators/svm_seed_18_skf_1_paras_19_kernel_rbf_C_1_gamma_1.joblib,"{""C"": 1, ""class_weight"": ""balanced"", ""gamma"": 1, ""kernel"": ""rbf"", ""probability"": true, ""random_state"": 1}",svm,19,/home/ubuntu/Desktop/DeepAmes_Full_STL_4_keep_weights/results_TA102_without_S9/artifacts/base/svm/scalers/svm_seed_18_skf_1_paras_19_kernel_rbf_C_1_gamma_1_scaler.joblib,18,1
svm_seed_18_skf_2_paras_19_kernel_rbf_C_1_gamma_1,svm,18_skf_2,146,3,19,6,0.874,0.789,0.24,0.98,0.667,0.885,0.353,0.348,/home/ubuntu/Desktop/DeepAmes_Full_STL_4_keep_weights/results_TA102_without_S9/artifacts/base/svm/estimators/svm_seed_18_skf_2_paras_19_kernel_rbf_C_1_gamma_1.joblib,"{""C"": 1, ""class_weight"": ""balanced"", ""gamma"": 1, ""kernel"": ""rbf"", ""probability"": true, ""random_state"": 1}",svm,19,/home/ubuntu/Desktop/DeepAmes_Full_STL_4_keep_weights/results_TA102_without_S9/artifacts/base/svm/scalers/svm_seed_18_skf_2_paras_19_kernel_rbf_C_1_gamma_1_scaler.joblib,18,2
svm_seed_18_skf_3_paras_19_kernel_rbf_C_1_gamma_1,svm,18_skf_3,146,3,17,8,0.885,0.814,0.32,0.98,0.727,0.896,0.444,0.432,/home/ubuntu/Desktop/DeepAmes_Full_STL_4_keep_weights/results_TA102_without_S9/artifacts/base/svm/estimators/svm_seed_18_skf_3_paras_19_kernel_rbf_C_1_gamma_1.joblib,"{""C"": 1, ""class_weight"": ""balanced"", ""gamma"": 1, ""kernel"": ""rbf"", ""probability"": true, ""random_state"": 1}",svm,19,/home/ubuntu/Desktop/DeepAmes_Full_STL_4_keep_weights/results_TA102_without_S9/artifacts/base/svm/scalers/svm_seed_18_skf_3_paras_19_kernel_rbf_C_1_gamma_1_scaler.joblib,18,3
svm_seed_18_skf_4_paras_19_kernel_rbf_C_1_gamma_1,svm,18_skf_4,146,3,19,6,0.874,0.845,0.24,0.98,0.667,0.885,0.353,0.348,/home/ubuntu/Desktop/DeepAmes_Full_STL_4_keep_weights/results_TA102_without_S9/artifacts/base/svm/estimators/svm_seed_18_skf_4_paras_19_kernel_rbf_C_1_gamma_1.joblib,"{""C"": 1, ""class_weight"": ""balanced"", ""gamma"": 1, ""kernel"": ""rbf"", ""probability"": true, ""random_state"": 1}",svm,19,/home/ubuntu/Desktop/DeepAmes_Full_STL_4_keep_weights/results_TA102_without_S9/artifacts/base/svm/scalers/svm_seed_18_skf_4_paras_19_kernel_rbf_C_1_gamma_1_scaler.joblib,18,4
svm_seed_19_skf_0_paras_19_kernel_rbf_C_1_gamma_1,svm,19_skf_0,144,5,17,8,0.874,0.816,0.32,0.966,0.615,0.894,0.421,0.382,/home/ubuntu/Desktop/DeepAmes_Full_STL_4_keep_weights/results_TA102_without_S9/artifacts/base/svm/estimators/svm_seed_19_skf_0_paras_19_kernel_rbf_C_1_gamma_1.joblib,"{""C"": 1, ""class_weight"": ""balanced"", ""gamma"": 1, ""kernel"": ""rbf"", ""probability"": true, ""random_state"": 1}",svm,19,/home/ubuntu/Desktop/DeepAmes_Full_STL_4_keep_weights/results_TA102_without_S9/artifacts/base/svm/scalers/svm_seed_19_skf_0_paras_19_kernel_rbf_C_1_gamma_1_scaler.joblib,19,0
svm_seed_19_skf_2_paras_19_kernel_rbf_C_1_gamma_1,svm,19_skf_2,145,4,17,8,0.879,0.78,0.32,0.973,0.667,0.895,0.432,0.406,/home/ubuntu/Desktop/DeepAmes_Full_STL_4_keep_weights/results_TA102_without_S9/artifacts/base/svm/estimators/svm_seed_19_skf_2_paras_19_kernel_rbf_C_1_gamma_1.joblib,"{""C"": 1, ""class_weight"": ""balanced"", ""gamma"": 1, ""kernel"": ""rbf"", ""probability"": true, ""random_state"": 1}",svm,19,/home/ubuntu/Desktop/DeepAmes_Full_STL_4_keep_weights/results_TA102_without_S9/artifacts/base/svm/scalers/svm_seed_19_skf_2_paras_19_kernel_rbf_C_1_gamma_1_scaler.joblib,19,2
svm_seed_19_skf_4_paras_19_kernel_rbf_C_1_gamma_1,svm,19_skf_4,147,2,16,9,0.897,0.786,0.36,0.987,0.818,0.902,0.5,0.5,/home/ubuntu/Desktop/DeepAmes_Full_STL_4_keep_weights/results_TA102_without_S9/artifacts/base/svm/estimators/svm_seed_19_skf_4_paras_19_kernel_rbf_C_1_gamma_1.joblib,"{""C"": 1, ""class_weight"": ""balanced"", ""gamma"": 1, ""kernel"": ""rbf"", ""probability"": true, ""random_state"": 1}",svm,19,/home/ubuntu/Desktop/DeepAmes_Full_STL_4_keep_weights/results_TA102_without_S9/artifacts/base/svm/scalers/svm_seed_19_skf_4_paras_19_kernel_rbf_C_1_gamma_1_scaler.joblib,19,4
lr_seed_0_skf_0_paras_22_C_100_weight_None_solver_lbfgs,lr,0_skf_0,127,22,9,16,0.822,0.843,0.64,0.852,0.421,0.934,0.508,0.418,/home/ubuntu/Desktop/DeepAmes_Full_STL_4_keep_weights/results_TA102_without_S9/artifacts/base/lr/estimators/lr_seed_0_skf_0_paras_22_C_100_weight_None_solver_lbfgs.joblib,"{""C"": 100, ""class_weight"": null, ""max_iter"": 300, ""random_state"": 1, ""solver"": ""lbfgs""}",lr,22,/home/ubuntu/Desktop/DeepAmes_Full_STL_4_keep_weights/results_TA102_without_S9/artifacts/base/lr/scalers/lr_seed_0_skf_0_paras_22_C_100_weight_None_solver_lbfgs_scaler.joblib,0,0
lr_seed_0_skf_1_paras_22_C_100_weight_None_solver_lbfgs,lr,0_skf_1,128,21,11,14,0.816,0.83,0.56,0.859,0.4,0.921,0.467,0.367,/home/ubuntu/Desktop/DeepAmes_Full_STL_4_keep_weights/results_TA102_without_S9/artifacts/base/lr/estimators/lr_seed_0_skf_1_paras_22_C_100_weight_None_solver_lbfgs.joblib,"{""C"": 100, ""class_weight"": null, ""max_iter"": 300, ""random_state"": 1, ""solver"": ""lbfgs""}",lr,22,/home/ubuntu/Desktop/DeepAmes_Full_STL_4_keep_weights/results_TA102_without_S9/artifacts/base/lr/scalers/lr_seed_0_skf_1_paras_22_C_100_weight_None_solver_lbfgs_scaler.joblib,0,1
lr_seed_0_skf_2_paras_22_C_100_weight_None_solver_lbfgs,lr,0_skf_2,133,16,8,17,0.862,0.871,0.68,0.893,0.515,0.943,0.586,0.512,/home/ubuntu/Desktop/DeepAmes_Full_STL_4_keep_weights/results_TA102_without_S9/artifacts/base/lr/estimators/lr_seed_0_skf_2_paras_22_C_100_weight_None_solver_lbfgs.joblib,"{""C"": 100, ""class_weight"": null, ""max_iter"": 300, ""random_state"": 1, ""solver"": ""lbfgs""}",lr,22,/home/ubuntu/Desktop/DeepAmes_Full_STL_4_keep_weights/results_TA102_without_S9/artifacts/base/lr/scalers/lr_seed_0_skf_2_paras_22_C_100_weight_None_solver_lbfgs_scaler.joblib,0,2
lr_seed_0_skf_3_paras_22_C_100_weight_None_solver_lbfgs,lr,0_skf_3,130,19,10,15,0.833,0.884,0.6,0.872,0.441,0.929,0.508,0.418,/home/ubuntu/Desktop/DeepAmes_Full_STL_4_keep_weights/results_TA102_without_S9/artifacts/base/lr/estimators/lr_seed_0_skf_3_paras_22_C_100_weight_None_solver_lbfgs.joblib,"{""C"": 100, ""class_weight"": null, ""max_iter"": 300, ""random_state"": 1, ""solver"": ""lbfgs""}",lr,22,/home/ubuntu/Desktop/DeepAmes_Full_STL_4_keep_weights/results_TA102_without_S9/artifacts/base/lr/scalers/lr_seed_0_skf_3_paras_22_C_100_weight_None_solver_lbfgs_scaler.joblib,0,3
lr_seed_0_skf_4_paras_22_C_100_weight_None_solver_lbfgs,lr,0_skf_4,134,15,10,15,0.856,0.848,0.6,0.899,0.5,0.931,0.545,0.464,/home/ubuntu/Desktop/DeepAmes_Full_STL_4_keep_weights/results_TA102_without_S9/artifacts/base/lr/estimators/lr_seed_0_skf_4_paras_22_C_100_weight_None_solver_lbfgs.joblib,"{""C"": 100, ""class_weight"": null, ""max_iter"": 300, ""random_state"": 1, ""solver"": ""lbfgs""}",lr,22,/home/ubuntu/Desktop/DeepAmes_Full_STL_4_keep_weights/results_TA102_without_S9/artifacts/base/lr/scalers/lr_seed_0_skf_4_paras_22_C_100_weight_None_solver_lbfgs_scaler.joblib,0,4
lr_seed_1_skf_0_paras_22_C_100_weight_None_solver_lbfgs,lr,1_skf_0,132,17,9,16,0.851,0.856,0.64,0.886,0.485,0.936,0.552,0.471,/home/ubuntu/Desktop/DeepAmes_Full_STL_4_keep_weights/results_TA102_without_S9/artifacts/base/lr/estimators/lr_seed_1_skf_0_paras_22_C_100_weight_None_solver_lbfgs.joblib,"{""C"": 100, ""class_weight"": null, ""max_iter"": 300, ""random_state"": 1, ""solver"": ""lbfgs""}",lr,22,/home/ubuntu/Desktop/DeepAmes_Full_STL_4_keep_weights/results_TA102_without_S9/artifacts/base/lr/scalers/lr_seed_1_skf_0_paras_22_C_100_weight_None_solver_lbfgs_scaler.joblib,1,0
lr_seed_1_skf_1_paras_22_C_100_weight_None_solver_lbfgs,lr,1_skf_1,134,15,12,13,0.845,0.819,0.52,0.899,0.464,0.918,0.491,0.4,/home/ubuntu/Desktop/DeepAmes_Full_STL_4_keep_weights/results_TA102_without_S9/artifacts/base/lr/estimators/lr_seed_1_skf_1_paras_22_C_100_weight_None_solver_lbfgs.joblib,"{""C"": 100, ""class_weight"": null, ""max_iter"": 300, ""random_state"": 1, ""solver"": ""lbfgs""}",lr,22,/home/ubuntu/Desktop/DeepAmes_Full_STL_4_keep_weights/results_TA102_without_S9/artifacts/base/lr/scalers/lr_seed_1_skf_1_paras_22_C_100_weight_None_solver_lbfgs_scaler.joblib,1,1
lr_seed_1_skf_2_paras_22_C_100_weight_None_solver_lbfgs,lr,1_skf_2,132,17,10,15,0.845,0.871,0.6,0.886,0.469,0.93,0.526,0.44,/home/ubuntu/Desktop/DeepAmes_Full_STL_4_keep_weights/results_TA102_without_S9/artifacts/base/lr/estimators/lr_seed_1_skf_2_paras_22_C_100_weight_None_solver_lbfgs.joblib,"{""C"": 100, ""class_weight"": null, ""max_iter"": 300, ""random_state"": 1, ""solver"": ""lbfgs""}",lr,22,/home/ubuntu/Desktop/DeepAmes_Full_STL_4_keep_weights/results_TA102_without_S9/artifacts/base/lr/scalers/lr_seed_1_skf_2_paras_22_C_100_weight_None_solver_lbfgs_scaler.joblib,1,2
lr_seed_1_skf_3_paras_22_C_100_weight_None_solver_lbfgs,lr,1_skf_3,128,21,9,16,0.828,0.873,0.64,0.859,0.432,0.934,0.516,0.428,/home/ubuntu/Desktop/DeepAmes_Full_STL_4_keep_weights/results_TA102_without_S9/artifacts/base/lr/estimators/lr_seed_1_skf_3_paras_22_C_100_weight_None_solver_lbfgs.joblib,"{""C"": 100, ""class_weight"": null, ""max_iter"": 300, ""random_state"": 1, ""solver"": ""lbfgs""}",lr,22,/home/ubuntu/Desktop/DeepAmes_Full_STL_4_keep_weights/results_TA102_without_S9/artifacts/base/lr/scalers/lr_seed_1_skf_3_paras_22_C_100_weight_None_solver_lbfgs_scaler.joblib,1,3
lr_seed_1_skf_4_paras_22_C_100_weight_None_solver_lbfgs,lr,1_skf_4,131,18,10,15,0.839,0.859,0.6,0.879,0.455,0.929,0.517,0.429,/home/ubuntu/Desktop/DeepAmes_Full_STL_4_keep_weights/results_TA102_without_S9/artifacts/base/lr/estimators/lr_seed_1_skf_4_paras_22_C_100_weight_None_solver_lbfgs.joblib,"{""C"": 100, ""class_weight"": null, ""max_iter"": 300, ""random_state"": 1, ""solver"": ""lbfgs""}",lr,22,/home/ubuntu/Desktop/DeepAmes_Full_STL_4_keep_weights/results_TA102_without_S9/artifacts/base/lr/scalers/lr_seed_1_skf_4_paras_22_C_100_weight_None_solver_lbfgs_scaler.joblib,1,4
lr_seed_2_skf_0_paras_22_C_100_weight_None_solver_lbfgs,lr,2_skf_0,132,17,9,16,0.851,0.852,0.64,0.886,0.485,0.936,0.552,0.471,/home/ubuntu/Desktop/DeepAmes_Full_STL_4_keep_weights/results_TA102_without_S9/artifacts/base/lr/estimators/lr_seed_2_skf_0_paras_22_C_100_weight_None_solver_lbfgs.joblib,"{""C"": 100, ""class_weight"": null, ""max_iter"": 300, ""random_state"": 1, ""solver"": ""lbfgs""}",lr,22,/home/ubuntu/Desktop/DeepAmes_Full_STL_4_keep_weights/results_TA102_without_S9/artifacts/base/lr/scalers/lr_seed_2_skf_0_paras_22_C_100_weight_None_solver_lbfgs_scaler.joblib,2,0
lr_seed_2_skf_1_paras_22_C_100_weight_None_solver_lbfgs,lr,2_skf_1,132,17,7,18,0.862,0.859,0.72,0.886,0.514,0.95,0.6,0.53,/home/ubuntu/Desktop/DeepAmes_Full_STL_4_keep_weights/results_TA102_without_S9/artifacts/base/lr/estimators/lr_seed_2_skf_1_paras_22_C_100_weight_None_solver_lbfgs.joblib,"{""C"": 100, ""class_weight"": null, ""max_iter"": 300, ""random_state"": 1, ""solver"": ""lbfgs""}",lr,22,/home/ubuntu/Desktop/DeepAmes_Full_STL_4_keep_weights/results_TA102_without_S9/artifacts/base/lr/scalers/lr_seed_2_skf_1_paras_22_C_100_weight_None_solver_lbfgs_scaler.joblib,2,1
lr_seed_2_skf_2_paras_22_C_100_weight_None_solver_lbfgs,lr,2_skf_2,134,15,11,14,0.851,0.856,0.56,0.899,0.483,0.924,0.519,0.432,/home/ubuntu/Desktop/DeepAmes_Full_STL_4_keep_weights/results_TA102_without_S9/artifacts/base/lr/estimators/lr_seed_2_skf_2_paras_22_C_100_weight_None_solver_lbfgs.joblib,"{""C"": 100, ""class_weight"": null, ""max_iter"": 300, ""random_state"": 1, ""solver"": ""lbfgs""}",lr,22,/home/ubuntu/Desktop/DeepAmes_Full_STL_4_keep_weights/results_TA102_without_S9/artifacts/base/lr/scalers/lr_seed_2_skf_2_paras_22_C_100_weight_None_solver_lbfgs_scaler.joblib,2,2
lr_seed_2_skf_3_paras_22_C_100_weight_None_solver_lbfgs,lr,2_skf_3,126,23,10,15,0.81,0.861,0.6,0.846,0.395,0.926,0.476,0.378,/home/ubuntu/Desktop/DeepAmes_Full_STL_4_keep_weights/results_TA102_without_S9/artifacts/base/lr/estimators/lr_seed_2_skf_3_paras_22_C_100_weight_None_solver_lbfgs.joblib,"{""C"": 100, ""class_weight"": null, ""max_iter"": 300, ""random_state"": 1, ""solver"": ""lbfgs""}",lr,22,/home/ubuntu/Desktop/DeepAmes_Full_STL_4_keep_weights/results_TA102_without_S9/artifacts/base/lr/scalers/lr_seed_2_skf_3_paras_22_C_100_weight_None_solver_lbfgs_scaler.joblib,2,3
lr_seed_2_skf_4_paras_22_C_100_weight_None_solver_lbfgs,lr,2_skf_4,131,18,11,14,0.833,0.832,0.56,0.879,0.438,0.923,0.491,0.398,/home/ubuntu/Desktop/DeepAmes_Full_STL_4_keep_weights/results_TA102_without_S9/artifacts/base/lr/estimators/lr_seed_2_skf_4_paras_22_C_100_weight_None_solver_lbfgs.joblib,"{""C"": 100, ""class_weight"": null, ""max_iter"": 300, ""random_state"": 1, ""solver"": ""lbfgs""}",lr,22,/home/ubuntu/Desktop/DeepAmes_Full_STL_4_keep_weights/results_TA102_without_S9/artifacts/base/lr/scalers/lr_seed_2_skf_4_paras_22_C_100_weight_None_solver_lbfgs_scaler.joblib,2,4
lr_seed_3_skf_0_paras_22_C_100_weight_None_solver_lbfgs,lr,3_skf_0,129,20,12,13,0.816,0.837,0.52,0.866,0.394,0.915,0.448,0.345,/home/ubuntu/Desktop/DeepAmes_Full_STL_4_keep_weights/results_TA102_without_S9/artifacts/base/lr/estimators/lr_seed_3_skf_0_paras_22_C_100_weight_None_solver_lbfgs.joblib,"{""C"": 100, ""class_weight"": null, ""max_iter"": 300, ""random_state"": 1, ""solver"": ""lbfgs""}",lr,22,/home/ubuntu/Desktop/DeepAmes_Full_STL_4_keep_weights/results_TA102_without_S9/artifacts/base/lr/scalers/lr_seed_3_skf_0_paras_22_C_100_weight_None_solver_lbfgs_scaler.joblib,3,0
lr_seed_3_skf_1_paras_22_C_100_weight_None_solver_lbfgs,lr,3_skf_1,130,19,9,16,0.839,0.883,0.64,0.872,0.457,0.935,0.533,0.448,/home/ubuntu/Desktop/DeepAmes_Full_STL_4_keep_weights/results_TA102_without_S9/artifacts/base/lr/estimators/lr_seed_3_skf_1_paras_22_C_100_weight_None_solver_lbfgs.joblib,"{""C"": 100, ""class_weight"": null, ""max_iter"": 300, ""random_state"": 1, ""solver"": ""lbfgs""}",lr,22,/home/ubuntu/Desktop/DeepAmes_Full_STL_4_keep_weights/results_TA102_without_S9/artifacts/base/lr/scalers/lr_seed_3_skf_1_paras_22_C_100_weight_None_solver_lbfgs_scaler.joblib,3,1
lr_seed_3_skf_2_paras_22_C_100_weight_None_solver_lbfgs,lr,3_skf_2,131,18,10,15,0.839,0.868,0.6,0.879,0.455,0.929,0.517,0.429,/home/ubuntu/Desktop/DeepAmes_Full_STL_4_keep_weights/results_TA102_without_S9/artifacts/base/lr/estimators/lr_seed_3_skf_2_paras_22_C_100_weight_None_solver_lbfgs.joblib,"{""C"": 100, ""class_weight"": null, ""max_iter"": 300, ""random_state"": 1, ""solver"": ""lbfgs""}",lr,22,/home/ubuntu/Desktop/DeepAmes_Full_STL_4_keep_weights/results_TA102_without_S9/artifacts/base/lr/scalers/lr_seed_3_skf_2_paras_22_C_100_weight_None_solver_lbfgs_scaler.joblib,3,2
lr_seed_3_skf_3_paras_22_C_100_weight_None_solver_lbfgs,lr,3_skf_3,134,15,9,16,0.862,0.843,0.64,0.899,0.516,0.937,0.571,0.494,/home/ubuntu/Desktop/DeepAmes_Full_STL_4_keep_weights/results_TA102_without_S9/artifacts/base/lr/estimators/lr_seed_3_skf_3_paras_22_C_100_weight_None_solver_lbfgs.joblib,"{""C"": 100, ""class_weight"": null, ""max_iter"": 300, ""random_state"": 1, ""solver"": ""lbfgs""}",lr,22,/home/ubuntu/Desktop/DeepAmes_Full_STL_4_keep_weights/results_TA102_without_S9/artifacts/base/lr/scalers/lr_seed_3_skf_3_paras_22_C_100_weight_None_solver_lbfgs_scaler.joblib,3,3
lr_seed_3_skf_4_paras_22_C_100_weight_None_solver_lbfgs,lr,3_skf_4,131,18,9,16,0.845,0.879,0.64,0.879,0.471,0.936,0.542,0.459,/home/ubuntu/Desktop/DeepAmes_Full_STL_4_keep_weights/results_TA102_without_S9/artifacts/base/lr/estimators/lr_seed_3_skf_4_paras_22_C_100_weight_None_solver_lbfgs.joblib,"{""C"": 100, ""class_weight"": null, ""max_iter"": 300, ""random_state"": 1, ""solver"": ""lbfgs""}",lr,22,/home/ubuntu/Desktop/DeepAmes_Full_STL_4_keep_weights/results_TA102_without_S9/artifacts/base/lr/scalers/lr_seed_3_skf_4_paras_22_C_100_weight_None_solver_lbfgs_scaler.joblib,3,4
lr_seed_4_skf_1_paras_22_C_100_weight_None_solver_lbfgs,lr,4_skf_1,132,17,11,14,0.839,0.853,0.56,0.886,0.452,0.923,0.5,0.409,/home/ubuntu/Desktop/DeepAmes_Full_STL_4_keep_weights/results_TA102_without_S9/artifacts/base/lr/estimators/lr_seed_4_skf_1_paras_22_C_100_weight_None_solver_lbfgs.joblib,"{""C"": 100, ""class_weight"": null, ""max_iter"": 300, ""random_state"": 1, ""solver"": ""lbfgs""}",lr,22,/home/ubuntu/Desktop/DeepAmes_Full_STL_4_keep_weights/results_TA102_without_S9/artifacts/base/lr/scalers/lr_seed_4_skf_1_paras_22_C_100_weight_None_solver_lbfgs_scaler.joblib,4,1
lr_seed_4_skf_2_paras_22_C_100_weight_None_solver_lbfgs,lr,4_skf_2,134,15,11,14,0.851,0.841,0.56,0.899,0.483,0.924,0.519,0.432,/home/ubuntu/Desktop/DeepAmes_Full_STL_4_keep_weights/results_TA102_without_S9/artifacts/base/lr/estimators/lr_seed_4_skf_2_paras_22_C_100_weight_None_solver_lbfgs.joblib,"{""C"": 100, ""class_weight"": null, ""max_iter"": 300, ""random_state"": 1, ""solver"": ""lbfgs""}",lr,22,/home/ubuntu/Desktop/DeepAmes_Full_STL_4_keep_weights/results_TA102_without_S9/artifacts/base/lr/scalers/lr_seed_4_skf_2_paras_22_C_100_weight_None_solver_lbfgs_scaler.joblib,4,2
lr_seed_4_skf_3_paras_22_C_100_weight_None_solver_lbfgs,lr,4_skf_3,128,21,8,17,0.833,0.853,0.68,0.859,0.447,0.941,0.54,0.458,/home/ubuntu/Desktop/DeepAmes_Full_STL_4_keep_weights/results_TA102_without_S9/artifacts/base/lr/estimators/lr_seed_4_skf_3_paras_22_C_100_weight_None_solver_lbfgs.joblib,"{""C"": 100, ""class_weight"": null, ""max_iter"": 300, ""random_state"": 1, ""solver"": ""lbfgs""}",lr,22,/home/ubuntu/Desktop/DeepAmes_Full_STL_4_keep_weights/results_TA102_without_S9/artifacts/base/lr/scalers/lr_seed_4_skf_3_paras_22_C_100_weight_None_solver_lbfgs_scaler.joblib,4,3
lr_seed_4_skf_4_paras_22_C_100_weight_None_solver_lbfgs,lr,4_skf_4,133,16,11,14,0.845,0.861,0.56,0.893,0.467,0.924,0.509,0.42,/home/ubuntu/Desktop/DeepAmes_Full_STL_4_keep_weights/results_TA102_without_S9/artifacts/base/lr/estimators/lr_seed_4_skf_4_paras_22_C_100_weight_None_solver_lbfgs.joblib,"{""C"": 100, ""class_weight"": null, ""max_iter"": 300, ""random_state"": 1, ""solver"": ""lbfgs""}",lr,22,/home/ubuntu/Desktop/DeepAmes_Full_STL_4_keep_weights/results_TA102_without_S9/artifacts/base/lr/scalers/lr_seed_4_skf_4_paras_22_C_100_weight_None_solver_lbfgs_scaler.joblib,4,4
lr_seed_5_skf_0_paras_22_C_100_weight_None_solver_lbfgs,lr,5_skf_0,133,16,12,13,0.839,0.85,0.52,0.893,0.448,0.917,0.481,0.388,/home/ubuntu/Desktop/DeepAmes_Full_STL_4_keep_weights/results_TA102_without_S9/artifacts/base/lr/estimators/lr_seed_5_skf_0_paras_22_C_100_weight_None_solver_lbfgs.joblib,"{""C"": 100, ""class_weight"": null, ""max_iter"": 300, ""random_state"": 1, ""solver"": ""lbfgs""}",lr,22,/home/ubuntu/Desktop/DeepAmes_Full_STL_4_keep_weights/results_TA102_without_S9/artifacts/base/lr/scalers/lr_seed_5_skf_0_paras_22_C_100_weight_None_solver_lbfgs_scaler.joblib,5,0
lr_seed_5_skf_2_paras_22_C_100_weight_None_solver_lbfgs,lr,5_skf_2,133,16,11,14,0.845,0.866,0.56,0.893,0.467,0.924,0.509,0.42,/home/ubuntu/Desktop/DeepAmes_Full_STL_4_keep_weights/results_TA102_without_S9/artifacts/base/lr/estimators/lr_seed_5_skf_2_paras_22_C_100_weight_None_solver_lbfgs.joblib,"{""C"": 100, ""class_weight"": null, ""max_iter"": 300, ""random_state"": 1, ""solver"": ""lbfgs""}",lr,22,/home/ubuntu/Desktop/DeepAmes_Full_STL_4_keep_weights/results_TA102_without_S9/artifacts/base/lr/scalers/lr_seed_5_skf_2_paras_22_C_100_weight_None_solver_lbfgs_scaler.joblib,5,2
lr_seed_5_skf_3_paras_22_C_100_weight_None_solver_lbfgs,lr,5_skf_3,136,13,9,16,0.874,0.884,0.64,0.913,0.552,0.938,0.593,0.52,/home/ubuntu/Desktop/DeepAmes_Full_STL_4_keep_weights/results_TA102_without_S9/artifacts/base/lr/estimators/lr_seed_5_skf_3_paras_22_C_100_weight_None_solver_lbfgs.joblib,"{""C"": 100, ""class_weight"": null, ""max_iter"": 300, ""random_state"": 1, ""solver"": ""lbfgs""}",lr,22,/home/ubuntu/Desktop/DeepAmes_Full_STL_4_keep_weights/results_TA102_without_S9/artifacts/base/lr/scalers/lr_seed_5_skf_3_paras_22_C_100_weight_None_solver_lbfgs_scaler.joblib,5,3
lr_seed_5_skf_4_paras_22_C_100_weight_None_solver_lbfgs,lr,5_skf_4,129,20,10,15,0.828,0.881,0.6,0.866,0.429,0.928,0.5,0.408,/home/ubuntu/Desktop/DeepAmes_Full_STL_4_keep_weights/results_TA102_without_S9/artifacts/base/lr/estimators/lr_seed_5_skf_4_paras_22_C_100_weight_None_solver_lbfgs.joblib,"{""C"": 100, ""class_weight"": null, ""max_iter"": 300, ""random_state"": 1, ""solver"": ""lbfgs""}",lr,22,/home/ubuntu/Desktop/DeepAmes_Full_STL_4_keep_weights/results_TA102_without_S9/artifacts/base/lr/scalers/lr_seed_5_skf_4_paras_22_C_100_weight_None_solver_lbfgs_scaler.joblib,5,4
lr_seed_6_skf_0_paras_22_C_100_weight_None_solver_lbfgs,lr,6_skf_0,130,19,7,18,0.851,0.894,0.72,0.872,0.486,0.949,0.581,0.508,/home/ubuntu/Desktop/DeepAmes_Full_STL_4_keep_weights/results_TA102_without_S9/artifacts/base/lr/estimators/lr_seed_6_skf_0_paras_22_C_100_weight_None_solver_lbfgs.joblib,"{""C"": 100, ""class_weight"": null, ""max_iter"": 300, ""random_state"": 1, ""solver"": ""lbfgs""}",lr,22,/home/ubuntu/Desktop/DeepAmes_Full_STL_4_keep_weights/results_TA102_without_S9/artifacts/base/lr/scalers/lr_seed_6_skf_0_paras_22_C_100_weight_None_solver_lbfgs_scaler.joblib,6,0
lr_seed_6_skf_1_paras_22_C_100_weight_None_solver_lbfgs,lr,6_skf_1,135,14,12,13,0.851,0.842,0.52,0.906,0.481,0.918,0.5,0.413,/home/ubuntu/Desktop/DeepAmes_Full_STL_4_keep_weights/results_TA102_without_S9/artifacts/base/lr/estimators/lr_seed_6_skf_1_paras_22_C_100_weight_None_solver_lbfgs.joblib,"{""C"": 100, ""class_weight"": null, ""max_iter"": 300, ""random_state"": 1, ""solver"": ""lbfgs""}",lr,22,/home/ubuntu/Desktop/DeepAmes_Full_STL_4_keep_weights/results_TA102_without_S9/artifacts/base/lr/scalers/lr_seed_6_skf_1_paras_22_C_100_weight_None_solver_lbfgs_scaler.joblib,6,1
lr_seed_6_skf_2_paras_22_C_100_weight_None_solver_lbfgs,lr,6_skf_2,134,15,11,14,0.851,0.821,0.56,0.899,0.483,0.924,0.519,0.432,/home/ubuntu/Desktop/DeepAmes_Full_STL_4_keep_weights/results_TA102_without_S9/artifacts/base/lr/estimators/lr_seed_6_skf_2_paras_22_C_100_weight_None_solver_lbfgs.joblib,"{""C"": 100, ""class_weight"": null, ""max_iter"": 300, ""random_state"": 1, ""solver"": ""lbfgs""}",lr,22,/home/ubuntu/Desktop/DeepAmes_Full_STL_4_keep_weights/results_TA102_without_S9/artifacts/base/lr/scalers/lr_seed_6_skf_2_paras_22_C_100_weight_None_solver_lbfgs_scaler.joblib,6,2
lr_seed_6_skf_3_paras_22_C_100_weight_None_solver_lbfgs,lr,6_skf_3,128,21,10,15,0.822,0.837,0.6,0.859,0.417,0.928,0.492,0.398,/home/ubuntu/Desktop/DeepAmes_Full_STL_4_keep_weights/results_TA102_without_S9/artifacts/base/lr/estimators/lr_seed_6_skf_3_paras_22_C_100_weight_None_solver_lbfgs.joblib,"{""C"": 100, ""class_weight"": null, ""max_iter"": 300, ""random_state"": 1, ""solver"": ""lbfgs""}",lr,22,/home/ubuntu/Desktop/DeepAmes_Full_STL_4_keep_weights/results_TA102_without_S9/artifacts/base/lr/scalers/lr_seed_6_skf_3_paras_22_C_100_weight_None_solver_lbfgs_scaler.joblib,6,3
lr_seed_6_skf_4_paras_22_C_100_weight_None_solver_lbfgs,lr,6_skf_4,130,19,9,16,0.839,0.892,0.64,0.872,0.457,0.935,0.533,0.448,/home/ubuntu/Desktop/DeepAmes_Full_STL_4_keep_weights/results_TA102_without_S9/artifacts/base/lr/estimators/lr_seed_6_skf_4_paras_22_C_100_weight_None_solver_lbfgs.joblib,"{""C"": 100, ""class_weight"": null, ""max_iter"": 300, ""random_state"": 1, ""solver"": ""lbfgs""}",lr,22,/home/ubuntu/Desktop/DeepAmes_Full_STL_4_keep_weights/results_TA102_without_S9/artifacts/base/lr/scalers/lr_seed_6_skf_4_paras_22_C_100_weight_None_solver_lbfgs_scaler.joblib,6,4
lr_seed_7_skf_0_paras_22_C_100_weight_None_solver_lbfgs,lr,7_skf_0,133,16,8,17,0.862,0.905,0.68,0.893,0.515,0.943,0.586,0.512,/home/ubuntu/Desktop/DeepAmes_Full_STL_4_keep_weights/results_TA102_without_S9/artifacts/base/lr/estimators/lr_seed_7_skf_0_paras_22_C_100_weight_None_solver_lbfgs.joblib,"{""C"": 100, ""class_weight"": null, ""max_iter"": 300, ""random_state"": 1, ""solver"": ""lbfgs""}",lr,22,/home/ubuntu/Desktop/DeepAmes_Full_STL_4_keep_weights/results_TA102_without_S9/artifacts/base/lr/scalers/lr_seed_7_skf_0_paras_22_C_100_weight_None_solver_lbfgs_scaler.joblib,7,0
lr_seed_7_skf_1_paras_22_C_100_weight_None_solver_lbfgs,lr,7_skf_1,128,21,9,16,0.828,0.866,0.64,0.859,0.432,0.934,0.516,0.428,/home/ubuntu/Desktop/DeepAmes_Full_STL_4_keep_weights/results_TA102_without_S9/artifacts/base/lr/estimators/lr_seed_7_skf_1_paras_22_C_100_weight_None_solver_lbfgs.joblib,"{""C"": 100, ""class_weight"": null, ""max_iter"": 300, ""random_state"": 1, ""solver"": ""lbfgs""}",lr,22,/home/ubuntu/Desktop/DeepAmes_Full_STL_4_keep_weights/results_TA102_without_S9/artifacts/base/lr/scalers/lr_seed_7_skf_1_paras_22_C_100_weight_None_solver_lbfgs_scaler.joblib,7,1
lr_seed_7_skf_2_paras_22_C_100_weight_None_solver_lbfgs,lr,7_skf_2,131,18,9,16,0.845,0.85,0.64,0.879,0.471,0.936,0.542,0.459,/home/ubuntu/Desktop/DeepAmes_Full_STL_4_keep_weights/results_TA102_without_S9/artifacts/base/lr/estimators/lr_seed_7_skf_2_paras_22_C_100_weight_None_solver_lbfgs.joblib,"{""C"": 100, ""class_weight"": null, ""max_iter"": 300, ""random_state"": 1, ""solver"": ""lbfgs""}",lr,22,/home/ubuntu/Desktop/DeepAmes_Full_STL_4_keep_weights/results_TA102_without_S9/artifacts/base/lr/scalers/lr_seed_7_skf_2_paras_22_C_100_weight_None_solver_lbfgs_scaler.joblib,7,2
lr_seed_7_skf_3_paras_22_C_100_weight_None_solver_lbfgs,lr,7_skf_3,133,16,10,15,0.851,0.842,0.6,0.893,0.484,0.93,0.536,0.452,/home/ubuntu/Desktop/DeepAmes_Full_STL_4_keep_weights/results_TA102_without_S9/artifacts/base/lr/estimators/lr_seed_7_skf_3_paras_22_C_100_weight_None_solver_lbfgs.joblib,"{""C"": 100, ""class_weight"": null, ""max_iter"": 300, ""random_state"": 1, ""solver"": ""lbfgs""}",lr,22,/home/ubuntu/Desktop/DeepAmes_Full_STL_4_keep_weights/results_TA102_without_S9/artifacts/base/lr/scalers/lr_seed_7_skf_3_paras_22_C_100_weight_None_solver_lbfgs_scaler.joblib,7,3
lr_seed_7_skf_4_paras_22_C_100_weight_None_solver_lbfgs,lr,7_skf_4,134,15,10,15,0.856,0.869,0.6,0.899,0.5,0.931,0.545,0.464,/home/ubuntu/Desktop/DeepAmes_Full_STL_4_keep_weights/results_TA102_without_S9/artifacts/base/lr/estimators/lr_seed_7_skf_4_paras_22_C_100_weight_None_solver_lbfgs.joblib,"{""C"": 100, ""class_weight"": null, ""max_iter"": 300, ""random_state"": 1, ""solver"": ""lbfgs""}",lr,22,/home/ubuntu/Desktop/DeepAmes_Full_STL_4_keep_weights/results_TA102_without_S9/artifacts/base/lr/scalers/lr_seed_7_skf_4_paras_22_C_100_weight_None_solver_lbfgs_scaler.joblib,7,4
lr_seed_8_skf_0_paras_22_C_100_weight_None_solver_lbfgs,lr,8_skf_0,130,19,12,13,0.822,0.843,0.52,0.872,0.406,0.915,0.456,0.355,/home/ubuntu/Desktop/DeepAmes_Full_STL_4_keep_weights/results_TA102_without_S9/artifacts/base/lr/estimators/lr_seed_8_skf_0_paras_22_C_100_weight_None_solver_lbfgs.joblib,"{""C"": 100, ""class_weight"": null, ""max_iter"": 300, ""random_state"": 1, ""solver"": ""lbfgs""}",lr,22,/home/ubuntu/Desktop/DeepAmes_Full_STL_4_keep_weights/results_TA102_without_S9/artifacts/base/lr/scalers/lr_seed_8_skf_0_paras_22_C_100_weight_None_solver_lbfgs_scaler.joblib,8,0
lr_seed_8_skf_1_paras_22_C_100_weight_None_solver_lbfgs,lr,8_skf_1,126,23,11,14,0.805,0.829,0.56,0.846,0.378,0.92,0.452,0.348,/home/ubuntu/Desktop/DeepAmes_Full_STL_4_keep_weights/results_TA102_without_S9/artifacts/base/lr/estimators/lr_seed_8_skf_1_paras_22_C_100_weight_None_solver_lbfgs.joblib,"{""C"": 100, ""class_weight"": null, ""max_iter"": 300, ""random_state"": 1, ""solver"": ""lbfgs""}",lr,22,/home/ubuntu/Desktop/DeepAmes_Full_STL_4_keep_weights/results_TA102_without_S9/artifacts/base/lr/scalers/lr_seed_8_skf_1_paras_22_C_100_weight_None_solver_lbfgs_scaler.joblib,8,1
lr_seed_8_skf_2_paras_22_C_100_weight_None_solver_lbfgs,lr,8_skf_2,128,21,11,14,0.816,0.875,0.56,0.859,0.4,0.921,0.467,0.367,/home/ubuntu/Desktop/DeepAmes_Full_STL_4_keep_weights/results_TA102_without_S9/artifacts/base/lr/estimators/lr_seed_8_skf_2_paras_22_C_100_weight_None_solver_lbfgs.joblib,"{""C"": 100, ""class_weight"": null, ""max_iter"": 300, ""random_state"": 1, ""solver"": ""lbfgs""}",lr,22,/home/ubuntu/Desktop/DeepAmes_Full_STL_4_keep_weights/results_TA102_without_S9/artifacts/base/lr/scalers/lr_seed_8_skf_2_paras_22_C_100_weight_None_solver_lbfgs_scaler.joblib,8,2
lr_seed_8_skf_3_paras_22_C_100_weight_None_solver_lbfgs,lr,8_skf_3,134,15,10,15,0.856,0.867,0.6,0.899,0.5,0.931,0.545,0.464,/home/ubuntu/Desktop/DeepAmes_Full_STL_4_keep_weights/results_TA102_without_S9/artifacts/base/lr/estimators/lr_seed_8_skf_3_paras_22_C_100_weight_None_solver_lbfgs.joblib,"{""C"": 100, ""class_weight"": null, ""max_iter"": 300, ""random_state"": 1, ""solver"": ""lbfgs""}",lr,22,/home/ubuntu/Desktop/DeepAmes_Full_STL_4_keep_weights/results_TA102_without_S9/artifacts/base/lr/scalers/lr_seed_8_skf_3_paras_22_C_100_weight_None_solver_lbfgs_scaler.joblib,8,3
lr_seed_8_skf_4_paras_22_C_100_weight_None_solver_lbfgs,lr,8_skf_4,138,11,9,16,0.885,0.891,0.64,0.926,0.593,0.939,0.615,0.548,/home/ubuntu/Desktop/DeepAmes_Full_STL_4_keep_weights/results_TA102_without_S9/artifacts/base/lr/estimators/lr_seed_8_skf_4_paras_22_C_100_weight_None_solver_lbfgs.joblib,"{""C"": 100, ""class_weight"": null, ""max_iter"": 300, ""random_state"": 1, ""solver"": ""lbfgs""}",lr,22,/home/ubuntu/Desktop/DeepAmes_Full_STL_4_keep_weights/results_TA102_without_S9/artifacts/base/lr/scalers/lr_seed_8_skf_4_paras_22_C_100_weight_None_solver_lbfgs_scaler.joblib,8,4
lr_seed_9_skf_0_paras_22_C_100_weight_None_solver_lbfgs,lr,9_skf_0,133,16,10,15,0.851,0.841,0.6,0.893,0.484,0.93,0.536,0.452,/home/ubuntu/Desktop/DeepAmes_Full_STL_4_keep_weights/results_TA102_without_S9/artifacts/base/lr/estimators/lr_seed_9_skf_0_paras_22_C_100_weight_None_solver_lbfgs.joblib,"{""C"": 100, ""class_weight"": null, ""max_iter"": 300, ""random_state"": 1, ""solver"": ""lbfgs""}",lr,22,/home/ubuntu/Desktop/DeepAmes_Full_STL_4_keep_weights/results_TA102_without_S9/artifacts/base/lr/scalers/lr_seed_9_skf_0_paras_22_C_100_weight_None_solver_lbfgs_scaler.joblib,9,0
lr_seed_9_skf_1_paras_22_C_100_weight_None_solver_lbfgs,lr,9_skf_1,126,23,9,16,0.816,0.855,0.64,0.846,0.41,0.933,0.5,0.408,/home/ubuntu/Desktop/DeepAmes_Full_STL_4_keep_weights/results_TA102_without_S9/artifacts/base/lr/estimators/lr_seed_9_skf_1_paras_22_C_100_weight_None_solver_lbfgs.joblib,"{""C"": 100, ""class_weight"": null, ""max_iter"": 300, ""random_state"": 1, ""solver"": ""lbfgs""}",lr,22,/home/ubuntu/Desktop/DeepAmes_Full_STL_4_keep_weights/results_TA102_without_S9/artifacts/base/lr/scalers/lr_seed_9_skf_1_paras_22_C_100_weight_None_solver_lbfgs_scaler.joblib,9,1
lr_seed_9_skf_2_paras_22_C_100_weight_None_solver_lbfgs,lr,9_skf_2,132,17,9,16,0.851,0.88,0.64,0.886,0.485,0.936,0.552,0.471,/home/ubuntu/Desktop/DeepAmes_Full_STL_4_keep_weights/results_TA102_without_S9/artifacts/base/lr/estimators/lr_seed_9_skf_2_paras_22_C_100_weight_None_solver_lbfgs.joblib,"{""C"": 100, ""class_weight"": null, ""max_iter"": 300, ""random_state"": 1, ""solver"": ""lbfgs""}",lr,22,/home/ubuntu/Desktop/DeepAmes_Full_STL_4_keep_weights/results_TA102_without_S9/artifacts/base/lr/scalers/lr_seed_9_skf_2_paras_22_C_100_weight_None_solver_lbfgs_scaler.joblib,9,2
lr_seed_9_skf_3_paras_22_C_100_weight_None_solver_lbfgs,lr,9_skf_3,131,18,8,17,0.851,0.847,0.68,0.879,0.486,0.942,0.567,0.489,/home/ubuntu/Desktop/DeepAmes_Full_STL_4_keep_weights/results_TA102_without_S9/artifacts/base/lr/estimators/lr_seed_9_skf_3_paras_22_C_100_weight_None_solver_lbfgs.joblib,"{""C"": 100, ""class_weight"": null, ""max_iter"": 300, ""random_state"": 1, ""solver"": ""lbfgs""}",lr,22,/home/ubuntu/Desktop/DeepAmes_Full_STL_4_keep_weights/results_TA102_without_S9/artifacts/base/lr/scalers/lr_seed_9_skf_3_paras_22_C_100_weight_None_solver_lbfgs_scaler.joblib,9,3
lr_seed_9_skf_4_paras_22_C_100_weight_None_solver_lbfgs,lr,9_skf_4,135,14,9,16,0.868,0.906,0.64,0.906,0.533,0.938,0.582,0.507,/home/ubuntu/Desktop/DeepAmes_Full_STL_4_keep_weights/results_TA102_without_S9/artifacts/base/lr/estimators/lr_seed_9_skf_4_paras_22_C_100_weight_None_solver_lbfgs.joblib,"{""C"": 100, ""class_weight"": null, ""max_iter"": 300, ""random_state"": 1, ""solver"": ""lbfgs""}",lr,22,/home/ubuntu/Desktop/DeepAmes_Full_STL_4_keep_weights/results_TA102_without_S9/artifacts/base/lr/scalers/lr_seed_9_skf_4_paras_22_C_100_weight_None_solver_lbfgs_scaler.joblib,9,4
lr_seed_10_skf_0_paras_22_C_100_weight_None_solver_lbfgs,lr,10_skf_0,129,20,11,14,0.822,0.805,0.56,0.866,0.412,0.921,0.475,0.377,/home/ubuntu/Desktop/DeepAmes_Full_STL_4_keep_weights/results_TA102_without_S9/artifacts/base/lr/estimators/lr_seed_10_skf_0_paras_22_C_100_weight_None_solver_lbfgs.joblib,"{""C"": 100, ""class_weight"": null, ""max_iter"": 300, ""random_state"": 1, ""solver"": ""lbfgs""}",lr,22,/home/ubuntu/Desktop/DeepAmes_Full_STL_4_keep_weights/results_TA102_without_S9/artifacts/base/lr/scalers/lr_seed_10_skf_0_paras_22_C_100_weight_None_solver_lbfgs_scaler.joblib,10,0
lr_seed_10_skf_1_paras_22_C_100_weight_None_solver_lbfgs,lr,10_skf_1,123,26,9,16,0.799,0.866,0.64,0.826,0.381,0.932,0.478,0.382,/home/ubuntu/Desktop/DeepAmes_Full_STL_4_keep_weights/results_TA102_without_S9/artifacts/base/lr/estimators/lr_seed_10_skf_1_paras_22_C_100_weight_None_solver_lbfgs.joblib,"{""C"": 100, ""class_weight"": null, ""max_iter"": 300, ""random_state"": 1, ""solver"": ""lbfgs""}",lr,22,/home/ubuntu/Desktop/DeepAmes_Full_STL_4_keep_weights/results_TA102_without_S9/artifacts/base/lr/scalers/lr_seed_10_skf_1_paras_22_C_100_weight_None_solver_lbfgs_scaler.joblib,10,1
lr_seed_10_skf_2_paras_22_C_100_weight_None_solver_lbfgs,lr,10_skf_2,133,16,8,17,0.862,0.876,0.68,0.893,0.515,0.943,0.586,0.512,/home/ubuntu/Desktop/DeepAmes_Full_STL_4_keep_weights/results_TA102_without_S9/artifacts/base/lr/estimators/lr_seed_10_skf_2_paras_22_C_100_weight_None_solver_lbfgs.joblib,"{""C"": 100, ""class_weight"": null, ""max_iter"": 300, ""random_state"": 1, ""solver"": ""lbfgs""}",lr,22,/home/ubuntu/Desktop/DeepAmes_Full_STL_4_keep_weights/results_TA102_without_S9/artifacts/base/lr/scalers/lr_seed_10_skf_2_paras_22_C_100_weight_None_solver_lbfgs_scaler.joblib,10,2
lr_seed_10_skf_3_paras_22_C_100_weight_None_solver_lbfgs,lr,10_skf_3,136,13,9,16,0.874,0.869,0.64,0.913,0.552,0.938,0.593,0.52,/home/ubuntu/Desktop/DeepAmes_Full_STL_4_keep_weights/results_TA102_without_S9/artifacts/base/lr/estimators/lr_seed_10_skf_3_paras_22_C_100_weight_None_solver_lbfgs.joblib,"{""C"": 100, ""class_weight"": null, ""max_iter"": 300, ""random_state"": 1, ""solver"": ""lbfgs""}",lr,22,/home/ubuntu/Desktop/DeepAmes_Full_STL_4_keep_weights/results_TA102_without_S9/artifacts/base/lr/scalers/lr_seed_10_skf_3_paras_22_C_100_weight_None_solver_lbfgs_scaler.joblib,10,3
lr_seed_11_skf_0_paras_22_C_100_weight_None_solver_lbfgs,lr,11_skf_0,130,19,11,14,0.828,0.877,0.56,0.872,0.424,0.922,0.483,0.387,/home/ubuntu/Desktop/DeepAmes_Full_STL_4_keep_weights/results_TA102_without_S9/artifacts/base/lr/estimators/lr_seed_11_skf_0_paras_22_C_100_weight_None_solver_lbfgs.joblib,"{""C"": 100, ""class_weight"": null, ""max_iter"": 300, ""random_state"": 1, ""solver"": ""lbfgs""}",lr,22,/home/ubuntu/Desktop/DeepAmes_Full_STL_4_keep_weights/results_TA102_without_S9/artifacts/base/lr/scalers/lr_seed_11_skf_0_paras_22_C_100_weight_None_solver_lbfgs_scaler.joblib,11,0
lr_seed_11_skf_1_paras_22_C_100_weight_None_solver_lbfgs,lr,11_skf_1,131,18,11,14,0.833,0.849,0.56,0.879,0.438,0.923,0.491,0.398,/home/ubuntu/Desktop/DeepAmes_Full_STL_4_keep_weights/results_TA102_without_S9/artifacts/base/lr/estimators/lr_seed_11_skf_1_paras_22_C_100_weight_None_solver_lbfgs.joblib,"{""C"": 100, ""class_weight"": null, ""max_iter"": 300, ""random_state"": 1, ""solver"": ""lbfgs""}",lr,22,/home/ubuntu/Desktop/DeepAmes_Full_STL_4_keep_weights/results_TA102_without_S9/artifacts/base/lr/scalers/lr_seed_11_skf_1_paras_22_C_100_weight_None_solver_lbfgs_scaler.joblib,11,1
lr_seed_11_skf_2_paras_22_C_100_weight_None_solver_lbfgs,lr,11_skf_2,134,15,10,15,0.856,0.849,0.6,0.899,0.5,0.931,0.545,0.464,/home/ubuntu/Desktop/DeepAmes_Full_STL_4_keep_weights/results_TA102_without_S9/artifacts/base/lr/estimators/lr_seed_11_skf_2_paras_22_C_100_weight_None_solver_lbfgs.joblib,"{""C"": 100, ""class_weight"": null, ""max_iter"": 300, ""random_state"": 1, ""solver"": ""lbfgs""}",lr,22,/home/ubuntu/Desktop/DeepAmes_Full_STL_4_keep_weights/results_TA102_without_S9/artifacts/base/lr/scalers/lr_seed_11_skf_2_paras_22_C_100_weight_None_solver_lbfgs_scaler.joblib,11,2
lr_seed_11_skf_3_paras_22_C_100_weight_None_solver_lbfgs,lr,11_skf_3,131,18,11,14,0.833,0.862,0.56,0.879,0.438,0.923,0.491,0.398,/home/ubuntu/Desktop/DeepAmes_Full_STL_4_keep_weights/results_TA102_without_S9/artifacts/base/lr/estimators/lr_seed_11_skf_3_paras_22_C_100_weight_None_solver_lbfgs.joblib,"{""C"": 100, ""class_weight"": null, ""max_iter"": 300, ""random_state"": 1, ""solver"": ""lbfgs""}",lr,22,/home/ubuntu/Desktop/DeepAmes_Full_STL_4_keep_weights/results_TA102_without_S9/artifacts/base/lr/scalers/lr_seed_11_skf_3_paras_22_C_100_weight_None_solver_lbfgs_scaler.joblib,11,3
lr_seed_11_skf_4_paras_22_C_100_weight_None_solver_lbfgs,lr,11_skf_4,133,16,11,14,0.845,0.881,0.56,0.893,0.467,0.924,0.509,0.42,/home/ubuntu/Desktop/DeepAmes_Full_STL_4_keep_weights/results_TA102_without_S9/artifacts/base/lr/estimators/lr_seed_11_skf_4_paras_22_C_100_weight_None_solver_lbfgs.joblib,"{""C"": 100, ""class_weight"": null, ""max_iter"": 300, ""random_state"": 1, ""solver"": ""lbfgs""}",lr,22,/home/ubuntu/Desktop/DeepAmes_Full_STL_4_keep_weights/results_TA102_without_S9/artifacts/base/lr/scalers/lr_seed_11_skf_4_paras_22_C_100_weight_None_solver_lbfgs_scaler.joblib,11,4
lr_seed_12_skf_0_paras_22_C_100_weight_None_solver_lbfgs,lr,12_skf_0,129,20,10,15,0.828,0.85,0.6,0.866,0.429,0.928,0.5,0.408,/home/ubuntu/Desktop/DeepAmes_Full_STL_4_keep_weights/results_TA102_without_S9/artifacts/base/lr/estimators/lr_seed_12_skf_0_paras_22_C_100_weight_None_solver_lbfgs.joblib,"{""C"": 100, ""class_weight"": null, ""max_iter"": 300, ""random_state"": 1, ""solver"": ""lbfgs""}",lr,22,/home/ubuntu/Desktop/DeepAmes_Full_STL_4_keep_weights/results_TA102_without_S9/artifacts/base/lr/scalers/lr_seed_12_skf_0_paras_22_C_100_weight_None_solver_lbfgs_scaler.joblib,12,0
lr_seed_12_skf_1_paras_22_C_100_weight_None_solver_lbfgs,lr,12_skf_1,135,14,10,15,0.862,0.845,0.6,0.906,0.517,0.931,0.556,0.476,/home/ubuntu/Desktop/DeepAmes_Full_STL_4_keep_weights/results_TA102_without_S9/artifacts/base/lr/estimators/lr_seed_12_skf_1_paras_22_C_100_weight_None_solver_lbfgs.joblib,"{""C"": 100, ""class_weight"": null, ""max_iter"": 300, ""random_state"": 1, ""solver"": ""lbfgs""}",lr,22,/home/ubuntu/Desktop/DeepAmes_Full_STL_4_keep_weights/results_TA102_without_S9/artifacts/base/lr/scalers/lr_seed_12_skf_1_paras_22_C_100_weight_None_solver_lbfgs_scaler.joblib,12,1
lr_seed_12_skf_2_paras_22_C_100_weight_None_solver_lbfgs,lr,12_skf_2,130,19,10,15,0.833,0.845,0.6,0.872,0.441,0.929,0.508,0.418,/home/ubuntu/Desktop/DeepAmes_Full_STL_4_keep_weights/results_TA102_without_S9/artifacts/base/lr/estimators/lr_seed_12_skf_2_paras_22_C_100_weight_None_solver_lbfgs.joblib,"{""C"": 100, ""class_weight"": null, ""max_iter"": 300, ""random_state"": 1, ""solver"": ""lbfgs""}",lr,22,/home/ubuntu/Desktop/DeepAmes_Full_STL_4_keep_weights/results_TA102_without_S9/artifacts/base/lr/scalers/lr_seed_12_skf_2_paras_22_C_100_weight_None_solver_lbfgs_scaler.joblib,12,2
lr_seed_12_skf_3_paras_22_C_100_weight_None_solver_lbfgs,lr,12_skf_3,132,17,11,14,0.839,0.863,0.56,0.886,0.452,0.923,0.5,0.409,/home/ubuntu/Desktop/DeepAmes_Full_STL_4_keep_weights/results_TA102_without_S9/artifacts/base/lr/estimators/lr_seed_12_skf_3_paras_22_C_100_weight_None_solver_lbfgs.joblib,"{""C"": 100, ""class_weight"": null, ""max_iter"": 300, ""random_state"": 1, ""solver"": ""lbfgs""}",lr,22,/home/ubuntu/Desktop/DeepAmes_Full_STL_4_keep_weights/results_TA102_without_S9/artifacts/base/lr/scalers/lr_seed_12_skf_3_paras_22_C_100_weight_None_solver_lbfgs_scaler.joblib,12,3
lr_seed_12_skf_4_paras_22_C_100_weight_None_solver_lbfgs,lr,12_skf_4,133,16,9,16,0.856,0.879,0.64,0.893,0.5,0.937,0.561,0.482,/home/ubuntu/Desktop/DeepAmes_Full_STL_4_keep_weights/results_TA102_without_S9/artifacts/base/lr/estimators/lr_seed_12_skf_4_paras_22_C_100_weight_None_solver_lbfgs.joblib,"{""C"": 100, ""class_weight"": null, ""max_iter"": 300, ""random_state"": 1, ""solver"": ""lbfgs""}",lr,22,/home/ubuntu/Desktop/DeepAmes_Full_STL_4_keep_weights/results_TA102_without_S9/artifacts/base/lr/scalers/lr_seed_12_skf_4_paras_22_C_100_weight_None_solver_lbfgs_scaler.joblib,12,4
lr_seed_13_skf_0_paras_22_C_100_weight_None_solver_lbfgs,lr,13_skf_0,133,16,8,17,0.862,0.864,0.68,0.893,0.515,0.943,0.586,0.512,/home/ubuntu/Desktop/DeepAmes_Full_STL_4_keep_weights/results_TA102_without_S9/artifacts/base/lr/estimators/lr_seed_13_skf_0_paras_22_C_100_weight_None_solver_lbfgs.joblib,"{""C"": 100, ""class_weight"": null, ""max_iter"": 300, ""random_state"": 1, ""solver"": ""lbfgs""}",lr,22,/home/ubuntu/Desktop/DeepAmes_Full_STL_4_keep_weights/results_TA102_without_S9/artifacts/base/lr/scalers/lr_seed_13_skf_0_paras_22_C_100_weight_None_solver_lbfgs_scaler.joblib,13,0
lr_seed_13_skf_1_paras_22_C_100_weight_None_solver_lbfgs,lr,13_skf_1,133,16,10,15,0.851,0.866,0.6,0.893,0.484,0.93,0.536,0.452,/home/ubuntu/Desktop/DeepAmes_Full_STL_4_keep_weights/results_TA102_without_S9/artifacts/base/lr/estimators/lr_seed_13_skf_1_paras_22_C_100_weight_None_solver_lbfgs.joblib,"{""C"": 100, ""class_weight"": null, ""max_iter"": 300, ""random_state"": 1, ""solver"": ""lbfgs""}",lr,22,/home/ubuntu/Desktop/DeepAmes_Full_STL_4_keep_weights/results_TA102_without_S9/artifacts/base/lr/scalers/lr_seed_13_skf_1_paras_22_C_100_weight_None_solver_lbfgs_scaler.joblib,13,1
lr_seed_13_skf_2_paras_22_C_100_weight_None_solver_lbfgs,lr,13_skf_2,129,20,11,14,0.822,0.857,0.56,0.866,0.412,0.921,0.475,0.377,/home/ubuntu/Desktop/DeepAmes_Full_STL_4_keep_weights/results_TA102_without_S9/artifacts/base/lr/estimators/lr_seed_13_skf_2_paras_22_C_100_weight_None_solver_lbfgs.joblib,"{""C"": 100, ""class_weight"": null, ""max_iter"": 300, ""random_state"": 1, ""solver"": ""lbfgs""}",lr,22,/home/ubuntu/Desktop/DeepAmes_Full_STL_4_keep_weights/results_TA102_without_S9/artifacts/base/lr/scalers/lr_seed_13_skf_2_paras_22_C_100_weight_None_solver_lbfgs_scaler.joblib,13,2
lr_seed_13_skf_3_paras_22_C_100_weight_None_solver_lbfgs,lr,13_skf_3,132,17,8,17,0.856,0.86,0.68,0.886,0.5,0.943,0.576,0.501,/home/ubuntu/Desktop/DeepAmes_Full_STL_4_keep_weights/results_TA102_without_S9/artifacts/base/lr/estimators/lr_seed_13_skf_3_paras_22_C_100_weight_None_solver_lbfgs.joblib,"{""C"": 100, ""class_weight"": null, ""max_iter"": 300, ""random_state"": 1, ""solver"": ""lbfgs""}",lr,22,/home/ubuntu/Desktop/DeepAmes_Full_STL_4_keep_weights/results_TA102_without_S9/artifacts/base/lr/scalers/lr_seed_13_skf_3_paras_22_C_100_weight_None_solver_lbfgs_scaler.joblib,13,3
lr_seed_13_skf_4_paras_22_C_100_weight_None_solver_lbfgs,lr,13_skf_4,130,19,10,15,0.833,0.881,0.6,0.872,0.441,0.929,0.508,0.418,/home/ubuntu/Desktop/DeepAmes_Full_STL_4_keep_weights/results_TA102_without_S9/artifacts/base/lr/estimators/lr_seed_13_skf_4_paras_22_C_100_weight_None_solver_lbfgs.joblib,"{""C"": 100, ""class_weight"": null, ""max_iter"": 300, ""random_state"": 1, ""solver"": ""lbfgs""}",lr,22,/home/ubuntu/Desktop/DeepAmes_Full_STL_4_keep_weights/results_TA102_without_S9/artifacts/base/lr/scalers/lr_seed_13_skf_4_paras_22_C_100_weight_None_solver_lbfgs_scaler.joblib,13,4
lr_seed_14_skf_0_paras_22_C_100_weight_None_solver_lbfgs,lr,14_skf_0,131,18,10,15,0.839,0.881,0.6,0.879,0.455,0.929,0.517,0.429,/home/ubuntu/Desktop/DeepAmes_Full_STL_4_keep_weights/results_TA102_without_S9/artifacts/base/lr/estimators/lr_seed_14_skf_0_paras_22_C_100_weight_None_solver_lbfgs.joblib,"{""C"": 100, ""class_weight"": null, ""max_iter"": 300, ""random_state"": 1, ""solver"": ""lbfgs""}",lr,22,/home/ubuntu/Desktop/DeepAmes_Full_STL_4_keep_weights/results_TA102_without_S9/artifacts/base/lr/scalers/lr_seed_14_skf_0_paras_22_C_100_weight_None_solver_lbfgs_scaler.joblib,14,0
lr_seed_14_skf_1_paras_22_C_100_weight_None_solver_lbfgs,lr,14_skf_1,128,21,12,13,0.81,0.8,0.52,0.859,0.382,0.914,0.441,0.335,/home/ubuntu/Desktop/DeepAmes_Full_STL_4_keep_weights/results_TA102_without_S9/artifacts/base/lr/estimators/lr_seed_14_skf_1_paras_22_C_100_weight_None_solver_lbfgs.joblib,"{""C"": 100, ""class_weight"": null, ""max_iter"": 300, ""random_state"": 1, ""solver"": ""lbfgs""}",lr,22,/home/ubuntu/Desktop/DeepAmes_Full_STL_4_keep_weights/results_TA102_without_S9/artifacts/base/lr/scalers/lr_seed_14_skf_1_paras_22_C_100_weight_None_solver_lbfgs_scaler.joblib,14,1
lr_seed_14_skf_2_paras_22_C_100_weight_None_solver_lbfgs,lr,14_skf_2,135,14,10,15,0.862,0.87,0.6,0.906,0.517,0.931,0.556,0.476,/home/ubuntu/Desktop/DeepAmes_Full_STL_4_keep_weights/results_TA102_without_S9/artifacts/base/lr/estimators/lr_seed_14_skf_2_paras_22_C_100_weight_None_solver_lbfgs.joblib,"{""C"": 100, ""class_weight"": null, ""max_iter"": 300, ""random_state"": 1, ""solver"": ""lbfgs""}",lr,22,/home/ubuntu/Desktop/DeepAmes_Full_STL_4_keep_weights/results_TA102_without_S9/artifacts/base/lr/scalers/lr_seed_14_skf_2_paras_22_C_100_weight_None_solver_lbfgs_scaler.joblib,14,2
lr_seed_14_skf_3_paras_22_C_100_weight_None_solver_lbfgs,lr,14_skf_3,130,19,9,16,0.839,0.878,0.64,0.872,0.457,0.935,0.533,0.448,/home/ubuntu/Desktop/DeepAmes_Full_STL_4_keep_weights/results_TA102_without_S9/artifacts/base/lr/estimators/lr_seed_14_skf_3_paras_22_C_100_weight_None_solver_lbfgs.joblib,"{""C"": 100, ""class_weight"": null, ""max_iter"": 300, ""random_state"": 1, ""solver"": ""lbfgs""}",lr,22,/home/ubuntu/Desktop/DeepAmes_Full_STL_4_keep_weights/results_TA102_without_S9/artifacts/base/lr/scalers/lr_seed_14_skf_3_paras_22_C_100_weight_None_solver_lbfgs_scaler.joblib,14,3
lr_seed_14_skf_4_paras_22_C_100_weight_None_solver_lbfgs,lr,14_skf_4,132,17,12,13,0.833,0.844,0.52,0.886,0.433,0.917,0.473,0.377,/home/ubuntu/Desktop/DeepAmes_Full_STL_4_keep_weights/results_TA102_without_S9/artifacts/base/lr/estimators/lr_seed_14_skf_4_paras_22_C_100_weight_None_solver_lbfgs.joblib,"{""C"": 100, ""class_weight"": null, ""max_iter"": 300, ""random_state"": 1, ""solver"": ""lbfgs""}",lr,22,/home/ubuntu/Desktop/DeepAmes_Full_STL_4_keep_weights/results_TA102_without_S9/artifacts/base/lr/scalers/lr_seed_14_skf_4_paras_22_C_100_weight_None_solver_lbfgs_scaler.joblib,14,4
lr_seed_15_skf_0_paras_22_C_100_weight_None_solver_lbfgs,lr,15_skf_0,129,20,9,16,0.833,0.866,0.64,0.866,0.444,0.935,0.525,0.438,/home/ubuntu/Desktop/DeepAmes_Full_STL_4_keep_weights/results_TA102_without_S9/artifacts/base/lr/estimators/lr_seed_15_skf_0_paras_22_C_100_weight_None_solver_lbfgs.joblib,"{""C"": 100, ""class_weight"": null, ""max_iter"": 300, ""random_state"": 1, ""solver"": ""lbfgs""}",lr,22,/home/ubuntu/Desktop/DeepAmes_Full_STL_4_keep_weights/results_TA102_without_S9/artifacts/base/lr/scalers/lr_seed_15_skf_0_paras_22_C_100_weight_None_solver_lbfgs_scaler.joblib,15,0
lr_seed_15_skf_1_paras_22_C_100_weight_None_solver_lbfgs,lr,15_skf_1,129,20,8,17,0.839,0.857,0.68,0.866,0.459,0.942,0.548,0.468,/home/ubuntu/Desktop/DeepAmes_Full_STL_4_keep_weights/results_TA102_without_S9/artifacts/base/lr/estimators/lr_seed_15_skf_1_paras_22_C_100_weight_None_solver_lbfgs.joblib,"{""C"": 100, ""class_weight"": null, ""max_iter"": 300, ""random_state"": 1, ""solver"": ""lbfgs""}",lr,22,/home/ubuntu/Desktop/DeepAmes_Full_STL_4_keep_weights/results_TA102_without_S9/artifacts/base/lr/scalers/lr_seed_15_skf_1_paras_22_C_100_weight_None_solver_lbfgs_scaler.joblib,15,1
lr_seed_15_skf_2_paras_22_C_100_weight_None_solver_lbfgs,lr,15_skf_2,132,17,11,14,0.839,0.847,0.56,0.886,0.452,0.923,0.5,0.409,/home/ubuntu/Desktop/DeepAmes_Full_STL_4_keep_weights/results_TA102_without_S9/artifacts/base/lr/estimators/lr_seed_15_skf_2_paras_22_C_100_weight_None_solver_lbfgs.joblib,"{""C"": 100, ""class_weight"": null, ""max_iter"": 300, ""random_state"": 1, ""solver"": ""lbfgs""}",lr,22,/home/ubuntu/Desktop/DeepAmes_Full_STL_4_keep_weights/results_TA102_without_S9/artifacts/base/lr/scalers/lr_seed_15_skf_2_paras_22_C_100_weight_None_solver_lbfgs_scaler.joblib,15,2
lr_seed_15_skf_3_paras_22_C_100_weight_None_solver_lbfgs,lr,15_skf_3,130,19,10,15,0.833,0.834,0.6,0.872,0.441,0.929,0.508,0.418,/home/ubuntu/Desktop/DeepAmes_Full_STL_4_keep_weights/results_TA102_without_S9/artifacts/base/lr/estimators/lr_seed_15_skf_3_paras_22_C_100_weight_None_solver_lbfgs.joblib,"{""C"": 100, ""class_weight"": null, ""max_iter"": 300, ""random_state"": 1, ""solver"": ""lbfgs""}",lr,22,/home/ubuntu/Desktop/DeepAmes_Full_STL_4_keep_weights/results_TA102_without_S9/artifacts/base/lr/scalers/lr_seed_15_skf_3_paras_22_C_100_weight_None_solver_lbfgs_scaler.joblib,15,3
lr_seed_15_skf_4_paras_22_C_100_weight_None_solver_lbfgs,lr,15_skf_4,130,19,10,15,0.833,0.867,0.6,0.872,0.441,0.929,0.508,0.418,/home/ubuntu/Desktop/DeepAmes_Full_STL_4_keep_weights/results_TA102_without_S9/artifacts/base/lr/estimators/lr_seed_15_skf_4_paras_22_C_100_weight_None_solver_lbfgs.joblib,"{""C"": 100, ""class_weight"": null, ""max_iter"": 300, ""random_state"": 1, ""solver"": ""lbfgs""}",lr,22,/home/ubuntu/Desktop/DeepAmes_Full_STL_4_keep_weights/results_TA102_without_S9/artifacts/base/lr/scalers/lr_seed_15_skf_4_paras_22_C_100_weight_None_solver_lbfgs_scaler.joblib,15,4
lr_seed_16_skf_0_paras_22_C_100_weight_None_solver_lbfgs,lr,16_skf_0,135,14,9,16,0.868,0.848,0.64,0.906,0.533,0.938,0.582,0.507,/home/ubuntu/Desktop/DeepAmes_Full_STL_4_keep_weights/results_TA102_without_S9/artifacts/base/lr/estimators/lr_seed_16_skf_0_paras_22_C_100_weight_None_solver_lbfgs.joblib,"{""C"": 100, ""class_weight"": null, ""max_iter"": 300, ""random_state"": 1, ""solver"": ""lbfgs""}",lr,22,/home/ubuntu/Desktop/DeepAmes_Full_STL_4_keep_weights/results_TA102_without_S9/artifacts/base/lr/scalers/lr_seed_16_skf_0_paras_22_C_100_weight_None_solver_lbfgs_scaler.joblib,16,0
lr_seed_16_skf_1_paras_22_C_100_weight_None_solver_lbfgs,lr,16_skf_1,132,17,12,13,0.833,0.871,0.52,0.886,0.433,0.917,0.473,0.377,/home/ubuntu/Desktop/DeepAmes_Full_STL_4_keep_weights/results_TA102_without_S9/artifacts/base/lr/estimators/lr_seed_16_skf_1_paras_22_C_100_weight_None_solver_lbfgs.joblib,"{""C"": 100, ""class_weight"": null, ""max_iter"": 300, ""random_state"": 1, ""solver"": ""lbfgs""}",lr,22,/home/ubuntu/Desktop/DeepAmes_Full_STL_4_keep_weights/results_TA102_without_S9/artifacts/base/lr/scalers/lr_seed_16_skf_1_paras_22_C_100_weight_None_solver_lbfgs_scaler.joblib,16,1
lr_seed_16_skf_2_paras_22_C_100_weight_None_solver_lbfgs,lr,16_skf_2,133,16,12,13,0.839,0.846,0.52,0.893,0.448,0.917,0.481,0.388,/home/ubuntu/Desktop/DeepAmes_Full_STL_4_keep_weights/results_TA102_without_S9/artifacts/base/lr/estimators/lr_seed_16_skf_2_paras_22_C_100_weight_None_solver_lbfgs.joblib,"{""C"": 100, ""class_weight"": null, ""max_iter"": 300, ""random_state"": 1, ""solver"": ""lbfgs""}",lr,22,/home/ubuntu/Desktop/DeepAmes_Full_STL_4_keep_weights/results_TA102_without_S9/artifacts/base/lr/scalers/lr_seed_16_skf_2_paras_22_C_100_weight_None_solver_lbfgs_scaler.joblib,16,2
lr_seed_16_skf_3_paras_22_C_100_weight_None_solver_lbfgs,lr,16_skf_3,135,14,10,15,0.862,0.873,0.6,0.906,0.517,0.931,0.556,0.476,/home/ubuntu/Desktop/DeepAmes_Full_STL_4_keep_weights/results_TA102_without_S9/artifacts/base/lr/estimators/lr_seed_16_skf_3_paras_22_C_100_weight_None_solver_lbfgs.joblib,"{""C"": 100, ""class_weight"": null, ""max_iter"": 300, ""random_state"": 1, ""solver"": ""lbfgs""}",lr,22,/home/ubuntu/Desktop/DeepAmes_Full_STL_4_keep_weights/results_TA102_without_S9/artifacts/base/lr/scalers/lr_seed_16_skf_3_paras_22_C_100_weight_None_solver_lbfgs_scaler.joblib,16,3
lr_seed_16_skf_4_paras_22_C_100_weight_None_solver_lbfgs,lr,16_skf_4,133,16,10,15,0.851,0.871,0.6,0.893,0.484,0.93,0.536,0.452,/home/ubuntu/Desktop/DeepAmes_Full_STL_4_keep_weights/results_TA102_without_S9/artifacts/base/lr/estimators/lr_seed_16_skf_4_paras_22_C_100_weight_None_solver_lbfgs.joblib,"{""C"": 100, ""class_weight"": null, ""max_iter"": 300, ""random_state"": 1, ""solver"": ""lbfgs""}",lr,22,/home/ubuntu/Desktop/DeepAmes_Full_STL_4_keep_weights/results_TA102_without_S9/artifacts/base/lr/scalers/lr_seed_16_skf_4_paras_22_C_100_weight_None_solver_lbfgs_scaler.joblib,16,4
lr_seed_17_skf_0_paras_22_C_100_weight_None_solver_lbfgs,lr,17_skf_0,132,17,9,16,0.851,0.879,0.64,0.886,0.485,0.936,0.552,0.471,/home/ubuntu/Desktop/DeepAmes_Full_STL_4_keep_weights/results_TA102_without_S9/artifacts/base/lr/estimators/lr_seed_17_skf_0_paras_22_C_100_weight_None_solver_lbfgs.joblib,"{""C"": 100, ""class_weight"": null, ""max_iter"": 300, ""random_state"": 1, ""solver"": ""lbfgs""}",lr,22,/home/ubuntu/Desktop/DeepAmes_Full_STL_4_keep_weights/results_TA102_without_S9/artifacts/base/lr/scalers/lr_seed_17_skf_0_paras_22_C_100_weight_None_solver_lbfgs_scaler.joblib,17,0
lr_seed_17_skf_1_paras_22_C_100_weight_None_solver_lbfgs,lr,17_skf_1,133,16,10,15,0.851,0.83,0.6,0.893,0.484,0.93,0.536,0.452,/home/ubuntu/Desktop/DeepAmes_Full_STL_4_keep_weights/results_TA102_without_S9/artifacts/base/lr/estimators/lr_seed_17_skf_1_paras_22_C_100_weight_None_solver_lbfgs.joblib,"{""C"": 100, ""class_weight"": null, ""max_iter"": 300, ""random_state"": 1, ""solver"": ""lbfgs""}",lr,22,/home/ubuntu/Desktop/DeepAmes_Full_STL_4_keep_weights/results_TA102_without_S9/artifacts/base/lr/scalers/lr_seed_17_skf_1_paras_22_C_100_weight_None_solver_lbfgs_scaler.joblib,17,1
lr_seed_17_skf_2_paras_22_C_100_weight_None_solver_lbfgs,lr,17_skf_2,130,19,9,16,0.839,0.822,0.64,0.872,0.457,0.935,0.533,0.448,/home/ubuntu/Desktop/DeepAmes_Full_STL_4_keep_weights/results_TA102_without_S9/artifacts/base/lr/estimators/lr_seed_17_skf_2_paras_22_C_100_weight_None_solver_lbfgs.joblib,"{""C"": 100, ""class_weight"": null, ""max_iter"": 300, ""random_state"": 1, ""solver"": ""lbfgs""}",lr,22,/home/ubuntu/Desktop/DeepAmes_Full_STL_4_keep_weights/results_TA102_without_S9/artifacts/base/lr/scalers/lr_seed_17_skf_2_paras_22_C_100_weight_None_solver_lbfgs_scaler.joblib,17,2
lr_seed_17_skf_3_paras_22_C_100_weight_None_solver_lbfgs,lr,17_skf_3,127,22,9,16,0.822,0.834,0.64,0.852,0.421,0.934,0.508,0.418,/home/ubuntu/Desktop/DeepAmes_Full_STL_4_keep_weights/results_TA102_without_S9/artifacts/base/lr/estimators/lr_seed_17_skf_3_paras_22_C_100_weight_None_solver_lbfgs.joblib,"{""C"": 100, ""class_weight"": null, ""max_iter"": 300, ""random_state"": 1, ""solver"": ""lbfgs""}",lr,22,/home/ubuntu/Desktop/DeepAmes_Full_STL_4_keep_weights/results_TA102_without_S9/artifacts/base/lr/scalers/lr_seed_17_skf_3_paras_22_C_100_weight_None_solver_lbfgs_scaler.joblib,17,3
lr_seed_17_skf_4_paras_22_C_100_weight_None_solver_lbfgs,lr,17_skf_4,129,20,9,16,0.833,0.857,0.64,0.866,0.444,0.935,0.525,0.438,/home/ubuntu/Desktop/DeepAmes_Full_STL_4_keep_weights/results_TA102_without_S9/artifacts/base/lr/estimators/lr_seed_17_skf_4_paras_22_C_100_weight_None_solver_lbfgs.joblib,"{""C"": 100, ""class_weight"": null, ""max_iter"": 300, ""random_state"": 1, ""solver"": ""lbfgs""}",lr,22,/home/ubuntu/Desktop/DeepAmes_Full_STL_4_keep_weights/results_TA102_without_S9/artifacts/base/lr/scalers/lr_seed_17_skf_4_paras_22_C_100_weight_None_solver_lbfgs_scaler.joblib,17,4
lr_seed_18_skf_0_paras_22_C_100_weight_None_solver_lbfgs,lr,18_skf_0,131,18,11,14,0.833,0.821,0.56,0.879,0.438,0.923,0.491,0.398,/home/ubuntu/Desktop/DeepAmes_Full_STL_4_keep_weights/results_TA102_without_S9/artifacts/base/lr/estimators/lr_seed_18_skf_0_paras_22_C_100_weight_None_solver_lbfgs.joblib,"{""C"": 100, ""class_weight"": null, ""max_iter"": 300, ""random_state"": 1, ""solver"": ""lbfgs""}",lr,22,/home/ubuntu/Desktop/DeepAmes_Full_STL_4_keep_weights/results_TA102_without_S9/artifacts/base/lr/scalers/lr_seed_18_skf_0_paras_22_C_100_weight_None_solver_lbfgs_scaler.joblib,18,0
lr_seed_18_skf_1_paras_22_C_100_weight_None_solver_lbfgs,lr,18_skf_1,130,19,10,15,0.833,0.841,0.6,0.872,0.441,0.929,0.508,0.418,/home/ubuntu/Desktop/DeepAmes_Full_STL_4_keep_weights/results_TA102_without_S9/artifacts/base/lr/estimators/lr_seed_18_skf_1_paras_22_C_100_weight_None_solver_lbfgs.joblib,"{""C"": 100, ""class_weight"": null, ""max_iter"": 300, ""random_state"": 1, ""solver"": ""lbfgs""}",lr,22,/home/ubuntu/Desktop/DeepAmes_Full_STL_4_keep_weights/results_TA102_without_S9/artifacts/base/lr/scalers/lr_seed_18_skf_1_paras_22_C_100_weight_None_solver_lbfgs_scaler.joblib,18,1
lr_seed_18_skf_2_paras_22_C_100_weight_None_solver_lbfgs,lr,18_skf_2,129,20,10,15,0.828,0.85,0.6,0.866,0.429,0.928,0.5,0.408,/home/ubuntu/Desktop/DeepAmes_Full_STL_4_keep_weights/results_TA102_without_S9/artifacts/base/lr/estimators/lr_seed_18_skf_2_paras_22_C_100_weight_None_solver_lbfgs.joblib,"{""C"": 100, ""class_weight"": null, ""max_iter"": 300, ""random_state"": 1, ""solver"": ""lbfgs""}",lr,22,/home/ubuntu/Desktop/DeepAmes_Full_STL_4_keep_weights/results_TA102_without_S9/artifacts/base/lr/scalers/lr_seed_18_skf_2_paras_22_C_100_weight_None_solver_lbfgs_scaler.joblib,18,2
lr_seed_18_skf_3_paras_22_C_100_weight_None_solver_lbfgs,lr,18_skf_3,134,15,9,16,0.862,0.88,0.64,0.899,0.516,0.937,0.571,0.494,/home/ubuntu/Desktop/DeepAmes_Full_STL_4_keep_weights/results_TA102_without_S9/artifacts/base/lr/estimators/lr_seed_18_skf_3_paras_22_C_100_weight_None_solver_lbfgs.joblib,"{""C"": 100, ""class_weight"": null, ""max_iter"": 300, ""random_state"": 1, ""solver"": ""lbfgs""}",lr,22,/home/ubuntu/Desktop/DeepAmes_Full_STL_4_keep_weights/results_TA102_without_S9/artifacts/base/lr/scalers/lr_seed_18_skf_3_paras_22_C_100_weight_None_solver_lbfgs_scaler.joblib,18,3
lr_seed_18_skf_4_paras_22_C_100_weight_None_solver_lbfgs,lr,18_skf_4,133,16,8,17,0.862,0.903,0.68,0.893,0.515,0.943,0.586,0.512,/home/ubuntu/Desktop/DeepAmes_Full_STL_4_keep_weights/results_TA102_without_S9/artifacts/base/lr/estimators/lr_seed_18_skf_4_paras_22_C_100_weight_None_solver_lbfgs.joblib,"{""C"": 100, ""class_weight"": null, ""max_iter"": 300, ""random_state"": 1, ""solver"": ""lbfgs""}",lr,22,/home/ubuntu/Desktop/DeepAmes_Full_STL_4_keep_weights/results_TA102_without_S9/artifacts/base/lr/scalers/lr_seed_18_skf_4_paras_22_C_100_weight_None_solver_lbfgs_scaler.joblib,18,4
lr_seed_19_skf_0_paras_22_C_100_weight_None_solver_lbfgs,lr,19_skf_0,130,19,11,14,0.828,0.842,0.56,0.872,0.424,0.922,0.483,0.387,/home/ubuntu/Desktop/DeepAmes_Full_STL_4_keep_weights/results_TA102_without_S9/artifacts/base/lr/estimators/lr_seed_19_skf_0_paras_22_C_100_weight_None_solver_lbfgs.joblib,"{""C"": 100, ""class_weight"": null, ""max_iter"": 300, ""random_state"": 1, ""solver"": ""lbfgs""}",lr,22,/home/ubuntu/Desktop/DeepAmes_Full_STL_4_keep_weights/results_TA102_without_S9/artifacts/base/lr/scalers/lr_seed_19_skf_0_paras_22_C_100_weight_None_solver_lbfgs_scaler.joblib,19,0
lr_seed_19_skf_1_paras_22_C_100_weight_None_solver_lbfgs,lr,19_skf_1,130,19,8,17,0.845,0.876,0.68,0.872,0.472,0.942,0.557,0.478,/home/ubuntu/Desktop/DeepAmes_Full_STL_4_keep_weights/results_TA102_without_S9/artifacts/base/lr/estimators/lr_seed_19_skf_1_paras_22_C_100_weight_None_solver_lbfgs.joblib,"{""C"": 100, ""class_weight"": null, ""max_iter"": 300, ""random_state"": 1, ""solver"": ""lbfgs""}",lr,22,/home/ubuntu/Desktop/DeepAmes_Full_STL_4_keep_weights/results_TA102_without_S9/artifacts/base/lr/scalers/lr_seed_19_skf_1_paras_22_C_100_weight_None_solver_lbfgs_scaler.joblib,19,1
lr_seed_19_skf_2_paras_22_C_100_weight_None_solver_lbfgs,lr,19_skf_2,135,14,9,16,0.868,0.865,0.64,0.906,0.533,0.938,0.582,0.507,/home/ubuntu/Desktop/DeepAmes_Full_STL_4_keep_weights/results_TA102_without_S9/artifacts/base/lr/estimators/lr_seed_19_skf_2_paras_22_C_100_weight_None_solver_lbfgs.joblib,"{""C"": 100, ""class_weight"": null, ""max_iter"": 300, ""random_state"": 1, ""solver"": ""lbfgs""}",lr,22,/home/ubuntu/Desktop/DeepAmes_Full_STL_4_keep_weights/results_TA102_without_S9/artifacts/base/lr/scalers/lr_seed_19_skf_2_paras_22_C_100_weight_None_solver_lbfgs_scaler.joblib,19,2
lr_seed_19_skf_3_paras_22_C_100_weight_None_solver_lbfgs,lr,19_skf_3,129,20,10,15,0.828,0.89,0.6,0.866,0.429,0.928,0.5,0.408,/home/ubuntu/Desktop/DeepAmes_Full_STL_4_keep_weights/results_TA102_without_S9/artifacts/base/lr/estimators/lr_seed_19_skf_3_paras_22_C_100_weight_None_solver_lbfgs.joblib,"{""C"": 100, ""class_weight"": null, ""max_iter"": 300, ""random_state"": 1, ""solver"": ""lbfgs""}",lr,22,/home/ubuntu/Desktop/DeepAmes_Full_STL_4_keep_weights/results_TA102_without_S9/artifacts/base/lr/scalers/lr_seed_19_skf_3_paras_22_C_100_weight_None_solver_lbfgs_scaler.joblib,19,3
lr_seed_19_skf_4_paras_22_C_100_weight_None_solver_lbfgs,lr,19_skf_4,131,18,10,15,0.839,0.816,0.6,0.879,0.455,0.929,0.517,0.429,/home/ubuntu/Desktop/DeepAmes_Full_STL_4_keep_weights/results_TA102_without_S9/artifacts/base/lr/estimators/lr_seed_19_skf_4_paras_22_C_100_weight_None_solver_lbfgs.joblib,"{""C"": 100, ""class_weight"": null, ""max_iter"": 300, ""random_state"": 1, ""solver"": ""lbfgs""}",lr,22,/home/ubuntu/Desktop/DeepAmes_Full_STL_4_keep_weights/results_TA102_without_S9/artifacts/base/lr/scalers/lr_seed_19_skf_4_paras_22_C_100_weight_None_solver_lbfgs_scaler.joblib,19,4
knn_seed_0_skf_0_paras_0_K_3,knn,0_skf_0,139,10,13,12,0.868,0.81,0.48,0.933,0.545,0.914,0.511,0.436,/home/ubuntu/Desktop/DeepAmes_Full_STL_4_keep_weights/results_TA102_without_S9/artifacts/base/knn/estimators/knn_seed_0_skf_0_paras_0_K_3.joblib,"{""n_neighbors"": 3}",knn,0,/home/ubuntu/Desktop/DeepAmes_Full_STL_4_keep_weights/results_TA102_without_S9/artifacts/base/knn/scalers/knn_seed_0_skf_0_paras_0_K_3_scaler.joblib,0,0
knn_seed_0_skf_1_paras_0_K_3,knn,0_skf_1,140,9,11,14,0.885,0.823,0.56,0.94,0.609,0.927,0.583,0.517,/home/ubuntu/Desktop/DeepAmes_Full_STL_4_keep_weights/results_TA102_without_S9/artifacts/base/knn/estimators/knn_seed_0_skf_1_paras_0_K_3.joblib,"{""n_neighbors"": 3}",knn,0,/home/ubuntu/Desktop/DeepAmes_Full_STL_4_keep_weights/results_TA102_without_S9/artifacts/base/knn/scalers/knn_seed_0_skf_1_paras_0_K_3_scaler.joblib,0,1
knn_seed_0_skf_2_paras_0_K_3,knn,0_skf_2,140,9,14,11,0.868,0.834,0.44,0.94,0.55,0.909,0.489,0.417,/home/ubuntu/Desktop/DeepAmes_Full_STL_4_keep_weights/results_TA102_without_S9/artifacts/base/knn/estimators/knn_seed_0_skf_2_paras_0_K_3.joblib,"{""n_neighbors"": 3}",knn,0,/home/ubuntu/Desktop/DeepAmes_Full_STL_4_keep_weights/results_TA102_without_S9/artifacts/base/knn/scalers/knn_seed_0_skf_2_paras_0_K_3_scaler.joblib,0,2
knn_seed_0_skf_3_paras_0_K_3,knn,0_skf_3,138,11,11,14,0.874,0.819,0.56,0.926,0.56,0.926,0.56,0.486,/home/ubuntu/Desktop/DeepAmes_Full_STL_4_keep_weights/results_TA102_without_S9/artifacts/base/knn/estimators/knn_seed_0_skf_3_paras_0_K_3.joblib,"{""n_neighbors"": 3}",knn,0,/home/ubuntu/Desktop/DeepAmes_Full_STL_4_keep_weights/results_TA102_without_S9/artifacts/base/knn/scalers/knn_seed_0_skf_3_paras_0_K_3_scaler.joblib,0,3
knn_seed_0_skf_4_paras_0_K_3,knn,0_skf_4,142,7,13,12,0.885,0.765,0.48,0.953,0.632,0.916,0.545,0.487,/home/ubuntu/Desktop/DeepAmes_Full_STL_4_keep_weights/results_TA102_without_S9/artifacts/base/knn/estimators/knn_seed_0_skf_4_paras_0_K_3.joblib,"{""n_neighbors"": 3}",knn,0,/home/ubuntu/Desktop/DeepAmes_Full_STL_4_keep_weights/results_TA102_without_S9/artifacts/base/knn/scalers/knn_seed_0_skf_4_paras_0_K_3_scaler.joblib,0,4
knn_seed_1_skf_0_paras_0_K_3,knn,1_skf_0,139,10,12,13,0.874,0.806,0.52,0.933,0.565,0.921,0.542,0.469,/home/ubuntu/Desktop/DeepAmes_Full_STL_4_keep_weights/results_TA102_without_S9/artifacts/base/knn/estimators/knn_seed_1_skf_0_paras_0_K_3.joblib,"{""n_neighbors"": 3}",knn,0,/home/ubuntu/Desktop/DeepAmes_Full_STL_4_keep_weights/results_TA102_without_S9/artifacts/base/knn/scalers/knn_seed_1_skf_0_paras_0_K_3_scaler.joblib,1,0
knn_seed_1_skf_1_paras_0_K_3,knn,1_skf_1,141,8,12,13,0.885,0.788,0.52,0.946,0.619,0.922,0.565,0.502,/home/ubuntu/Desktop/DeepAmes_Full_STL_4_keep_weights/results_TA102_without_S9/artifacts/base/knn/estimators/knn_seed_1_skf_1_paras_0_K_3.joblib,"{""n_neighbors"": 3}",knn,0,/home/ubuntu/Desktop/DeepAmes_Full_STL_4_keep_weights/results_TA102_without_S9/artifacts/base/knn/scalers/knn_seed_1_skf_1_paras_0_K_3_scaler.joblib,1,1
knn_seed_1_skf_2_paras_0_K_3,knn,1_skf_2,142,7,13,12,0.885,0.816,0.48,0.953,0.632,0.916,0.545,0.487,/home/ubuntu/Desktop/DeepAmes_Full_STL_4_keep_weights/results_TA102_without_S9/artifacts/base/knn/estimators/knn_seed_1_skf_2_paras_0_K_3.joblib,"{""n_neighbors"": 3}",knn,0,/home/ubuntu/Desktop/DeepAmes_Full_STL_4_keep_weights/results_TA102_without_S9/artifacts/base/knn/scalers/knn_seed_1_skf_2_paras_0_K_3_scaler.joblib,1,2
knn_seed_1_skf_3_paras_0_K_3,knn,1_skf_3,142,7,12,13,0.891,0.816,0.52,0.953,0.65,0.922,0.578,0.52,/home/ubuntu/Desktop/DeepAmes_Full_STL_4_keep_weights/results_TA102_without_S9/artifacts/base/knn/estimators/knn_seed_1_skf_3_paras_0_K_3.joblib,"{""n_neighbors"": 3}",knn,0,/home/ubuntu/Desktop/DeepAmes_Full_STL_4_keep_weights/results_TA102_without_S9/artifacts/base/knn/scalers/knn_seed_1_skf_3_paras_0_K_3_scaler.joblib,1,3
knn_seed_2_skf_0_paras_0_K_3,knn,2_skf_0,140,9,11,14,0.885,0.824,0.56,0.94,0.609,0.927,0.583,0.517,/home/ubuntu/Desktop/DeepAmes_Full_STL_4_keep_weights/results_TA102_without_S9/artifacts/base/knn/estimators/knn_seed_2_skf_0_paras_0_K_3.joblib,"{""n_neighbors"": 3}",knn,0,/home/ubuntu/Desktop/DeepAmes_Full_STL_4_keep_weights/results_TA102_without_S9/artifacts/base/knn/scalers/knn_seed_2_skf_0_paras_0_K_3_scaler.joblib,2,0
knn_seed_2_skf_1_paras_0_K_3,knn,2_skf_1,142,7,12,13,0.891,0.832,0.52,0.953,0.65,0.922,0.578,0.52,/home/ubuntu/Desktop/DeepAmes_Full_STL_4_keep_weights/results_TA102_without_S9/artifacts/base/knn/estimators/knn_seed_2_skf_1_paras_0_K_3.joblib,"{""n_neighbors"": 3}",knn,0,/home/ubuntu/Desktop/DeepAmes_Full_STL_4_keep_weights/results_TA102_without_S9/artifacts/base/knn/scalers/knn_seed_2_skf_1_paras_0_K_3_scaler.joblib,2,1
knn_seed_2_skf_2_paras_0_K_3,knn,2_skf_2,140,9,13,12,0.874,0.782,0.48,0.94,0.571,0.915,0.522,0.452,/home/ubuntu/Desktop/DeepAmes_Full_STL_4_keep_weights/results_TA102_without_S9/artifacts/base/knn/estimators/knn_seed_2_skf_2_paras_0_K_3.joblib,"{""n_neighbors"": 3}",knn,0,/home/ubuntu/Desktop/DeepAmes_Full_STL_4_keep_weights/results_TA102_without_S9/artifacts/base/knn/scalers/knn_seed_2_skf_2_paras_0_K_3_scaler.joblib,2,2
knn_seed_2_skf_4_paras_0_K_3,knn,2_skf_4,140,9,12,13,0.879,0.818,0.52,0.94,0.591,0.921,0.553,0.485,/home/ubuntu/Desktop/DeepAmes_Full_STL_4_keep_weights/results_TA102_without_S9/artifacts/base/knn/estimators/knn_seed_2_skf_4_paras_0_K_3.joblib,"{""n_neighbors"": 3}",knn,0,/home/ubuntu/Desktop/DeepAmes_Full_STL_4_keep_weights/results_TA102_without_S9/artifacts/base/knn/scalers/knn_seed_2_skf_4_paras_0_K_3_scaler.joblib,2,4
knn_seed_3_skf_0_paras_0_K_3,knn,3_skf_0,142,7,14,11,0.879,0.8,0.44,0.953,0.611,0.91,0.512,0.453,/home/ubuntu/Desktop/DeepAmes_Full_STL_4_keep_weights/results_TA102_without_S9/artifacts/base/knn/estimators/knn_seed_3_skf_0_paras_0_K_3.joblib,"{""n_neighbors"": 3}",knn,0,/home/ubuntu/Desktop/DeepAmes_Full_STL_4_keep_weights/results_TA102_without_S9/artifacts/base/knn/scalers/knn_seed_3_skf_0_paras_0_K_3_scaler.joblib,3,0
knn_seed_3_skf_1_paras_0_K_3,knn,3_skf_1,140,9,11,14,0.885,0.826,0.56,0.94,0.609,0.927,0.583,0.517,/home/ubuntu/Desktop/DeepAmes_Full_STL_4_keep_weights/results_TA102_without_S9/artifacts/base/knn/estimators/knn_seed_3_skf_1_paras_0_K_3.joblib,"{""n_neighbors"": 3}",knn,0,/home/ubuntu/Desktop/DeepAmes_Full_STL_4_keep_weights/results_TA102_without_S9/artifacts/base/knn/scalers/knn_seed_3_skf_1_paras_0_K_3_scaler.joblib,3,1
knn_seed_3_skf_2_paras_0_K_3,knn,3_skf_2,140,9,14,11,0.868,0.799,0.44,0.94,0.55,0.909,0.489,0.417,/home/ubuntu/Desktop/DeepAmes_Full_STL_4_keep_weights/results_TA102_without_S9/artifacts/base/knn/estimators/knn_seed_3_skf_2_paras_0_K_3.joblib,"{""n_neighbors"": 3}",knn,0,/home/ubuntu/Desktop/DeepAmes_Full_STL_4_keep_weights/results_TA102_without_S9/artifacts/base/knn/scalers/knn_seed_3_skf_2_paras_0_K_3_scaler.joblib,3,2
knn_seed_3_skf_3_paras_0_K_3,knn,3_skf_3,140,9,12,13,0.879,0.798,0.52,0.94,0.591,0.921,0.553,0.485,/home/ubuntu/Desktop/DeepAmes_Full_STL_4_keep_weights/results_TA102_without_S9/artifacts/base/knn/estimators/knn_seed_3_skf_3_paras_0_K_3.joblib,"{""n_neighbors"": 3}",knn,0,/home/ubuntu/Desktop/DeepAmes_Full_STL_4_keep_weights/results_TA102_without_S9/artifacts/base/knn/scalers/knn_seed_3_skf_3_paras_0_K_3_scaler.joblib,3,3
knn_seed_3_skf_4_paras_0_K_3,knn,3_skf_4,143,6,13,12,0.891,0.806,0.48,0.96,0.667,0.917,0.558,0.506,/home/ubuntu/Desktop/DeepAmes_Full_STL_4_keep_weights/results_TA102_without_S9/artifacts/base/knn/estimators/knn_seed_3_skf_4_paras_0_K_3.joblib,"{""n_neighbors"": 3}",knn,0,/home/ubuntu/Desktop/DeepAmes_Full_STL_4_keep_weights/results_TA102_without_S9/artifacts/base/knn/scalers/knn_seed_3_skf_4_paras_0_K_3_scaler.joblib,3,4
knn_seed_4_skf_0_paras_0_K_3,knn,4_skf_0,143,6,16,9,0.874,0.815,0.36,0.96,0.6,0.899,0.45,0.4,/home/ubuntu/Desktop/DeepAmes_Full_STL_4_keep_weights/results_TA102_without_S9/artifacts/base/knn/estimators/knn_seed_4_skf_0_paras_0_K_3.joblib,"{""n_neighbors"": 3}",knn,0,/home/ubuntu/Desktop/DeepAmes_Full_STL_4_keep_weights/results_TA102_without_S9/artifacts/base/knn/scalers/knn_seed_4_skf_0_paras_0_K_3_scaler.joblib,4,0
knn_seed_4_skf_1_paras_0_K_3,knn,4_skf_1,142,7,13,12,0.885,0.825,0.48,0.953,0.632,0.916,0.545,0.487,/home/ubuntu/Desktop/DeepAmes_Full_STL_4_keep_weights/results_TA102_without_S9/artifacts/base/knn/estimators/knn_seed_4_skf_1_paras_0_K_3.joblib,"{""n_neighbors"": 3}",knn,0,/home/ubuntu/Desktop/DeepAmes_Full_STL_4_keep_weights/results_TA102_without_S9/artifacts/base/knn/scalers/knn_seed_4_skf_1_paras_0_K_3_scaler.joblib,4,1
knn_seed_4_skf_3_paras_0_K_3,knn,4_skf_3,138,11,11,14,0.874,0.798,0.56,0.926,0.56,0.926,0.56,0.486,/home/ubuntu/Desktop/DeepAmes_Full_STL_4_keep_weights/results_TA102_without_S9/artifacts/base/knn/estimators/knn_seed_4_skf_3_paras_0_K_3.joblib,"{""n_neighbors"": 3}",knn,0,/home/ubuntu/Desktop/DeepAmes_Full_STL_4_keep_weights/results_TA102_without_S9/artifacts/base/knn/scalers/knn_seed_4_skf_3_paras_0_K_3_scaler.joblib,4,3
knn_seed_4_skf_4_paras_0_K_3,knn,4_skf_4,140,9,11,14,0.885,0.783,0.56,0.94,0.609,0.927,0.583,0.517,/home/ubuntu/Desktop/DeepAmes_Full_STL_4_keep_weights/results_TA102_without_S9/artifacts/base/knn/estimators/knn_seed_4_skf_4_paras_0_K_3.joblib,"{""n_neighbors"": 3}",knn,0,/home/ubuntu/Desktop/DeepAmes_Full_STL_4_keep_weights/results_TA102_without_S9/artifacts/base/knn/scalers/knn_seed_4_skf_4_paras_0_K_3_scaler.joblib,4,4
knn_seed_5_skf_1_paras_0_K_3,knn,5_skf_1,141,8,15,10,0.868,0.761,0.4,0.946,0.556,0.904,0.465,0.399,/home/ubuntu/Desktop/DeepAmes_Full_STL_4_keep_weights/results_TA102_without_S9/artifacts/base/knn/estimators/knn_seed_5_skf_1_paras_0_K_3.joblib,"{""n_neighbors"": 3}",knn,0,/home/ubuntu/Desktop/DeepAmes_Full_STL_4_keep_weights/results_TA102_without_S9/artifacts/base/knn/scalers/knn_seed_5_skf_1_paras_0_K_3_scaler.joblib,5,1
knn_seed_5_skf_2_paras_0_K_3,knn,5_skf_2,142,7,12,13,0.891,0.824,0.52,0.953,0.65,0.922,0.578,0.52,/home/ubuntu/Desktop/DeepAmes_Full_STL_4_keep_weights/results_TA102_without_S9/artifacts/base/knn/estimators/knn_seed_5_skf_2_paras_0_K_3.joblib,"{""n_neighbors"": 3}",knn,0,/home/ubuntu/Desktop/DeepAmes_Full_STL_4_keep_weights/results_TA102_without_S9/artifacts/base/knn/scalers/knn_seed_5_skf_2_paras_0_K_3_scaler.joblib,5,2
knn_seed_5_skf_4_paras_0_K_3,knn,5_skf_4,138,11,10,15,0.879,0.841,0.6,0.926,0.577,0.932,0.588,0.518,/home/ubuntu/Desktop/DeepAmes_Full_STL_4_keep_weights/results_TA102_without_S9/artifacts/base/knn/estimators/knn_seed_5_skf_4_paras_0_K_3.joblib,"{""n_neighbors"": 3}",knn,0,/home/ubuntu/Desktop/DeepAmes_Full_STL_4_keep_weights/results_TA102_without_S9/artifacts/base/knn/scalers/knn_seed_5_skf_4_paras_0_K_3_scaler.joblib,5,4
knn_seed_6_skf_0_paras_0_K_3,knn,6_skf_0,137,12,10,15,0.874,0.829,0.6,0.919,0.556,0.932,0.577,0.503,/home/ubuntu/Desktop/DeepAmes_Full_STL_4_keep_weights/results_TA102_without_S9/artifacts/base/knn/estimators/knn_seed_6_skf_0_paras_0_K_3.joblib,"{""n_neighbors"": 3}",knn,0,/home/ubuntu/Desktop/DeepAmes_Full_STL_4_keep_weights/results_TA102_without_S9/artifacts/base/knn/scalers/knn_seed_6_skf_0_paras_0_K_3_scaler.joblib,6,0
knn_seed_6_skf_1_paras_0_K_3,knn,6_skf_1,142,7,13,12,0.885,0.806,0.48,0.953,0.632,0.916,0.545,0.487,/home/ubuntu/Desktop/DeepAmes_Full_STL_4_keep_weights/results_TA102_without_S9/artifacts/base/knn/estimators/knn_seed_6_skf_1_paras_0_K_3.joblib,"{""n_neighbors"": 3}",knn,0,/home/ubuntu/Desktop/DeepAmes_Full_STL_4_keep_weights/results_TA102_without_S9/artifacts/base/knn/scalers/knn_seed_6_skf_1_paras_0_K_3_scaler.joblib,6,1
knn_seed_6_skf_2_paras_0_K_3,knn,6_skf_2,142,7,12,13,0.891,0.8,0.52,0.953,0.65,0.922,0.578,0.52,/home/ubuntu/Desktop/DeepAmes_Full_STL_4_keep_weights/results_TA102_without_S9/artifacts/base/knn/estimators/knn_seed_6_skf_2_paras_0_K_3.joblib,"{""n_neighbors"": 3}",knn,0,/home/ubuntu/Desktop/DeepAmes_Full_STL_4_keep_weights/results_TA102_without_S9/artifacts/base/knn/scalers/knn_seed_6_skf_2_paras_0_K_3_scaler.joblib,6,2
knn_seed_6_skf_3_paras_0_K_3,knn,6_skf_3,138,11,11,14,0.874,0.803,0.56,0.926,0.56,0.926,0.56,0.486,/home/ubuntu/Desktop/DeepAmes_Full_STL_4_keep_weights/results_TA102_without_S9/artifacts/base/knn/estimators/knn_seed_6_skf_3_paras_0_K_3.joblib,"{""n_neighbors"": 3}",knn,0,/home/ubuntu/Desktop/DeepAmes_Full_STL_4_keep_weights/results_TA102_without_S9/artifacts/base/knn/scalers/knn_seed_6_skf_3_paras_0_K_3_scaler.joblib,6,3
knn_seed_6_skf_4_paras_0_K_3,knn,6_skf_4,140,9,13,12,0.874,0.798,0.48,0.94,0.571,0.915,0.522,0.452,/home/ubuntu/Desktop/DeepAmes_Full_STL_4_keep_weights/results_TA102_without_S9/artifacts/base/knn/estimators/knn_seed_6_skf_4_paras_0_K_3.joblib,"{""n_neighbors"": 3}",knn,0,/home/ubuntu/Desktop/DeepAmes_Full_STL_4_keep_weights/results_TA102_without_S9/artifacts/base/knn/scalers/knn_seed_6_skf_4_paras_0_K_3_scaler.joblib,6,4
knn_seed_7_skf_0_paras_0_K_3,knn,7_skf_0,142,7,13,12,0.885,0.83,0.48,0.953,0.632,0.916,0.545,0.487,/home/ubuntu/Desktop/DeepAmes_Full_STL_4_keep_weights/results_TA102_without_S9/artifacts/base/knn/estimators/knn_seed_7_skf_0_paras_0_K_3.joblib,"{""n_neighbors"": 3}",knn,0,/home/ubuntu/Desktop/DeepAmes_Full_STL_4_keep_weights/results_TA102_without_S9/artifacts/base/knn/scalers/knn_seed_7_skf_0_paras_0_K_3_scaler.joblib,7,0
knn_seed_7_skf_1_paras_0_K_3,knn,7_skf_1,140,9,13,12,0.874,0.813,0.48,0.94,0.571,0.915,0.522,0.452,/home/ubuntu/Desktop/DeepAmes_Full_STL_4_keep_weights/results_TA102_without_S9/artifacts/base/knn/estimators/knn_seed_7_skf_1_paras_0_K_3.joblib,"{""n_neighbors"": 3}",knn,0,/home/ubuntu/Desktop/DeepAmes_Full_STL_4_keep_weights/results_TA102_without_S9/artifacts/base/knn/scalers/knn_seed_7_skf_1_paras_0_K_3_scaler.joblib,7,1
knn_seed_7_skf_2_paras_0_K_3,knn,7_skf_2,140,9,12,13,0.879,0.817,0.52,0.94,0.591,0.921,0.553,0.485,/home/ubuntu/Desktop/DeepAmes_Full_STL_4_keep_weights/results_TA102_without_S9/artifacts/base/knn/estimators/knn_seed_7_skf_2_paras_0_K_3.joblib,"{""n_neighbors"": 3}",knn,0,/home/ubuntu/Desktop/DeepAmes_Full_STL_4_keep_weights/results_TA102_without_S9/artifacts/base/knn/scalers/knn_seed_7_skf_2_paras_0_K_3_scaler.joblib,7,2
knn_seed_7_skf_4_paras_0_K_3,knn,7_skf_4,141,8,11,14,0.891,0.804,0.56,0.946,0.636,0.928,0.596,0.534,/home/ubuntu/Desktop/DeepAmes_Full_STL_4_keep_weights/results_TA102_without_S9/artifacts/base/knn/estimators/knn_seed_7_skf_4_paras_0_K_3.joblib,"{""n_neighbors"": 3}",knn,0,/home/ubuntu/Desktop/DeepAmes_Full_STL_4_keep_weights/results_TA102_without_S9/artifacts/base/knn/scalers/knn_seed_7_skf_4_paras_0_K_3_scaler.joblib,7,4
knn_seed_8_skf_0_paras_0_K_3,knn,8_skf_0,141,8,12,13,0.885,0.804,0.52,0.946,0.619,0.922,0.565,0.502,/home/ubuntu/Desktop/DeepAmes_Full_STL_4_keep_weights/results_TA102_without_S9/artifacts/base/knn/estimators/knn_seed_8_skf_0_paras_0_K_3.joblib,"{""n_neighbors"": 3}",knn,0,/home/ubuntu/Desktop/DeepAmes_Full_STL_4_keep_weights/results_TA102_without_S9/artifacts/base/knn/scalers/knn_seed_8_skf_0_paras_0_K_3_scaler.joblib,8,0
knn_seed_8_skf_1_paras_0_K_3,knn,8_skf_1,140,9,11,14,0.885,0.788,0.56,0.94,0.609,0.927,0.583,0.517,/home/ubuntu/Desktop/DeepAmes_Full_STL_4_keep_weights/results_TA102_without_S9/artifacts/base/knn/estimators/knn_seed_8_skf_1_paras_0_K_3.joblib,"{""n_neighbors"": 3}",knn,0,/home/ubuntu/Desktop/DeepAmes_Full_STL_4_keep_weights/results_TA102_without_S9/artifacts/base/knn/scalers/knn_seed_8_skf_1_paras_0_K_3_scaler.joblib,8,1
knn_seed_8_skf_2_paras_0_K_3,knn,8_skf_2,141,8,12,13,0.885,0.828,0.52,0.946,0.619,0.922,0.565,0.502,/home/ubuntu/Desktop/DeepAmes_Full_STL_4_keep_weights/results_TA102_without_S9/artifacts/base/knn/estimators/knn_seed_8_skf_2_paras_0_K_3.joblib,"{""n_neighbors"": 3}",knn,0,/home/ubuntu/Desktop/DeepAmes_Full_STL_4_keep_weights/results_TA102_without_S9/artifacts/base/knn/scalers/knn_seed_8_skf_2_paras_0_K_3_scaler.joblib,8,2
knn_seed_8_skf_3_paras_0_K_3,knn,8_skf_3,140,9,13,12,0.874,0.791,0.48,0.94,0.571,0.915,0.522,0.452,/home/ubuntu/Desktop/DeepAmes_Full_STL_4_keep_weights/results_TA102_without_S9/artifacts/base/knn/estimators/knn_seed_8_skf_3_paras_0_K_3.joblib,"{""n_neighbors"": 3}",knn,0,/home/ubuntu/Desktop/DeepAmes_Full_STL_4_keep_weights/results_TA102_without_S9/artifacts/base/knn/scalers/knn_seed_8_skf_3_paras_0_K_3_scaler.joblib,8,3
knn_seed_8_skf_4_paras_0_K_3,knn,8_skf_4,140,9,13,12,0.874,0.818,0.48,0.94,0.571,0.915,0.522,0.452,/home/ubuntu/Desktop/DeepAmes_Full_STL_4_keep_weights/results_TA102_without_S9/artifacts/base/knn/estimators/knn_seed_8_skf_4_paras_0_K_3.joblib,"{""n_neighbors"": 3}",knn,0,/home/ubuntu/Desktop/DeepAmes_Full_STL_4_keep_weights/results_TA102_without_S9/artifacts/base/knn/scalers/knn_seed_8_skf_4_paras_0_K_3_scaler.joblib,8,4
knn_seed_9_skf_0_paras_0_K_3,knn,9_skf_0,140,9,12,13,0.879,0.819,0.52,0.94,0.591,0.921,0.553,0.485,/home/ubuntu/Desktop/DeepAmes_Full_STL_4_keep_weights/results_TA102_without_S9/artifacts/base/knn/estimators/knn_seed_9_skf_0_paras_0_K_3.joblib,"{""n_neighbors"": 3}",knn,0,/home/ubuntu/Desktop/DeepAmes_Full_STL_4_keep_weights/results_TA102_without_S9/artifacts/base/knn/scalers/knn_seed_9_skf_0_paras_0_K_3_scaler.joblib,9,0
knn_seed_9_skf_1_paras_0_K_3,knn,9_skf_1,143,6,12,13,0.897,0.824,0.52,0.96,0.684,0.923,0.591,0.54,/home/ubuntu/Desktop/DeepAmes_Full_STL_4_keep_weights/results_TA102_without_S9/artifacts/base/knn/estimators/knn_seed_9_skf_1_paras_0_K_3.joblib,"{""n_neighbors"": 3}",knn,0,/home/ubuntu/Desktop/DeepAmes_Full_STL_4_keep_weights/results_TA102_without_S9/artifacts/base/knn/scalers/knn_seed_9_skf_1_paras_0_K_3_scaler.joblib,9,1
knn_seed_9_skf_2_paras_0_K_3,knn,9_skf_2,139,10,10,15,0.885,0.813,0.6,0.933,0.6,0.933,0.6,0.533,/home/ubuntu/Desktop/DeepAmes_Full_STL_4_keep_weights/results_TA102_without_S9/artifacts/base/knn/estimators/knn_seed_9_skf_2_paras_0_K_3.joblib,"{""n_neighbors"": 3}",knn,0,/home/ubuntu/Desktop/DeepAmes_Full_STL_4_keep_weights/results_TA102_without_S9/artifacts/base/knn/scalers/knn_seed_9_skf_2_paras_0_K_3_scaler.joblib,9,2
knn_seed_9_skf_3_paras_0_K_3,knn,9_skf_3,141,8,12,13,0.885,0.816,0.52,0.946,0.619,0.922,0.565,0.502,/home/ubuntu/Desktop/DeepAmes_Full_STL_4_keep_weights/results_TA102_without_S9/artifacts/base/knn/estimators/knn_seed_9_skf_3_paras_0_K_3.joblib,"{""n_neighbors"": 3}",knn,0,/home/ubuntu/Desktop/DeepAmes_Full_STL_4_keep_weights/results_TA102_without_S9/artifacts/base/knn/scalers/knn_seed_9_skf_3_paras_0_K_3_scaler.joblib,9,3
knn_seed_9_skf_4_paras_0_K_3,knn,9_skf_4,139,10,13,12,0.868,0.799,0.48,0.933,0.545,0.914,0.511,0.436,/home/ubuntu/Desktop/DeepAmes_Full_STL_4_keep_weights/results_TA102_without_S9/artifacts/base/knn/estimators/knn_seed_9_skf_4_paras_0_K_3.joblib,"{""n_neighbors"": 3}",knn,0,/home/ubuntu/Desktop/DeepAmes_Full_STL_4_keep_weights/results_TA102_without_S9/artifacts/base/knn/scalers/knn_seed_9_skf_4_paras_0_K_3_scaler.joblib,9,4
knn_seed_10_skf_0_paras_0_K_3,knn,10_skf_0,140,9,11,14,0.885,0.797,0.56,0.94,0.609,0.927,0.583,0.517,/home/ubuntu/Desktop/DeepAmes_Full_STL_4_keep_weights/results_TA102_without_S9/artifacts/base/knn/estimators/knn_seed_10_skf_0_paras_0_K_3.joblib,"{""n_neighbors"": 3}",knn,0,/home/ubuntu/Desktop/DeepAmes_Full_STL_4_keep_weights/results_TA102_without_S9/artifacts/base/knn/scalers/knn_seed_10_skf_0_paras_0_K_3_scaler.joblib,10,0
knn_seed_10_skf_1_paras_0_K_3,knn,10_skf_1,140,9,12,13,0.879,0.813,0.52,0.94,0.591,0.921,0.553,0.485,/home/ubuntu/Desktop/DeepAmes_Full_STL_4_keep_weights/results_TA102_without_S9/artifacts/base/knn/estimators/knn_seed_10_skf_1_paras_0_K_3.joblib,"{""n_neighbors"": 3}",knn,0,/home/ubuntu/Desktop/DeepAmes_Full_STL_4_keep_weights/results_TA102_without_S9/artifacts/base/knn/scalers/knn_seed_10_skf_1_paras_0_K_3_scaler.joblib,10,1
knn_seed_10_skf_3_paras_0_K_3,knn,10_skf_3,137,12,10,15,0.874,0.806,0.6,0.919,0.556,0.932,0.577,0.503,/home/ubuntu/Desktop/DeepAmes_Full_STL_4_keep_weights/results_TA102_without_S9/artifacts/base/knn/estimators/knn_seed_10_skf_3_paras_0_K_3.joblib,"{""n_neighbors"": 3}",knn,0,/home/ubuntu/Desktop/DeepAmes_Full_STL_4_keep_weights/results_TA102_without_S9/artifacts/base/knn/scalers/knn_seed_10_skf_3_paras_0_K_3_scaler.joblib,10,3
knn_seed_10_skf_4_paras_0_K_3,knn,10_skf_4,143,6,15,10,0.879,0.798,0.4,0.96,0.625,0.905,0.488,0.437,/home/ubuntu/Desktop/DeepAmes_Full_STL_4_keep_weights/results_TA102_without_S9/artifacts/base/knn/estimators/knn_seed_10_skf_4_paras_0_K_3.joblib,"{""n_neighbors"": 3}",knn,0,/home/ubuntu/Desktop/DeepAmes_Full_STL_4_keep_weights/results_TA102_without_S9/artifacts/base/knn/scalers/knn_seed_10_skf_4_paras_0_K_3_scaler.joblib,10,4
knn_seed_11_skf_0_paras_0_K_3,knn,11_skf_0,141,8,12,13,0.885,0.821,0.52,0.946,0.619,0.922,0.565,0.502,/home/ubuntu/Desktop/DeepAmes_Full_STL_4_keep_weights/results_TA102_without_S9/artifacts/base/knn/estimators/knn_seed_11_skf_0_paras_0_K_3.joblib,"{""n_neighbors"": 3}",knn,0,/home/ubuntu/Desktop/DeepAmes_Full_STL_4_keep_weights/results_TA102_without_S9/artifacts/base/knn/scalers/knn_seed_11_skf_0_paras_0_K_3_scaler.joblib,11,0
knn_seed_11_skf_1_paras_0_K_3,knn,11_skf_1,140,9,13,12,0.874,0.807,0.48,0.94,0.571,0.915,0.522,0.452,/home/ubuntu/Desktop/DeepAmes_Full_STL_4_keep_weights/results_TA102_without_S9/artifacts/base/knn/estimators/knn_seed_11_skf_1_paras_0_K_3.joblib,"{""n_neighbors"": 3}",knn,0,/home/ubuntu/Desktop/DeepAmes_Full_STL_4_keep_weights/results_TA102_without_S9/artifacts/base/knn/scalers/knn_seed_11_skf_1_paras_0_K_3_scaler.joblib,11,1
knn_seed_11_skf_2_paras_0_K_3,knn,11_skf_2,142,7,12,13,0.891,0.805,0.52,0.953,0.65,0.922,0.578,0.52,/home/ubuntu/Desktop/DeepAmes_Full_STL_4_keep_weights/results_TA102_without_S9/artifacts/base/knn/estimators/knn_seed_11_skf_2_paras_0_K_3.joblib,"{""n_neighbors"": 3}",knn,0,/home/ubuntu/Desktop/DeepAmes_Full_STL_4_keep_weights/results_TA102_without_S9/artifacts/base/knn/scalers/knn_seed_11_skf_2_paras_0_K_3_scaler.joblib,11,2
knn_seed_11_skf_4_paras_0_K_3,knn,11_skf_4,138,11,11,14,0.874,0.83,0.56,0.926,0.56,0.926,0.56,0.486,/home/ubuntu/Desktop/DeepAmes_Full_STL_4_keep_weights/results_TA102_without_S9/artifacts/base/knn/estimators/knn_seed_11_skf_4_paras_0_K_3.joblib,"{""n_neighbors"": 3}",knn,0,/home/ubuntu/Desktop/DeepAmes_Full_STL_4_keep_weights/results_TA102_without_S9/artifacts/base/knn/scalers/knn_seed_11_skf_4_paras_0_K_3_scaler.joblib,11,4
knn_seed_12_skf_0_paras_0_K_3,knn,12_skf_0,141,8,13,12,0.879,0.799,0.48,0.946,0.6,0.916,0.533,0.469,/home/ubuntu/Desktop/DeepAmes_Full_STL_4_keep_weights/results_TA102_without_S9/artifacts/base/knn/estimators/knn_seed_12_skf_0_paras_0_K_3.joblib,"{""n_neighbors"": 3}",knn,0,/home/ubuntu/Desktop/DeepAmes_Full_STL_4_keep_weights/results_TA102_without_S9/artifacts/base/knn/scalers/knn_seed_12_skf_0_paras_0_K_3_scaler.joblib,12,0
knn_seed_12_skf_2_paras_0_K_3,knn,12_skf_2,141,8,12,13,0.885,0.802,0.52,0.946,0.619,0.922,0.565,0.502,/home/ubuntu/Desktop/DeepAmes_Full_STL_4_keep_weights/results_TA102_without_S9/artifacts/base/knn/estimators/knn_seed_12_skf_2_paras_0_K_3.joblib,"{""n_neighbors"": 3}",knn,0,/home/ubuntu/Desktop/DeepAmes_Full_STL_4_keep_weights/results_TA102_without_S9/artifacts/base/knn/scalers/knn_seed_12_skf_2_paras_0_K_3_scaler.joblib,12,2
knn_seed_12_skf_4_paras_0_K_3,knn,12_skf_4,142,7,12,13,0.891,0.782,0.52,0.953,0.65,0.922,0.578,0.52,/home/ubuntu/Desktop/DeepAmes_Full_STL_4_keep_weights/results_TA102_without_S9/artifacts/base/knn/estimators/knn_seed_12_skf_4_paras_0_K_3.joblib,"{""n_neighbors"": 3}",knn,0,/home/ubuntu/Desktop/DeepAmes_Full_STL_4_keep_weights/results_TA102_without_S9/artifacts/base/knn/scalers/knn_seed_12_skf_4_paras_0_K_3_scaler.joblib,12,4
knn_seed_13_skf_0_paras_0_K_3,knn,13_skf_0,140,9,11,14,0.885,0.807,0.56,0.94,0.609,0.927,0.583,0.517,/home/ubuntu/Desktop/DeepAmes_Full_STL_4_keep_weights/results_TA102_without_S9/artifacts/base/knn/estimators/knn_seed_13_skf_0_paras_0_K_3.joblib,"{""n_neighbors"": 3}",knn,0,/home/ubuntu/Desktop/DeepAmes_Full_STL_4_keep_weights/results_TA102_without_S9/artifacts/base/knn/scalers/knn_seed_13_skf_0_paras_0_K_3_scaler.joblib,13,0
knn_seed_13_skf_1_paras_0_K_3,knn,13_skf_1,141,8,13,12,0.879,0.803,0.48,0.946,0.6,0.916,0.533,0.469,/home/ubuntu/Desktop/DeepAmes_Full_STL_4_keep_weights/results_TA102_without_S9/artifacts/base/knn/estimators/knn_seed_13_skf_1_paras_0_K_3.joblib,"{""n_neighbors"": 3}",knn,0,/home/ubuntu/Desktop/DeepAmes_Full_STL_4_keep_weights/results_TA102_without_S9/artifacts/base/knn/scalers/knn_seed_13_skf_1_paras_0_K_3_scaler.joblib,13,1
knn_seed_13_skf_2_paras_0_K_3,knn,13_skf_2,140,9,11,14,0.885,0.833,0.56,0.94,0.609,0.927,0.583,0.517,/home/ubuntu/Desktop/DeepAmes_Full_STL_4_keep_weights/results_TA102_without_S9/artifacts/base/knn/estimators/knn_seed_13_skf_2_paras_0_K_3.joblib,"{""n_neighbors"": 3}",knn,0,/home/ubuntu/Desktop/DeepAmes_Full_STL_4_keep_weights/results_TA102_without_S9/artifacts/base/knn/scalers/knn_seed_13_skf_2_paras_0_K_3_scaler.joblib,13,2
knn_seed_13_skf_3_paras_0_K_3,knn,13_skf_3,141,8,13,12,0.879,0.8,0.48,0.946,0.6,0.916,0.533,0.469,/home/ubuntu/Desktop/DeepAmes_Full_STL_4_keep_weights/results_TA102_without_S9/artifacts/base/knn/estimators/knn_seed_13_skf_3_paras_0_K_3.joblib,"{""n_neighbors"": 3}",knn,0,/home/ubuntu/Desktop/DeepAmes_Full_STL_4_keep_weights/results_TA102_without_S9/artifacts/base/knn/scalers/knn_seed_13_skf_3_paras_0_K_3_scaler.joblib,13,3
knn_seed_13_skf_4_paras_0_K_3,knn,13_skf_4,143,6,12,13,0.897,0.802,0.52,0.96,0.684,0.923,0.591,0.54,/home/ubuntu/Desktop/DeepAmes_Full_STL_4_keep_weights/results_TA102_without_S9/artifacts/base/knn/estimators/knn_seed_13_skf_4_paras_0_K_3.joblib,"{""n_neighbors"": 3}",knn,0,/home/ubuntu/Desktop/DeepAmes_Full_STL_4_keep_weights/results_TA102_without_S9/artifacts/base/knn/scalers/knn_seed_13_skf_4_paras_0_K_3_scaler.joblib,13,4
knn_seed_14_skf_0_paras_0_K_3,knn,14_skf_0,140,9,12,13,0.879,0.791,0.52,0.94,0.591,0.921,0.553,0.485,/home/ubuntu/Desktop/DeepAmes_Full_STL_4_keep_weights/results_TA102_without_S9/artifacts/base/knn/estimators/knn_seed_14_skf_0_paras_0_K_3.joblib,"{""n_neighbors"": 3}",knn,0,/home/ubuntu/Desktop/DeepAmes_Full_STL_4_keep_weights/results_TA102_without_S9/artifacts/base/knn/scalers/knn_seed_14_skf_0_paras_0_K_3_scaler.joblib,14,0
knn_seed_14_skf_1_paras_0_K_3,knn,14_skf_1,142,7,15,10,0.874,0.787,0.4,0.953,0.588,0.904,0.476,0.417,/home/ubuntu/Desktop/DeepAmes_Full_STL_4_keep_weights/results_TA102_without_S9/artifacts/base/knn/estimators/knn_seed_14_skf_1_paras_0_K_3.joblib,"{""n_neighbors"": 3}",knn,0,/home/ubuntu/Desktop/DeepAmes_Full_STL_4_keep_weights/results_TA102_without_S9/artifacts/base/knn/scalers/knn_seed_14_skf_1_paras_0_K_3_scaler.joblib,14,1
knn_seed_14_skf_2_paras_0_K_3,knn,14_skf_2,141,8,11,14,0.891,0.829,0.56,0.946,0.636,0.928,0.596,0.534,/home/ubuntu/Desktop/DeepAmes_Full_STL_4_keep_weights/results_TA102_without_S9/artifacts/base/knn/estimators/knn_seed_14_skf_2_paras_0_K_3.joblib,"{""n_neighbors"": 3}",knn,0,/home/ubuntu/Desktop/DeepAmes_Full_STL_4_keep_weights/results_TA102_without_S9/artifacts/base/knn/scalers/knn_seed_14_skf_2_paras_0_K_3_scaler.joblib,14,2
knn_seed_14_skf_3_paras_0_K_3,knn,14_skf_3,139,10,11,14,0.879,0.826,0.56,0.933,0.583,0.927,0.571,0.501,/home/ubuntu/Desktop/DeepAmes_Full_STL_4_keep_weights/results_TA102_without_S9/artifacts/base/knn/estimators/knn_seed_14_skf_3_paras_0_K_3.joblib,"{""n_neighbors"": 3}",knn,0,/home/ubuntu/Desktop/DeepAmes_Full_STL_4_keep_weights/results_TA102_without_S9/artifacts/base/knn/scalers/knn_seed_14_skf_3_paras_0_K_3_scaler.joblib,14,3
knn_seed_14_skf_4_paras_0_K_3,knn,14_skf_4,142,7,14,11,0.879,0.79,0.44,0.953,0.611,0.91,0.512,0.453,/home/ubuntu/Desktop/DeepAmes_Full_STL_4_keep_weights/results_TA102_without_S9/artifacts/base/knn/estimators/knn_seed_14_skf_4_paras_0_K_3.joblib,"{""n_neighbors"": 3}",knn,0,/home/ubuntu/Desktop/DeepAmes_Full_STL_4_keep_weights/results_TA102_without_S9/artifacts/base/knn/scalers/knn_seed_14_skf_4_paras_0_K_3_scaler.joblib,14,4
knn_seed_15_skf_0_paras_0_K_3,knn,15_skf_0,141,8,11,14,0.891,0.83,0.56,0.946,0.636,0.928,0.596,0.534,/home/ubuntu/Desktop/DeepAmes_Full_STL_4_keep_weights/results_TA102_without_S9/artifacts/base/knn/estimators/knn_seed_15_skf_0_paras_0_K_3.joblib,"{""n_neighbors"": 3}",knn,0,/home/ubuntu/Desktop/DeepAmes_Full_STL_4_keep_weights/results_TA102_without_S9/artifacts/base/knn/scalers/knn_seed_15_skf_0_paras_0_K_3_scaler.joblib,15,0
knn_seed_15_skf_2_paras_0_K_3,knn,15_skf_2,140,9,14,11,0.868,0.795,0.44,0.94,0.55,0.909,0.489,0.417,/home/ubuntu/Desktop/DeepAmes_Full_STL_4_keep_weights/results_TA102_without_S9/artifacts/base/knn/estimators/knn_seed_15_skf_2_paras_0_K_3.joblib,"{""n_neighbors"": 3}",knn,0,/home/ubuntu/Desktop/DeepAmes_Full_STL_4_keep_weights/results_TA102_without_S9/artifacts/base/knn/scalers/knn_seed_15_skf_2_paras_0_K_3_scaler.joblib,15,2
knn_seed_15_skf_3_paras_0_K_3,knn,15_skf_3,144,5,15,10,0.885,0.806,0.4,0.966,0.667,0.906,0.5,0.458,/home/ubuntu/Desktop/DeepAmes_Full_STL_4_keep_weights/results_TA102_without_S9/artifacts/base/knn/estimators/knn_seed_15_skf_3_paras_0_K_3.joblib,"{""n_neighbors"": 3}",knn,0,/home/ubuntu/Desktop/DeepAmes_Full_STL_4_keep_weights/results_TA102_without_S9/artifacts/base/knn/scalers/knn_seed_15_skf_3_paras_0_K_3_scaler.joblib,15,3
knn_seed_15_skf_4_paras_0_K_3,knn,15_skf_4,139,10,12,13,0.874,0.807,0.52,0.933,0.565,0.921,0.542,0.469,/home/ubuntu/Desktop/DeepAmes_Full_STL_4_keep_weights/results_TA102_without_S9/artifacts/base/knn/estimators/knn_seed_15_skf_4_paras_0_K_3.joblib,"{""n_neighbors"": 3}",knn,0,/home/ubuntu/Desktop/DeepAmes_Full_STL_4_keep_weights/results_TA102_without_S9/artifacts/base/knn/scalers/knn_seed_15_skf_4_paras_0_K_3_scaler.joblib,15,4
knn_seed_16_skf_0_paras_0_K_3,knn,16_skf_0,142,7,13,12,0.885,0.8,0.48,0.953,0.632,0.916,0.545,0.487,/home/ubuntu/Desktop/DeepAmes_Full_STL_4_keep_weights/results_TA102_without_S9/artifacts/base/knn/estimators/knn_seed_16_skf_0_paras_0_K_3.joblib,"{""n_neighbors"": 3}",knn,0,/home/ubuntu/Desktop/DeepAmes_Full_STL_4_keep_weights/results_TA102_without_S9/artifacts/base/knn/scalers/knn_seed_16_skf_0_paras_0_K_3_scaler.joblib,16,0
knn_seed_16_skf_1_paras_0_K_3,knn,16_skf_1,140,9,12,13,0.879,0.82,0.52,0.94,0.591,0.921,0.553,0.485,/home/ubuntu/Desktop/DeepAmes_Full_STL_4_keep_weights/results_TA102_without_S9/artifacts/base/knn/estimators/knn_seed_16_skf_1_paras_0_K_3.joblib,"{""n_neighbors"": 3}",knn,0,/home/ubuntu/Desktop/DeepAmes_Full_STL_4_keep_weights/results_TA102_without_S9/artifacts/base/knn/scalers/knn_seed_16_skf_1_paras_0_K_3_scaler.joblib,16,1
knn_seed_16_skf_2_paras_0_K_3,knn,16_skf_2,140,9,12,13,0.879,0.808,0.52,0.94,0.591,0.921,0.553,0.485,/home/ubuntu/Desktop/DeepAmes_Full_STL_4_keep_weights/results_TA102_without_S9/artifacts/base/knn/estimators/knn_seed_16_skf_2_paras_0_K_3.joblib,"{""n_neighbors"": 3}",knn,0,/home/ubuntu/Desktop/DeepAmes_Full_STL_4_keep_weights/results_TA102_without_S9/artifacts/base/knn/scalers/knn_seed_16_skf_2_paras_0_K_3_scaler.joblib,16,2
knn_seed_16_skf_3_paras_0_K_3,knn,16_skf_3,142,7,13,12,0.885,0.839,0.48,0.953,0.632,0.916,0.545,0.487,/home/ubuntu/Desktop/DeepAmes_Full_STL_4_keep_weights/results_TA102_without_S9/artifacts/base/knn/estimators/knn_seed_16_skf_3_paras_0_K_3.joblib,"{""n_neighbors"": 3}",knn,0,/home/ubuntu/Desktop/DeepAmes_Full_STL_4_keep_weights/results_TA102_without_S9/artifacts/base/knn/scalers/knn_seed_16_skf_3_paras_0_K_3_scaler.joblib,16,3
knn_seed_16_skf_4_paras_0_K_3,knn,16_skf_4,139,10,11,14,0.879,0.807,0.56,0.933,0.583,0.927,0.571,0.501,/home/ubuntu/Desktop/DeepAmes_Full_STL_4_keep_weights/results_TA102_without_S9/artifacts/base/knn/estimators/knn_seed_16_skf_4_paras_0_K_3.joblib,"{""n_neighbors"": 3}",knn,0,/home/ubuntu/Desktop/DeepAmes_Full_STL_4_keep_weights/results_TA102_without_S9/artifacts/base/knn/scalers/knn_seed_16_skf_4_paras_0_K_3_scaler.joblib,16,4
knn_seed_17_skf_0_paras_0_K_3,knn,17_skf_0,141,8,11,14,0.891,0.812,0.56,0.946,0.636,0.928,0.596,0.534,/home/ubuntu/Desktop/DeepAmes_Full_STL_4_keep_weights/results_TA102_without_S9/artifacts/base/knn/estimators/knn_seed_17_skf_0_paras_0_K_3.joblib,"{""n_neighbors"": 3}",knn,0,/home/ubuntu/Desktop/DeepAmes_Full_STL_4_keep_weights/results_TA102_without_S9/artifacts/base/knn/scalers/knn_seed_17_skf_0_paras_0_K_3_scaler.joblib,17,0
knn_seed_17_skf_2_paras_0_K_3,knn,17_skf_2,138,11,13,12,0.862,0.789,0.48,0.926,0.522,0.914,0.5,0.421,/home/ubuntu/Desktop/DeepAmes_Full_STL_4_keep_weights/results_TA102_without_S9/artifacts/base/knn/estimators/knn_seed_17_skf_2_paras_0_K_3.joblib,"{""n_neighbors"": 3}",knn,0,/home/ubuntu/Desktop/DeepAmes_Full_STL_4_keep_weights/results_TA102_without_S9/artifacts/base/knn/scalers/knn_seed_17_skf_2_paras_0_K_3_scaler.joblib,17,2
knn_seed_17_skf_3_paras_0_K_3,knn,17_skf_3,142,7,13,12,0.885,0.805,0.48,0.953,0.632,0.916,0.545,0.487,/home/ubuntu/Desktop/DeepAmes_Full_STL_4_keep_weights/results_TA102_without_S9/artifacts/base/knn/estimators/knn_seed_17_skf_3_paras_0_K_3.joblib,"{""n_neighbors"": 3}",knn,0,/home/ubuntu/Desktop/DeepAmes_Full_STL_4_keep_weights/results_TA102_without_S9/artifacts/base/knn/scalers/knn_seed_17_skf_3_paras_0_K_3_scaler.joblib,17,3
knn_seed_17_skf_4_paras_0_K_3,knn,17_skf_4,140,9,11,14,0.885,0.831,0.56,0.94,0.609,0.927,0.583,0.517,/home/ubuntu/Desktop/DeepAmes_Full_STL_4_keep_weights/results_TA102_without_S9/artifacts/base/knn/estimators/knn_seed_17_skf_4_paras_0_K_3.joblib,"{""n_neighbors"": 3}",knn,0,/home/ubuntu/Desktop/DeepAmes_Full_STL_4_keep_weights/results_TA102_without_S9/artifacts/base/knn/scalers/knn_seed_17_skf_4_paras_0_K_3_scaler.joblib,17,4
knn_seed_18_skf_0_paras_0_K_3,knn,18_skf_0,141,8,15,10,0.868,0.806,0.4,0.946,0.556,0.904,0.465,0.399,/home/ubuntu/Desktop/DeepAmes_Full_STL_4_keep_weights/results_TA102_without_S9/artifacts/base/knn/estimators/knn_seed_18_skf_0_paras_0_K_3.joblib,"{""n_neighbors"": 3}",knn,0,/home/ubuntu/Desktop/DeepAmes_Full_STL_4_keep_weights/results_TA102_without_S9/artifacts/base/knn/scalers/knn_seed_18_skf_0_paras_0_K_3_scaler.joblib,18,0
knn_seed_18_skf_1_paras_0_K_3,knn,18_skf_1,138,11,10,15,0.879,0.801,0.6,0.926,0.577,0.932,0.588,0.518,/home/ubuntu/Desktop/DeepAmes_Full_STL_4_keep_weights/results_TA102_without_S9/artifacts/base/knn/estimators/knn_seed_18_skf_1_paras_0_K_3.joblib,"{""n_neighbors"": 3}",knn,0,/home/ubuntu/Desktop/DeepAmes_Full_STL_4_keep_weights/results_TA102_without_S9/artifacts/base/knn/scalers/knn_seed_18_skf_1_paras_0_K_3_scaler.joblib,18,1
knn_seed_18_skf_2_paras_0_K_3,knn,18_skf_2,141,8,11,14,0.891,0.829,0.56,0.946,0.636,0.928,0.596,0.534,/home/ubuntu/Desktop/DeepAmes_Full_STL_4_keep_weights/results_TA102_without_S9/artifacts/base/knn/estimators/knn_seed_18_skf_2_paras_0_K_3.joblib,"{""n_neighbors"": 3}",knn,0,/home/ubuntu/Desktop/DeepAmes_Full_STL_4_keep_weights/results_TA102_without_S9/artifacts/base/knn/scalers/knn_seed_18_skf_2_paras_0_K_3_scaler.joblib,18,2
knn_seed_18_skf_3_paras_0_K_3,knn,18_skf_3,140,9,11,14,0.885,0.808,0.56,0.94,0.609,0.927,0.583,0.517,/home/ubuntu/Desktop/DeepAmes_Full_STL_4_keep_weights/results_TA102_without_S9/artifacts/base/knn/estimators/knn_seed_18_skf_3_paras_0_K_3.joblib,"{""n_neighbors"": 3}",knn,0,/home/ubuntu/Desktop/DeepAmes_Full_STL_4_keep_weights/results_TA102_without_S9/artifacts/base/knn/scalers/knn_seed_18_skf_3_paras_0_K_3_scaler.joblib,18,3
knn_seed_18_skf_4_paras_0_K_3,knn,18_skf_4,139,10,11,14,0.879,0.824,0.56,0.933,0.583,0.927,0.571,0.501,/home/ubuntu/Desktop/DeepAmes_Full_STL_4_keep_weights/results_TA102_without_S9/artifacts/base/knn/estimators/knn_seed_18_skf_4_paras_0_K_3.joblib,"{""n_neighbors"": 3}",knn,0,/home/ubuntu/Desktop/DeepAmes_Full_STL_4_keep_weights/results_TA102_without_S9/artifacts/base/knn/scalers/knn_seed_18_skf_4_paras_0_K_3_scaler.joblib,18,4
knn_seed_19_skf_0_paras_0_K_3,knn,19_skf_0,142,7,13,12,0.885,0.83,0.48,0.953,0.632,0.916,0.545,0.487,/home/ubuntu/Desktop/DeepAmes_Full_STL_4_keep_weights/results_TA102_without_S9/artifacts/base/knn/estimators/knn_seed_19_skf_0_paras_0_K_3.joblib,"{""n_neighbors"": 3}",knn,0,/home/ubuntu/Desktop/DeepAmes_Full_STL_4_keep_weights/results_TA102_without_S9/artifacts/base/knn/scalers/knn_seed_19_skf_0_paras_0_K_3_scaler.joblib,19,0
knn_seed_19_skf_2_paras_0_K_3,knn,19_skf_2,139,10,10,15,0.885,0.803,0.6,0.933,0.6,0.933,0.6,0.533,/home/ubuntu/Desktop/DeepAmes_Full_STL_4_keep_weights/results_TA102_without_S9/artifacts/base/knn/estimators/knn_seed_19_skf_2_paras_0_K_3.joblib,"{""n_neighbors"": 3}",knn,0,/home/ubuntu/Desktop/DeepAmes_Full_STL_4_keep_weights/results_TA102_without_S9/artifacts/base/knn/scalers/knn_seed_19_skf_2_paras_0_K_3_scaler.joblib,19,2
knn_seed_19_skf_3_paras_0_K_3,knn,19_skf_3,140,9,13,12,0.874,0.798,0.48,0.94,0.571,0.915,0.522,0.452,/home/ubuntu/Desktop/DeepAmes_Full_STL_4_keep_weights/results_TA102_without_S9/artifacts/base/knn/estimators/knn_seed_19_skf_3_paras_0_K_3.joblib,"{""n_neighbors"": 3}",knn,0,/home/ubuntu/Desktop/DeepAmes_Full_STL_4_keep_weights/results_TA102_without_S9/artifacts/base/knn/scalers/knn_seed_19_skf_3_paras_0_K_3_scaler.joblib,19,3
knn_seed_19_skf_4_paras_0_K_3,knn,19_skf_4,142,7,13,12,0.885,0.768,0.48,0.953,0.632,0.916,0.545,0.487,/home/ubuntu/Desktop/DeepAmes_Full_STL_4_keep_weights/results_TA102_without_S9/artifacts/base/knn/estimators/knn_seed_19_skf_4_paras_0_K_3.joblib,"{""n_neighbors"": 3}",knn,0,/home/ubuntu/Desktop/DeepAmes_Full_STL_4_keep_weights/results_TA102_without_S9/artifacts/base/knn/scalers/knn_seed_19_skf_4_paras_0_K_3_scaler.joblib,19,4
