,id,y_true,prob_rf_seed_2_skf_2_paras_148_estimator_500_depth_None_minSample_70_random_1_weight_balanced,class_rf_seed_2_skf_2_paras_148_estimator_500_depth_None_minSample_70_random_1_weight_balanced
0,86,0,0.3907973199068053,0
1,186,1,0.47255842282467203,0
2,141,0,0.43317818810549147,0
3,57,0,0.42091114509293426,0
4,95,0,0.40288707909914373,0
5,7,0,0.5557381204326771,1
6,182,0,0.37199687566009215,0
7,119,0,0.35001024958390636,0
8,18,0,0.5591868960877376,1
9,83,1,0.4197331489895933,0
10,230,0,0.3898058203398377,0
11,89,0,0.4451806323856895,0
12,9,1,0.6138773785076773,1
13,245,1,0.6199753756363295,1
14,128,1,0.4895193505117986,0
15,122,0,0.515844718771122,1
16,142,0,0.3724377317476839,0
17,40,0,0.5054785290204128,1
18,32,0,0.3843371241919979,0
19,195,0,0.47388055915679694,0
20,8,1,0.4727953842765565,0
21,2,0,0.4571536194545641,0
22,108,1,0.5980982802697695,1
23,44,1,0.39606553897983743,0
24,136,0,0.38723898656412453,0
25,178,0,0.3589636978708128,0
26,37,1,0.5835235024707367,1
27,117,0,0.35424431658976396,0
28,109,1,0.525168272244287,1
29,78,1,0.47271680548112666,0
30,116,0,0.4812644440234005,0
31,265,0,0.639839559590978,1
32,20,0,0.32178696236118876,0
33,115,0,0.3498263340925417,0
34,46,0,0.47590106665567006,0
35,102,0,0.43022349730151077,0
36,216,0,0.614968171547208,1
37,132,0,0.4662281991016177,0
38,69,0,0.42871230933940724,0
39,84,0,0.3775602480894603,0
40,64,1,0.5561573204100286,1
41,71,0,0.34730841241355714,0
42,87,0,0.3995041181246029,0
