,id,y_true,prob_rf_seed_1_skf_1_paras_148_estimator_500_depth_None_minSample_70_random_1_weight_balanced,class_rf_seed_1_skf_1_paras_148_estimator_500_depth_None_minSample_70_random_1_weight_balanced
0,199,1,0.6192308467886104,1
1,224,1,0.37805619736117096,0
2,59,1,0.5984607496560985,1
3,262,0,0.32818853571228124,0
4,92,0,0.6626399997647545,1
5,205,0,0.4268019944691281,0
6,7,0,0.48112081886663394,0
7,182,0,0.3796203406362059,0
8,260,1,0.5125465015736045,1
9,218,0,0.3543871709865463,0
10,110,0,0.3834606663244838,0
11,74,0,0.5184679663588828,1
12,144,0,0.38701711469237254,0
13,223,0,0.43982380763137396,0
14,215,0,0.5656689893520208,1
15,128,1,0.44168797973627644,0
16,142,0,0.40899423228661097,0
17,152,0,0.49457170307718584,0
18,200,1,0.4429018590326405,0
19,175,0,0.42044006652987814,0
20,209,0,0.42168430804412177,0
21,251,0,0.373084895797755,0
22,43,0,0.4333385418511581,0
23,136,0,0.3832586744053825,0
24,42,1,0.49640293552851017,0
25,211,0,0.4126255773027034,0
26,124,1,0.6495134424536364,1
27,25,0,0.5790154841265488,1
28,129,1,0.48544153556290476,0
29,185,0,0.42701353265019243,0
30,58,1,0.6703058479997568,1
31,247,0,0.5978918986320496,1
32,234,0,0.4928256193948077,0
33,51,0,0.40791555592493406,0
34,54,0,0.3482653013829649,0
35,46,0,0.44606967817380877,0
36,72,0,0.4383699543702532,0
37,94,1,0.5464772112789003,1
38,154,0,0.463099469130584,0
39,172,1,0.45281383256638486,0
40,101,0,0.40019829733827506,0
41,183,0,0.5004159978545316,1
42,105,0,0.37753108067379265,0
