,id,y_true,prob_rf_seed_11_skf_0_paras_148_estimator_500_depth_None_minSample_70_random_1_weight_balanced,class_rf_seed_11_skf_0_paras_148_estimator_500_depth_None_minSample_70_random_1_weight_balanced
0,196,0,0.45291602371264067,0
1,186,1,0.5569032110229336,1
2,141,0,0.42228074127483956,0
3,39,1,0.3606965942337897,0
4,151,0,0.4651759371785175,0
5,92,0,0.6733630007392538,1
6,21,0,0.4417923689790855,0
7,95,0,0.4138459658486631,0
8,138,0,0.3848481661796957,0
9,18,0,0.5549728554732558,1
10,188,0,0.38802586790101656,0
11,9,1,0.6796633119835482,1
12,91,0,0.4010816371142593,0
13,142,0,0.4414329793982577,0
14,195,0,0.4848815997631985,0
15,67,0,0.29796550918370124,0
16,200,1,0.41132804041170545,0
17,34,0,0.4401212163636414,0
18,209,0,0.4038476727198548,0
19,108,1,0.6469638603397669,1
20,44,1,0.3404108361095167,0
21,112,0,0.3599041968485267,0
22,56,0,0.6690779408228649,1
23,155,1,0.5127567446044916,1
24,79,1,0.6872984468840367,1
25,198,1,0.41712279295514426,0
26,207,0,0.42206450004448426,0
27,22,0,0.4132110567521605,0
28,266,1,0.402483037041611,0
29,170,0,0.3785654153907356,0
30,247,0,0.5792742494346625,1
31,145,0,0.3529450367908598,0
32,234,0,0.48062310696404337,0
33,120,0,0.38584963920099885,0
34,248,0,0.36833999622560115,0
35,216,0,0.6795167047139027,1
36,113,0,0.5310418208151936,1
37,132,0,0.4514214950155121,0
38,53,1,0.5957580468469152,1
39,189,0,0.39100447954607687,0
40,183,0,0.5194132175870096,1
41,259,1,0.36899632843809593,0
42,243,0,0.4764145652804011,0
43,184,1,0.39291359635622525,0
