,id,y_true,prob_rf_seed_13_skf_4_paras_148_estimator_500_depth_None_minSample_70_random_1_weight_balanced,class_rf_seed_13_skf_4_paras_148_estimator_500_depth_None_minSample_70_random_1_weight_balanced
0,173,1,0.5339806989908735,1
1,86,0,0.4151033121422414,0
2,196,0,0.4577306957518022,0
3,62,0,0.4653373052963252,0
4,39,1,0.38062372102610975,0
5,151,0,0.45619068287272874,0
6,95,0,0.3839892324543473,0
7,138,0,0.39804765329913405,0
8,165,0,0.3877186377628028,0
9,83,1,0.4314174359738137,0
10,230,0,0.44669550928158985,0
11,89,0,0.40917574151116626,0
12,9,1,0.5554022167802547,1
13,144,0,0.4266093760522659,0
14,245,1,0.5676530408727017,1
15,29,0,0.6324286272711142,1
16,91,0,0.45207534003489236,0
17,152,0,0.48928778652648014,0
18,114,1,0.4628125398810308,0
19,267,0,0.3763570471050703,0
20,209,0,0.40742834716617027,0
21,2,0,0.41254574529248766,0
22,251,0,0.3392551512895739,0
23,181,0,0.39891455007906745,0
24,208,1,0.5036632616260958,1
25,143,0,0.3381182745101037,0
26,56,0,0.5601789660628623,1
27,79,1,0.5712395087474816,1
28,4,1,0.5154678404598039,1
29,137,0,0.42953449405504524,0
30,45,1,0.4578727999713675,0
31,14,1,0.4493308676307891,0
32,227,1,0.5768439838482066,1
33,247,0,0.5291413303076001,1
34,20,0,0.36127262360521134,0
35,126,0,0.4880296602838608,0
36,115,0,0.34877127475853564,0
37,72,0,0.43440341489776907,0
38,84,0,0.4109731290078874,0
39,189,0,0.37104982187266355,0
40,183,0,0.4745612367902835,0
41,87,0,0.3540054372914033,0
