,id,y_true,prob_rf_seed_19_skf_4_paras_148_estimator_500_depth_None_minSample_70_random_1_weight_balanced,class_rf_seed_19_skf_4_paras_148_estimator_500_depth_None_minSample_70_random_1_weight_balanced
0,59,1,0.5722928806527787,1
1,262,0,0.39821295738617124,0
2,186,1,0.5689499779197532,1
3,141,0,0.43733668072806137,0
4,57,0,0.4405295288019239,0
5,21,0,0.45156993177851695,0
6,182,0,0.3793889929283615,0
7,138,0,0.4186740639513748,0
8,12,0,0.38202282297883294,0
9,74,0,0.4809981301804512,0
10,245,1,0.6435182586891276,1
11,229,0,0.3508698491000693,0
12,91,0,0.47857711038132966,0
13,169,0,0.3711325326620647,0
14,122,0,0.45667930992833683,0
15,160,0,0.3683481947640908,0
16,32,0,0.3826664660837648,0
17,114,1,0.4804274640754139,0
18,175,0,0.384993754520531,0
19,267,0,0.3832964566024933,0
20,2,0,0.4348533078544729,0
21,108,1,0.5791412233177206,1
22,147,1,0.4935828142630404,0
23,250,0,0.4305149225046701,0
24,16,1,0.49678770792905375,0
25,178,0,0.3770893431249302,0
26,148,0,0.4921345442620611,0
27,207,0,0.45608201015507954,0
28,4,1,0.5142595980469871,1
29,249,0,0.40652788351626623,0
30,137,0,0.4185168424610913,0
31,116,0,0.4232930737080682,0
32,266,1,0.4179817355605522,0
33,30,0,0.3991923365284175,0
34,25,0,0.5795673373493148,1
35,129,1,0.44902697369710515,0
36,239,1,0.5024310410540255,1
37,170,0,0.38039881077366705,0
38,247,0,0.5646056829148479,1
39,94,1,0.5328595387673295,1
40,154,0,0.4497765403365219,0
41,216,0,0.6402920533864254,1
