,id,y_true,prob_rf_seed_8_skf_2_paras_148_estimator_500_depth_None_minSample_70_random_1_weight_balanced,class_rf_seed_8_skf_2_paras_148_estimator_500_depth_None_minSample_70_random_1_weight_balanced
0,199,1,0.6153379953446302,1
1,93,1,0.4518988392900238,0
2,66,0,0.4061734546534836,0
3,70,0,0.3499530406503,0
4,151,0,0.4198203630707216,0
5,131,1,0.41329324244662946,0
6,95,0,0.3824824400649549,0
7,182,0,0.31596064456840156,0
8,165,0,0.4421850812075013,0
9,139,0,0.35925274111145933,0
10,12,0,0.33569540903432743,0
11,177,0,0.41210593389177574,0
12,74,0,0.43562641079866676,0
13,73,1,0.45181676201356025,0
14,171,0,0.3156021062708527,0
15,164,0,0.364355893546084,0
16,122,0,0.49763091494011946,0
17,38,0,0.3648746200337819,0
18,209,0,0.3828650958613143,0
19,181,0,0.36118211904566155,0
20,222,0,0.6411162525601654,1
21,16,1,0.4380728729742847,0
22,44,1,0.3627199200548244,0
23,143,0,0.3779138483477549,0
24,263,0,0.5000279490681853,1
25,117,0,0.3311034845811263,0
26,155,1,0.4603889753459475,0
27,17,0,0.4706390848340937,0
28,211,0,0.3725413324812953,0
29,239,1,0.4901162570494644,0
30,126,0,0.3882924139056613,0
31,54,0,0.368902020572421,0
32,115,0,0.29413055484191863,0
33,102,0,0.44569199301978757,0
34,72,0,0.401652166163581,0
35,121,1,0.4906757366405996,0
36,53,1,0.5378629293418784,1
37,11,1,0.4600744791709273,0
38,101,0,0.4597496662328785,0
39,174,0,0.4369437851931453,0
40,243,0,0.440957326449221,0
41,64,1,0.5638379532744048,1
42,134,0,0.4021478256136475,0
