,id,y_true,prob_rf_seed_17_skf_3_paras_148_estimator_500_depth_None_minSample_70_random_1_weight_balanced,class_rf_seed_17_skf_3_paras_148_estimator_500_depth_None_minSample_70_random_1_weight_balanced
0,159,0,0.30895681013009635,0
1,39,1,0.37427073839208935,0
2,21,0,0.3974983820709063,0
3,241,0,0.4401742582582389,0
4,50,0,0.40416175536990334,0
5,12,0,0.3908117843580593,0
6,110,0,0.4326662675716531,0
7,219,1,0.5525679824996828,1
8,215,0,0.5175190794424479,1
9,128,1,0.4209185274150762,0
10,32,0,0.3732849995211664,0
11,257,1,0.5616977592374268,1
12,226,0,0.44480261906415924,0
13,200,1,0.4547403168054041,0
14,123,1,0.32333650934782615,0
15,203,0,0.38717750008108953,0
16,2,0,0.49324233804929263,0
17,147,1,0.500539556170676,1
18,181,0,0.434744558061823,0
19,256,0,0.4537418138353942,0
20,37,1,0.5595182690943233,1
21,263,0,0.43984201625154196,0
22,56,0,0.6678091292027685,1
23,27,0,0.43256533191816887,0
24,217,0,0.45949943766836165,0
25,207,0,0.45524204589013784,0
26,124,1,0.653253435103319,1
27,264,0,0.4258562344746032,0
28,227,1,0.5092365529628633,1
29,237,0,0.3551573657860316,0
30,234,0,0.4955036936539023,0
31,51,0,0.43631209377832497,0
32,46,0,0.5074357305630209,1
33,72,0,0.4606561566914442,0
34,255,0,0.47026275446051485,0
35,97,0,0.4624566218434377,0
36,94,1,0.5163236209178069,1
37,69,0,0.44944103749236414,0
38,84,0,0.38914159894924394,0
39,254,1,0.4986468571510872,0
40,134,0,0.35548296308580524,0
41,87,0,0.38564805597383256,0
