,id,y_true,prob_rf_seed_2_skf_3_paras_148_estimator_500_depth_None_minSample_70_random_1_weight_balanced,class_rf_seed_2_skf_3_paras_148_estimator_500_depth_None_minSample_70_random_1_weight_balanced
0,93,1,0.43449424136366177,0
1,220,1,0.5605278875902834,1
2,173,1,0.5901596290308928,1
3,159,0,0.31578028717238693,0
4,205,0,0.4137228904108799,0
5,50,0,0.4350271870563102,0
6,139,0,0.359992879113824,0
7,80,1,0.6160286720135347,1
8,74,0,0.4583655728657841,0
9,73,1,0.43265265640628975,0
10,29,0,0.5886560891624345,1
11,229,0,0.32797897562136563,0
12,91,0,0.48690916173382254,0
13,160,0,0.4045998120501702,0
14,96,0,0.47077324326305,0
15,200,1,0.43080503631090805,0
16,175,0,0.39282764447951946,0
17,209,0,0.44210534709173693,0
18,181,0,0.34345846332419766,0
19,256,0,0.456224555872674,0
20,111,0,0.522864075186866,1
21,16,1,0.4200593462938642,0
22,112,0,0.4642495545133022,0
23,27,0,0.4717628205906979,0
24,103,1,0.5803130481088171,1
25,180,0,0.41235683814426244,0
26,170,0,0.3562247669312299,0
27,58,1,0.642454300111243,1
28,236,0,0.4125847795136663,0
29,237,0,0.30941949064865526,0
30,54,0,0.3738825712082487,0
31,94,1,0.5809447557642979,1
32,140,0,0.49243427476830837,0
33,172,1,0.395054659090556,0
34,113,0,0.5741560934363622,1
35,101,0,0.4425614393087929,0
36,189,0,0.40184670506714076,0
37,183,0,0.44557312778678604,0
38,134,0,0.37648237089540315,0
39,77,0,0.45283054094249203,0
40,184,1,0.39066479702847884,0
41,261,0,0.35752513388843804,0
