,id,y_true,prob_rf_seed_14_skf_0_paras_148_estimator_500_depth_None_minSample_70_random_1_weight_balanced,class_rf_seed_14_skf_0_paras_148_estimator_500_depth_None_minSample_70_random_1_weight_balanced
0,173,1,0.6060185052923068,1
1,196,0,0.44778978335675335,0
2,66,0,0.36991619879131626,0
3,70,0,0.351619630625217,0
4,186,1,0.534967213330022,1
5,62,0,0.4634056692118094,0
6,39,1,0.39959561108755454,0
7,7,0,0.5218867336607664,1
8,241,0,0.4865351392896943,0
9,138,0,0.3860790493573387,0
10,24,0,0.3683934777831943,0
11,165,0,0.42291058538268733,0
12,110,0,0.4161075940156034,0
13,74,0,0.5137893175390625,1
14,75,0,0.4235106246692872,0
15,210,0,0.4107378399038387,0
16,171,0,0.3376111985232403,0
17,47,0,0.5121928974188041,1
18,164,0,0.34334564788700056,0
19,152,0,0.5018040100926586,1
20,257,1,0.5285609496476671,1
21,226,0,0.5015095923419376,1
22,209,0,0.3863948909884207,0
23,108,1,0.6425209934190846,1
24,181,0,0.38897062056135334,0
25,16,1,0.4777129012137799,0
26,217,0,0.5533950284521528,1
27,137,0,0.40471814061197836,0
28,48,0,0.32460996987211527,0
29,22,0,0.42573232596340993,0
30,45,1,0.4122158866383576,0
31,236,0,0.3822740990009743,0
32,190,1,0.5079574145739417,1
33,265,0,0.6129000660092144,1
34,145,0,0.38845183802018135,0
35,115,0,0.32173243895181497,0
36,94,1,0.563443020493077,1
37,120,0,0.3611177399199694,0
38,248,0,0.4107102452945007,0
39,53,1,0.5201268798429874,1
40,11,1,0.52339847362682,1
41,150,0,0.430798550780945,0
42,254,1,0.5044653554023006,1
43,259,1,0.4385936763126399,0
