,id,y_true,prob_rf_seed_2_skf_1_paras_148_estimator_500_depth_None_minSample_70_random_1_weight_balanced,class_rf_seed_2_skf_1_paras_148_estimator_500_depth_None_minSample_70_random_1_weight_balanced
0,199,1,0.544162012495152,1
1,224,1,0.3395369829350674,0
2,206,0,0.3386411915733826,0
3,59,1,0.607471473359764,1
4,63,1,0.350746340603005,0
5,151,0,0.4858908286376368,0
6,221,0,0.4126263620981178,0
7,149,0,0.4184959329333792,0
8,241,0,0.49239680226783594,0
9,85,0,0.3603997964901173,0
10,218,0,0.32567115018728054,0
11,110,0,0.4110348366796194,0
12,144,0,0.35403001782196986,0
13,34,0,0.391962814312378,0
14,123,1,0.3037407764530023,0
15,267,0,0.3391702977384675,0
16,43,0,0.4162672856349291,0
17,250,0,0.40744994135172935,0
18,148,0,0.5237638591112019,1
19,217,0,0.4965028265252455,0
20,79,1,0.6308628338938974,1
21,207,0,0.44396496973809096,0
22,17,0,0.46857663313389714,0
23,249,0,0.3399747976170071,0
24,22,0,0.4168254658506741,0
25,45,1,0.43460017863992684,0
26,25,0,0.5151978502588704,1
27,14,1,0.5103895264165466,1
28,127,1,0.601899025003849,1
29,185,0,0.4403966019099138,0
30,240,1,0.33866324780455914,0
31,60,0,0.5286576567899397,1
32,190,1,0.5347039841399025,1
33,234,0,0.5176393394534863,1
34,126,0,0.5178631396475887,1
35,255,0,0.5091804771805407,1
36,97,0,0.46984451194949617,0
37,214,0,0.5575998847754157,1
38,244,1,0.41749181316732265,0
39,161,0,0.45395319655053,0
40,174,0,0.41072946534635274,0
41,150,0,0.452550949732919,0
42,243,0,0.45331393446168494,0
