,id,y_true,prob_rf_seed_3_skf_2_paras_148_estimator_500_depth_None_minSample_70_random_1_weight_balanced,class_rf_seed_3_skf_2_paras_148_estimator_500_depth_None_minSample_70_random_1_weight_balanced
0,220,1,0.556343448070383,1
1,186,1,0.4981937783877957,0
2,141,0,0.43307429510238815,0
3,57,0,0.37963184263343003,0
4,151,0,0.4590091504318188,0
5,221,0,0.3948227618754389,0
6,68,1,0.5795712364490423,1
7,15,0,0.4262734408663589,0
8,18,0,0.5321251789005389,1
9,83,1,0.414295084267002,0
10,110,0,0.371195823401328,0
11,80,1,0.5883320600244217,1
12,74,0,0.5211522730834968,1
13,210,0,0.41038213962341813,0
14,91,0,0.43803930043144074,0
15,122,0,0.5071189839411752,1
16,40,0,0.5223648083551132,1
17,195,0,0.4624560525580473,0
18,232,0,0.3762796543069827,0
19,251,0,0.3785252715565615,0
20,263,0,0.5266358171571337,1
21,4,1,0.518322129072862,1
22,19,0,0.3915620720630241,0
23,137,0,0.4462365359390891,0
24,116,0,0.5246295135338422,1
25,252,0,0.39426273580771254,0
26,103,1,0.5772496020282355,1
27,25,0,0.5104180898773872,1
28,190,1,0.47507170636459056,0
29,20,0,0.33030087136192393,0
30,234,0,0.5006372289323405,1
31,126,0,0.4969475516228772,0
32,115,0,0.3583620702416476,0
33,102,0,0.4352145775418412,0
34,72,0,0.43382186553058083,0
35,121,1,0.40748920762986063,0
36,214,0,0.4931650989747879,0
37,172,1,0.485423033931971,0
38,53,1,0.5352371944114269,1
39,84,0,0.3938769355414729,0
40,254,1,0.479504116616553,0
41,243,0,0.39032154433067784,0
42,87,0,0.40344657413983814,0
