,id,y_true,prob_rf_seed_6_skf_0_paras_148_estimator_500_depth_None_minSample_70_random_1_weight_balanced,class_rf_seed_6_skf_0_paras_148_estimator_500_depth_None_minSample_70_random_1_weight_balanced
0,220,1,0.5325326063070324,1
1,206,0,0.3740472430026202,0
2,196,0,0.3838307426619432,0
3,262,0,0.36075337145838277,0
4,186,1,0.5462706340607052,1
5,24,0,0.3769012129364387,0
6,260,1,0.5054598885024192,1
7,18,0,0.5297701313293148,1
8,139,0,0.3623212320310565,0
9,177,0,0.40279544308775084,0
10,74,0,0.4768777663283651,0
11,73,1,0.4696475462865895,0
12,210,0,0.4006730006314835,0
13,144,0,0.4226281872375906,0
14,91,0,0.4672117169754954,0
15,122,0,0.477515142877789,0
16,40,0,0.5532266065633528,1
17,114,1,0.4482014796149188,0
18,257,1,0.5400224553339815,1
19,226,0,0.4825074392944,0
20,267,0,0.3402589332493014,0
21,203,0,0.3506347848059768,0
22,2,0,0.4208831992659925,0
23,208,1,0.4984862496431557,0
24,250,0,0.4481964139391731,0
25,44,1,0.3934993150991163,0
26,112,0,0.4480290106836013,0
27,56,0,0.6865160298557996,1
28,42,1,0.477670023120089,0
29,117,0,0.33055070392594227,0
30,137,0,0.45134380263063095,0
31,252,0,0.41518449947374625,0
32,266,1,0.41088168535909597,0
33,30,0,0.3853919137823191,0
34,45,1,0.44135155351156036,0
35,264,0,0.38417236967475155,0
36,227,1,0.5571808622486853,1
37,234,0,0.4948493650296318,0
38,54,0,0.34804713989557406,0
39,140,0,0.477515142877789,0
40,214,0,0.4959929309928526,0
41,132,0,0.4487432948346247,0
42,254,1,0.5112609388922421,1
43,261,0,0.38190111656755027,0
