,id,y_true,prob_rf_seed_4_skf_0_paras_148_estimator_500_depth_None_minSample_70_random_1_weight_balanced,class_rf_seed_4_skf_0_paras_148_estimator_500_depth_None_minSample_70_random_1_weight_balanced
0,199,1,0.6394103629102195,1
1,224,1,0.3637285403124552,0
2,196,0,0.4062527042063214,0
3,66,0,0.35715713929769505,0
4,39,1,0.39815164394310865,0
5,151,0,0.4018832512206409,0
6,92,0,0.678122651577264,1
7,149,0,0.41450256651338674,0
8,95,0,0.43981551680645176,0
9,7,0,0.46041955328968387,0
10,182,0,0.3553240738309553,0
11,241,0,0.48547543819348443,0
12,165,0,0.4086619307202595,0
13,76,0,0.2927082035172186,0
14,50,0,0.3828060742747303,0
15,260,1,0.542732962445483,1
16,15,0,0.37438130813649073,0
17,230,0,0.3487258962889738,0
18,188,0,0.3572630460901477,0
19,171,0,0.3129590415930753,0
20,195,0,0.47382950381403965,0
21,8,1,0.48348896069984204,0
22,67,0,0.31298321388670375,0
23,226,0,0.4593271990339082,0
24,123,1,0.30770806799228156,0
25,2,0,0.4462027012825761,0
26,112,0,0.3718673523859614,0
27,42,1,0.5080759186388053,1
28,198,1,0.44010018411003776,0
29,109,1,0.5247099451154071,1
30,207,0,0.4302678363950987,0
31,48,0,0.31387407397354805,0
32,116,0,0.4292336109683159,0
33,266,1,0.37407864998650564,0
34,25,0,0.5740226740769988,1
35,129,1,0.4503961026801011,0
36,239,1,0.4915593105386096,0
37,97,0,0.4360986276258086,0
38,216,0,0.6856714959104963,1
39,161,0,0.45095641431939665,0
40,113,0,0.4726899281450971,0
41,163,1,0.5416251611689002,1
42,71,0,0.3152478271191127,0
43,87,0,0.387670978863878,0
