,id,y_true,prob_rf_seed_15_skf_0_paras_148_estimator_500_depth_None_minSample_70_random_1_weight_balanced,class_rf_seed_15_skf_0_paras_148_estimator_500_depth_None_minSample_70_random_1_weight_balanced
0,70,0,0.33408183012706194,0
1,63,1,0.31604054688453465,0
2,141,0,0.3613789143673592,0
3,76,0,0.30134930820003064,0
4,50,0,0.4222340465479341,0
5,18,0,0.5346844453298878,1
6,157,0,0.36760293136665634,0
7,73,1,0.4171793078186429,0
8,47,0,0.5467196742399644,1
9,223,0,0.432828468373241,0
10,122,0,0.5518129796873925,1
11,160,0,0.3502622764059764,0
12,152,0,0.5026103003483563,1
13,40,0,0.5992462428092703,1
14,114,1,0.4215017902461145,0
15,200,1,0.37530131009617285,0
16,267,0,0.3641729939706863,0
17,203,0,0.3113548956101632,0
18,2,0,0.4159011824517258,0
19,16,1,0.44577929859011917,0
20,44,1,0.3275292287447729,0
21,136,0,0.3238787040684896,0
22,148,0,0.5401144978014061,1
23,42,1,0.479135132989441,0
24,198,1,0.4421297493932128,0
25,78,1,0.5278369588421586,1
26,17,0,0.4568308563058116,0
27,22,0,0.33741628888122344,0
28,211,0,0.34393438795877324,0
29,180,0,0.4208520026693233,0
30,264,0,0.3202605130618916,0
31,129,1,0.4266112509705511,0
32,60,0,0.4698244323719598,0
33,126,0,0.49612192689757756,0
34,255,0,0.4375508940058485,0
35,94,1,0.5493473656365433,1
36,140,0,0.5518129796873925,1
37,120,0,0.3025695864041923,0
38,11,1,0.5319013344998907,1
39,243,0,0.4323793181359823,0
40,64,1,0.5393519477420867,1
41,77,0,0.39774937785297243,0
42,87,0,0.37682108755019217,0
43,261,0,0.31334577253691465,0
