,id,y_true,prob_rf_seed_5_skf_3_paras_148_estimator_500_depth_None_minSample_70_random_1_weight_balanced,class_rf_seed_5_skf_3_paras_148_estimator_500_depth_None_minSample_70_random_1_weight_balanced
0,59,1,0.5857014709273094,1
1,173,1,0.620106614355294,1
2,196,0,0.46269703579938526,0
3,235,0,0.4149843513816736,0
4,151,0,0.4690941194595055,0
5,149,0,0.44389961453573396,0
6,95,0,0.3946005678641165,0
7,7,0,0.43689710168052703,0
8,182,0,0.41039535980278924,0
9,15,0,0.3988263449335392,0
10,197,0,0.4948577497771185,0
11,166,0,0.4782284203901625,0
12,245,1,0.6236311682093669,1
13,128,1,0.4139932799660553,0
14,122,0,0.4015862061627341,0
15,96,0,0.5107782166841557,1
16,123,1,0.3095614301041408,0
17,228,0,0.37053170504929983,0
18,38,0,0.40572746433559465,0
19,222,0,0.6764066342868253,1
20,16,1,0.5262824490645351,1
21,112,0,0.3989197773774935,0
22,178,0,0.32822385062474313,0
23,117,0,0.3906188314695576,0
24,217,0,0.4550081420488062,0
25,198,1,0.49341125617748965,0
26,109,1,0.49676034361115406,0
27,4,1,0.4855921458883545,0
28,22,0,0.41758330315571873,0
29,266,1,0.36209812865821606,0
30,264,0,0.42713680845066593,0
31,25,0,0.6281968605807104,1
32,14,1,0.476892208619594,0
33,185,0,0.4804759229807822,0
34,227,1,0.548475547996219,1
35,237,0,0.35560006286959356,0
36,167,0,0.6321487202150492,1
37,72,0,0.4414957987363291,0
38,84,0,0.37743601693477913,0
39,13,0,0.5293958712819857,1
40,243,0,0.45848203500815304,0
41,77,0,0.4078221816216222,0
