,id,y_true,prob_rf_seed_9_skf_0_paras_148_estimator_500_depth_None_minSample_70_random_1_weight_balanced,class_rf_seed_9_skf_0_paras_148_estimator_500_depth_None_minSample_70_random_1_weight_balanced
0,224,1,0.40207076866634855,0
1,173,1,0.5763926191117769,1
2,196,0,0.4454549926301327,0
3,235,0,0.39531061674643947,0
4,186,1,0.5655666285629896,1
5,141,0,0.42332284909366535,0
6,39,1,0.3915744547581166,0
7,221,0,0.4034709363535274,0
8,76,0,0.3178709557330462,0
9,50,0,0.45583959513601074,0
10,85,0,0.3946522416028078,0
11,218,0,0.3679076105907393,0
12,157,0,0.4049623648584233,0
13,177,0,0.40831426498946743,0
14,80,1,0.5856653587444348,1
15,74,0,0.47589696648195484,0
16,106,0,0.36927861884550683,0
17,210,0,0.3755307785299749,0
18,215,0,0.5545271925585499,1
19,169,0,0.3475515837675219,0
20,32,0,0.41420829210122523,0
21,228,0,0.3943236605051032,0
22,232,0,0.42346465958870805,0
23,209,0,0.4067174224747473,0
24,108,1,0.6233676059449264,1
25,256,0,0.4460855384715633,0
26,112,0,0.438496703943712,0
27,136,0,0.3995924094714271,0
28,79,1,0.6245225417131615,1
29,109,1,0.4977658814588507,0
30,4,1,0.4633522150890479,0
31,19,0,0.40669568257180494,0
32,242,1,0.4496669681827415,0
33,22,0,0.4062024872148368,0
34,264,0,0.4178042964033052,0
35,25,0,0.5534454978156604,1
36,127,1,0.5715291431524107,1
37,170,0,0.3795341040643236,0
38,247,0,0.5196977160454915,1
39,54,0,0.38250619661859664,0
40,121,1,0.4447945632789536,0
41,132,0,0.4388436484056204,0
42,101,0,0.4324170595008961,0
43,163,1,0.5802706335646247,1
