,id,y_true,prob_rf_seed_6_skf_3_paras_148_estimator_500_depth_None_minSample_70_random_1_weight_balanced,class_rf_seed_6_skf_3_paras_148_estimator_500_depth_None_minSample_70_random_1_weight_balanced
0,199,1,0.5639697964930291,1
1,66,0,0.3617013434724116,0
2,62,0,0.47541280935407976,0
3,39,1,0.4079760845816346,0
4,57,0,0.43995357820478337,0
5,151,0,0.4554346536425839,0
6,138,0,0.4181359504972159,0
7,165,0,0.4349803425454336,0
8,197,0,0.49325816140583373,0
9,12,0,0.3756957107836112,0
10,110,0,0.4342441919097694,0
11,80,1,0.6073066590877791,1
12,89,0,0.4374213250551001,0
13,188,0,0.37978297470585537,0
14,75,0,0.440166853974963,0
15,106,0,0.33613658581625266,0
16,223,0,0.4139364025740412,0
17,229,0,0.3179985399512008,0
18,128,1,0.4710130469079669,0
19,142,0,0.39419920451522883,0
20,160,0,0.34183811401161307,0
21,8,1,0.49184984040622964,0
22,200,1,0.4286189840892694,0
23,228,0,0.42198189850343754,0
24,5,0,0.43290750205881406,0
25,232,0,0.41449560983138894,0
26,222,0,0.6088037808204192,1
27,143,0,0.36054182084940795,0
28,37,1,0.5675481372568223,1
29,27,0,0.47158693624286585,0
30,198,1,0.4570364528361248,0
31,103,1,0.5951597466768599,1
32,127,1,0.6030000008087705,1
33,58,1,0.6558947788317848,1
34,167,0,0.5473238125043289,1
35,72,0,0.44920110369305255,0
36,94,1,0.523109653930347,1
37,101,0,0.40219609982715365,0
38,174,0,0.4157239496038855,0
39,150,0,0.4677789184911269,0
40,105,0,0.35325172606296745,0
41,77,0,0.3928884460702242,0
