,id,y_true,prob_rf_seed_10_skf_4_paras_148_estimator_500_depth_None_minSample_70_random_1_weight_balanced,class_rf_seed_10_skf_4_paras_148_estimator_500_depth_None_minSample_70_random_1_weight_balanced
0,206,0,0.3575329846723862,0
1,159,0,0.31341587534545134,0
2,141,0,0.439569999592381,0
3,39,1,0.3843932585406163,0
4,221,0,0.3689815793893424,0
5,21,0,0.49812603360888985,0
6,95,0,0.38695379779599165,0
7,18,0,0.47578290196650624,0
8,197,0,0.47342922196453996,0
9,219,1,0.6236673557874388,1
10,80,1,0.5687048495423239,1
11,89,0,0.3906255731882546,0
12,245,1,0.6500980135007409,1
13,164,0,0.3390399782876238,0
14,96,0,0.47015297950444973,0
15,257,1,0.5283270711706967,1
16,226,0,0.5187992391950954,1
17,209,0,0.4011118521927155,0
18,147,1,0.51842758726425,1
19,43,0,0.49544276664404213,0
20,44,1,0.37196052284703385,0
21,148,0,0.46977361891876096,0
22,56,0,0.6954744836499853,1
23,42,1,0.43571458557155684,0
24,198,1,0.4636816405587613,0
25,36,0,0.49237946663521714,0
26,22,0,0.4046855911280367,0
27,45,1,0.40493596088362743,0
28,264,0,0.3636876505304802,0
29,239,1,0.5072865780644488,1
30,247,0,0.6088048917161951,1
31,265,0,0.6073922494280696,1
32,115,0,0.31291100260483035,0
33,46,0,0.45127818983697715,0
34,167,0,0.6581552055644092,1
35,102,0,0.42165979982849916,0
36,72,0,0.44691686099883426,0
37,140,0,0.5187503914712613,1
38,69,0,0.40568037866758316,0
39,84,0,0.36976047901071457,0
40,163,1,0.6004191648418623,1
41,105,0,0.33691907383489833,0
