,id,y_true,prob_rf_seed_6_skf_4_paras_148_estimator_500_depth_None_minSample_70_random_1_weight_balanced,class_rf_seed_6_skf_4_paras_148_estimator_500_depth_None_minSample_70_random_1_weight_balanced
0,93,1,0.5383931821132931,1
1,173,1,0.5635590527201532,1
2,86,0,0.3817236813026623,0
3,159,0,0.26971080294807886,0
4,21,0,0.4233728191736295,0
5,182,0,0.4026462152062397,0
6,76,0,0.3116982750066431,0
7,50,0,0.35686567581518575,0
8,218,0,0.35724063985438387,0
9,157,0,0.4562400295723414,0
10,9,1,0.5874843141448395,1
11,96,0,0.4775143074093208,0
12,67,0,0.3240195710218637,0
13,175,0,0.42635438791156627,0
14,123,1,0.3246798432800475,0
15,38,0,0.41616726371457996,0
16,251,0,0.3766219543796837,0
17,43,0,0.4637021119157357,0
18,256,0,0.4985245121146766,0
19,111,0,0.5132296995736952,1
20,178,0,0.3388911172845936,0
21,148,0,0.47461236519454764,0
22,155,1,0.4909040592724121,0
23,79,1,0.5840039893168555,1
24,78,1,0.5556761775332089,1
25,180,0,0.4279943822269185,0
26,239,1,0.46333392594267064,0
27,185,0,0.4622464799527561,0
28,170,0,0.42412742550286764,0
29,237,0,0.3367885332377625,0
30,102,0,0.3899628051887934,0
31,255,0,0.4796377110418094,0
32,120,0,0.38069594742490104,0
33,216,0,0.6110112888130597,1
34,172,1,0.44466739850983267,0
35,69,0,0.46778952956571546,0
36,163,1,0.5633427835855416,1
37,259,1,0.41036699133828014,0
38,243,0,0.44147247467453066,0
39,71,0,0.32991703751646206,0
40,184,1,0.38644923356101,0
41,87,0,0.3536299304040879,0
