,id,y_true,prob_rf_seed_7_skf_4_paras_148_estimator_500_depth_None_minSample_70_random_1_weight_balanced,class_rf_seed_7_skf_4_paras_148_estimator_500_depth_None_minSample_70_random_1_weight_balanced
0,206,0,0.34642609922774614,0
1,262,0,0.33249216965933326,0
2,70,0,0.3297467383016717,0
3,63,1,0.34930664965461145,0
4,182,0,0.3542903521097554,0
5,24,0,0.4022222414298214,0
6,76,0,0.29435800985159205,0
7,83,1,0.4386421529433433,0
8,230,0,0.40425493080951547,0
9,166,0,0.4902233094847563,0
10,75,0,0.40073737846955126,0
11,73,1,0.45750427579546665,0
12,210,0,0.3386891826310082,0
13,122,0,0.5140151982410877,1
14,142,0,0.37262809626525023,0
15,257,1,0.5166611953368757,1
16,228,0,0.4156950562726341,0
17,38,0,0.3556331187786872,0
18,5,0,0.4447410313486604,0
19,203,0,0.3317968953996431,0
20,209,0,0.37345586530170444,0
21,251,0,0.3197379561514391,0
22,222,0,0.6280342828943958,1
23,117,0,0.3457242443203362,0
24,36,0,0.5036340371097007,1
25,4,1,0.4471924136423141,0
26,103,1,0.5864807733668903,1
27,211,0,0.3754975212267026,0
28,45,1,0.4628454290033201,0
29,239,1,0.4905857642444285,0
30,170,0,0.3506143715472055,0
31,236,0,0.36206892723922707,0
32,255,0,0.4278576005157631,0
33,248,0,0.42690465572058595,0
34,161,0,0.45229090014775697,0
35,113,0,0.6128626221209597,1
36,11,1,0.46162495742598725,0
37,189,0,0.4017768127929065,0
38,150,0,0.3860893128528779,0
39,254,1,0.5028257142681194,1
40,259,1,0.4274672403526048,0
41,184,1,0.38803669704104354,0
