,id,y_true,prob_rf_seed_19_skf_0_paras_148_estimator_500_depth_None_minSample_70_random_1_weight_balanced,class_rf_seed_19_skf_0_paras_148_estimator_500_depth_None_minSample_70_random_1_weight_balanced
0,173,1,0.5820126868990708,1
1,196,0,0.4365064075330528,0
2,62,0,0.4693454703440984,0
3,159,0,0.3086512878300705,0
4,149,0,0.4174277181328676,0
5,68,1,0.6005235194928026,1
6,7,0,0.541893008366615,1
7,24,0,0.3809744491802835,0
8,165,0,0.40033079672482175,0
9,85,0,0.34732718346488584,0
10,18,0,0.5765454442153962,1
11,177,0,0.4558304618644776,0
12,219,1,0.6373005467793524,1
13,75,0,0.412269634298765,0
14,73,1,0.4833226219378337,0
15,40,0,0.5302615726391384,1
16,257,1,0.5398644273227141,1
17,226,0,0.5286929199663076,1
18,200,1,0.42216430434709634,0
19,181,0,0.3830799882795469,0
20,43,0,0.506713506345468,1
21,222,0,0.6015812008660023,1
22,111,0,0.5190021684999613,1
23,44,1,0.3544559049929391,0
24,155,1,0.4803531985406618,0
25,242,1,0.4884394600950625,0
26,48,0,0.3394373071593538,0
27,103,1,0.5660454616935575,1
28,41,0,0.3864400260463641,0
29,185,0,0.4189186763405654,0
30,60,0,0.4353788626467913,0
31,145,0,0.3603596851348525,0
32,20,0,0.3487680396354164,0
33,46,0,0.42740057507371687,0
34,140,0,0.5245866114946663,1
35,120,0,0.3436495992140519,0
36,244,1,0.5172940293662619,1
37,132,0,0.48009314117242696,0
38,53,1,0.5963448899396233,1
39,11,1,0.47534279385023986,0
40,13,0,0.5310922257205535,1
41,174,0,0.4122278898402815,0
42,183,0,0.45580929380992846,0
43,77,0,0.4287928059702282,0
