,id,y_true,prob_rf_seed_4_skf_2_paras_148_estimator_500_depth_None_minSample_70_random_1_weight_balanced,class_rf_seed_4_skf_2_paras_148_estimator_500_depth_None_minSample_70_random_1_weight_balanced
0,262,0,0.37887678854632795,0
1,186,1,0.5638042855136709,1
2,159,0,0.30528887934550475,0
3,141,0,0.4453695098677859,0
4,157,0,0.43658228552025535,0
5,110,0,0.383535661416383,0
6,177,0,0.3818661295793324,0
7,74,0,0.4665739949389874,0
8,245,1,0.6386079071311247,1
9,215,0,0.5515293088952662,1
10,128,1,0.44717307977911736,0
11,169,0,0.34140590584764163,0
12,164,0,0.33802198878136935,0
13,38,0,0.4071173607785302,0
14,267,0,0.3739442916575155,0
15,203,0,0.37290701625660266,0
16,222,0,0.6708062423793941,1
17,143,0,0.3365469337963868,0
18,136,0,0.42349778444124747,0
19,178,0,0.3313572728742618,0
20,148,0,0.47223891236103094,0
21,56,0,0.6685228039160367,1
22,155,1,0.5070499178440862,1
23,27,0,0.4455426074661898,0
24,79,1,0.6781664503914361,1
25,201,0,0.41616605927760664,0
26,249,0,0.3609009423441905,0
27,242,1,0.4710638689477062,0
28,41,0,0.4123382235351537,0
29,180,0,0.45169718805297854,0
30,14,1,0.4841039216184468,0
31,127,1,0.5746326392016229,1
32,240,1,0.32509343645031974,0
33,227,1,0.5709856660071074,1
34,145,0,0.3851065563616924,0
35,234,0,0.5002256788454117,1
36,46,0,0.45458659728323797,0
37,167,0,0.62142955756037,1
38,121,1,0.4490715998003041,0
39,120,0,0.36326288008737184,0
40,53,1,0.5321565603346761,1
41,189,0,0.3705288939114645,0
42,183,0,0.46840772247344586,0
