,id,y_true,prob_rf_seed_17_skf_2_paras_148_estimator_500_depth_None_minSample_70_random_1_weight_balanced,class_rf_seed_17_skf_2_paras_148_estimator_500_depth_None_minSample_70_random_1_weight_balanced
0,59,1,0.6153659537863944,1
1,86,0,0.41185309754628885,0
2,235,0,0.3868633489249165,0
3,92,0,0.6887467588831803,1
4,221,0,0.41087986902361734,0
5,149,0,0.4152399350089486,0
6,7,0,0.477948745941631,0
7,119,0,0.3365380395389805,0
8,165,0,0.38969657918277717,0
9,76,0,0.3218453506260215,0
10,260,1,0.5304088529460541,1
11,83,1,0.470618066085211,0
12,197,0,0.4699015558639852,0
13,106,0,0.3513500936854106,0
14,73,1,0.4826166858878132,0
15,9,1,0.7020889429720466,1
16,144,0,0.42820710512137183,0
17,171,0,0.3510207506689817,0
18,47,0,0.6142193441761065,1
19,40,0,0.6532001563366564,1
20,8,1,0.5290118106607756,1
21,96,0,0.5427286720905619,1
22,34,0,0.41901869085828775,0
23,228,0,0.38632317989233655,0
24,108,1,0.6182974964399639,1
25,44,1,0.3831819103468406,0
26,136,0,0.40754393260332383,0
27,79,1,0.6988789108187001,1
28,17,0,0.4783075652112579,0
29,4,1,0.48275756250343355,0
30,45,1,0.46280235055632063,0
31,25,0,0.6794101912281942,1
32,236,0,0.40930441428274866,0
33,167,0,0.6621019886728463,1
34,102,0,0.41642905564638893,0
35,154,0,0.4893048566560125,0
36,216,0,0.7058314273401013,1
37,132,0,0.4784690338499178,0
38,11,1,0.44866176670723473,0
39,13,0,0.5106655059714477,1
40,150,0,0.365091060716348,0
41,77,0,0.4409161539464837,0
42,261,0,0.3554613580251004,0
