,id,y_true,prob_rf_seed_4_skf_1_paras_148_estimator_500_depth_None_minSample_70_random_1_weight_balanced,class_rf_seed_4_skf_1_paras_148_estimator_500_depth_None_minSample_70_random_1_weight_balanced
0,173,1,0.594599342290338,1
1,86,0,0.40097059759680137,0
2,70,0,0.34544595676661394,0
3,62,0,0.4463177732802376,0
4,57,0,0.4087481077031352,0
5,131,1,0.4782819139454064,0
6,221,0,0.40818164996878054,0
7,68,1,0.5899697910856675,1
8,21,0,0.46988398958295813,0
9,85,0,0.38059062552122824,0
10,12,0,0.3817682124895561,0
11,80,1,0.5759342774332705,1
12,106,0,0.3842754621782562,0
13,47,0,0.5393695464893111,1
14,32,0,0.38716958007143704,0
15,257,1,0.5293643452647588,1
16,34,0,0.42048227901850543,0
17,5,0,0.45561678116453835,0
18,108,1,0.6207863954396141,1
19,43,0,0.47531825731624,0
20,111,0,0.504629745461222,1
21,217,0,0.5347451430476271,1
22,36,0,0.4689271351126373,0
23,22,0,0.42894783582588664,0
24,45,1,0.43801548406401425,0
25,264,0,0.3958134068449045,0
26,170,0,0.4062256747508021,0
27,60,0,0.49822898969305823,0
28,236,0,0.38007195440344876,0
29,51,0,0.4091580668056093,0
30,126,0,0.4675524173268228,0
31,54,0,0.35760867500840177,0
32,255,0,0.4817420116421855,0
33,214,0,0.5223543580240941,1
34,244,1,0.4804299225388755,0
35,172,1,0.48537673970269424,0
36,69,0,0.4651192533076582,0
37,84,0,0.36331602572456567,0
38,13,0,0.4564931928828721,0
39,254,1,0.5475042909612807,1
40,259,1,0.4433878037996627,0
41,64,1,0.5162100911381177,1
42,261,0,0.42340914159542214,0
