,id,y_true,prob_rf_seed_0_skf_4_paras_148_estimator_500_depth_None_minSample_70_random_1_weight_balanced,class_rf_seed_0_skf_4_paras_148_estimator_500_depth_None_minSample_70_random_1_weight_balanced
0,141,0,0.4055871767761028,0
1,149,0,0.426913978410101,0
2,182,0,0.38190367480400295,0
3,119,0,0.3353188666145969,0
4,76,0,0.3164387987918462,0
5,260,1,0.5298897266115611,1
6,15,0,0.4075122812247982,0
7,139,0,0.35625804027163593,0
8,110,0,0.37672584117718616,0
9,219,1,0.5666588785991036,1
10,74,0,0.4942352886083445,0
11,9,1,0.6698892744906276,1
12,47,0,0.5590301945618226,1
13,152,0,0.4833473014866782,0
14,257,1,0.5509396032075543,1
15,200,1,0.44481294127865356,0
16,228,0,0.4078904951722318,0
17,232,0,0.434120353878475,0
18,203,0,0.3425798088041831,0
19,108,1,0.5851605221544851,1
20,147,1,0.5208178896431381,1
21,43,0,0.45041736306077507,0
22,256,0,0.4882690392190345,0
23,250,0,0.4083222683338203,0
24,143,0,0.3885243753140974,0
25,37,1,0.5888967189616708,1
26,263,0,0.4570127227247956,0
27,56,0,0.6635000969319319,1
28,48,0,0.3821985313999399,0
29,211,0,0.4019546954836633,0
30,239,1,0.4789671475723758,0
31,240,1,0.3491332328683614,0
32,265,0,0.5643899857306259,1
33,20,0,0.355127254161906,0
34,255,0,0.4683435386117356,0
35,13,0,0.5431492788861628,1
36,189,0,0.4052763946882749,0
37,174,0,0.400129769445811,0
38,183,0,0.48060934642543723,0
39,254,1,0.5272267264842604,1
40,105,0,0.3904231563579332,0
41,184,1,0.4263064518530013,0
