,id,y_true,prob_rf_seed_14_skf_1_paras_148_estimator_500_depth_None_minSample_70_random_1_weight_balanced,class_rf_seed_14_skf_1_paras_148_estimator_500_depth_None_minSample_70_random_1_weight_balanced
0,220,1,0.6188901277783266,1
1,159,0,0.3136140494950986,0
2,131,1,0.40063319951917026,0
3,149,0,0.3875622761470501,0
4,68,1,0.5993839118972222,1
5,21,0,0.5044926416771215,1
6,50,0,0.3969723918151313,0
7,15,0,0.4091519634581658,0
8,83,1,0.4180229029675447,0
9,197,0,0.43075223579181504,0
10,230,0,0.40261266875674,0
11,166,0,0.5292351622169578,1
12,219,1,0.6435685032828574,1
13,89,0,0.3946154185022037,0
14,73,1,0.4673627041311869,0
15,29,0,0.6232487285574237,1
16,215,0,0.626423322277909,1
17,169,0,0.31394208869364393,0
18,122,0,0.540431706741759,1
19,114,1,0.45395335750226024,0
20,5,0,0.48528385421869,0
21,111,0,0.5127389241027879,1
22,143,0,0.3778726816519927,0
23,112,0,0.4234843859825939,0
24,148,0,0.5202508631391924,1
25,198,1,0.497036399160916,0
26,4,1,0.4864629269535704,0
27,201,0,0.3869307293695118,0
28,103,1,0.5776989541153685,1
29,124,1,0.6152361245745859,1
30,180,0,0.4082721231345399,0
31,129,1,0.44767383478226497,0
32,170,0,0.33061838733244975,0
33,247,0,0.5634781971166516,1
34,54,0,0.3467871781864812,0
35,167,0,0.5900665889825296,1
36,255,0,0.4083427742701876,0
37,113,0,0.5853959632979097,1
38,84,0,0.3811257305228843,0
39,13,0,0.5766810157447338,1
40,183,0,0.4439749802856166,0
41,87,0,0.3734438201387097,0
42,261,0,0.3338848519737631,0
