,id,y_true,prob_rf_seed_0_skf_3_paras_148_estimator_500_depth_None_minSample_70_random_1_weight_balanced,class_rf_seed_0_skf_3_paras_148_estimator_500_depth_None_minSample_70_random_1_weight_balanced
0,206,0,0.33489247102498154,0
1,86,0,0.33863356668185945,0
2,262,0,0.3320096635205841,0
3,66,0,0.41416205164526915,0
4,186,1,0.5161152278622944,1
5,63,1,0.3620845534837362,0
6,205,0,0.45421382307370917,0
7,24,0,0.4448876544909267,0
8,218,0,0.36756619168520976,0
9,157,0,0.4517745748358209,0
10,230,0,0.38075485147220467,0
11,12,0,0.34913648098033967,0
12,166,0,0.4924876480309362,0
13,188,0,0.3450323240869972,0
14,75,0,0.4411310083861447,0
15,169,0,0.3257742565326424,0
16,122,0,0.5044586096279785,1
17,160,0,0.297642506035966,0
18,114,1,0.4567564325287874,0
19,34,0,0.36974486347609564,0
20,2,0,0.42377984002357083,0
21,251,0,0.36451923855137214,0
22,155,1,0.4692861637927589,0
23,79,1,0.6082061085508763,1
24,198,1,0.4442584285247754,0
25,4,1,0.4962118416219796,0
26,124,1,0.6136368848900319,1
27,185,0,0.4450435786936441,0
28,237,0,0.3293492266200253,0
29,145,0,0.3597829147489497,0
30,234,0,0.4724352142162836,0
31,126,0,0.4662198112329741,0
32,115,0,0.3391465431451264,0
33,46,0,0.4564849790494161,0
34,94,1,0.5748833874612665,1
35,248,0,0.42137696725011453,0
36,216,0,0.6004011885763474,1
37,172,1,0.41468568042052034,0
38,53,1,0.5931124362521912,1
39,101,0,0.4323778710543833,0
40,259,1,0.40519232260986215,0
41,243,0,0.39105623746283247,0
