,id,y_true,prob_rf_seed_3_skf_1_paras_148_estimator_500_depth_None_minSample_70_random_1_weight_balanced,class_rf_seed_3_skf_1_paras_148_estimator_500_depth_None_minSample_70_random_1_weight_balanced
0,199,1,0.5339510550804379,1
1,224,1,0.3835943980289004,0
2,93,1,0.5269380953694125,1
3,173,1,0.588769556901772,1
4,262,0,0.3837098397286342,0
5,159,0,0.2749270521418288,0
6,39,1,0.3670713211698026,0
7,92,0,0.5854651651868533,1
8,205,0,0.4259247862915341,0
9,182,0,0.4157625942698461,0
10,138,0,0.43134869523640096,0
11,24,0,0.4117527521575635,0
12,165,0,0.4460412544733458,0
13,85,0,0.3738132424539587,0
14,230,0,0.41896205609411363,0
15,12,0,0.41417533216804514,0
16,188,0,0.38847114983899844,0
17,144,0,0.3639903819335092,0
18,229,0,0.2942310158703967,0
19,215,0,0.5842254461920737,1
20,152,0,0.5097885711981113,1
21,38,0,0.4163507562191402,0
22,209,0,0.3980030046429931,0
23,43,0,0.43435605161610347,0
24,143,0,0.3278241229045529,0
25,112,0,0.4267268305226426,0
26,136,0,0.3944292725378441,0
27,78,1,0.5553280315312532,1
28,201,0,0.4354833426090318,0
29,242,1,0.4419627110928308,0
30,211,0,0.39627096413398366,0
31,14,1,0.47721332413595163,0
32,240,1,0.33087221233781494,0
33,58,1,0.6426717475186765,1
34,255,0,0.48589722916860006,0
35,120,0,0.37681926038790864,0
36,244,1,0.43006112962789456,0
37,132,0,0.4060510159942413,0
38,13,0,0.49993515416839207,0
39,150,0,0.4634061351927256,0
40,183,0,0.48292663031481636,0
41,105,0,0.351027181095842,0
42,184,1,0.3959693748399086,0
