,id,y_true,prob_rf_seed_2_skf_0_paras_148_estimator_500_depth_None_minSample_70_random_1_weight_balanced,class_rf_seed_2_skf_0_paras_148_estimator_500_depth_None_minSample_70_random_1_weight_balanced
0,196,0,0.381427301348488,0
1,235,0,0.40293687705720727,0
2,66,0,0.45473211835646893,0
3,70,0,0.3636856574472204,0
4,92,0,0.6664921150177503,1
5,68,1,0.6646712001979119,1
6,24,0,0.4227941059854119,0
7,165,0,0.392247866776929,0
8,76,0,0.33095579461795976,0
9,260,1,0.5237847233442365,1
10,15,0,0.41740968581853477,0
11,12,0,0.35746464627444613,0
12,219,1,0.5976109386716228,1
13,188,0,0.3287854504789737,0
14,75,0,0.42518664496067043,0
15,210,0,0.39801294952028377,0
16,223,0,0.43601117821938423,0
17,169,0,0.35160727689797555,0
18,164,0,0.32973465130235136,0
19,226,0,0.4759450689598944,0
20,147,1,0.4729677759935738,0
21,222,0,0.6618499799984765,1
22,143,0,0.38492096451905183,0
23,263,0,0.4695169253974995,0
24,42,1,0.5455682763977489,1
25,155,1,0.472758796991383,0
26,198,1,0.42995844404674155,0
27,36,0,0.4737755290668574,0
28,201,0,0.4119700388750757,0
29,137,0,0.4471432152416895,0
30,48,0,0.37469760346905157,0
31,41,0,0.39648573842292717,0
32,129,1,0.44113292394193965,0
33,239,1,0.4854519212251963,0
34,227,1,0.5358648106181045,1
35,247,0,0.5686124924321789,1
36,51,0,0.3737339121722324,0
37,72,0,0.35725492626746164,0
38,120,0,0.3338741451571971,0
39,248,0,0.4260684057392935,0
40,154,0,0.4415017253791164,0
41,11,1,0.48983473611391853,0
42,254,1,0.48323000878739053,0
43,259,1,0.4072133645571496,0
