,id,y_true,prob_rf_seed_12_skf_0_paras_148_estimator_500_depth_None_minSample_70_random_1_weight_balanced,class_rf_seed_12_skf_0_paras_148_estimator_500_depth_None_minSample_70_random_1_weight_balanced
0,86,0,0.3919469146050124,0
1,66,0,0.4383511918900709,0
2,70,0,0.3577593584199158,0
3,186,1,0.5681357581690234,1
4,63,1,0.38783216373648977,0
5,151,0,0.44221390897922896,0
6,68,1,0.6102154739375524,1
7,95,0,0.40282106859732003,0
8,119,0,0.3665508564451578,0
9,24,0,0.41218666485862215,0
10,165,0,0.39246717978044354,0
11,260,1,0.4945015590179772,0
12,157,0,0.4225583684529156,0
13,166,0,0.42040358343720396,0
14,89,0,0.3861612892686798,0
15,229,0,0.3549302300019928,0
16,96,0,0.4426370893463645,0
17,257,1,0.552124530428154,1
18,226,0,0.4606242601168085,0
19,175,0,0.4123694521656782,0
20,123,1,0.3515510325667562,0
21,203,0,0.38946781307820383,0
22,43,0,0.44914255215458193,0
23,111,0,0.5137683590233574,1
24,16,1,0.5012343208306798,1
25,112,0,0.42550192391563757,0
26,27,0,0.4827255027566967,0
27,217,0,0.5085422717188776,1
28,242,1,0.47095183046500355,0
29,252,0,0.42555766894094266,0
30,41,0,0.39111675351385894,0
31,227,1,0.5527618545884216,1
32,115,0,0.36986304018152255,0
33,140,0,0.48255762129996366,0
34,248,0,0.41661749264525655,0
35,132,0,0.4601610628931523,0
36,53,1,0.5168042303003981,1
37,69,0,0.4535257244175646,0
38,84,0,0.3869797508132787,0
39,11,1,0.504044315251578,1
40,259,1,0.478808490912937,0
41,64,1,0.5690628366656683,1
42,105,0,0.395686378020163,0
43,134,0,0.42666159151782296,0
