,id,y_true,prob_rf_seed_15_skf_1_paras_148_estimator_500_depth_None_minSample_70_random_1_weight_balanced,class_rf_seed_15_skf_1_paras_148_estimator_500_depth_None_minSample_70_random_1_weight_balanced
0,199,1,0.603951706717332,1
1,220,1,0.4193344336176751,0
2,206,0,0.37556864018459407,0
3,235,0,0.4361621128597215,0
4,66,0,0.4295659230212173,0
5,159,0,0.2995791411356403,0
6,151,0,0.44521040588691907,0
7,92,0,0.6711678650256894,1
8,221,0,0.4335794465072224,0
9,241,0,0.47409190839417753,0
10,119,0,0.3881392865576127,0
11,85,0,0.42920450297377966,0
12,110,0,0.4318646750917486,0
13,80,1,0.5993882262815772,1
14,106,0,0.3133380563073831,0
15,195,0,0.4615137012095702,0
16,8,1,0.509132322846761,1
17,228,0,0.41334024691810617,0
18,38,0,0.4264055858891375,0
19,108,1,0.5220601434394835,1
20,222,0,0.6629782481163008,1
21,37,1,0.523470882759852,1
22,117,0,0.4010941695349388,0
23,27,0,0.4610130684433921,0
24,217,0,0.42909340090633025,0
25,36,0,0.40875469807367903,0
26,207,0,0.48611922454694695,0
27,4,1,0.5282005479601992,1
28,242,1,0.4613840436660763,0
29,266,1,0.392619130210602,0
30,227,1,0.46754871475680726,0
31,54,0,0.31391695016832555,0
32,115,0,0.3644685234484985,0
33,154,0,0.43751294551472875,0
34,161,0,0.4513101056165519,0
35,69,0,0.4686796274953983,0
36,101,0,0.3947128959603911,0
37,189,0,0.4211682886606771,0
38,174,0,0.438565901627165,0
39,163,1,0.43806653325755995,0
40,254,1,0.49375418516009456,0
41,71,0,0.35891247575066093,0
42,134,0,0.41940068705027983,0
