,id,y_true,prob_rf_seed_16_skf_0_paras_148_estimator_500_depth_None_minSample_70_random_1_weight_balanced,class_rf_seed_16_skf_0_paras_148_estimator_500_depth_None_minSample_70_random_1_weight_balanced
0,199,1,0.5704691318205555,1
1,93,1,0.48386631842334915,0
2,220,1,0.5536800274690025,1
3,62,0,0.48873002998967113,0
4,141,0,0.3395861037445461,0
5,15,0,0.3928790592301819,0
6,139,0,0.3502339099145772,0
7,80,1,0.627385679538278,1
8,74,0,0.443168767630884,0
9,75,0,0.40442308043704805,0
10,73,1,0.4264418694026626,0
11,47,0,0.555410382978544,1
12,223,0,0.4345574652850208,0
13,215,0,0.602591308357315,1
14,169,0,0.31353109619853564,0
15,142,0,0.36440038568011635,0
16,195,0,0.43335114951680614,0
17,67,0,0.3381869420406964,0
18,123,1,0.39684508672276214,0
19,251,0,0.3401476325548624,0
20,256,0,0.4844300640704588,0
21,208,1,0.4876172303002493,0
22,250,0,0.4417094014289434,0
23,44,1,0.34723780080612415,0
24,143,0,0.37942621069312826,0
25,136,0,0.33145581936358187,0
26,37,1,0.6278154976584802,1
27,117,0,0.3081462344083965,0
28,17,0,0.45421858430822426,0
29,242,1,0.48985720763369445,0
30,41,0,0.3360443468399725,0
31,129,1,0.4034248259132608,0
32,236,0,0.38352867924381173,0
33,115,0,0.31760087817281774,0
34,120,0,0.3104163034024497,0
35,248,0,0.42019625528830906,0
36,172,1,0.376992741467302,0
37,113,0,0.5749026393145711,1
38,132,0,0.41695934977191085,0
39,69,0,0.4073462018601832,0
40,84,0,0.34684227471686035,0
41,101,0,0.434688740663137,0
42,174,0,0.4190810847940608,0
43,184,1,0.3621294955172501,0
