,id,y_true,prob_rf_seed_5_skf_1_paras_148_estimator_500_depth_None_minSample_70_random_1_weight_balanced,class_rf_seed_5_skf_1_paras_148_estimator_500_depth_None_minSample_70_random_1_weight_balanced
0,262,0,0.3722995806813451,0
1,70,0,0.35678057244856803,0
2,39,1,0.353987105467612,0
3,57,0,0.3853178042510419,0
4,68,1,0.5994284160087123,1
5,21,0,0.49811448347799325,0
6,205,0,0.3529782357187128,0
7,241,0,0.46422108117146127,0
8,218,0,0.37214598165264223,0
9,83,1,0.41545408730883704,0
10,12,0,0.3729110134850489,0
11,89,0,0.3930646466501674,0
12,106,0,0.3531575462243924,0
13,73,1,0.47011735395023996,0
14,171,0,0.2950103514563854,0
15,29,0,0.6950006758049513,1
16,229,0,0.29479602260717414,0
17,164,0,0.34000982020136716,0
18,142,0,0.4020384391884526,0
19,32,0,0.36012122057029883,0
20,257,1,0.5331774824403508,1
21,5,0,0.47340364320819633,0
22,2,0,0.4247861626711947,0
23,147,1,0.4694354274408797,0
24,256,0,0.46891056543743825,0
25,250,0,0.4701012677400433,0
26,44,1,0.3494642112217237,0
27,143,0,0.34109465637651204,0
28,78,1,0.5131581305578738,1
29,137,0,0.3907633507269487,0
30,30,0,0.38473643078917347,0
31,45,1,0.44721163670580655,0
32,60,0,0.47620039244246154,0
33,190,1,0.49633817031290894,0
34,265,0,0.6779890261966741,1
35,20,0,0.3356495127506417,0
36,51,0,0.39170685187558363,0
37,113,0,0.596057499836622,1
38,132,0,0.4667722487782602,0
39,163,1,0.6696196113280564,1
40,183,0,0.4627124303012238,0
41,259,1,0.41326377595901687,0
42,261,0,0.3849816503288428,0
