,id,y_true,prob_rf_seed_12_skf_1_paras_148_estimator_500_depth_None_minSample_70_random_1_weight_balanced,class_rf_seed_12_skf_1_paras_148_estimator_500_depth_None_minSample_70_random_1_weight_balanced
0,220,1,0.5196607670439514,1
1,59,1,0.5764971111636997,1
2,62,0,0.4924076354793477,0
3,159,0,0.3028840202057428,0
4,57,0,0.41991546884083947,0
5,131,1,0.45448922752446624,0
6,92,0,0.6405560526962364,1
7,149,0,0.3994875176553773,0
8,21,0,0.44242099247466576,0
9,205,0,0.435393737099956,0
10,182,0,0.3851136289697116,0
11,50,0,0.39466829568631745,0
12,18,0,0.5675727848527015,1
13,197,0,0.4599390141705908,0
14,110,0,0.36921029227150026,0
15,219,1,0.560038987877213,1
16,74,0,0.4696898920589088,0
17,188,0,0.35534039795501093,0
18,9,1,0.6442449516103101,1
19,144,0,0.39266698158213303,0
20,171,0,0.3173984006137839,0
21,223,0,0.40439963715734767,0
22,91,0,0.461086437460345,0
23,195,0,0.42556853744325907,0
24,67,0,0.33413863970803837,0
25,267,0,0.37699447803278713,0
26,222,0,0.6609167494962388,1
27,250,0,0.4329744149397673,0
28,148,0,0.5255356453403555,1
29,263,0,0.4217913534416751,0
30,155,1,0.4987890639715643,0
31,79,1,0.6539507952131599,1
32,4,1,0.5104691191726344,1
33,211,0,0.3760397832186591,0
34,266,1,0.4061750291495663,0
35,247,0,0.5529019097343307,1
36,237,0,0.33629169594423525,0
37,121,1,0.456770377154028,0
38,94,1,0.5367243839504029,1
39,172,1,0.4556041097972263,0
40,161,0,0.46861275257520957,0
41,13,0,0.5290408580124698,1
42,243,0,0.42005792432573263,0
