,id,y_true,prob_rf_seed_14_skf_4_paras_148_estimator_500_depth_None_minSample_70_random_1_weight_balanced,class_rf_seed_14_skf_4_paras_148_estimator_500_depth_None_minSample_70_random_1_weight_balanced
0,199,1,0.6163140469784035,1
1,206,0,0.327854138461669,0
2,262,0,0.3704206094749742,0
3,63,1,0.3729298678878987,0
4,141,0,0.4303900436779063,0
5,92,0,0.6950632777484869,1
6,205,0,0.4278901050597582,0
7,76,0,0.32673266699685416,0
8,85,0,0.4090633380951672,0
9,157,0,0.45594649368458456,0
10,139,0,0.3779011016576788,0
11,177,0,0.4044009356456042,0
12,188,0,0.38888398538458213,0
13,40,0,0.5547479110439596,1
14,195,0,0.5206594979476746,1
15,8,1,0.502610015126949,1
16,228,0,0.3857315910712974,0
17,38,0,0.4131675690380466,0
18,267,0,0.34528073888877925,0
19,147,1,0.47926643212468584,0
20,44,1,0.39582962198607213,0
21,136,0,0.3769544650458076,0
22,37,1,0.5435925556590335,1
23,56,0,0.6662754964389038,1
24,242,1,0.4699965678391764,0
25,116,0,0.4156762262643145,0
26,252,0,0.3587358357610521,0
27,264,0,0.4219437655039322,0
28,185,0,0.4592326079578232,0
29,240,1,0.331739388731841,0
30,227,1,0.5081315640778112,1
31,20,0,0.3253924392135818,0
32,126,0,0.5483064243380847,1
33,46,0,0.5218350190340011,1
34,121,1,0.3970131009339881,0
35,97,0,0.44084814860566374,0
36,216,0,0.6936054590795481,1
37,69,0,0.4610337642682345,0
38,101,0,0.3873050327482368,0
39,163,1,0.49190640188035756,0
40,64,1,0.5161797628180317,1
41,71,0,0.32564485094722556,0
