,id,y_true,prob_rf_seed_19_skf_2_paras_148_estimator_500_depth_None_minSample_70_random_1_weight_balanced,class_rf_seed_19_skf_2_paras_148_estimator_500_depth_None_minSample_70_random_1_weight_balanced
0,224,1,0.36746606702259266,0
1,39,1,0.4036783279714462,0
2,119,0,0.30799297119289754,0
3,50,0,0.38079507109474486,0
4,218,0,0.3622290930104817,0
5,15,0,0.37351291511164125,0
6,230,0,0.4061128306864076,0
7,188,0,0.38360539586955117,0
8,210,0,0.41843052934994923,0
9,171,0,0.31647423358092763,0
10,223,0,0.41220646254958004,0
11,152,0,0.5051429190841062,1
12,195,0,0.46655367573038564,0
13,8,1,0.5145164929879901,1
14,34,0,0.3764112509973948,0
15,228,0,0.4122868773144088,0
16,232,0,0.4109019462518848,0
17,209,0,0.38176636013890397,0
18,256,0,0.4485195061363874,0
19,208,1,0.46870048058702374,0
20,263,0,0.42990395228393885,0
21,56,0,0.673453234039122,1
22,42,1,0.48516633194288433,0
23,27,0,0.4419155866099365,0
24,79,1,0.6875395753840792,1
25,198,1,0.44063598600630133,0
26,19,0,0.3613788701823106,0
27,252,0,0.394809457388883,0
28,211,0,0.39727129095800146,0
29,264,0,0.3638299978019856,0
30,240,1,0.34797594939703896,0
31,227,1,0.5477113545004495,1
32,102,0,0.3955148709335187,0
33,255,0,0.4715712745027477,0
34,214,0,0.5050837720360948,1
35,113,0,0.4678629806650361,0
36,189,0,0.40675824112359793,0
37,163,1,0.5498869345570578,1
38,150,0,0.4525217142714728,0
39,64,1,0.5505709778742395,1
40,105,0,0.3541833192089006,0
41,134,0,0.3599023437698523,0
42,184,1,0.4184991410696743,0
