,id,y_true,prob_rf_seed_14_skf_3_paras_148_estimator_500_depth_None_minSample_70_random_1_weight_balanced,class_rf_seed_14_skf_3_paras_148_estimator_500_depth_None_minSample_70_random_1_weight_balanced
0,59,1,0.6276598132073916,1
1,86,0,0.40275207984595335,0
2,57,0,0.40062951433573,0
3,221,0,0.4111150901659268,0
4,182,0,0.3797324797191669,0
5,119,0,0.34680960223716023,0
6,18,0,0.5324133647306859,1
7,80,1,0.61385574004306,1
8,106,0,0.3729928379228796,0
9,144,0,0.4231169442842345,0
10,245,1,0.6238881647962431,1
11,142,0,0.415563881485159,0
12,160,0,0.3991057876038661,0
13,67,0,0.3221194155214583,0
14,200,1,0.4584795821092184,0
15,34,0,0.4416308542986157,0
16,2,0,0.3980740238615971,0
17,251,0,0.35539098028157506,0
18,43,0,0.4277439161432737,0
19,222,0,0.6697520463564016,1
20,256,0,0.4299723035745664,0
21,250,0,0.4111046314849785,0
22,42,1,0.5182359150927505,1
23,155,1,0.485333502104725,0
24,27,0,0.4812254296353792,0
25,79,1,0.6662533965677988,1
26,78,1,0.5972797282025946,1
27,211,0,0.3946435616778407,0
28,266,1,0.3849654506013308,0
29,30,0,0.39385059115904275,0
30,25,0,0.5957223374120771,1
31,14,1,0.4567867457638478,0
32,60,0,0.44523867212028473,0
33,237,0,0.33122079938527904,0
34,234,0,0.5129392303720216,1
35,154,0,0.47367940374921047,0
36,214,0,0.4911202210648926,0
37,244,1,0.4322129613282167,0
38,132,0,0.4861532574440882,0
39,243,0,0.4740639948482883,0
40,134,0,0.39373081400326837,0
41,184,1,0.4279544564500936,0
