,id,y_true,prob_rf_seed_18_skf_4_paras_148_estimator_500_depth_None_minSample_70_random_1_weight_balanced,class_rf_seed_18_skf_4_paras_148_estimator_500_depth_None_minSample_70_random_1_weight_balanced
0,93,1,0.5191632740119162,1
1,235,0,0.4186778125253249,0
2,159,0,0.2965384167489089,0
3,221,0,0.41144357239643375,0
4,149,0,0.3985827674125695,0
5,21,0,0.41338100247455567,0
6,182,0,0.40323768442223284,0
7,260,1,0.4785540138484224,0
8,218,0,0.36000756274921497,0
9,157,0,0.44116849607691916,0
10,219,1,0.5515414684691208,1
11,75,0,0.39724941371781747,0
12,229,0,0.3321115332776539,0
13,40,0,0.6452455626445311,1
14,257,1,0.535474126356987,1
15,226,0,0.4396624911144227,0
16,175,0,0.39736583836731265,0
17,38,0,0.4172891864375452,0
18,5,0,0.4092602326786202,0
19,232,0,0.47794502415325496,0
20,209,0,0.4406547028931511,0
21,251,0,0.37062175102732065,0
22,178,0,0.3496756326355831,0
23,42,1,0.48900245136742826,0
24,109,1,0.49134347101794185,0
25,207,0,0.447638879528511,0
26,264,0,0.393954994682209,0
27,129,1,0.46028238643020913,0
28,240,1,0.3564584228874302,0
29,60,0,0.45141892158007274,0
30,227,1,0.5216218172022101,1
31,190,1,0.46466349877840324,0
32,126,0,0.43984468825711126,0
33,167,0,0.6854133385847613,1
34,255,0,0.45962415988884425,0
35,216,0,0.7110749351957373,1
36,69,0,0.4619205156189193,0
37,11,1,0.4921788183572179,0
38,150,0,0.4086687063586376,0
39,183,0,0.4768496312250733,0
40,254,1,0.515891321145479,1
41,243,0,0.45861132256861614,0
