,id,y_true,prob_rf_seed_16_skf_3_paras_148_estimator_500_depth_None_minSample_70_random_1_weight_balanced,class_rf_seed_16_skf_3_paras_148_estimator_500_depth_None_minSample_70_random_1_weight_balanced
0,86,0,0.4175089713162051,0
1,70,0,0.348074099578116,0
2,131,1,0.3697596261718752,0
3,92,0,0.6561121958239788,1
4,21,0,0.4047503886116111,0
5,95,0,0.4025517124001009,0
6,205,0,0.4222544290701612,0
7,7,0,0.4760042076675726,0
8,241,0,0.45419218573143594,0
9,119,0,0.32015348928098497,0
10,165,0,0.3976070794853951,0
11,260,1,0.5234731778233424,1
12,106,0,0.3608668683161389,0
13,210,0,0.3588067127750691,0
14,171,0,0.335120424273465,0
15,160,0,0.3801255031738509,0
16,40,0,0.5810412907030241,1
17,257,1,0.4873724774494769,0
18,228,0,0.3815191549574701,0
19,203,0,0.3877760783350188,0
20,178,0,0.3699421218611281,0
21,56,0,0.6803066226594823,1
22,109,1,0.4549752781299473,0
23,103,1,0.6265796243441916,1
24,211,0,0.37811177657927497,0
25,266,1,0.40672265251018686,0
26,30,0,0.40395460840075564,0
27,14,1,0.454955232714013,0
28,239,1,0.45499980937435974,0
29,185,0,0.42826784951334,0
30,240,1,0.3721545344902694,0
31,60,0,0.3984806769824358,0
32,20,0,0.3324256727160564,0
33,121,1,0.49514728174733674,0
34,140,0,0.4459445126315684,0
35,154,0,0.4467895211766601,0
36,53,1,0.548164608727319,1
37,11,1,0.43462075024913005,0
38,13,0,0.5227254016761933,1
39,189,0,0.378592998392842,0
40,243,0,0.4534186382775407,0
41,134,0,0.40601447468653956,0
