,id,y_true,prob_rf_seed_1_skf_4_paras_148_estimator_500_depth_None_minSample_70_random_1_weight_balanced,class_rf_seed_1_skf_4_paras_148_estimator_500_depth_None_minSample_70_random_1_weight_balanced
0,86,0,0.40270251662028145,0
1,62,0,0.47780238845547524,0
2,159,0,0.3348366486006875,0
3,221,0,0.38944882010753046,0
4,68,1,0.5953247941631395,1
5,241,0,0.45379433297305705,0
6,138,0,0.3842854247804723,0
7,76,0,0.33807743786874317,0
8,177,0,0.48083675084949673,0
9,80,1,0.6073985548871583,1
10,229,0,0.3407835236378251,0
11,160,0,0.3753786907435039,0
12,32,0,0.39122893009839976,0
13,195,0,0.45160749040018927,0
14,114,1,0.486919366946457,0
15,257,1,0.5359462082664941,1
16,67,0,0.35839568753813283,0
17,38,0,0.3804589700274215,0
18,267,0,0.4037981711359756,0
19,203,0,0.3847703094794056,0
20,147,1,0.48024625934927234,0
21,256,0,0.4905537897377248,0
22,250,0,0.4506527213135779,0
23,148,0,0.5077847383859507,1
24,56,0,0.5779186377977102,1
25,79,1,0.6155781380956321,1
26,201,0,0.42721725775551367,0
27,116,0,0.4863769685773337,0
28,266,1,0.42251982060123566,0
29,190,1,0.4664091410521565,0
30,97,0,0.4036972297494295,0
31,140,0,0.4633865527005688,0
32,216,0,0.6213605261390743,1
33,214,0,0.47807079892182924,0
34,132,0,0.4884524313493042,0
35,84,0,0.4174409237306319,0
36,11,1,0.49917388980306854,0
37,13,0,0.5437367390831878,1
38,163,1,0.5772147651750599,1
39,150,0,0.4015523512167109,0
40,254,1,0.5237230387310744,1
41,64,1,0.625233389934667,1
