,id,y_true,prob_rf_seed_19_skf_3_paras_148_estimator_500_depth_None_minSample_70_random_1_weight_balanced,class_rf_seed_19_skf_3_paras_148_estimator_500_depth_None_minSample_70_random_1_weight_balanced
0,93,1,0.512397751235681,1
1,220,1,0.5226927053324943,1
2,206,0,0.3387755876763125,0
3,63,1,0.36878447539794074,0
4,151,0,0.46370657743651433,0
5,92,0,0.642071912925985,1
6,205,0,0.4211162993203814,0
7,76,0,0.3068891980545539,0
8,83,1,0.4723620384892199,0
9,157,0,0.44920660009462515,0
10,139,0,0.3413477472414068,0
11,80,1,0.5990905041879635,1
12,144,0,0.3713115896321514,0
13,29,0,0.5362212485040049,1
14,215,0,0.5693780278343274,1
15,128,1,0.4301980909835486,0
16,164,0,0.30543381317647267,0
17,96,0,0.47540414731916375,0
18,67,0,0.337474846292084,0
19,123,1,0.3406276256439697,0
20,38,0,0.40361218261257953,0
21,5,0,0.39602021338318355,0
22,112,0,0.39322415309033937,0
23,136,0,0.3821668749742668,0
24,37,1,0.5874886984595128,1
25,217,0,0.49980590171670225,0
26,36,0,0.44425679355299275,0
27,22,0,0.43964814345851105,0
28,124,1,0.6336548165385767,1
29,58,1,0.665694400555225,1
30,237,0,0.3309807367204532,0
31,190,1,0.4779607202121706,0
32,126,0,0.50461822281172,1
33,54,0,0.3289941857445116,0
34,115,0,0.32016619644061867,0
35,167,0,0.5738899902240688,1
36,72,0,0.45580200594739745,0
37,97,0,0.44154517002317906,0
38,248,0,0.3924594927545806,0
39,161,0,0.3939638094987203,0
40,259,1,0.4387676068871559,0
41,261,0,0.401801140693111,0
