,id,y_true,prob_rf_seed_5_skf_2_paras_148_estimator_500_depth_None_minSample_70_random_1_weight_balanced,class_rf_seed_5_skf_2_paras_148_estimator_500_depth_None_minSample_70_random_1_weight_balanced
0,93,1,0.495847026241758,0
1,141,0,0.4055186041904179,0
2,221,0,0.40032808996758873,0
3,138,0,0.4032341199689714,0
4,165,0,0.4087509112925773,0
5,139,0,0.3669504376671156,0
6,230,0,0.3978515237449665,0
7,177,0,0.4304613924254072,0
8,80,1,0.6096188985543074,1
9,144,0,0.4069381372627357,0
10,47,0,0.5517537709241306,1
11,91,0,0.46638950589574624,0
12,40,0,0.5687753804568074,1
13,8,1,0.47060056919989407,0
14,226,0,0.47462030305010217,0
15,175,0,0.3708192374505983,0
16,181,0,0.3429548078455397,0
17,43,0,0.49941079602231697,0
18,37,1,0.557460849561883,1
19,263,0,0.5003146693007497,1
20,56,0,0.6868652326854424,1
21,42,1,0.4920248564927941,0
22,27,0,0.4556621529344682,0
23,207,0,0.4352280764176309,0
24,17,0,0.4448788558833367,0
25,19,0,0.40734220900635026,0
26,116,0,0.499230183196977,0
27,252,0,0.43633295874901507,0
28,103,1,0.6430363712932976,1
29,129,1,0.4278467967452002,0
30,239,1,0.4984407485054148,0
31,145,0,0.3671453054956651,0
32,126,0,0.4825441231502717,0
33,46,0,0.44512425632611546,0
34,94,1,0.5115236943279085,1
35,248,0,0.4219148135039121,0
36,216,0,0.6780668735976081,1
37,244,1,0.43889599725608797,0
38,69,0,0.42803866966026904,0
39,101,0,0.4289899795886815,0
40,254,1,0.4781652700880038,0
41,105,0,0.4003851458516946,0
42,184,1,0.4224648587215292,0
