,id,y_true,prob_rf_seed_12_skf_4_paras_148_estimator_500_depth_None_minSample_70_random_1_weight_balanced,class_rf_seed_12_skf_4_paras_148_estimator_500_depth_None_minSample_70_random_1_weight_balanced
0,199,1,0.6426588584566681,1
1,235,0,0.4061999800601247,0
2,39,1,0.3531844372244835,0
3,221,0,0.4355170862444664,0
4,138,0,0.43915695225042123,0
5,85,0,0.4104114056193395,0
6,12,0,0.42233865577978186,0
7,73,1,0.511690257198801,1
8,29,0,0.584346385319771,1
9,40,0,0.6003008417520133,1
10,8,1,0.5413137479474871,1
11,209,0,0.4156269388349977,0
12,2,0,0.5017131937061008,1
13,108,1,0.6252469676896774,1
14,251,0,0.34855006744253514,0
15,181,0,0.47404410532173485,0
16,208,1,0.47153883739133345,0
17,143,0,0.312344916360008,0
18,56,0,0.6687804454943757,1
19,117,0,0.45712962011635644,0
20,198,1,0.43935649468146687,0
21,201,0,0.42918478333358545,0
22,22,0,0.4764480358115951,0
23,30,0,0.3819217705348614,0
24,124,1,0.6580509260708137,1
25,127,1,0.5716357052822011,1
26,239,1,0.41918868406586995,0
27,185,0,0.47599941843196497,0
28,170,0,0.43103585250628257,0
29,20,0,0.43202555046783914,0
30,234,0,0.43450020053553556,0
31,51,0,0.470990251065516,0
32,46,0,0.5172665950048687,1
33,72,0,0.4869298107086895,0
34,97,0,0.49134859352826377,0
35,120,0,0.42037171325489275,0
36,216,0,0.6516196840631567,1
37,214,0,0.5277016496035574,1
38,244,1,0.4164616868914896,0
39,113,0,0.5073970512882532,1
40,101,0,0.3673317831704735,0
41,184,1,0.4081993511747076,0
