,id,y_true,prob_rf_seed_14_skf_2_paras_148_estimator_500_depth_None_minSample_70_random_1_weight_balanced,class_rf_seed_14_skf_2_paras_148_estimator_500_depth_None_minSample_70_random_1_weight_balanced
0,224,1,0.3861224485164869,0
1,93,1,0.5002927872687123,1
2,235,0,0.38066945606059566,0
3,151,0,0.44169725980224595,0
4,95,0,0.40444186614485655,0
5,260,1,0.5076565793308978,1
6,218,0,0.3712740816521474,0
7,12,0,0.3620494501006484,0
8,9,1,0.5975897354490762,1
9,223,0,0.4627022693315486,0
10,229,0,0.3439150149400763,0
11,91,0,0.46557795565869636,0
12,128,1,0.4292093737563674,0
13,32,0,0.3872724118045872,0
14,96,0,0.48157967050640793,0
15,175,0,0.3917060575776318,0
16,123,1,0.33473246708779014,0
17,232,0,0.4288316441372246,0
18,203,0,0.3747589940823064,0
19,208,1,0.49032340424572535,0
20,178,0,0.352967311212575,0
21,263,0,0.4250751480756853,0
22,117,0,0.3699898086707327,0
23,109,1,0.49605964330861607,0
24,36,0,0.4688036321869362,0
25,207,0,0.4499953370529848,0
26,17,0,0.47964253738807333,0
27,19,0,0.38478693489511767,0
28,249,0,0.41710579718924773,0
29,41,0,0.39106504586531093,0
30,127,1,0.565594267454416,1
31,239,1,0.43599180873257004,0
32,58,1,0.6136319375251079,1
33,51,0,0.39290122020141277,0
34,102,0,0.37931545262917177,0
35,72,0,0.4279355560175281,0
36,140,0,0.43915187598276223,0
37,172,1,0.46743568223168636,0
38,161,0,0.4274735748194637,0
39,189,0,0.35872504268516076,0
40,174,0,0.43095605476358867,0
41,105,0,0.36884285376684744,0
42,77,0,0.45684991860450613,0
