,id,y_true,prob_rf_seed_4_skf_3_paras_148_estimator_500_depth_None_minSample_70_random_1_weight_balanced,class_rf_seed_4_skf_3_paras_148_estimator_500_depth_None_minSample_70_random_1_weight_balanced
0,220,1,0.4746007749325963,0
1,59,1,0.5940569617380234,1
2,235,0,0.40180579047548676,0
3,63,1,0.3681194234984569,0
4,205,0,0.4555156831776622,0
5,138,0,0.41610259137428696,0
6,24,0,0.4416459514559408,0
7,218,0,0.4141293890532691,0
8,197,0,0.4417194739349843,0
9,219,1,0.5914820001891511,1
10,75,0,0.4488367985004988,0
11,73,1,0.5079450446075551,1
12,144,0,0.40563475897033746,0
13,223,0,0.45222973879759315,0
14,40,0,0.527337782463245,1
15,96,0,0.4628669181389935,0
16,228,0,0.4210373335883829,0
17,232,0,0.4267722871435188,0
18,209,0,0.3564908018113298,0
19,147,1,0.5148221374134193,1
20,251,0,0.3843182752053705,0
21,181,0,0.34683958449566704,0
22,256,0,0.49070518160225995,0
23,208,1,0.505134933226097,1
24,250,0,0.47287519596049743,0
25,16,1,0.5134180564855735,1
26,117,0,0.341774388630174,0
27,19,0,0.3697926954185144,0
28,137,0,0.456716805403795,0
29,252,0,0.4307604282346871,0
30,103,1,0.55096927765555,1
31,124,1,0.5630994143571451,1
32,58,1,0.5997340452663551,1
33,247,0,0.5393167711427854,1
34,237,0,0.35711303911844683,0
35,190,1,0.5171498455433441,1
36,102,0,0.4511250544512643,0
37,154,0,0.4356842530057768,0
38,101,0,0.4542253652091795,0
39,174,0,0.46451759241882784,0
40,150,0,0.42530627920053404,0
41,105,0,0.4081738558506232,0
