,id,y_true,prob_rf_seed_11_skf_4_paras_148_estimator_500_depth_None_minSample_70_random_1_weight_balanced,class_rf_seed_11_skf_4_paras_148_estimator_500_depth_None_minSample_70_random_1_weight_balanced
0,63,1,0.357638321492239,0
1,131,1,0.4033490368852763,0
2,221,0,0.44239553641300544,0
3,24,0,0.44618078448750464,0
4,165,0,0.3754904914544097,0
5,85,0,0.3318345776976542,0
6,83,1,0.42573644606474254,0
7,230,0,0.3804564898589831,0
8,177,0,0.49411081258652984,0
9,219,1,0.6464144176416546,1
10,144,0,0.3636853079297827,0
11,114,1,0.40690404342627867,0
12,123,1,0.371527952314574,0
13,228,0,0.4159777583962419,0
14,232,0,0.41434977375607557,0
15,267,0,0.3719265798514419,0
16,2,0,0.37384588471357494,0
17,181,0,0.3067645077025663,0
18,256,0,0.5631788185019139,1
19,111,0,0.4850466242321949,0
20,250,0,0.43537367905849556,0
21,16,1,0.49143369965371475,0
22,143,0,0.3866196168047896,0
23,117,0,0.296401810635237,0
24,217,0,0.564820659076399,1
25,109,1,0.44828075973824755,0
26,36,0,0.5257303642455144,1
27,201,0,0.3901954831333765,0
28,264,0,0.35223289329368285,0
29,14,1,0.40961164282309864,0
30,239,1,0.5049200455677272,1
31,185,0,0.42007159915079534,0
32,237,0,0.3006849335177002,0
33,102,0,0.4427446663325083,0
34,121,1,0.43626242866099524,0
35,140,0,0.5332170807795382,1
36,154,0,0.4212317378070189,0
37,13,0,0.6294796610323997,1
38,101,0,0.4547411935478256,0
39,254,1,0.4604890609426258,0
40,77,0,0.38115558482537387,0
41,87,0,0.3589725863241302,0
