,id,y_true,prob_rf_seed_5_skf_4_paras_148_estimator_500_depth_None_minSample_70_random_1_weight_balanced,class_rf_seed_5_skf_4_paras_148_estimator_500_depth_None_minSample_70_random_1_weight_balanced
0,199,1,0.5671768410160783,1
1,224,1,0.34891891357349697,0
2,206,0,0.3567890236139082,0
3,66,0,0.43227120459505486,0
4,62,0,0.5057167309147493,1
5,159,0,0.298878525960406,0
6,131,1,0.4493880059901759,0
7,85,0,0.35481487932243944,0
8,18,0,0.5736900563142369,1
9,157,0,0.39811242382486967,0
10,110,0,0.3507187981532239,0
11,219,1,0.6281938267108498,1
12,188,0,0.34455467102160453,0
13,210,0,0.395691140470492,0
14,215,0,0.5929863319382663,1
15,152,0,0.4475300724660184,0
16,114,1,0.4658709431588013,0
17,200,1,0.4272509164002654,0
18,34,0,0.35117640020090624,0
19,209,0,0.3528637869473742,0
20,108,1,0.6484192766807634,1
21,111,0,0.4836627014754086,0
22,148,0,0.5223250956720811,1
23,48,0,0.3840873352601084,0
24,211,0,0.35274399551763386,0
25,124,1,0.6178132651832449,1
26,41,0,0.36398952017343456,0
27,180,0,0.4230985345681607,0
28,170,0,0.3337846312257757,0
29,236,0,0.40408863479125395,0
30,247,0,0.5236587332577789,1
31,234,0,0.501217225342407,1
32,54,0,0.31070513429650964,0
33,102,0,0.4551753637147885,0
34,121,1,0.4543879716194073,0
35,140,0,0.5083167187847846,1
36,172,1,0.43567661901016613,0
37,53,1,0.5911114074637827,1
38,11,1,0.5087872144630402,1
39,189,0,0.437352229072712,0
40,174,0,0.40971267702135633,0
41,150,0,0.40830997810483843,0
