,id,y_true,prob_rf_seed_4_skf_4_paras_148_estimator_500_depth_None_minSample_70_random_1_weight_balanced,class_rf_seed_4_skf_4_paras_148_estimator_500_depth_None_minSample_70_random_1_weight_balanced
0,93,1,0.48315490512441933,0
1,206,0,0.32796849623188046,0
2,119,0,0.30712004719474106,0
3,18,0,0.5858140552948948,1
4,83,1,0.4367953288356148,0
5,139,0,0.34702020493652885,0
6,166,0,0.5281240096405826,1
7,89,0,0.3864673410049361,0
8,210,0,0.33707111954309454,0
9,9,1,0.6277333587694848,1
10,29,0,0.6570558665937815,1
11,229,0,0.29872771289928096,0
12,91,0,0.4298945482630994,0
13,122,0,0.5428769232125585,1
14,142,0,0.3490812155458944,0
15,160,0,0.3650792958365993,0
16,152,0,0.4464572368581248,0
17,114,1,0.42927904304192693,0
18,200,1,0.3994731429536405,0
19,175,0,0.3768045931966711,0
20,44,1,0.34001331888111397,0
21,37,1,0.6618262293095211,1
22,263,0,0.5327317263116323,1
23,78,1,0.5330201638624379,1
24,17,0,0.43472560963541135,0
25,4,1,0.4495291156705549,0
26,211,0,0.3542381143402058,0
27,30,0,0.37849683011305263,0
28,185,0,0.3793336446507138,0
29,265,0,0.6971251804871068,1
30,20,0,0.32431512045399274,0
31,115,0,0.31011011676267713,0
32,72,0,0.3737170856842179,0
33,94,1,0.6074647809169051,1
34,140,0,0.5428769232125585,1
35,248,0,0.42378403454543034,0
36,132,0,0.4755892738323497,0
37,11,1,0.4619967620329135,0
38,243,0,0.42916854089179796,0
39,134,0,0.3543298269048852,0
40,77,0,0.42319321262776055,0
41,184,1,0.3730108901543209,0
