,id,y_true,prob_rf_seed_16_skf_1_paras_148_estimator_500_depth_None_minSample_70_random_1_weight_balanced,class_rf_seed_16_skf_1_paras_148_estimator_500_depth_None_minSample_70_random_1_weight_balanced
0,206,0,0.3829250125058228,0
1,59,1,0.6557917464130734,1
2,66,0,0.42929233684478496,0
3,63,1,0.39428929841162547,0
4,151,0,0.46540703913459736,0
5,221,0,0.3756972791734977,0
6,68,1,0.5923338515716151,1
7,50,0,0.43669956731923537,0
8,83,1,0.4311948086178657,0
9,230,0,0.42079935388285417,0
10,12,0,0.32617911999414306,0
11,144,0,0.4042641332639553,0
12,245,1,0.6243231679834726,1
13,29,0,0.595642858493261,1
14,229,0,0.3354547353358553,0
15,91,0,0.4762938801427913,0
16,122,0,0.4890278252432075,0
17,32,0,0.36638422294639256,0
18,8,1,0.5465909370360873,1
19,175,0,0.42857954012479815,0
20,267,0,0.38667263751150055,0
21,209,0,0.4194314820549542,0
22,147,1,0.48584293132983225,0
23,181,0,0.37626511119019507,0
24,222,0,0.613623297868522,1
25,112,0,0.42500220294077434,0
26,42,1,0.4711464412089081,0
27,27,0,0.49188731400906344,0
28,217,0,0.5229939391172662,1
29,79,1,0.6062727946103806,1
30,4,1,0.5277933621424041,1
31,201,0,0.40638627392024995,0
32,137,0,0.43577802979489233,0
33,22,0,0.3729605480185816,0
34,45,1,0.4364877245910473,0
35,180,0,0.47812333627640685,0
36,227,1,0.5949881738853872,1
37,247,0,0.5550814165160036,1
38,167,0,0.5827898828712353,1
39,72,0,0.43438954916079514,0
40,216,0,0.6229586182212842,1
41,87,0,0.38355097906914115,0
42,261,0,0.3691319992900508,0
