,id,y_true,prob_rf_seed_3_skf_4_paras_148_estimator_500_depth_None_minSample_70_random_1_weight_balanced,class_rf_seed_3_skf_4_paras_148_estimator_500_depth_None_minSample_70_random_1_weight_balanced
0,206,0,0.36774563777147196,0
1,196,0,0.419849886831402,0
2,62,0,0.4552226802210138,0
3,241,0,0.4786458720980076,0
4,119,0,0.3251003896680667,0
5,50,0,0.3937045165437697,0
6,260,1,0.506692894325804,1
7,197,0,0.46753316457386584,0
8,177,0,0.43644580989580267,0
9,73,1,0.4904769242437319,0
10,223,0,0.40591544732752083,0
11,32,0,0.3862869874038381,0
12,96,0,0.4801167867181688,0
13,257,1,0.5619636821619924,1
14,175,0,0.39081349774600244,0
15,123,1,0.35745296189771886,0
16,5,0,0.39977010205298186,0
17,108,1,0.6042726319590124,1
18,256,0,0.4717280563781072,0
19,208,1,0.49006597729072776,0
20,250,0,0.4248352102837415,0
21,44,1,0.39273842426575717,0
22,155,1,0.4832606906989554,0
23,27,0,0.4730937807805785,0
24,79,1,0.6478711916317851,1
25,198,1,0.4768152410767181,0
26,207,0,0.45348604044186314,0
27,249,0,0.38584423951447355,0
28,266,1,0.3957087729417044,0
29,30,0,0.39679372274207625,0
30,180,0,0.4406891615691736,0
31,264,0,0.4089192822665698,0
32,170,0,0.371329804976274,0
33,51,0,0.39781588580742644,0
34,46,0,0.4511335039742691,0
35,94,1,0.5445293424015959,1
36,140,0,0.4338132594011259,0
37,248,0,0.41202305259305927,0
38,69,0,0.4274558200477831,0
39,189,0,0.38839351730945537,0
40,71,0,0.3114108135898227,0
41,261,0,0.38925867335597636,0
