,id,y_true,prob_rf_seed_10_skf_1_paras_148_estimator_500_depth_None_minSample_70_random_1_weight_balanced,class_rf_seed_10_skf_1_paras_148_estimator_500_depth_None_minSample_70_random_1_weight_balanced
0,173,1,0.526695080948979,1
1,149,0,0.4028557554068704,0
2,76,0,0.31268498295059144,0
3,50,0,0.38192477335081965,0
4,260,1,0.5640166556941794,1
5,139,0,0.373831404711013,0
6,74,0,0.4442083932637332,0
7,188,0,0.3389245959643006,0
8,73,1,0.4364057065195145,0
9,9,1,0.5618486193684837,1
10,223,0,0.46825658166467043,0
11,215,0,0.6085149183447115,1
12,169,0,0.3321644405381108,0
13,122,0,0.5192839605418889,1
14,142,0,0.3823168517697893,0
15,152,0,0.4591787949176057,0
16,32,0,0.3591477689966374,0
17,114,1,0.43975653902721723,0
18,67,0,0.3456914155627637,0
19,228,0,0.4574347307322421,0
20,38,0,0.3782045596474119,0
21,203,0,0.3598779568354139,0
22,256,0,0.5131083849368616,1
23,208,1,0.45154721828091443,0
24,250,0,0.4717218561578104,0
25,143,0,0.4297607490768438,0
26,178,0,0.41304811207728037,0
27,263,0,0.5055497297125469,1
28,155,1,0.4696580211434631,0
29,27,0,0.5276744967440761,1
30,249,0,0.39385543282369695,0
31,137,0,0.4515094319646991,0
32,103,1,0.5381805505584502,1
33,41,0,0.37993491950512637,0
34,237,0,0.36293786354327207,0
35,20,0,0.3269832832390772,0
36,51,0,0.37221223224414285,0
37,94,1,0.6122390706428441,1
38,244,1,0.5271444170935072,1
39,172,1,0.40849550384195926,0
40,113,0,0.5628285859303014,1
41,259,1,0.4369330974674011,0
42,71,0,0.3194669937397012,0
