,id,y_true,prob_rf_seed_7_skf_2_paras_148_estimator_500_depth_None_minSample_70_random_1_weight_balanced,class_rf_seed_7_skf_2_paras_148_estimator_500_depth_None_minSample_70_random_1_weight_balanced
0,224,1,0.37388624993377834,0
1,196,0,0.42926989626267353,0
2,159,0,0.31889937711377614,0
3,131,1,0.4235030716957138,0
4,92,0,0.687079870703389,1
5,149,0,0.4070150681320856,0
6,21,0,0.3987952480633324,0
7,7,0,0.4328866028599908,0
8,241,0,0.46324928614853134,0
9,85,0,0.35856550320765684,0
10,260,1,0.4823152146543827,0
11,18,0,0.5241059682978145,1
12,197,0,0.43588916708515796,0
13,80,1,0.6009199374137153,1
14,106,0,0.3408001160294376,0
15,47,0,0.5751943993647943,1
16,229,0,0.31220541596222545,0
17,169,0,0.3447280630732356,0
18,160,0,0.3632468735316056,0
19,152,0,0.4270681546260731,0
20,40,0,0.6237467757212442,1
21,256,0,0.4350715192639221,0
22,250,0,0.42315797730577737,0
23,109,1,0.49476952811979513,0
24,17,0,0.44757903720868164,0
25,19,0,0.4252136141529735,0
26,249,0,0.36319719384785915,0
27,137,0,0.4586778086586132,0
28,266,1,0.3980550512789351,0
29,129,1,0.44822839061562264,0
30,60,0,0.43865389697090285,0
31,58,1,0.6957541359341601,1
32,247,0,0.6347873779704004,1
33,145,0,0.35548884361277355,0
34,115,0,0.3377186585923999,0
35,167,0,0.6526067732768964,1
36,121,1,0.48743987557890894,0
37,94,1,0.557876013345219,1
38,120,0,0.33393364513198903,0
39,244,1,0.4303188666132257,0
40,132,0,0.4733870519657912,0
41,53,1,0.533615806036882,1
42,13,0,0.49535842570864985,0
