,id,y_true,prob_rf_seed_10_skf_0_paras_148_estimator_500_depth_None_minSample_70_random_1_weight_balanced,class_rf_seed_10_skf_0_paras_148_estimator_500_depth_None_minSample_70_random_1_weight_balanced
0,199,1,0.5998765627976316,1
1,86,0,0.3729412285582493,0
2,196,0,0.4266679760493714,0
3,57,0,0.41777783740265867,0
4,182,0,0.42562231772449116,0
5,119,0,0.33969827214442017,0
6,165,0,0.47349290880949385,0
7,12,0,0.39675152230144795,0
8,166,0,0.43371401204308047,0
9,106,0,0.36602926722378953,0
10,47,0,0.5908318330418454,1
11,29,0,0.598190149766384,1
12,91,0,0.49233065991524594,0
13,128,1,0.4702125453036805,0
14,40,0,0.548599004223915,1
15,195,0,0.48281448179887043,0
16,175,0,0.43007823169588055,0
17,5,0,0.40282133868633974,0
18,232,0,0.46244580999125273,0
19,181,0,0.39073463877591114,0
20,222,0,0.6244214467822597,1
21,37,1,0.6099927760884758,1
22,217,0,0.5026268115885414,1
23,109,1,0.4690221220021828,0
24,78,1,0.6010131087443867,1
25,201,0,0.4663761240420531,0
26,242,1,0.4587381490145122,0
27,252,0,0.45144788092008215,0
28,124,1,0.6343241058561929,1
29,129,1,0.4881250444632768,0
30,14,1,0.44582478039967866,0
31,170,0,0.41044560938723623,0
32,58,1,0.6460997593826149,1
33,190,1,0.4754062650347426,0
34,145,0,0.3694519638932316,0
35,126,0,0.4510776389841253,0
36,255,0,0.49326852726422143,0
37,97,0,0.406378936369236,0
38,161,0,0.3982626359581328,0
39,11,1,0.4797095743024717,0
40,150,0,0.4365411404767412,0
41,183,0,0.5033909995285251,1
42,134,0,0.3736798988646049,0
43,184,1,0.3983804983946719,0
