,id,y_true,prob_rf_seed_8_skf_3_paras_148_estimator_500_depth_None_minSample_70_random_1_weight_balanced,class_rf_seed_8_skf_3_paras_148_estimator_500_depth_None_minSample_70_random_1_weight_balanced
0,220,1,0.5718995134461176,1
1,196,0,0.35784924595734774,0
2,62,0,0.5424679728235607,1
3,57,0,0.4455536548677672,0
4,68,1,0.564151066704465,1
5,21,0,0.5553994001631465,1
6,241,0,0.5149297131854562,1
7,119,0,0.34009134990177126,0
8,218,0,0.4335166084130673,0
9,83,1,0.3920986602572078,0
10,157,0,0.3965558350653351,0
11,110,0,0.3755317173485619,0
12,166,0,0.5413297205900025,1
13,144,0,0.43166973953669807,0
14,47,0,0.45038964317219254,0
15,67,0,0.37143170043295803,0
16,226,0,0.5969082338862982,1
17,175,0,0.3654364656363452,0
18,203,0,0.3669699008312104,0
19,147,1,0.4210846170389021,0
20,208,1,0.4554396777968593,0
21,250,0,0.4951397362452232,0
22,148,0,0.5583120667895837,1
23,37,1,0.6458872165043736,1
24,217,0,0.6341591829441316,1
25,109,1,0.5101699722289855,1
26,78,1,0.47587209190787033,0
27,36,0,0.535105433726628,1
28,19,0,0.3773134592795697,0
29,116,0,0.5571513873740004,1
30,264,0,0.3760814271222749,0
31,129,1,0.4322323238203245,0
32,127,1,0.6444971830216455,1
33,170,0,0.33765597843004963,0
34,236,0,0.3574290384465499,0
35,237,0,0.3342542178512005,0
36,145,0,0.3999927445069604,0
37,255,0,0.4122121978283034,0
38,120,0,0.31268320973784197,0
39,154,0,0.37540570774268006,0
40,254,1,0.4451159079998014,0
41,259,1,0.39383037517636854,0
