,id,y_true,prob_rf_seed_10_skf_3_paras_148_estimator_500_depth_None_minSample_70_random_1_weight_balanced,class_rf_seed_10_skf_3_paras_148_estimator_500_depth_None_minSample_70_random_1_weight_balanced
0,220,1,0.47067203466316204,0
1,59,1,0.5542693440377441,1
2,62,0,0.451288910468903,0
3,63,1,0.3702406730731193,0
4,151,0,0.4395079663307111,0
5,131,1,0.4673730977914029,0
6,92,0,0.6856119891917452,1
7,205,0,0.46516184139361305,0
8,7,0,0.45671520527347986,0
9,138,0,0.40825899773536817,0
10,24,0,0.41476853754251586,0
11,85,0,0.38171875489322843,0
12,218,0,0.3442434423863316,0
13,157,0,0.4345735745873569,0
14,110,0,0.38718214676000556,0
15,171,0,0.3294410455081999,0
16,160,0,0.32457174026326785,0
17,200,1,0.44727870877974657,0
18,34,0,0.3658252288351901,0
19,123,1,0.3604640947299052,0
20,267,0,0.3385805988130471,0
21,2,0,0.4438261130570215,0
22,251,0,0.36707688000586947,0
23,111,0,0.5720201704190325,1
24,16,1,0.5168280725705463,1
25,117,0,0.36168569563925645,0
26,79,1,0.701776611679355,1
27,207,0,0.44989942131912214,0
28,17,0,0.45975293476257106,0
29,266,1,0.3975884121599511,0
30,180,0,0.46276100178494717,0
31,25,0,0.6151627833987883,1
32,127,1,0.6103945190172171,1
33,185,0,0.4399029757351838,0
34,120,0,0.3194926794386958,0
35,216,0,0.6816785171967467,1
36,132,0,0.3831335654436141,0
37,101,0,0.3871786820435521,0
38,254,1,0.5211457482433187,1
39,64,1,0.5235252810042424,1
40,77,0,0.42812236971615164,0
41,261,0,0.3753045631998267,0
