,id,y_true,prob_rf_seed_6_skf_1_paras_148_estimator_500_depth_None_minSample_70_random_1_weight_balanced,class_rf_seed_6_skf_1_paras_148_estimator_500_depth_None_minSample_70_random_1_weight_balanced
0,224,1,0.38064583205873803,0
1,59,1,0.6957642981366173,1
2,70,0,0.36040128399961807,0
3,92,0,0.5867757721836343,1
4,221,0,0.42848016867497635,0
5,68,1,0.5919118219786411,1
6,95,0,0.3974887410207757,0
7,205,0,0.4458473150283031,0
8,7,0,0.5484259772299951,1
9,241,0,0.5056748778725624,1
10,85,0,0.345275771706102,0
11,83,1,0.43235846976956005,0
12,230,0,0.39163545881368467,0
13,166,0,0.5150352195212798,1
14,219,1,0.6621653248610402,1
15,171,0,0.3435819731397406,0
16,29,0,0.6367691156083232,1
17,215,0,0.6290928024496991,1
18,169,0,0.3556209279826403,0
19,164,0,0.36578289285602966,0
20,152,0,0.4542278032720288,0
21,195,0,0.44650156216762565,0
22,16,1,0.5105701329758985,1
23,136,0,0.38586449648133314,0
24,263,0,0.5256370045111408,1
25,109,1,0.47557325965595476,0
26,36,0,0.533578172711828,1
27,17,0,0.43236661295437345,0
28,19,0,0.4073275068794234,0
29,249,0,0.39603054671550425,0
30,124,1,0.6098350744800787,1
31,41,0,0.36320749209454023,0
32,14,1,0.43315146059448334,0
33,190,1,0.5282635305445437,1
34,20,0,0.3004665444464015,0
35,51,0,0.3577704273394916,0
36,126,0,0.4440133935622822,0
37,115,0,0.3477629209039652,0
38,46,0,0.42589797491656284,0
39,121,1,0.4288032503662965,0
40,113,0,0.599223983404682,1
41,11,1,0.4691991282015686,0
42,134,0,0.40005352738968275,0
