,id,y_true,prob_rf_seed_18_skf_1_paras_148_estimator_500_depth_None_minSample_70_random_1_weight_balanced,class_rf_seed_18_skf_1_paras_148_estimator_500_depth_None_minSample_70_random_1_weight_balanced
0,220,1,0.48490807680148884,0
1,196,0,0.4822877620347466,0
2,186,1,0.5662592942066277,1
3,177,0,0.3697165559349619,0
4,89,0,0.4152319875127027,0
5,106,0,0.411934645896418,0
6,9,1,0.6234742695127623,1
7,223,0,0.371479303913988,0
8,164,0,0.3413724692198104,0
9,142,0,0.4412020748708824,0
10,32,0,0.3861905988998162,0
11,195,0,0.5079662885368584,1
12,123,1,0.3213219629864591,0
13,267,0,0.3628407574011155,0
14,203,0,0.37235971256669337,0
15,111,0,0.5155385046418749,1
16,250,0,0.40989122817493184,0
17,143,0,0.307629867252928,0
18,136,0,0.4597539697386605,0
19,17,0,0.46897725235419657,0
20,19,0,0.4163110143751904,0
21,22,0,0.44058148954973075,0
22,252,0,0.4302643491489278,0
23,103,1,0.5936953887787969,1
24,211,0,0.45228138531060996,0
25,45,1,0.4434492975568211,0
26,25,0,0.5533586098808063,1
27,185,0,0.46122842302346856,0
28,170,0,0.43561327110647724,0
29,237,0,0.3361239039839775,0
30,145,0,0.38957421881853266,0
31,234,0,0.4960813160268173,0
32,51,0,0.45700666130867146,0
33,46,0,0.48856954180223827,0
34,72,0,0.4610654813311392,0
35,121,1,0.48258706756932795,0
36,94,1,0.47476545303510953,0
37,244,1,0.386410603391703,0
38,132,0,0.40928735431643865,0
39,174,0,0.40366837879017137,0
40,259,1,0.43999843278349404,0
41,64,1,0.52464697292325,1
42,184,1,0.45995445705833093,0
