,id,y_true,prob_rf_seed_6_skf_2_paras_148_estimator_500_depth_None_minSample_70_random_1_weight_balanced,class_rf_seed_6_skf_2_paras_148_estimator_500_depth_None_minSample_70_random_1_weight_balanced
0,235,0,0.3931190373014101,0
1,63,1,0.4111750134934869,0
2,141,0,0.42375114963995847,0
3,131,1,0.43416236828474464,0
4,149,0,0.447795484152173,0
5,119,0,0.3485657375027936,0
6,15,0,0.3715220301659011,0
7,245,1,0.6299747799314677,1
8,47,0,0.5803575291604358,1
9,32,0,0.3816913355001833,0
10,34,0,0.4210786542549357,0
11,209,0,0.46125596826418785,0
12,108,1,0.6030799568762658,1
13,147,1,0.5286493786933348,1
14,181,0,0.3914514620743825,0
15,217,0,0.4927092736357488,0
16,207,0,0.4494718566172649,0
17,4,1,0.5034794466986908,1
18,201,0,0.4506258294983843,0
19,242,1,0.4549790802698703,0
20,48,0,0.32961171783044474,0
21,22,0,0.3911822130152532,0
22,116,0,0.43101620439723576,0
23,211,0,0.4226102570140907,0
24,25,0,0.6060795897931051,1
25,129,1,0.489621090200381,0
26,240,1,0.3691926225674055,0
27,60,0,0.48404028807606564,0
28,236,0,0.377040836674373,0
29,247,0,0.5929461371048952,1
30,265,0,0.5997551601895585,1
31,145,0,0.3728532312119264,0
32,97,0,0.3941180626389761,0
33,248,0,0.3739998915806921,0
34,154,0,0.49301745453011864,0
35,244,1,0.4367133370137049,0
36,161,0,0.42325959998195106,0
37,53,1,0.5346448810564554,1
38,84,0,0.3538262561691869,0
39,13,0,0.48569155927485896,0
40,189,0,0.389656206968691,0
41,183,0,0.4837925701268175,0
42,64,1,0.5519303718602433,1
