,id,y_true,prob_rf_seed_18_skf_2_paras_148_estimator_500_depth_None_minSample_70_random_1_weight_balanced,class_rf_seed_18_skf_2_paras_148_estimator_500_depth_None_minSample_70_random_1_weight_balanced
0,86,0,0.3500068379299669,0
1,66,0,0.39663229331758426,0
2,62,0,0.5062931715437603,1
3,39,1,0.4049584508792842,0
4,57,0,0.40083276717321764,0
5,95,0,0.38183529344303324,0
6,241,0,0.5006499044003726,1
7,24,0,0.38826463247380927,0
8,85,0,0.3442366578970973,0
9,83,1,0.4391203836392591,0
10,110,0,0.36075908139850665,0
11,80,1,0.658925519036957,1
12,47,0,0.49707236322964515,0
13,215,0,0.7011380152983533,1
14,114,1,0.45250879724885085,0
15,200,1,0.41862360715038704,0
16,2,0,0.42174004508007,0
17,147,1,0.46352224774507694,0
18,181,0,0.35200073966505974,0
19,43,0,0.5203679122615581,1
20,222,0,0.6275222490000804,1
21,256,0,0.5319300266516871,1
22,208,1,0.49181887839881183,0
23,112,0,0.39615659270919357,0
24,37,1,0.6799814897159001,1
25,27,0,0.4589710552321962,0
26,36,0,0.5294962154408823,1
27,249,0,0.3736109965892062,0
28,242,1,0.4969463800294658,0
29,30,0,0.36909503503769603,0
30,239,1,0.5330481035089384,1
31,58,1,0.6671796990658505,1
32,265,0,0.7178089557304876,1
33,97,0,0.3968718765280974,0
34,140,0,0.5578102693190012,1
35,120,0,0.32342063291608714,0
36,248,0,0.44700722050453945,0
37,172,1,0.43130056795837846,0
38,161,0,0.47955827679437096,0
39,113,0,0.6297620212868704,1
40,13,0,0.5875498540889352,1
41,77,0,0.4053946949982495,0
42,87,0,0.37328942008743365,0
