,id,y_true,prob_rf_seed_13_skf_0_paras_148_estimator_500_depth_None_minSample_70_random_1_weight_balanced,class_rf_seed_13_skf_0_paras_148_estimator_500_depth_None_minSample_70_random_1_weight_balanced
0,220,1,0.4439969276102462,0
1,59,1,0.4773022952649749,0
2,159,0,0.26766605118337417,0
3,149,0,0.4783555419811514,0
4,21,0,0.3303405582142868,0
5,205,0,0.42663365566968126,0
6,119,0,0.3541531918525109,0
7,18,0,0.47936880981387203,0
8,139,0,0.3655847181067053,0
9,197,0,0.529604953027156,1
10,210,0,0.39947212086621103,0
11,128,1,0.3605259869538411,0
12,164,0,0.32892986390320667,0
13,122,0,0.3580848365981738,0
14,142,0,0.45134805935307104,0
15,257,1,0.5425084596773238,1
16,175,0,0.4685533642629347,0
17,123,1,0.29673927268079214,0
18,232,0,0.48951726471246765,0
19,43,0,0.32721665275967526,0
20,222,0,0.6959166542038283,1
21,111,0,0.5718923310361831,1
22,27,0,0.40559290840514345,0
23,109,1,0.5461272516296075,1
24,78,1,0.6196118614041215,1
25,36,0,0.3469698736610774,0
26,201,0,0.46565263690363623,0
27,48,0,0.2799980789532787,0
28,22,0,0.43124919502850534,0
29,211,0,0.4530450437834601,0
30,266,1,0.3274247822247598,0
31,41,0,0.44882990509784004,0
32,240,1,0.2934080826243622,0
33,145,0,0.39809407465676433,0
34,94,1,0.42928456447266267,0
35,216,0,0.6710296199316939,1
36,244,1,0.3468158251849372,0
37,113,0,0.40526484044446776,0
38,53,1,0.5107702288947025,1
39,69,0,0.5076885675881456,1
40,150,0,0.4504290428566896,0
41,243,0,0.5034094278438873,1
42,64,1,0.45429294600884373,0
43,261,0,0.42220153054934106,0
