,id,y_true,prob_rf_seed_0_skf_0_paras_148_estimator_500_depth_None_minSample_70_random_1_weight_balanced,class_rf_seed_0_skf_0_paras_148_estimator_500_depth_None_minSample_70_random_1_weight_balanced
0,93,1,0.46871721312745107,0
1,59,1,0.675855049699478,1
2,62,0,0.5190194520424042,1
3,159,0,0.3195703831814553,0
4,131,1,0.4301062030035021,0
5,95,0,0.3705276078614891,0
6,165,0,0.4038808839760002,0
7,50,0,0.45267974350603074,0
8,197,0,0.48216685118069963,0
9,177,0,0.4248638181089815,0
10,80,1,0.5983251971371863,1
11,89,0,0.41694984573147037,0
12,210,0,0.4123144634225184,0
13,245,1,0.5608995977242868,1
14,215,0,0.5954958913730548,1
15,164,0,0.3936595893453133,0
16,142,0,0.36812270333715374,0
17,32,0,0.4131965596095653,0
18,8,1,0.5505744677955094,1
19,67,0,0.3349003457158688,0
20,123,1,0.3743441619038811,0
21,5,0,0.44331612824843764,0
22,208,1,0.5025187588104586,1
23,111,0,0.5141526690743001,1
24,112,0,0.44209460778963494,0
25,148,0,0.53155969487991,1
26,42,1,0.43297450955665784,0
27,217,0,0.5414266423775793,1
28,17,0,0.44764082353463924,0
29,137,0,0.4509560553573993,0
30,116,0,0.47087787510172385,0
31,103,1,0.5571613557370477,1
32,266,1,0.421158734642196,0
33,30,0,0.40990748520555553,0
34,41,0,0.41800425495276433,0
35,45,1,0.4201011269827179,0
36,60,0,0.4890987352575702,0
37,58,1,0.5914899871891567,1
38,236,0,0.41851715326408184,0
39,51,0,0.37467103170329075,0
40,161,0,0.4592347664555072,0
41,113,0,0.5812509672055124,1
42,132,0,0.48652672099888344,0
43,84,0,0.3895198198652399,0
