,id,y_true,prob_rf_seed_11_skf_3_paras_148_estimator_500_depth_None_minSample_70_random_1_weight_balanced,class_rf_seed_11_skf_3_paras_148_estimator_500_depth_None_minSample_70_random_1_weight_balanced
0,86,0,0.4323928498907177,0
1,235,0,0.421537359382098,0
2,66,0,0.4052700914839923,0
3,62,0,0.4118647532408132,0
4,159,0,0.33176342595755065,0
5,57,0,0.39869302704302445,0
6,149,0,0.4303405470350576,0
7,182,0,0.3981162162096625,0
8,76,0,0.31819243859334606,0
9,260,1,0.43121201644564666,0
10,139,0,0.35659452469423547,0
11,89,0,0.39197378302173896,0
12,210,0,0.4101805267683968,0
13,245,1,0.6064460136469219,1
14,229,0,0.3424621551157023,0
15,128,1,0.38456917810584224,0
16,169,0,0.3714392725376157,0
17,122,0,0.3968352865700906,0
18,160,0,0.3846019642320766,0
19,40,0,0.5511468808466214,1
20,257,1,0.5385663010801729,1
21,226,0,0.3896206936069079,0
22,38,0,0.4201576735780272,0
23,203,0,0.42948927785151153,0
24,222,0,0.6337392403211437,1
25,263,0,0.3929096768889921,0
26,42,1,0.4716655369655886,0
27,19,0,0.45386041139042227,0
28,48,0,0.3068239799552588,0
29,103,1,0.5971408053569404,1
30,129,1,0.5104328417369749,1
31,240,1,0.37636512212714324,0
32,227,1,0.5042608135327742,1
33,190,1,0.4824575922135148,0
34,20,0,0.3710616206055053,0
35,126,0,0.4810756495779984,0
36,72,0,0.4506368643698219,0
37,94,1,0.5219947547429981,1
38,244,1,0.38254491064250107,0
39,161,0,0.40567994069634655,0
40,69,0,0.4677668122692445,0
41,71,0,0.35388687860782153,0
