,id,y_true,prob_rf_seed_8_skf_1_paras_148_estimator_500_depth_None_minSample_70_random_1_weight_balanced,class_rf_seed_8_skf_1_paras_148_estimator_500_depth_None_minSample_70_random_1_weight_balanced
0,224,1,0.3489753064104507,0
1,173,1,0.6230760575463669,1
2,159,0,0.29649229878860983,0
3,63,1,0.356132934281984,0
4,92,0,0.606951763951962,1
5,138,0,0.3727787021136118,0
6,76,0,0.33220853697290076,0
7,197,0,0.5081359287612139,1
8,230,0,0.40362336236727125,0
9,80,1,0.5471428759951262,1
10,89,0,0.407824258266282,0
11,188,0,0.4108476332530114,0
12,106,0,0.3662097537362685,0
13,91,0,0.4449302172335308,0
14,152,0,0.5175606616695432,1
15,8,1,0.5451229571509371,1
16,96,0,0.48701270445500683,0
17,257,1,0.5197440630709277,1
18,228,0,0.4041822921278902,0
19,232,0,0.4380626080367201,0
20,2,0,0.44742533332548623,0
21,108,1,0.6134039691821171,1
22,251,0,0.3549249252283562,0
23,256,0,0.4250365810108631,0
24,56,0,0.6241212536436304,1
25,42,1,0.43147968300873585,0
26,201,0,0.4227687135084516,0
27,48,0,0.3445935148027875,0
28,22,0,0.4287429101819661,0
29,103,1,0.6046838896110385,1
30,45,1,0.4111444060617105,0
31,180,0,0.48028925955045887,0
32,60,0,0.5193862583491549,1
33,58,1,0.661957996658479,1
34,190,1,0.4634368121968022,0
35,20,0,0.37157847459357884,0
36,51,0,0.42404390526126706,0
37,167,0,0.5926312478873864,1
38,97,0,0.45397077141136394,0
39,189,0,0.4031599284881102,0
40,105,0,0.34774153673209235,0
41,77,0,0.4449582178544925,0
42,261,0,0.40520752836831914,0
