,id,y_true,prob_rf_seed_17_skf_0_paras_148_estimator_500_depth_None_minSample_70_random_1_weight_balanced,class_rf_seed_17_skf_0_paras_148_estimator_500_depth_None_minSample_70_random_1_weight_balanced
0,199,1,0.5541476803164791,1
1,206,0,0.36594524622748303,0
2,173,1,0.5761750938872502,1
3,186,1,0.5071522566284864,1
4,63,1,0.3836456331589007,0
5,141,0,0.40631421509753274,0
6,151,0,0.3914517540033534,0
7,95,0,0.38499696893397306,0
8,182,0,0.3393558409058844,0
9,218,0,0.36885280732701486,0
10,15,0,0.4078197100551362,0
11,166,0,0.4630346036446358,0
12,223,0,0.4617651402338528,0
13,169,0,0.35229467534126213,0
14,164,0,0.34313562456316954,0
15,122,0,0.5508863344529631,1
16,175,0,0.3450133495178392,0
17,267,0,0.3935066481528688,0
18,209,0,0.3836844391022434,0
19,111,0,0.4656453945477788,0
20,16,1,0.44308436856550903,0
21,143,0,0.3495565068453749,0
22,42,1,0.45560573505930885,0
23,109,1,0.4678031363017372,0
24,78,1,0.4859580804156289,0
25,19,0,0.3937014384602164,0
26,242,1,0.46550065294797893,0
27,137,0,0.39865056692464457,0
28,116,0,0.5239293481310495,1
29,252,0,0.4165682426351456,0
30,41,0,0.3630115636447471,0
31,129,1,0.4291575617449745,0
32,14,1,0.4493957589455441,0
33,247,0,0.5051396034999929,1
34,265,0,0.6708037307393456,1
35,145,0,0.36165836686290675,0
36,126,0,0.46744860818806194,0
37,161,0,0.4871113382630186,0
38,113,0,0.640486503497163,1
39,53,1,0.5580972044561885,1
40,259,1,0.4336193630165627,0
41,243,0,0.4275070650845082,0
42,71,0,0.30848206752316093,0
43,105,0,0.37592894889526884,0
