,id,y_true,prob_rf_seed_15_skf_2_paras_148_estimator_500_depth_None_minSample_70_random_1_weight_balanced,class_rf_seed_15_skf_2_paras_148_estimator_500_depth_None_minSample_70_random_1_weight_balanced
0,224,1,0.4150381648176709,0
1,173,1,0.5851185320891316,1
2,39,1,0.3492099891482517,0
3,149,0,0.4297836409440858,0
4,95,0,0.3715716434713237,0
5,7,0,0.5126207300161443,1
6,83,1,0.4395920942012129,0
7,139,0,0.340379334865108,0
8,12,0,0.3639875335678484,0
9,166,0,0.43464865213211623,0
10,171,0,0.3215680769256973,0
11,215,0,0.6381569422277539,1
12,91,0,0.4542074390030294,0
13,128,1,0.4894544327467307,0
14,164,0,0.35983419031673897,0
15,226,0,0.5087898478213725,1
16,5,0,0.414440493010575,0
17,209,0,0.42409486378617667,0
18,43,0,0.5222377221546026,1
19,111,0,0.5127382506615243,1
20,250,0,0.4349131330024488,0
21,143,0,0.2987561530349582,0
22,263,0,0.541240795715061,1
23,109,1,0.5013802235298087,1
24,19,0,0.4069544601205586,0
25,103,1,0.5612554896942468,1
26,45,1,0.43554429547383505,0
27,185,0,0.41008467544855376,0
28,170,0,0.3894081926026327,0
29,58,1,0.6313765851639176,1
30,247,0,0.5587919705104047,1
31,190,1,0.4489774054802116,0
32,265,0,0.6450424283707745,1
33,145,0,0.3579340796582397,0
34,20,0,0.36098907099169614,0
35,46,0,0.4290447368366142,0
36,167,0,0.5893253356229211,1
37,244,1,0.4928154737463389,0
38,113,0,0.6143997951659839,1
39,53,1,0.5221435443655752,1
40,84,0,0.3542439985110818,0
41,150,0,0.4130331287915619,0
42,183,0,0.49638662845110737,0
