,id,y_true,prob_rf_seed_18_skf_3_paras_148_estimator_500_depth_None_minSample_70_random_1_weight_balanced,class_rf_seed_18_skf_3_paras_148_estimator_500_depth_None_minSample_70_random_1_weight_balanced
0,59,1,0.5990747585132252,1
1,63,1,0.3716266041008387,0
2,141,0,0.396689573645077,0
3,151,0,0.4110537008986914,0
4,131,1,0.41418641004967066,0
5,119,0,0.344634350441171,0
6,138,0,0.39702226582108746,0
7,76,0,0.3503320804724581,0
8,50,0,0.42613037205129956,0
9,15,0,0.45263904544115907,0
10,139,0,0.381027923613292,0
11,230,0,0.4174138120411916,0
12,12,0,0.33834707126709124,0
13,166,0,0.4870078943056435,0
14,73,1,0.4929432888003366,0
15,210,0,0.3892842221088553,0
16,171,0,0.36960101072969515,0
17,245,1,0.5746447540248787,1
18,91,0,0.4957817402010127,0
19,128,1,0.48550518884217253,0
20,169,0,0.3509430638305268,0
21,122,0,0.48210793528578044,0
22,8,1,0.5373780282455967,1
23,67,0,0.39165530121682235,0
24,228,0,0.42501278711005147,0
25,108,1,0.6113686846839973,1
26,44,1,0.40470433508043313,0
27,117,0,0.3278178644608677,0
28,155,1,0.4792296948283703,0
29,217,0,0.5276766228260924,1
30,79,1,0.6015846660836847,1
31,137,0,0.44615598139607604,0
32,48,0,0.38290071753713883,0
33,41,0,0.376893422619103,0
34,180,0,0.41012197173970455,0
35,236,0,0.4100618207476861,0
36,54,0,0.3688788671451456,0
37,102,0,0.4412011472569471,0
38,154,0,0.41065759768940135,0
39,214,0,0.47177222387348333,0
40,53,1,0.5611817072331515,1
41,134,0,0.4438039007603356,0
