,id,y_true,prob_rf_seed_13_skf_3_paras_148_estimator_500_depth_None_minSample_70_random_1_weight_balanced,class_rf_seed_13_skf_3_paras_148_estimator_500_depth_None_minSample_70_random_1_weight_balanced
0,206,0,0.3641809515532461,0
1,66,0,0.4575347299114731,0
2,70,0,0.3462887782174707,0
3,57,0,0.4507438687904823,0
4,68,1,0.5533904143050169,1
5,182,0,0.3834159183522559,0
6,218,0,0.41380909094905466,0
7,110,0,0.3656246418080182,0
8,166,0,0.5572855309936913,1
9,219,1,0.629667083328568,1
10,188,0,0.34672829936195904,0
11,73,1,0.4799936249277201,0
12,47,0,0.5137559367003873,1
13,40,0,0.5002722730926376,1
14,195,0,0.4604564120588637,0
15,96,0,0.44536324273219957,0
16,203,0,0.3347709800485509,0
17,147,1,0.4893260008752019,0
18,256,0,0.5518130295593933,1
19,250,0,0.4609507942237288,0
20,44,1,0.38383662879326863,0
21,112,0,0.4557295084774821,0
22,178,0,0.4099208873544772,0
23,148,0,0.4956491930679829,0
24,117,0,0.34839670153084756,0
25,155,1,0.4780048040201167,0
26,17,0,0.48235819618390063,0
27,103,1,0.5524792588153823,1
28,124,1,0.5759791258471002,1
29,239,1,0.4892261812920689,0
30,185,0,0.47675873577748307,0
31,236,0,0.4089456240785098,0
32,265,0,0.6033277767712731,1
33,102,0,0.4483445046784123,0
34,121,1,0.4565388701347261,0
35,255,0,0.45139881063950577,0
36,248,0,0.4375224119338216,0
37,154,0,0.4028732585556733,0
38,214,0,0.4936319961305769,0
39,11,1,0.4706381174689771,0
40,174,0,0.426384969774132,0
41,163,1,0.5930285011056753,1
