,id,y_true,prob_rf_seed_16_skf_4_paras_148_estimator_500_depth_None_minSample_70_random_1_weight_balanced,class_rf_seed_16_skf_4_paras_148_estimator_500_depth_None_minSample_70_random_1_weight_balanced
0,262,0,0.3801243923142558,0
1,186,1,0.4809369367594035,0
2,159,0,0.3435058549174033,0
3,149,0,0.4572226610544478,0
4,218,0,0.38523352195615285,0
5,157,0,0.42993287350639603,0
6,177,0,0.4275408284276438,0
7,89,0,0.48990836518089276,0
8,188,0,0.4000014267427376,0
9,128,1,0.45842977929346707,0
10,164,0,0.35873286483856803,0
11,152,0,0.585555978829202,1
12,34,0,0.38672355508137474,0
13,5,0,0.45077235189357284,0
14,2,0,0.5255442444152608,1
15,108,1,0.6021666225298409,1
16,16,1,0.5003008091078542,1
17,198,1,0.43634920733928734,0
18,78,1,0.47505066357905573,0
19,207,0,0.4580317239791265,0
20,19,0,0.4070300201377061,0
21,116,0,0.4359182286822802,0
22,124,1,0.6202975627786192,1
23,25,0,0.5455970601729145,1
24,127,1,0.6068857731308909,1
25,170,0,0.3923069213518914,0
26,58,1,0.64595578118716,1
27,237,0,0.3697004938089287,0
28,265,0,0.5933664312643979,1
29,145,0,0.41983322975688037,0
30,126,0,0.58219392829574,1
31,54,0,0.37824367692819216,0
32,46,0,0.5292366202687575,1
33,102,0,0.4110031492651028,0
34,255,0,0.4604974719867999,0
35,97,0,0.4916055069223526,0
36,214,0,0.4995077508995982,0
37,163,1,0.5562182654908616,1
38,150,0,0.5048956944225901,1
39,254,1,0.4592621746341062,0
40,64,1,0.5502063077664888,1
41,77,0,0.40445386385553916,0
