,id,y_true,prob_lr_seed_4_skf_1_paras_22_C_100_weight_None_solver_lbfgs,class_lr_seed_4_skf_1_paras_22_C_100_weight_None_solver_lbfgs
0,7,1,0.004717396580713689,0
1,8,0,5.259459813385306e-09,0
2,236,0,0.00014594668459811817,0
3,304,1,0.9424743321976052,1
4,306,0,0.00010050285387169257,0
5,278,1,0.9994580757219377,1
6,85,1,0.9913831403448378,1
7,201,1,0.9999631784590989,1
8,224,1,4.650993997210066e-05,0
9,114,0,6.385734546347422e-05,0
10,271,0,0.9125944001749522,1
11,194,0,0.0026155305532208125,0
12,258,0,0.0005106302910075065,0
13,173,0,0.7044109929121518,1
14,1,0,9.861238125824441e-05,0
15,40,0,7.334833346864883e-06,0
16,273,0,0.37824807756781403,0
17,164,0,0.9645535774430822,1
18,167,0,0.0010374356341226615,0
19,182,0,0.008369245012209042,0
20,66,1,0.9992703362644265,1
21,4,1,0.9928437726838345,1
22,44,0,1.0029730619437141e-08,0
23,153,0,0.026769275460813157,0
24,322,0,0.37895212476318185,0
25,178,0,0.2333363017200139,0
26,161,0,3.798571526927714e-05,0
27,32,0,1.5251496829076994e-05,0
28,16,0,0.003553086545506812,0
29,158,1,0.9864016095945466,1
30,17,0,0.007226893104010354,0
31,208,1,0.6551951659276164,1
32,248,0,1.3649556418227275e-05,0
33,276,0,2.0811127596810684e-11,0
34,198,0,0.00662345768612268,0
35,93,0,0.00011868357552470718,0
36,88,0,1.1876848114726358e-07,0
37,250,1,0.8251988874140178,1
38,15,0,3.5035729907404965e-07,0
39,38,0,0.00038662540650338594,0
40,170,0,1.3263349391631562e-07,0
41,214,0,0.9995517436792857,1
42,62,0,0.0006267799506773798,0
43,77,0,0.8189670419039735,1
44,313,1,0.0005937637372638546,0
45,212,0,0.2320348485337789,0
46,180,0,0.00242776421790136,0
47,202,1,0.3973056360716237,0
48,149,0,0.004692909942137508,0
49,243,0,0.00012102833867077532,0
50,197,0,0.4484447812767032,0
51,135,0,0.8802760225544405,1
52,229,1,0.001805097557630315,0
53,10,0,0.7479884708382801,1
