,id,y_true,prob_lr_seed_10_skf_2_paras_22_C_100_weight_None_solver_lbfgs,class_lr_seed_10_skf_2_paras_22_C_100_weight_None_solver_lbfgs
0,7,1,0.1951704035803348,0
1,144,0,0.9989746622394798,1
2,143,0,1.9839980709582355e-05,0
3,306,0,7.283183714544226e-05,0
4,159,1,0.7746087488093129,1
5,298,1,0.001141314543233305,0
6,227,0,9.560240253100494e-09,0
7,24,1,0.9997385517821126,1
8,85,1,0.9732042843186524,1
9,190,0,0.0079755572662502,0
10,80,0,0.014023594128718201,0
11,191,0,0.0034073657640461075,0
12,173,0,0.03888568754486012,0
13,40,0,0.5371146483022868,1
14,175,0,1.3259655819728743e-08,0
15,273,0,0.11229839786662077,0
16,168,1,0.9805883791363977,1
17,220,0,0.02223166381120734,0
18,167,0,0.00039033033017402705,0
19,63,1,0.9897451081776273,1
20,328,1,0.9895806806742847,1
21,47,0,0.8142013941309459,1
22,307,0,0.9999385514884713,1
23,117,0,0.012461390220289184,0
24,54,1,2.3177420739981266e-06,0
25,222,0,0.6923283789258021,1
26,322,0,0.7089317036554081,1
27,156,1,0.0017097385986491057,0
28,185,0,0.3535715639885651,0
29,161,0,0.0001906129322642374,0
30,319,0,0.006556131120427375,0
31,333,0,0.0028338158120976872,0
32,208,1,0.8461830522446593,1
33,104,1,0.9835409975434952,1
34,230,0,0.0026642529048540795,0
35,152,0,0.275947075950854,0
36,150,0,0.3276979513869928,0
37,198,0,0.0018927845128862164,0
38,14,0,0.012283995671694825,0
39,102,0,0.0022527750990926636,0
40,38,0,0.05432830335695435,0
41,68,0,0.0072001833739206815,0
42,74,0,0.000156990572053277,0
43,127,0,0.004825051000887578,0
44,272,0,1.1749439531853575e-07,0
45,172,0,0.3575421638812811,0
46,135,0,0.8799671690593258,1
47,124,0,0.00297721688391394,0
48,327,0,0.6165570359464156,1
49,11,0,0.0039763219523820175,0
50,218,1,0.9759741959201378,1
51,3,1,0.9822600362282611,1
52,141,0,0.013385466038237424,0
