,id,y_true,prob_lr_seed_10_skf_0_paras_22_C_100_weight_None_solver_lbfgs,class_lr_seed_10_skf_0_paras_22_C_100_weight_None_solver_lbfgs
0,151,0,0.0005252177431771131,0
1,8,0,1.556323572427399e-08,0
2,236,0,0.03804495154957179,0
3,195,1,0.9967734291530027,1
4,304,1,0.988573995361128,1
5,325,0,0.004325373355573976,0
6,271,0,4.013242749033051e-06,0
7,194,0,0.0013187734472354523,0
8,165,0,0.00010756589547685298,0
9,315,0,0.0018755287463610658,0
10,70,0,9.52017112526667e-07,0
11,182,0,0.0014751856378724024,0
12,84,0,1.9650000379268806e-07,0
13,251,0,0.02916680876151181,0
14,95,0,0.0002362896507623732,0
15,57,0,0.318482517181599,0
16,284,0,4.6170244461503066e-07,0
17,51,1,0.9998453396468657,1
18,290,0,0.00017290160001272857,0
19,154,1,0.9863830703455646,1
20,200,0,1.0082679071259917e-07,0
21,44,0,3.891926167629165e-08,0
22,2,0,0.00027431192091937674,0
23,32,0,2.363424126039945e-06,0
24,189,0,0.0004679422350280947,0
25,31,1,0.07950202816774861,0
26,45,1,0.24915251068817243,0
27,331,1,0.8568194862998686,1
28,248,0,2.7763411435793573e-06,0
29,294,0,0.0007186883576680603,0
30,169,0,1.1547237106199355e-07,0
31,132,1,0.3660810089664623,0
32,15,0,1.524105663583293e-06,0
33,301,0,3.9261033703838935e-12,0
34,20,1,0.5999744136898032,1
35,41,0,0.05911363796242806,0
36,313,1,6.9949835578711856e-06,0
37,293,1,0.8152973833988288,1
38,79,0,2.8797530492466476e-07,0
39,105,0,0.006774491223602148,0
40,145,0,7.565330270506512e-05,0
41,19,0,0.2802159775355501,0
42,43,0,6.90154721498102e-05,0
43,288,0,7.619621181851061e-05,0
44,246,0,0.0011474851166126826,0
45,115,0,0.9983799858428976,1
46,109,0,0.8392323639829237,1
47,72,1,0.9999990163242758,1
48,123,1,0.0037111762089556944,0
49,229,1,0.0007627217976763293,0
50,205,0,0.03462452344162583,0
51,279,0,0.04773363358737822,0
52,332,0,0.0003102431296737766,0
53,87,0,0.00022227458934891402,0
54,310,1,6.983176354510617e-07,0
