,id,y_true,prob_lr_seed_5_skf_3_paras_22_C_100_weight_None_solver_lbfgs,class_lr_seed_5_skf_3_paras_22_C_100_weight_None_solver_lbfgs
0,203,0,0.02842565651204887,0
1,304,1,0.980682163193609,1
2,143,0,2.652940114004875e-05,0
3,318,1,0.9102545707430404,1
4,227,0,1.8227100436859966e-06,0
5,224,1,0.00730736035841157,0
6,114,0,5.737316439081164e-05,0
7,106,0,0.055724468879500465,0
8,175,0,1.1317410865459913e-07,0
9,308,0,0.017181126973360508,0
10,334,0,0.8977447940468228,1
11,182,0,0.002011231069326613,0
12,157,0,0.00045304700407774686,0
13,316,0,1.4973626803383684e-05,0
14,154,1,0.8746069605480825,1
15,44,0,1.5064015898337215e-09,0
16,2,0,0.0005368698949243877,0
17,185,0,0.5151082699286947,1
18,122,0,0.04414541676472543,0
19,16,0,0.00027245308831837527,0
20,199,0,2.927584528628835e-07,0
21,31,1,0.25941141221917063,0
22,17,0,0.0005667009211679205,0
23,45,1,0.13945616147922194,0
24,104,1,0.9813469342121655,1
25,276,0,1.1052351722348863e-09,0
26,230,0,0.02003008843162549,0
27,231,1,0.9962178999693622,1
28,15,0,2.3151006189101094e-05,0
29,326,0,4.5838110059960546e-05,0
30,170,0,9.703505798543893e-07,0
31,320,0,0.012911643531101366,0
32,166,0,0.003637347193720872,0
33,313,1,0.0001257040757107371,0
34,74,0,4.311596570129517e-05,0
35,212,0,0.020819637702720457,0
36,202,1,0.035154767754786334,0
37,267,0,2.8729198907158746e-08,0
38,105,0,0.03163732641828378,0
39,127,0,0.00023301185406983922,0
40,184,0,3.222642961597973e-08,0
41,237,0,0.0006077628214756755,0
42,19,0,0.13079157374819617,0
43,129,0,0.003637347193720872,0
44,295,0,0.0004627259231062396,0
45,138,1,0.09408444919715393,0
46,197,0,0.10202777990716423,0
47,124,0,8.403440017757379e-05,0
48,11,0,0.057031612400700246,0
49,218,1,0.9071193855022675,1
50,3,1,0.8790281506617393,1
51,119,1,0.9455013755754753,1
52,330,0,0.9909366731882414,1
