,id,y_true,prob_lr_seed_18_skf_4_paras_22_C_100_weight_None_solver_lbfgs,class_lr_seed_18_skf_4_paras_22_C_100_weight_None_solver_lbfgs
0,7,1,0.0001731500964897946,0
1,269,0,0.00021823468608614868,0
2,312,0,0.0006928478879291835,0
3,278,1,0.9949452268029396,1
4,227,0,3.7834786704254444e-07,0
5,201,1,0.9999061363618335,1
6,210,0,0.00040567541952465566,0
7,271,0,0.7156203422588863,1
8,65,0,0.5048575645709091,1
9,220,0,0.02151424679502086,0
10,95,0,0.002360497397836599,0
11,324,0,0.002890748207333053,0
12,54,1,2.200372276307563e-08,0
13,35,0,0.005125583851254404,0
14,316,0,0.00014868596727205503,0
15,290,0,0.051452551607535854,0
16,314,0,0.05761915885771299,0
17,162,0,0.007867364309508624,0
18,200,0,3.6895225316942203e-06,0
19,4,1,0.9896702589280788,1
20,122,0,0.11422994055342939,0
21,291,0,3.6818522495057314e-09,0
22,240,1,0.6187561416866512,1
23,31,1,0.7441053286677367,1
24,42,1,0.004192378886580124,0
25,208,1,0.0382163360844458,0
26,192,0,0.00041391542159579706,0
27,150,0,0.031185540184674416,0
28,21,0,2.185725235472512e-06,0
29,15,0,0.002230623811782201,0
30,326,0,6.045530879919779e-06,0
31,12,0,0.7992372329688208,1
32,320,0,0.0045482179831036855,0
33,60,0,1.4304747222743513e-05,0
34,214,0,0.993503941428479,1
35,68,0,0.5705210710701578,1
36,77,0,0.8605657967369655,1
37,39,1,0.6439413816339142,1
38,180,0,0.042697487911581684,0
39,202,1,5.3686247441415015e-05,0
40,267,0,2.0540211316414846e-07,0
41,105,0,0.2584952399037898,0
42,149,0,0.0005463626715142542,0
43,237,0,0.0067967722183628,0
44,305,1,0.00039801384851625407,0
45,172,0,0.9862081626817716,1
46,243,0,0.00015598653538437702,0
47,221,0,0.6490153459040795,1
48,124,0,0.005439509591699719,0
49,327,0,0.6190295584439681,1
50,229,1,0.0071246417660132365,0
51,3,1,0.013439203490774883,0
52,279,0,0.00555901926830813,0
