,id,y_true,prob_lr_seed_15_skf_0_paras_22_C_100_weight_None_solver_lbfgs,class_lr_seed_15_skf_0_paras_22_C_100_weight_None_solver_lbfgs
0,55,1,0.8971565169226918,1
1,8,0,5.6095032260953425e-08,0
2,195,1,0.9999189628295273,1
3,203,0,0.026933821367883443,0
4,306,0,0.000183240163770002,0
5,159,1,0.988502664451747,1
6,85,1,0.9825982334793181,1
7,201,1,0.999937080897732,1
8,65,0,0.29347446705197194,0
9,281,0,0.9986419645777337,1
10,233,0,0.9934486893699779,1
11,163,0,0.0044862328550253384,0
12,50,0,0.28185936635170616,0
13,63,1,0.9562809252351149,1
14,140,0,0.9145440671909013,1
15,171,0,0.010716692551425721,0
16,101,0,8.019460890402337e-05,0
17,209,0,0.004538850293712935,0
18,217,0,0.4156790013258279,0
19,33,1,0.8902947600925363,1
20,2,0,0.0063475680861287955,0
21,92,0,0.045279800150620816,0
22,291,0,3.003302952847023e-06,0
23,199,0,5.0775990069780124e-08,0
24,45,1,0.19548781978019442,0
25,277,0,1.20899530381718e-05,0
26,276,0,8.489353066732793e-09,0
27,230,0,0.20954636454823686,0
28,88,0,4.5852571232081534e-07,0
29,61,1,0.9904198920111018,1
30,132,1,0.9684658487235815,1
31,148,0,0.00522613320037259,0
32,326,0,2.3421668846781753e-05,0
33,41,0,2.4407398042769913e-05,0
34,320,0,0.029795580836235756,0
35,89,0,1.796935622603294e-09,0
36,183,0,0.9999981467935743,1
37,68,0,0.27784797885721857,0
38,74,0,7.726118188057084e-05,0
39,79,0,1.8295029313587736e-08,0
40,211,0,1.9749292387311324e-07,0
41,180,0,0.00018682334784683052,0
42,302,1,0.9573514888512392,1
43,237,0,0.039591704058058,0
44,129,0,0.0009856301215914933,0
45,300,1,0.9963910235313075,1
46,305,1,0.00040266516985312475,0
47,323,0,5.575947011932765e-08,0
48,295,0,0.0019563161878683928,0
49,242,0,3.61565559524507e-05,0
50,23,0,0.060058005062561974,0
51,327,0,0.010339877740974859,0
52,229,1,0.01151938402301798,0
53,3,1,0.0014403262873129378,0
54,262,0,1.3347860591653356e-07,0
