,id,y_true,prob_lr_seed_13_skf_4_paras_22_C_100_weight_None_solver_lbfgs,class_lr_seed_13_skf_4_paras_22_C_100_weight_None_solver_lbfgs
0,151,0,0.0004830557528825651,0
1,55,1,0.9611137433115501,1
2,8,0,2.973768644050963e-07,0
3,143,0,1.555438651079249e-05,0
4,85,1,0.9993742509607584,1
5,114,0,0.00016987556146304513,0
6,80,0,0.00037804481837499577,0
7,258,0,1.2291809922323757e-05,0
8,125,0,0.9416975429371984,1
9,168,1,0.9848232843836241,1
10,50,0,0.033182720420130395,0
11,69,0,0.001676610825861556,0
12,84,0,3.752576037378549e-07,0
13,171,0,0.013215229124547133,0
14,162,0,0.0029136455731293403,0
15,217,0,0.19445478459126198,0
16,200,0,2.64588302511683e-05,0
17,4,1,0.8082245636725827,1
18,44,0,3.4372340730006356e-09,0
19,185,0,0.1876993084804747,0
20,76,1,0.04761475019867938,0
21,317,0,0.02488926227274099,0
22,266,0,1.1296940627603288e-06,0
23,239,1,0.873439372613969,1
24,48,1,0.001672005957552362,0
25,27,0,0.1315794767362872,0
26,21,0,2.37364035211494e-09,0
27,61,1,0.9964498989806901,1
28,132,1,0.004804604813974433,0
29,94,0,5.657778353215858e-06,0
30,5,0,0.07538781826586853,0
31,12,0,0.9494973101007712,1
32,166,0,2.952873067785321e-05,0
33,275,1,0.9948734539708958,1
34,77,0,0.7505597355145859,1
35,74,0,1.1130619151576761e-07,0
36,293,1,0.8976186370458605,1
37,179,0,1.422206890184085e-09,0
38,245,0,0.00046720278603246,0
39,25,0,0.01933620244858999,0
40,267,0,1.5174935001788827e-07,0
41,145,0,0.00023889389262767604,0
42,295,0,0.00014382772339554794,0
43,86,1,0.9987432546190915,1
44,172,0,0.8567789501255159,1
45,115,0,0.9912675379648035,1
46,23,0,0.17854730877151004,0
47,221,0,0.01191749720898372,0
48,109,0,0.9992200021801552,1
49,229,1,0.0023129758737714195,0
50,11,0,0.008497776856707292,0
51,218,1,0.8876094570724912,1
52,330,0,0.9909606069220671,1
