,id,y_true,prob_lr_seed_10_skf_1_paras_22_C_100_weight_None_solver_lbfgs,class_lr_seed_10_skf_1_paras_22_C_100_weight_None_solver_lbfgs
0,204,0,0.00025135248357614255,0
1,201,1,0.9999403405252064,1
2,224,1,0.000678289537776255,0
3,65,0,0.09517090283929286,0
4,258,0,7.085805738728325e-06,0
5,134,1,0.9988214144909455,1
6,281,0,0.9991167905688182,1
7,334,0,0.999384025537867,1
8,164,0,0.7934296487700332,1
9,75,0,0.9505808968461532,1
10,69,0,1.9188156613772003e-05,0
11,289,1,1.867755773194172e-07,0
12,213,0,0.0001588704391255986,0
13,171,0,0.37149826434852534,0
14,133,0,0.002812827028726715,0
15,35,0,0.044372572167622235,0
16,157,0,0.0011986967084258921,0
17,316,0,2.627210073207452e-05,0
18,314,0,0.004284095044780513,0
19,215,0,0.6569582579933133,1
20,33,1,0.4002222547308457,0
21,178,0,0.7552194562079032,1
22,91,0,0.958512735132299,1
23,76,1,0.018641854687196806,0
24,16,0,0.000832354452309637,0
25,96,1,0.6114533913270779,1
26,266,0,1.390596144796651e-06,0
27,239,1,0.8597865340030715,1
28,18,0,0.00033064885352873826,0
29,108,0,0.040046856018148114,0
30,46,0,0.5569780918264295,1
31,136,0,3.946093852594845e-05,0
32,88,0,4.560806103273673e-06,0
33,27,0,0.0881991574853532,0
34,21,0,0.0024642751805123123,0
35,176,0,0.8869774656036425,1
36,320,0,0.0048445086744656725,0
37,214,0,0.9842104867636638,1
38,22,1,0.9465877296884412,1
39,39,1,0.08898215458325189,0
40,212,0,0.03084577190359446,0
41,296,0,0.4011007933297064,0
42,149,0,0.37149826434852534,0
43,184,0,1.04485145151077e-09,0
44,129,0,0.001307092702842685,0
45,300,1,0.9995827184542525,1
46,295,0,0.00025975859583606263,0
47,86,1,0.999807660913588,1
48,221,0,0.004790405099010817,0
49,37,0,0.5866471902027118,1
50,56,1,0.9999999999838518,1
51,119,1,0.7000193181414037,1
52,262,0,0.0009641835174602942,0
53,10,0,0.102404527950832,0
