,id,y_true,prob_lr_seed_7_skf_2_paras_22_C_100_weight_None_solver_lbfgs,class_lr_seed_7_skf_2_paras_22_C_100_weight_None_solver_lbfgs
0,144,0,0.9997153127734317,1
1,204,0,2.8831208030062013e-06,0
2,269,0,1.1944670452535325e-05,0
3,304,1,0.9780654874746919,1
4,159,1,0.7369874320162458,1
5,210,0,0.0058358604995880255,0
6,281,0,0.9998797001814157,1
7,40,0,0.0023052061690865,0
8,315,0,5.7824711338260946e-05,0
9,164,0,0.9998680334384347,1
10,75,0,0.38909203322007807,0
11,47,0,0.9988439218154118,1
12,303,0,4.823498518099373e-06,0
13,289,1,6.052745309714473e-07,0
14,84,0,2.13833698033844e-08,0
15,117,0,0.002536687897853886,0
16,335,0,3.155038231866308e-14,0
17,95,0,0.0011461377877105636,0
18,255,0,0.0013783028418240097,0
19,324,0,0.8756986177788878,1
20,314,0,0.5702900769876482,1
21,4,1,0.9547438777708821,1
22,153,0,0.6214891901522464,1
23,222,0,0.9254034338760206,1
24,178,0,0.13433587614774167,0
25,13,1,0.8251077176015563,1
26,32,0,3.161764948190542e-05,0
27,16,0,0.00041421134929753187,0
28,266,0,7.906039219382123e-07,0
29,239,1,0.9679723600598078,1
30,158,1,0.9847593307692055,1
31,108,0,0.02362255011616175,0
32,46,0,0.19791569902253042,0
33,230,0,0.004284430418265504,0
34,118,1,0.4375643849837775,0
35,132,1,0.49055051533272437,0
36,301,0,5.166349849407433e-10,0
37,12,0,0.6370396275034336,1
38,166,0,0.00025591112659091114,0
39,22,1,0.5921454423221382,1
40,293,1,0.5587206966994055,1
41,211,0,2.883943475417635e-07,0
42,145,0,0.0007659279063712582,0
43,127,0,8.626305423166123e-05,0
44,237,0,0.0016038733027786928,0
45,323,0,1.1905315916955902e-05,0
46,288,0,0.000522739407189315,0
47,242,0,8.022102664839294e-05,0
48,86,1,0.9944503363236836,1
49,221,0,0.15619233891135031,0
50,72,1,0.9999112276981859,1
51,121,1,0.9919605077741203,1
52,141,0,0.003208953669169994,0
