,id,y_true,prob_lr_seed_0_skf_4_paras_22_C_100_weight_None_solver_lbfgs,class_lr_seed_0_skf_4_paras_22_C_100_weight_None_solver_lbfgs
0,55,1,0.9927759918778906,1
1,203,0,0.14566589979470204,0
2,304,1,0.9470283862984687,1
3,318,1,0.6187117439638468,1
4,224,1,0.0008876245738515325,0
5,65,0,0.30436467789085264,0
6,173,0,0.1472434506787296,0
7,40,0,8.571556919563767e-05,0
8,130,0,2.8494248888496796e-05,0
9,175,0,8.342860314272374e-09,0
10,163,0,0.0018240817244085897,0
11,315,0,0.005127328000258862,0
12,182,0,0.005468444620914939,0
13,171,0,0.0029200103448826236,0
14,54,1,2.1571700566071058e-12,0
15,157,0,0.0004429881189547369,0
16,314,0,0.0518962268862129,0
17,215,0,0.29397359236814713,0
18,154,1,0.9497555847052455,1
19,4,1,0.9139991131149107,1
20,153,0,0.9954549016964988,1
21,222,0,0.02827794492861162,0
22,178,0,0.046025961056501745,0
23,185,0,0.47496655340671373,0
24,319,0,5.777197402540954e-05,0
25,317,0,0.006063856198399131,0
26,283,1,0.502488436644184,1
27,18,0,0.0007799176191136189,0
28,136,0,0.00043646427031626846,0
29,45,1,0.2543856374727539,0
30,137,1,0.6985801793790779,1
31,59,0,0.035432014832600535,0
32,27,0,0.17691099176346223,0
33,250,1,0.925096277187189,1
34,118,1,0.8227782238374989,1
35,14,0,0.0014668772809936143,0
36,53,0,0.0019181054274508527,0
37,89,0,3.251464006272562e-06,0
38,74,0,6.135321760267507e-06,0
39,79,0,3.734503320998359e-07,0
40,212,0,0.09716752921435319,0
41,184,0,2.8604509482953805e-07,0
42,272,0,6.059174971357156e-06,0
43,19,0,0.6311667240798909,1
44,295,0,0.0002801488228694228,0
45,242,0,0.0001028626936050747,0
46,172,0,0.8326075210570794,1
47,72,1,0.9999584812759924,1
48,327,0,0.0013401491415051343,0
49,37,0,0.03188875653685579,0
50,3,1,0.980861989484559,1
51,279,0,0.07910107382902519,0
52,216,0,0.21044513088836633,0
