,id,y_true,prob_lr_seed_13_skf_2_paras_22_C_100_weight_None_solver_lbfgs,class_lr_seed_13_skf_2_paras_22_C_100_weight_None_solver_lbfgs
0,144,0,0.9866871235042115,1
1,268,0,0.008894919679167371,0
2,195,1,0.9951160272669602,1
3,203,0,0.010330498726820882,0
4,194,0,0.0032003117469399864,0
5,134,1,0.9768369809496517,1
6,1,0,0.0001374751094359586,0
7,40,0,0.1327044997998437,0
8,219,1,0.9756164156541353,1
9,165,0,0.00010576093791888271,0
10,315,0,0.0005221531567478632,0
11,75,0,0.45456965299754426,0
12,167,0,0.04326817679596769,0
13,63,1,0.9907733516667826,1
14,47,0,0.9262693595723825,1
15,289,1,0.0026167331043382112,0
16,251,0,0.0569185437616188,0
17,213,0,5.235427525739252e-05,0
18,133,0,0.00034910175682778766,0
19,255,0,0.0028554827055999113,0
20,284,0,5.590905828805401e-07,0
21,35,0,0.12434913499346027,0
22,153,0,0.7109601496603326,1
23,91,0,0.0018450074170695801,0
24,16,0,0.0005880766403554202,0
25,199,0,2.0410064327434968e-08,0
26,110,0,0.002550104795770675,0
27,42,1,0.010969072878215273,0
28,192,0,0.00043567162673072244,0
29,59,0,0.008096403729153595,0
30,88,0,1.3355647139026711e-06,0
31,118,1,0.8206354767406455,1
32,14,0,0.0008723352457145678,0
33,320,0,0.009026886132701138,0
34,313,1,0.00042781807237278653,0
35,302,1,0.024240194510472098,0
36,296,0,0.9994206568544075,1
37,127,0,0.0002764307680077855,0
38,149,0,0.024025854168521637,0
39,129,0,0.0002586442576688387,0
40,242,0,0.00022248254493916395,0
41,138,1,0.06268847057986117,0
42,111,0,3.243790697714759e-10,0
43,72,1,0.999999991554655,1
44,124,0,0.00021745750694992296,0
45,327,0,0.02953950343142214,0
46,56,1,1.0,1
47,3,1,0.8595921969518612,1
48,205,0,0.002587449648305701,0
49,332,0,0.00010522210147125547,0
50,262,0,2.959648552746579e-06,0
51,310,1,1.757837000977712e-05,0
52,10,0,0.19269505162154563,0
