,id,y_true,prob_lr_seed_1_skf_2_paras_22_C_100_weight_None_solver_lbfgs,class_lr_seed_1_skf_2_paras_22_C_100_weight_None_solver_lbfgs
0,71,0,0.00029676017482246534,0
1,8,0,1.698824999059628e-07,0
2,90,0,0.0005381715398532741,0
3,304,1,0.9739702227290058,1
4,298,1,1.0666741788334745e-06,0
5,312,0,0.006590920851924077,0
6,278,1,0.9999812275682092,1
7,65,0,0.17704127518676172,0
8,163,0,5.497494954249751e-06,0
9,167,0,0.004411776850018646,0
10,70,0,3.370333683066168e-05,0
11,251,0,0.030343587199103766,0
12,255,0,0.016324589290085227,0
13,101,0,0.0009112446332707737,0
14,314,0,0.6368371560477987,1
15,217,0,0.05755232686917656,0
16,200,0,4.145761646473609e-05,0
17,153,0,0.8168516521188602,1
18,185,0,0.5063030899774125,1
19,122,0,0.0004442845466896782,0
20,317,0,0.019345543022568693,0
21,16,0,0.3145723976271213,0
22,223,0,2.9363655941637714e-07,0
23,333,0,0.013513254109569836,0
24,158,1,0.9241654651995794,1
25,45,1,0.16496335335277082,0
26,331,1,0.13900149813092647,0
27,208,1,0.5234635817296176,1
28,48,1,0.01558647266365012,0
29,277,0,3.516299575557496e-05,0
30,198,0,0.0019204111919796554,0
31,61,1,0.9945219872329828,1
32,38,0,9.758387756322481e-05,0
33,261,0,0.003026670992854969,0
34,293,1,0.9482106963362484,1
35,79,0,1.3109781121962567e-07,0
36,211,0,0.00012396147632093133,0
37,39,1,0.9076996484574859,1
38,212,0,0.7944117769458264,1
39,245,0,8.772735368792158e-05,0
40,105,0,0.7923573838281132,1
41,272,0,3.901257186291884e-06,0
42,288,0,0.003343173992900799,0
43,246,0,0.00031197659873495636,0
44,115,0,0.9983290186703302,1
45,23,0,0.03997187756821519,0
46,221,0,0.06437533156559094,0
47,72,1,0.9999999326342744,1
48,124,0,0.004876829186449128,0
49,37,0,0.042729583717744,0
50,56,1,0.9999999999999993,1
51,330,0,0.9865949308522189,1
52,310,1,8.19789039505539e-06,0
