,id,y_true,prob_lr_seed_14_skf_0_paras_22_C_100_weight_None_solver_lbfgs,class_lr_seed_14_skf_0_paras_22_C_100_weight_None_solver_lbfgs
0,236,0,0.0033984722100180594,0
1,90,0,0.0020589893164827556,0
2,143,0,7.421445723600878e-05,0
3,318,1,0.24863679681267967,0
4,298,1,7.589008975307454e-05,0
5,210,0,0.20887704244143684,0
6,114,0,4.2813307615580664e-05,0
7,106,0,0.22567885329590426,0
8,191,0,0.0020444256877645128,0
9,258,0,0.000169620232684741,0
10,130,0,0.0029220809799448883,0
11,219,1,0.9801644614752407,1
12,168,1,0.9797850269727895,1
13,50,0,0.07129925780624377,0
14,285,0,0.010595293174345047,0
15,182,0,0.009395292111654517,0
16,335,0,0.5636327963660323,1
17,171,0,0.02460616434842317,0
18,133,0,0.00015249062726313905,0
19,324,0,0.9738937300287966,1
20,35,0,0.001319952268781598,0
21,51,1,0.9997544016788052,1
22,290,0,0.3298125759087649,0
23,314,0,0.25615698493007005,0
24,33,1,0.9297807416109588,1
25,13,1,0.9486691749726116,1
26,319,0,0.0028621272418497355,0
27,16,0,0.0008050899145271145,0
28,199,0,1.3106477579173766e-08,0
29,31,1,0.52438228156097,1
30,266,0,4.917868386537739e-06,0
31,42,1,0.00798373949928841,0
32,248,0,3.217128675848892e-05,0
33,276,0,4.69713069959133e-09,0
34,152,0,0.018804705611512686,0
35,59,0,0.06727853757328484,0
36,118,1,0.7337671414545376,1
37,5,0,0.002894252888674716,0
38,102,0,0.004270122031449001,0
39,313,1,0.0046415328772935645,0
40,302,1,0.009304761741139209,0
41,274,0,0.07496989326744942,0
42,145,0,8.281101450650624e-05,0
43,127,0,0.0010146469501593927,0
44,184,0,1.2701024843886772e-08,0
45,43,0,0.00013564438568139866,0
46,323,0,2.3435075703660917e-10,0
47,288,0,0.0008745916571049664,0
48,295,0,0.00412691272247784,0
49,172,0,0.8847105397532358,1
50,23,0,0.20178148739573598,0
51,72,1,0.9999998582666848,1
52,56,1,0.9999999999999982,1
53,3,1,0.3404346478479926,0
54,10,0,0.09431618117037623,0
