,id,y_true,prob_lr_seed_18_skf_1_paras_22_C_100_weight_None_solver_lbfgs,class_lr_seed_18_skf_1_paras_22_C_100_weight_None_solver_lbfgs
0,8,0,7.206220201674844e-07,0
1,144,0,0.9999667059134832,1
2,90,0,0.020402744520499252,0
3,203,0,0.008294774437887106,0
4,159,1,0.6815149098324113,1
5,85,1,0.9793171623190583,1
6,134,1,0.9991692274825705,1
7,225,0,0.00314963122902497,0
8,130,0,4.1133273486407275e-05,0
9,125,0,0.9232236775319625,1
10,273,0,0.013506731970640994,0
11,168,1,0.9837179534393875,1
12,164,0,0.9971731301199187,1
13,75,0,0.8250854817225861,1
14,285,0,0.021659147078255735,0
15,167,0,0.0013990708258280965,0
16,70,0,1.0296452209757953e-07,0
17,47,0,0.8724912412260357,1
18,69,0,1.1222067312231652e-05,0
19,213,0,2.2699141827933006e-06,0
20,140,0,0.0683078438735867,0
21,57,0,0.00026234047177357714,0
22,66,1,0.9904111745509848,1
23,217,0,0.5188550537109529,1
24,33,1,0.5856011778372442,1
25,156,1,0.001614759213389859,0
26,13,1,0.7631512849239772,1
27,317,0,0.0005037669938299948,0
28,32,0,0.0006748893701713045,0
29,199,0,5.08751953855345e-10,0
30,333,0,0.05866811462140078,0
31,239,1,0.8146387606949045,1
32,104,1,0.9977789365293079,1
33,152,0,0.9107993951197741,1
34,148,0,8.157315439728347e-06,0
35,5,0,0.10723095747393352,0
36,14,0,0.003765025125917363,0
37,301,0,8.7280138008505e-09,0
38,20,1,0.10391290022327648,0
39,89,0,6.783748140257287e-07,0
40,78,0,8.531788336226293e-05,0
41,211,0,3.831646853905015e-07,0
42,139,0,0.00271324485610608,0
43,127,0,0.00042031843378549904,0
44,184,0,5.933838365934246e-10,0
45,43,0,1.054568168471278e-05,0
46,86,1,0.997878237709705,1
47,197,0,0.0070263155466782756,0
48,135,0,0.9852212222832649,1
49,11,0,0.0012860440609612426,0
50,218,1,0.9582209791600158,1
51,205,0,0.0068076730027101465,0
52,119,1,0.9678921417485924,1
53,332,0,0.0003055979565629999,0
