,id,y_true,prob_lr_seed_10_skf_3_paras_22_C_100_weight_None_solver_lbfgs,class_lr_seed_10_skf_3_paras_22_C_100_weight_None_solver_lbfgs
0,55,1,0.9346957100949426,1
1,268,0,0.0020606225327329977,0
2,90,0,0.0025560188091987126,0
3,278,1,0.9998622145748048,1
4,106,0,0.07606827718242296,0
5,225,0,0.0014670742834385353,0
6,1,0,0.00021345359799316026,0
7,125,0,0.9403386776901151,1
8,219,1,0.4932517490868768,0
9,163,0,1.411069103129872e-06,0
10,285,0,0.014849396147646889,0
11,303,0,2.8105485316471235e-07,0
12,140,0,0.47668154266587803,0
13,244,1,0.06703428176342101,0
14,181,1,0.03423536085847163,0
15,209,0,0.006469224336568688,0
16,217,0,0.4465396998800403,0
17,4,1,0.9730833714620072,1
18,13,1,0.8370269416335022,1
19,122,0,0.22241615539075918,0
20,291,0,2.272120840305758e-05,0
21,199,0,8.812118362571907e-08,0
22,253,0,0.0024446058848967174,0
23,110,0,0.003068513454224018,0
24,42,1,0.011481441651260221,0
25,48,1,8.640269199800945e-05,0
26,277,0,0.00020205152767905962,0
27,276,0,1.24642528296178e-07,0
28,250,1,0.8961238898788758,1
29,30,0,0.0002085522930274637,0
30,118,1,0.8729430987317903,1
31,326,0,4.358068191849015e-06,0
32,261,0,0.04438747941337261,0
33,12,0,0.7441757713802096,1
34,170,0,3.6778329639838173e-06,0
35,60,0,5.358043092807576e-06,0
36,275,1,0.9972206437625203,1
37,89,0,4.644009786469514e-05,0
38,78,0,0.16844423023456162,0
39,183,0,0.9999962591946281,1
40,77,0,0.7800912267359122,1
41,179,0,1.559978152370474e-07,0
42,211,0,5.331924283537292e-06,0
43,180,0,0.00038025767855762063,0
44,25,0,0.009731249622711961,0
45,280,0,0.08347809686519987,0
46,323,0,3.6867303827578423e-07,0
47,242,0,0.0003876673980238514,0
48,138,1,0.09039672017098943,0
49,243,0,0.0008972494388036913,0
50,23,0,0.11538481710152158,0
51,330,0,0.9860392132369578,1
52,116,1,0.8119113116539325,1
