,id,y_true,prob_lr_seed_7_skf_3_paras_22_C_100_weight_None_solver_lbfgs,class_lr_seed_7_skf_3_paras_22_C_100_weight_None_solver_lbfgs
0,203,0,0.011378747236893402,0
1,325,0,0.006855850861750383,0
2,306,0,0.0002886013907759848,0
3,278,1,0.9999584445847379,1
4,227,0,4.332231247996207e-06,0
5,114,0,2.534564063011189e-05,0
6,194,0,0.005062432768493637,0
7,65,0,0.28418546379127035,0
8,233,0,0.9828086831320744,1
9,308,0,0.07042927959892398,0
10,219,1,0.9618872837012803,1
11,165,0,0.00040072751948012897,0
12,168,1,0.9882100419533828,1
13,182,0,0.0005292028360592452,0
14,57,0,0.0004877895163585834,0
15,181,1,0.04774008501082909,0
16,209,0,0.0014357370809450732,0
17,162,0,0.0010249089642931394,0
18,44,0,5.258486827752939e-06,0
19,76,1,0.1473736288137541,0
20,96,1,0.22611385096873468,0
21,291,0,2.1599709935622547e-06,0
22,31,1,0.0884937271570841,0
23,17,0,0.0012977925429223552,0
24,248,0,0.0043784155148188526,0
25,192,0,2.1666561456367884e-05,0
26,30,0,0.00037701300827093287,0
27,169,0,2.1335784288443216e-05,0
28,148,0,0.027848422465566115,0
29,20,1,0.10702024869507705,0
30,38,0,0.00016467543282401624,0
31,326,0,2.5159965868927713e-06,0
32,78,0,0.7083226093850505,1
33,183,0,0.9999981301427582,1
34,68,0,0.019442729290819267,0
35,302,1,0.062369285385020984,0
36,25,0,0.01497569040491607,0
37,296,0,0.991710305146861,1
38,274,0,0.02624760370646055,0
39,105,0,0.25525816577670835,0
40,184,0,5.300844551055722e-11,0
41,138,1,0.06071293191452178,0
42,243,0,0.00013498599649255604,0
43,111,0,3.804163411137199e-09,0
44,23,0,0.21039041057298596,0
45,56,1,0.9999999999986418,1
46,218,1,0.9247222306223872,1
47,3,1,0.6717595482492861,1
48,205,0,0.04665913461594849,0
49,279,0,0.03280842419452646,0
50,332,0,0.0001386374897871877,0
51,330,0,0.9978340820766441,1
52,310,1,4.128633435405013e-06,0
