,id,y_true,prob_lr_seed_4_skf_4_paras_22_C_100_weight_None_solver_lbfgs,class_lr_seed_4_skf_4_paras_22_C_100_weight_None_solver_lbfgs
0,71,0,9.65402938898806e-05,0
1,55,1,0.9887009572463232,1
2,195,1,0.9939264009998776,1
3,24,1,0.9623880025642303,1
4,65,0,0.23198030523079088,0
5,233,0,0.9930668523156531,1
6,175,0,2.1363046589152253e-08,0
7,334,0,0.9118746264548722,1
8,285,0,0.012965024889357978,0
9,69,0,0.00026294242379056254,0
10,303,0,1.9314046816519797e-06,0
11,84,0,3.5536962101880636e-11,0
12,251,0,0.08179533627545303,0
13,213,0,0.0019496081688683638,0
14,140,0,0.4754869980324001,0
15,171,0,0.008367753876022148,0
16,244,1,0.29037718387586336,0
17,181,1,0.019105938300777864,0
18,54,1,1.8236793232901567e-05,0
19,35,0,0.01405466342797151,0
20,319,0,0.0007481138500884708,0
21,96,1,0.7165381141726854,1
22,199,0,1.5073273909272047e-07,0
23,31,1,0.668410395249235,1
24,136,0,2.300632216646814e-05,0
25,110,0,0.010255225681712932,0
26,230,0,0.029171102596686534,0
27,27,0,0.26324694767141693,0
28,118,1,0.8892047086688826,1
29,94,0,8.887403878898751e-05,0
30,5,0,0.23001686831571655,0
31,102,0,0.0004158355650268981,0
32,326,0,1.9023464837377215e-05,0
33,320,0,0.06649916650998965,0
34,60,0,2.9607371908077277e-07,0
35,293,1,0.29310648676010875,0
36,179,0,4.65876077545253e-08,0
37,39,1,0.8169603388551011,1
38,302,1,0.01295715013426389,0
39,267,0,2.3633981459660694e-07,0
40,145,0,0.004160874181737237,0
41,127,0,0.0004722377080406213,0
42,237,0,0.008127017769959657,0
43,19,0,0.33206473934479996,0
44,172,0,0.7229347184231695,1
45,115,0,0.9692069578046776,1
46,111,0,1.9395971863288202e-08,0
47,109,0,0.9120288553775906,1
48,121,1,0.9958750585936522,1
49,56,1,0.9999999541125809,1
50,332,0,0.0004905389202610761,0
51,216,0,0.11703010098797795,0
52,330,0,0.9376359582719834,1
