,id,y_true,prob_lr_seed_3_skf_3_paras_22_C_100_weight_None_solver_lbfgs,class_lr_seed_3_skf_3_paras_22_C_100_weight_None_solver_lbfgs
0,151,0,0.007058241691338648,0
1,106,0,0.7547970285621175,1
2,194,0,0.0012665775815534366,0
3,1,0,0.0011974808807144115,0
4,163,0,0.00022206345961629074,0
5,63,1,0.9924207049078664,1
6,47,0,0.9250262319492901,1
7,69,0,0.0004562420259149206,0
8,84,0,3.2171202474184694e-06,0
9,335,0,0.7265979340165736,1
10,213,0,5.550441719935102e-05,0
11,95,0,6.685461151546749e-05,0
12,66,1,0.9582492064454496,1
13,217,0,0.26920036338177994,0
14,200,0,1.5099094621848365e-05,0
15,322,0,0.961212613600466,1
16,76,1,0.000924794314246911,0
17,122,0,0.13764607342377344,0
18,16,0,0.6062187899975121,1
19,199,0,7.357998762795348e-08,0
20,253,0,0.00047174633191401325,0
21,18,0,0.0028936412030155624,0
22,17,0,0.005300191003249699,0
23,331,1,0.03392292898263505,0
24,104,1,0.8293149325127926,1
25,198,0,0.000335690934477933,0
26,93,0,0.0006749899731516948,0
27,88,0,6.940668072274937e-07,0
28,27,0,0.148076363884028,0
29,118,1,0.7093114496362822,1
30,94,0,9.003618275597417e-06,0
31,15,0,0.00013774090745837807,0
32,14,0,0.0019478615896753716,0
33,20,1,0.24708121538351555,0
34,68,0,0.05084648084451076,0
35,77,0,0.8646907996684073,1
36,293,1,0.5441192432100364,1
37,212,0,0.866765066930833,1
38,302,1,0.004007093255442394,0
39,127,0,0.00035592379135711234,0
40,300,1,0.9949345815981642,1
41,288,0,5.0615384215058826e-05,0
42,172,0,0.9286380209525601,1
43,115,0,0.9982140272568105,1
44,109,0,0.9083615701837672,1
45,72,1,0.9999170571311585,1
46,123,1,0.008411856257874035,0
47,327,0,0.014491733409887164,0
48,11,0,0.008529897990691048,0
49,218,1,0.8234374759093392,1
50,3,1,0.9785775058789602,1
51,332,0,0.0011262191446167057,0
52,216,0,0.10406307298807396,0
