,id,y_true,prob_lr_seed_14_skf_2_paras_22_C_100_weight_None_solver_lbfgs,class_lr_seed_14_skf_2_paras_22_C_100_weight_None_solver_lbfgs
0,7,1,0.004332043968871448,0
1,55,1,0.9842855639503353,1
2,269,0,6.590222930043269e-07,0
3,159,1,0.8263254549552164,1
4,224,1,3.716415296027387e-05,0
5,271,0,0.9519898889780495,1
6,281,0,0.999744412217275,1
7,1,0,0.002053874521103497,0
8,308,0,0.04864062292230234,0
9,125,0,0.39537885435012676,0
10,334,0,0.758138889575307,1
11,69,0,5.565268685920858e-06,0
12,303,0,4.5612105324462894e-08,0
13,251,0,0.052764397807211955,0
14,95,0,0.00030925308674509814,0
15,284,0,6.700393222324684e-07,0
16,54,1,2.581816848246326e-10,0
17,215,0,0.6927694984650611,1
18,44,0,7.406469353588088e-08,0
19,322,0,0.13856572393155012,0
20,228,0,0.0007511231711758313,0
21,189,0,0.00020779295851812516,0
22,253,0,0.13812802509771338,0
23,239,1,0.7581671890822079,1
24,18,0,0.015546338243130045,0
25,17,0,0.0007883306839486931,0
26,208,1,0.9479742373785623,1
27,150,0,0.6863471094478036,1
28,198,0,0.0006398515110726967,0
29,30,0,0.004118989337030288,0
30,231,1,0.9843987368552266,1
31,176,0,0.0003461973811812787,0
32,94,0,0.0035293920099350204,0
33,20,1,0.5567115125978093,1
34,38,0,4.220743376301745e-05,0
35,41,0,0.0013138167852030657,0
36,60,0,1.4275605353886136e-07,0
37,53,0,0.05012722855660576,0
38,275,1,0.9967127586984474,1
39,62,0,0.009935075687355636,0
40,22,1,0.7947510276613104,1
41,202,1,0.001087468372243327,0
42,272,0,2.3484776842391105e-07,0
43,19,0,0.5918481075871458,1
44,86,1,0.9999724587491757,1
45,115,0,0.9691365825423764,1
46,197,0,0.2004698671618263,0
47,109,0,0.16693564896837224,0
48,11,0,0.04373845234835498,0
49,37,0,0.04881394555541225,0
50,218,1,0.9473555901558134,1
51,279,0,0.02526968708945394,0
52,262,0,1.180727028798442e-05,0
