,id,y_true,prob_lr_seed_16_skf_3_paras_22_C_100_weight_None_solver_lbfgs,class_lr_seed_16_skf_3_paras_22_C_100_weight_None_solver_lbfgs
0,90,0,0.006939614436336392,0
1,306,0,0.000851587646623507,0
2,114,0,6.591586756849087e-05,0
3,106,0,0.028387420377048406,0
4,271,0,0.937533766966188,1
5,65,0,0.0029679283874202624,0
6,80,0,0.001378065835653842,0
7,191,0,0.001744025344612982,0
8,258,0,6.525617697916243e-05,0
9,225,0,0.0026928009325611975,0
10,219,1,0.9707054460081965,1
11,163,0,0.0015382049868222685,0
12,285,0,0.013478440193147038,0
13,70,0,3.713679620887404e-07,0
14,289,1,1.1820944209078409e-05,0
15,255,0,0.022451859040585328,0
16,324,0,0.9860239655212932,1
17,154,1,0.7239843536406579,1
18,33,1,0.976112188928337,1
19,322,0,0.10011198819305507,0
20,156,1,0.0030102685807714895,0
21,317,0,0.019868571710011718,0
22,16,0,0.015598862793973765,0
23,96,1,0.6605342720102727,1
24,223,0,1.885125612159691e-06,0
25,31,1,0.41836584940712684,0
26,333,0,0.011837148792020096,0
27,18,0,0.04351224402829386,0
28,45,1,0.2652549284925837,0
29,137,1,0.8548792665975561,1
30,277,0,7.301663548739855e-05,0
31,192,0,3.630037662887233e-05,0
32,250,1,0.9495204070941767,1
33,169,0,0.00011306549121923674,0
34,118,1,0.5446249779162033,1
35,102,0,0.007911588769309122,0
36,38,0,0.008358331600161892,0
37,170,0,2.781422265737155e-06,0
38,60,0,7.672692148833824e-06,0
39,62,0,0.00015209673132568328,0
40,22,1,0.5921628706888123,1
41,74,0,0.0006910205604274823,0
42,79,0,2.1047802516044565e-06,0
43,179,0,2.928064360548552e-08,0
44,280,0,0.008832224507793644,0
45,86,1,0.9985481942415355,1
46,135,0,0.9147446388413863,1
47,221,0,0.003785824099999191,0
48,123,1,0.04211463050904565,0
49,327,0,0.0011242166827275719,0
50,205,0,0.006690506594731808,0
51,141,0,0.04015662542496215,0
52,10,0,0.33004490570303924,0
