,id,y_true,prob_lr_seed_15_skf_3_paras_22_C_100_weight_None_solver_lbfgs,class_lr_seed_15_skf_3_paras_22_C_100_weight_None_solver_lbfgs
0,268,0,0.00010895844606052755,0
1,204,0,1.8041364001577122e-05,0
2,304,1,0.9847200068993247,1
3,114,0,0.00014272300330949502,0
4,106,0,0.02309066736971346,0
5,258,0,2.4322240477898847e-05,0
6,1,0,0.0015521001181101756,0
7,40,0,0.0011099663205576444,0
8,175,0,7.275301837950467e-09,0
9,308,0,0.0008784242550233305,0
10,219,1,0.9252107376199444,1
11,165,0,0.00045476121716772877,0
12,220,0,0.00832422549796313,0
13,167,0,0.034414868988756814,0
14,328,1,0.9937400684373743,1
15,307,0,0.9969203855656562,1
16,54,1,3.991362214267974e-11,0
17,35,0,0.009665644807612723,0
18,314,0,0.00012350170031636353,0
19,4,1,0.5971208528079159,1
20,44,0,2.4301356359711335e-07,0
21,153,0,0.9783452261151935,1
22,178,0,0.08890627229183574,0
23,156,1,0.0030349207528858287,0
24,91,0,0.00020370222794848016,0
25,161,0,0.0002118710226364082,0
26,319,0,0.008725826864471495,0
27,317,0,0.008825467309680188,0
28,32,0,2.3763711954934992e-06,0
29,96,1,0.5228276756427948,1
30,18,0,0.0001639371190638115,0
31,331,1,0.5205978906789255,1
32,42,1,2.6787674802826667e-05,0
33,48,1,0.018208990137269846,0
34,152,0,0.0007413879653243984,0
35,5,0,0.27364343679784314,0
36,102,0,0.0004128446874560234,0
37,38,0,0.007082094168502177,0
38,170,0,1.258806916334919e-07,0
39,60,0,1.371318780099783e-06,0
40,77,0,0.822799397785671,1
41,313,1,0.013773243527695187,0
42,39,1,0.8257770719783135,1
43,139,0,0.023985066946966692,0
44,127,0,0.00010966387225669225,0
45,272,0,1.5002090705226292e-05,0
46,288,0,0.00021378845599357913,0
47,138,1,0.29117435846393386,0
48,135,0,0.06941678347945887,0
49,109,0,0.24884094488337177,0
50,121,1,0.03811198564034346,0
51,216,0,0.1616140846459543,0
52,330,0,0.8698444293931966,1
