,id,y_true,prob_lr_seed_7_skf_0_paras_22_C_100_weight_None_solver_lbfgs,class_lr_seed_7_skf_0_paras_22_C_100_weight_None_solver_lbfgs
0,8,0,7.065583144140724e-08,0
1,143,0,4.906094823375496e-06,0
2,298,1,0.002009772400909054,0
3,201,1,0.999855632605898,1
4,80,0,0.0006115665134027086,0
5,258,0,1.4269825787461647e-05,0
6,70,0,4.966421804915838e-09,0
7,171,0,0.9607282805805843,1
8,244,1,0.027840821404154503,0
9,133,0,0.0009200035532113864,0
10,284,0,1.3892207209449165e-05,0
11,101,0,0.0003010169364568192,0
12,35,0,0.035457063035673565,0
13,66,1,0.988187250676084,1
14,154,1,0.9426464530882662,1
15,2,0,0.00010961780254686088,0
16,161,0,0.00011211512794025155,0
17,122,0,0.0005954276594041313,0
18,317,0,0.006401365550805759,0
19,333,0,0.0009476964324851765,0
20,18,0,0.002421753578994147,0
21,110,0,0.1849609197270309,0
22,208,1,0.5626725855351107,1
23,48,1,0.0010381543324978503,0
24,277,0,0.0013720136506619512,0
25,150,0,0.18987331325660975,0
26,294,0,2.951999263642411e-05,0
27,94,0,3.036036793821102e-07,0
28,15,0,0.00010085557546980134,0
29,146,0,0.036447063894082345,0
30,5,0,0.08812402541786453,0
31,261,0,0.0006865788714337907,0
32,41,0,0.0016594133406590478,0
33,275,1,0.9996548091184042,1
34,62,0,0.0004018854690747713,0
35,313,1,7.573764758258725e-08,0
36,74,0,7.835591521411306e-05,0
37,179,0,4.037227211736231e-07,0
38,39,1,0.4863210643256267,0
39,245,0,0.0005460986991155949,0
40,267,0,3.234891710126971e-08,0
41,139,0,0.005959178356271679,0
42,149,0,0.9607282805805843,1
43,300,1,0.9995557984095002,1
44,305,1,0.004406459511341455,0
45,197,0,0.022823941908109005,0
46,135,0,0.9707978232428272,1
47,124,0,0.0017207485065612051,0
48,229,1,0.050408265753993056,0
49,119,1,0.7893461759552576,1
50,216,0,0.09684890331340959,0
51,262,0,2.2315702353794895e-06,0
52,87,0,2.6948307979528667e-05,0
53,116,1,0.5991995223167942,1
54,10,0,0.24773818977401374,0
