,id,y_true,prob_lr_seed_18_skf_0_paras_22_C_100_weight_None_solver_lbfgs,class_lr_seed_18_skf_0_paras_22_C_100_weight_None_solver_lbfgs
0,71,0,3.723426713786927e-06,0
1,268,0,0.0004342789653137712,0
2,306,0,8.55945694061398e-05,0
3,298,1,1.5301586676700165e-13,0
4,190,0,0.1561937266040164,0
5,106,0,0.5031182871820679,1
6,258,0,5.393270375289159e-06,0
7,173,0,0.8399119471754911,1
8,233,0,0.9052306169264452,1
9,308,0,0.015750110954074026,0
10,219,1,0.40576426176300057,0
11,315,0,0.0016592881124728174,0
12,50,0,0.3266390551779131,0
13,63,1,0.9949794431591629,1
14,328,1,0.9018094479260258,1
15,251,0,0.15118424222791418,0
16,171,0,0.006770337192133635,0
17,133,0,0.0017586716214130983,0
18,255,0,0.0033703297488822054,0
19,284,0,2.607902271599813e-05,0
20,101,0,0.00031683447732894926,0
21,181,1,0.012863224020234135,0
22,209,0,0.04964266440221556,0
23,153,0,0.9915360583455596,1
24,178,0,0.13776836639617268,0
25,76,1,2.8901316299087176e-06,0
26,319,0,0.0009944237031508463,0
27,189,0,0.0029504354254138894,0
28,253,0,0.020405680973763034,0
29,283,1,0.5397988575021293,1
30,136,0,0.0003459384401301059,0
31,276,0,1.831659390787351e-10,0
32,198,0,0.0014872587249549205,0
33,59,0,0.2507510013723188,0
34,27,0,0.23889552264077085,0
35,61,1,0.9984293396393172,1
36,176,0,0.0002831586140893655,0
37,132,1,6.167508765779031e-05,0
38,94,0,1.000452071028808e-05,0
39,102,0,0.005113071928127216,0
40,170,0,4.718169274979039e-07,0
41,179,0,1.7424565296065688e-06,0
42,212,0,0.2225343506938923,0
43,25,0,0.06238238701949618,0
44,129,0,0.0005920763868585941,0
45,300,1,0.9998192664210441,1
46,323,0,1.7394189576809887e-08,0
47,115,0,0.651562290366338,1
48,138,1,0.16921093262967118,0
49,72,1,0.999999906098119,1
50,123,1,0.47047544035761907,0
51,56,1,1.0,1
52,330,0,0.9952179328522731,1
53,116,1,0.9356381422872593,1
54,10,0,0.9023508246293176,1
