,id,y_true,prob_lr_seed_13_skf_0_paras_22_C_100_weight_None_solver_lbfgs,class_lr_seed_13_skf_0_paras_22_C_100_weight_None_solver_lbfgs
0,204,0,1.0022849729208488e-05,0
1,304,1,0.9783774152346225,1
2,325,0,0.4776433370754323,0
3,312,0,0.8815727785817403,1
4,24,1,0.999987126864276,1
5,210,0,0.0007341778848060329,0
6,191,0,0.0018114231045562373,0
7,233,0,0.9920842847929872,1
8,308,0,0.0005907699101318163,0
9,220,0,0.00017555945312537903,0
10,328,1,0.9959349824948335,1
11,307,0,0.9999993625019373,1
12,324,0,0.38399394595941,0
13,101,0,0.00016862071237860754,0
14,181,1,0.06085020919178696,0
15,316,0,3.482949509304702e-05,0
16,2,0,0.015101077544435487,0
17,156,1,9.22662550986492e-05,0
18,13,1,0.11241031331563353,0
19,319,0,0.00352407356926895,0
20,92,0,0.004284344490829578,0
21,32,0,0.5113339620716743,1
22,223,0,3.373006344167005e-06,0
23,291,0,5.930797841802671e-05,0
24,253,0,0.0018317063782430842,0
25,283,1,0.06671172998611044,0
26,158,1,0.9082557479692988,1
27,17,0,0.0026093579320241107,0
28,108,0,0.003266401467180992,0
29,46,0,0.5206019037465259,1
30,136,0,0.0004150361545823384,0
31,45,1,0.13897207933694158,0
32,248,0,0.0014116311610058393,0
33,277,0,0.0015003569866988108,0
34,152,0,0.05380905067453774,0
35,294,0,1.3222853950997906e-07,0
36,30,0,0.008675958911827446,0
37,169,0,3.6388005481055514e-06,0
38,99,1,0.11405525271561497,0
39,15,0,0.0004014376412028389,0
40,146,0,0.009376970281144406,0
41,301,0,5.219587272857223e-11,0
42,20,1,0.5336982931610826,1
43,102,0,0.000363181602828783,0
44,183,0,0.9999994893663012,1
45,39,1,0.0025743707592790046,0
46,237,0,0.00272232818675147,0
47,272,0,1.9026384932129696e-05,0
48,300,1,0.9972737713198959,1
49,305,1,0.007043601524807961,0
50,323,0,4.755704794148273e-06,0
51,246,0,0.01828280380154701,0
52,197,0,0.3247231206353538,0
53,141,0,0.004804976432121739,0
54,119,1,0.11382217438760284,0
