,id,y_true,prob_lr_seed_6_skf_2_paras_22_C_100_weight_None_solver_lbfgs,class_lr_seed_6_skf_2_paras_22_C_100_weight_None_solver_lbfgs
0,55,1,0.9943846409808255,1
1,144,0,0.9999703099437652,1
2,204,0,5.88761493059843e-06,0
3,318,1,0.35379864348122786,0
4,227,0,5.856270161916905e-07,0
5,190,0,0.025869295422190863,0
6,194,0,0.00034192662739269893,0
7,65,0,0.22026183495467375,0
8,80,0,0.001567819669791566,0
9,40,0,0.10381558989821892,0
10,125,0,0.9432084033078422,1
11,285,0,0.013213204404937262,0
12,70,0,2.568843519948105e-07,0
13,251,0,0.033591146748010274,0
14,171,0,0.0046928553956863085,0
15,133,0,0.0012320999133008795,0
16,54,1,7.602449124363931e-16,0
17,290,0,0.011278387692168946,0
18,154,1,0.8106711075933735,1
19,217,0,0.0013322915243431982,0
20,4,1,0.7442160151448606,1
21,44,0,1.4431057119173664e-05,0
22,16,0,0.000389179997102596,0
23,96,1,0.2713778647335404,0
24,189,0,0.0007259925402150124,0
25,31,1,0.5670448623888076,1
26,253,0,0.0005037170716389012,0
27,158,1,0.9769680154695081,1
28,46,0,0.015049240519123222,0
29,331,1,0.780861108214818,1
30,137,1,0.9592133711809864,1
31,30,0,0.005105624313327389,0
32,99,1,0.8981712537200288,1
33,41,0,0.001383761716383843,0
34,320,0,0.018056337540787375,0
35,62,0,0.0006902591817636242,0
36,89,0,0.00019168846206101719,0
37,68,0,0.011712701784265526,0
38,79,0,1.2176731802244335e-07,0
39,202,1,2.2197440398435176e-05,0
40,296,0,0.770125993695435,1
41,274,0,0.8213016607092641,1
42,237,0,0.003984891928442599,0
43,19,0,0.7769352219528118,1
44,172,0,0.9262511793249358,1
45,111,0,2.9535436642337608e-08,0
46,197,0,0.26054322843679767,0
47,121,1,0.9717547022693279,1
48,205,0,0.008131728049350901,0
49,141,0,0.003893911434214974,0
50,216,0,0.16122065125547458,0
51,310,1,0.0004567454937235006,0
52,10,0,0.28760093935649794,0
