,id,y_true,prob_lr_seed_11_skf_1_paras_22_C_100_weight_None_solver_lbfgs,class_lr_seed_11_skf_1_paras_22_C_100_weight_None_solver_lbfgs
0,203,0,0.017591308249512928,0
1,143,0,2.0227514600050927e-05,0
2,306,0,0.0007479706009674467,0
3,24,1,0.6854164374551518,1
4,224,1,1.5599007809653873e-07,0
5,210,0,0.0014835772754497594,0
6,134,1,0.16514609277111797,0
7,233,0,0.9992358710602152,1
8,175,0,9.013906141699861e-09,0
9,220,0,0.012447171298243525,0
10,70,0,1.4790550081402926e-08,0
11,289,1,3.236399141955657e-05,0
12,307,0,0.999340375466016,1
13,117,0,0.4688815946013996,0
14,35,0,0.22829409507675233,0
15,162,0,0.04454799709361748,0
16,153,0,0.37030280081510536,0
17,291,0,5.432894257323263e-07,0
18,199,0,7.67063241021434e-08,0
19,189,0,9.862208672248567e-05,0
20,283,1,0.4016522011108697,0
21,158,1,0.010278559079069986,0
22,136,0,1.0670577709253233e-05,0
23,277,0,3.165787915673762e-05,0
24,198,0,0.0027183146023511432,0
25,30,0,0.002470350917833997,0
26,21,0,1.851150285582828e-05,0
27,148,0,0.0041862195142903375,0
28,14,0,0.003325369689124787,0
29,301,0,7.127536348054877e-12,0
30,38,0,0.0050786558900249345,0
31,41,0,0.17228674648220102,0
32,170,0,1.1153327137068216e-06,0
33,275,1,0.9890854928089553,1
34,78,0,0.0018819800031112687,0
35,313,1,1.4671877370525069e-05,0
36,293,1,0.004574792604320155,0
37,179,0,1.7314774674728422e-07,0
38,211,0,5.048115791692175e-06,0
39,212,0,0.29070050660396674,0
40,302,1,0.00010197833495697206,0
41,25,0,0.008605430684983182,0
42,149,0,0.006754273743719058,0
43,43,0,0.00041130642757770773,0
44,323,0,2.7768927835737017e-08,0
45,288,0,6.355360028107609e-06,0
46,86,1,0.999833563495472,1
47,197,0,0.2828061062119343,0
48,121,1,0.7572107199845002,1
49,327,0,8.882031090281733e-08,0
50,229,1,0.005484006819380657,0
51,218,1,0.004507507754762848,0
52,205,0,0.006240056696002811,0
53,10,0,0.10973662337739659,0
