,id,y_true,prob_lr_seed_12_skf_3_paras_22_C_100_weight_None_solver_lbfgs,class_lr_seed_12_skf_3_paras_22_C_100_weight_None_solver_lbfgs
0,71,0,1.0406730530210814e-06,0
1,268,0,1.6449305907078905e-05,0
2,318,1,0.5793986948099462,1
3,106,0,0.21608193728774774,0
4,194,0,0.0005652957474834549,0
5,273,0,0.009096285952383555,0
6,75,0,0.2457364982309184,0
7,285,0,3.917833949777494e-05,0
8,289,1,1.529380998813914e-12,0
9,117,0,0.9249333378284619,1
10,213,0,0.00010972839945818596,0
11,140,0,0.830991565071698,1
12,171,0,0.006168096094178244,0
13,95,0,0.0007759077828261033,0
14,133,0,0.0007543717532044416,0
15,101,0,0.00026176973705208226,0
16,181,1,0.000221995416688484,0
17,157,0,2.5867088761281956e-05,0
18,51,1,0.998125679217079,1
19,316,0,0.00040294377185696165,0
20,314,0,0.8417813152419215,1
21,322,0,0.8136515955139193,1
22,161,0,2.393865883804492e-05,0
23,319,0,0.0005652957474834549,0
24,16,0,0.0034258715212561676,0
25,239,1,0.7959693751105248,1
26,18,0,0.16968952183712008,0
27,48,1,3.6430976988961834e-05,0
28,248,0,6.935537765743826e-05,0
29,192,0,6.572690708480047e-06,0
30,198,0,0.0002682773788406346,0
31,294,0,0.004680313085962091,0
32,59,0,0.010673286190992956,0
33,88,0,2.351303049408126e-09,0
34,231,1,0.9913424996737663,1
35,61,1,0.9929717954912795,1
36,176,0,0.01310141021847102,0
37,99,1,0.9146201825200939,1
38,214,0,0.9911089485362751,1
39,53,0,0.0604127496769023,0
40,275,1,0.9916569156221772,1
41,68,0,1.8721146126094719e-07,0
42,74,0,1.545276150140048e-05,0
43,79,0,1.0936881606201211e-06,0
44,212,0,0.9964475173886422,1
45,202,1,3.00702845956975e-08,0
46,272,0,2.0494331116164142e-07,0
47,172,0,0.9796353212120077,1
48,327,0,0.24001176238293565,0
49,56,1,0.9999999999982292,1
50,218,1,0.8957516795635596,1
51,262,0,1.090908844775338e-07,0
52,116,1,0.6786733638729966,1
