,id,y_true,prob_lr_seed_12_skf_4_paras_22_C_100_weight_None_solver_lbfgs,class_lr_seed_12_skf_4_paras_22_C_100_weight_None_solver_lbfgs
0,144,0,0.9680333613058305,1
1,195,1,0.9920150388343156,1
2,159,1,0.6770345275650463,1
3,312,0,0.5655714574376871,1
4,80,0,0.0011422333167456504,0
5,173,0,0.017674914212570194,0
6,134,1,0.9987888312671455,1
7,225,0,0.020297457032675107,0
8,165,0,0.003983573069049935,0
9,69,0,0.0005582899915488983,0
10,162,0,0.0143059935491064,0
11,66,1,0.6850522097239825,1
12,154,1,0.5093614695145723,1
13,217,0,0.2392613971845228,0
14,200,0,0.0001929365965171436,0
15,44,0,9.784472607011725e-07,0
16,222,0,0.6957617654972574,1
17,156,1,0.0008524491993358238,0
18,185,0,0.06816241085131168,0
19,13,1,0.677071848072206,1
20,92,0,0.02290074026305596,0
21,96,1,0.05553315428479598,0
22,240,1,0.007856377719581665,0
23,253,0,0.01569194639502764,0
24,283,1,0.6682464303598944,1
25,17,0,0.002209540289055357,0
26,110,0,0.011336012837592063,0
27,208,1,0.6364035732958557,1
28,230,0,0.0008325040713900574,0
29,152,0,0.8527102792993336,1
30,27,0,0.1309629659314013,0
31,30,0,0.010662277323385906,0
32,169,0,3.400965814754779e-05,0
33,148,0,0.000789624029009708,0
34,301,0,5.628457100258807e-09,0
35,38,0,0.016228475268993004,0
36,12,0,0.995660523415708,1
37,41,0,0.07233100862052237,0
38,62,0,0.013909001058430756,0
39,77,0,0.8652391203737338,1
40,293,1,0.0005238478128929617,0
41,296,0,0.9826707809376107,1
42,139,0,0.008321415819598929,0
43,145,0,0.0003188829261251424,0
44,127,0,4.159456377191968e-05,0
45,149,0,0.0005316947030683375,0
46,184,0,1.6018031816694123e-07,0
47,288,0,9.817963222200695e-05,0
48,115,0,0.963484148547395,1
49,197,0,0.41858412682330665,0
50,123,1,0.04368084742114122,0
51,119,1,0.9656877668217366,1
52,330,0,0.6503863144963958,1
