,id,y_true,prob_lr_seed_18_skf_3_paras_22_C_100_weight_None_solver_lbfgs,class_lr_seed_18_skf_3_paras_22_C_100_weight_None_solver_lbfgs
0,204,0,0.00021276490302202803,0
1,195,1,0.993428131440449,1
2,304,1,0.9792596472805494,1
3,143,0,6.8965493232567495e-06,0
4,318,1,0.269811151165348,0
5,24,1,0.9796390199975598,1
6,114,0,0.00013516144572531662,0
7,80,0,0.0012212456606494823,0
8,281,0,0.9962058803556028,1
9,1,0,0.0010777649654709874,0
10,40,0,0.001845903461696859,0
11,175,0,5.1415806474355517e-08,0
12,165,0,2.1771189046003063e-05,0
13,334,0,0.9999535223498688,1
14,182,0,0.007547508507254228,0
15,307,0,0.99476085823623,1
16,84,0,7.573465722016791e-05,0
17,117,0,0.025735496543478443,0
18,157,0,0.00030646292844506206,0
19,51,1,0.9992649632250861,1
20,154,1,0.2940632266745236,0
21,2,0,5.1314777730095444e-05,0
22,222,0,0.013793957639334838,0
23,91,0,0.9959835743210955,1
24,161,0,3.3992983324601867e-06,0
25,92,0,5.426669420363838e-05,0
26,266,0,1.9608371251503143e-06,0
27,18,0,8.167322318595223e-06,0
28,45,1,0.25352283427077155,0
29,110,0,0.014189667766835461,0
30,331,1,0.18760877562281397,0
31,248,0,3.414904853808612e-05,0
32,277,0,0.0001289688175458677,0
33,93,0,0.0003046341723138454,0
34,294,0,0.09445608872053789,0
35,286,1,0.7557170710091281,1
36,118,1,0.20849885978846802,0
37,99,1,0.5930133127210765,1
38,261,0,0.0018060027154063521,0
39,41,0,0.00048330963842918063,0
40,166,0,0.004331233500794164,0
41,275,1,0.993428131440449,1
42,79,0,2.7516220787687522e-09,0
43,245,0,3.2997349126278434e-05,0
44,302,1,0.8613648987941855,1
45,274,0,0.0018729246831866132,0
46,19,0,0.9062778694287107,1
47,288,0,0.00014572156269990175,0
48,242,0,5.919211211450278e-06,0
49,111,0,2.5146541548931305e-09,0
50,262,0,2.2475937165783163e-05,0
51,87,0,0.005000041335466182,0
52,310,1,0.0005322207964650224,0
