,id,y_true,prob_lr_seed_3_skf_4_paras_22_C_100_weight_None_solver_lbfgs,class_lr_seed_3_skf_4_paras_22_C_100_weight_None_solver_lbfgs
0,71,0,3.340744760350253e-05,0
1,7,1,0.03608267264956612,0
2,8,0,4.229955290345421e-07,0
3,204,0,8.599599794716117e-05,0
4,278,1,0.9983338884528241,1
5,224,1,6.253658723934727e-09,0
6,65,0,0.05366732905191796,0
7,134,1,0.1543919924446555,0
8,281,0,0.9999293063379942,1
9,308,0,0.011579409517655953,0
10,273,0,0.008754031082180005,0
11,133,0,0.0013198246028671959,0
12,255,0,0.02041965029741806,0
13,35,0,0.03744195670124179,0
14,51,1,0.9997175813540061,1
15,290,0,0.13161221242019855,0
16,222,0,0.08921089512947074,0
17,178,0,0.06102721355152324,0
18,32,0,0.00025748338227417773,0
19,96,1,0.5882350677813857,1
20,291,0,1.3047822564858272e-07,0
21,240,1,0.6625532813860934,1
22,333,0,0.8025807175331694,1
23,158,1,0.9752167956622697,1
24,110,0,0.036261366115673,0
25,48,1,0.003447103212351688,0
26,277,0,0.00029639908576757797,0
27,192,0,0.0006978901579991261,0
28,152,0,0.0014166087111860519,0
29,286,1,0.8384275302934426,1
30,169,0,2.785102873401194e-07,0
31,231,1,0.9990163004704359,1
32,148,0,0.010414911358373203,0
33,102,0,0.0002991730223012731,0
34,326,0,2.7329391914501096e-06,0
35,214,0,0.995711945464478,1
36,89,0,7.790122719908157e-07,0
37,74,0,9.643420209851516e-05,0
38,79,0,2.424328640136438e-06,0
39,179,0,4.4842136979575996e-07,0
40,211,0,2.209109660949184e-07,0
41,39,1,0.6542897928346771,1
42,180,0,0.010202697865339073,0
43,202,1,0.04298735880597249,0
44,274,0,0.0021955702736369356,0
45,19,0,0.019768067272408752,0
46,280,0,0.1623336340690295,0
47,43,0,0.00022720358994008893,0
48,295,0,3.1989603642763584e-05,0
49,124,0,0.001583209702241153,0
50,121,1,0.8982396266655313,1
51,87,0,1.835449450249808e-05,0
52,10,0,0.15030740228418485,0
