,id,y_true,prob_lr_seed_8_skf_1_paras_22_C_100_weight_None_solver_lbfgs,class_lr_seed_8_skf_1_paras_22_C_100_weight_None_solver_lbfgs
0,268,0,5.910012041066684e-05,0
1,325,0,0.00480466100255417,0
2,306,0,1.065898485763953e-05,0
3,278,1,0.9990902704353525,1
4,85,1,0.9988682357038067,1
5,201,1,0.9999963892740673,1
6,190,0,0.467445906983716,0
7,80,0,0.0030623960130567607,0
8,134,1,0.9986362238109091,1
9,40,0,0.0021118307152828597,0
10,233,0,0.966477663625107,1
11,165,0,0.0003138810783981246,0
12,50,0,0.43715909012781073,0
13,167,0,0.17395843384720835,0
14,69,0,0.00050782098179699,0
15,303,0,4.055662212542099e-08,0
16,213,0,2.2472145818751487e-05,0
17,140,0,0.924782115267128,1
18,4,1,0.999844834447981,1
19,44,0,9.364061459761263e-07,0
20,222,0,0.4162696783490823,0
21,322,0,0.9138636529772989,1
22,185,0,0.315767318763902,0
23,13,1,0.8586607257461437,1
24,76,1,0.01636565151370513,0
25,32,0,5.695723240967448e-06,0
26,199,0,9.527024923565373e-08,0
27,333,0,0.017698929258062743,0
28,283,1,0.21043217074546758,0
29,108,0,0.02430000516736057,0
30,277,0,8.879924488054353e-06,0
31,150,0,0.10691703630702248,0
32,93,0,0.0007800141304062943,0
33,294,0,0.018507444104830906,0
34,102,0,0.06519842453231627,0
35,326,0,1.498932015224739e-06,0
36,261,0,0.03983347837757108,0
37,166,0,0.0021187846560021015,0
38,62,0,0.00041901335018450865,0
39,68,0,0.0010190197399349487,0
40,74,0,0.00037507216451737276,0
41,39,1,0.8157110165665872,1
42,212,0,0.6939095622163728,1
43,43,0,0.00010565140113538742,0
44,300,1,0.9855351094794814,1
45,138,1,0.2733685037981183,0
46,111,0,6.581495005227819e-10,0
47,135,0,0.8807155856453319,1
48,109,0,0.40530935781685135,0
49,121,1,0.9249565097199779,1
50,11,0,3.844214857549227e-05,0
51,37,0,0.025100575093166072,0
52,310,1,5.51733710872378e-07,0
53,116,1,0.9729255814842327,1
