,id,y_true,prob_lr_seed_8_skf_2_paras_22_C_100_weight_None_solver_lbfgs,class_lr_seed_8_skf_2_paras_22_C_100_weight_None_solver_lbfgs
0,236,0,0.015701327775784393,0
1,90,0,0.01599343349007929,0
2,269,0,5.557903765915338e-06,0
3,143,0,1.0046083071011802e-05,0
4,159,1,0.5334564315784334,1
5,24,1,0.9999363495188733,1
6,224,1,0.01886797091080045,0
7,258,0,6.440210506142579e-06,0
8,175,0,1.858622747893679e-08,0
9,308,0,0.0017980157850855634,0
10,125,0,0.9880716309172743,1
11,219,1,0.9203444511971988,1
12,315,0,0.0006318065185789987,0
13,164,0,0.534113136405232,1
14,75,0,0.22424611425010935,0
15,171,0,0.00923138666026187,0
16,255,0,0.002762887424262481,0
17,314,0,0.0005376767193595546,0
18,215,0,0.21772468154296212,0
19,217,0,0.021460674746078615,0
20,200,0,6.954049957475588e-06,0
21,156,1,0.00033232251343322564,0
22,319,0,0.003661552275167705,0
23,92,0,0.0006159142785448587,0
24,223,0,1.231422862049464e-06,0
25,253,0,0.00026156926443347876,0
26,18,0,0.004776523654301846,0
27,45,1,0.4199056699624256,0
28,42,1,0.001915724055748751,0
29,104,1,0.9990352398381196,1
30,152,0,0.943538364210722,1
31,61,1,0.9290669693048194,1
32,176,0,0.0073560851448126775,0
33,15,0,5.2611373563402544e-05,0
34,301,0,1.5524605545615313e-09,0
35,20,1,0.49563366110212803,0
36,38,0,0.012310613114405951,0
37,41,0,0.015175829250716465,0
38,275,1,0.9913416287156561,1
39,89,0,4.562812306190025e-05,0
40,79,0,1.502028414999237e-05,0
41,211,0,8.196123813498495e-06,0
42,180,0,0.004968415661271945,0
43,202,1,0.01918643054098291,0
44,274,0,0.05650176659788468,0
45,184,0,3.3857301460691808e-09,0
46,242,0,0.0002550371317309654,0
47,115,0,0.8852555276387588,1
48,221,0,0.027696334444860502,0
49,72,1,0.999949350090418,1
50,124,0,0.0003782920223005598,0
51,218,1,0.9705466882021403,1
52,262,0,4.207017120338391e-05,0
