,id,y_true,prob_lr_seed_9_skf_3_paras_22_C_100_weight_None_solver_lbfgs,class_lr_seed_9_skf_3_paras_22_C_100_weight_None_solver_lbfgs
0,151,0,4.927391784954667e-05,0
1,236,0,0.011335803721772638,0
2,159,1,0.8415582869653031,1
3,318,1,0.9950887410263124,1
4,227,0,8.845172935945112e-09,0
5,224,1,0.0004157041356158588,0
6,114,0,7.123272138878425e-07,0
7,258,0,3.140604440986664e-05,0
8,308,0,0.0019702515279802464,0
9,125,0,0.7129035290944099,1
10,70,0,8.966570075185535e-09,0
11,303,0,1.0728011772584853e-08,0
12,57,0,8.200207183904008e-05,0
13,324,0,0.9999909749659976,1
14,215,0,0.22127849342297942,0
15,66,1,0.9422631995370545,1
16,154,1,0.9155689431780965,1
17,217,0,0.35202209024571507,0
18,156,1,0.0006743255574012941,0
19,185,0,0.08103399209324486,0
20,122,0,0.12325214823115575,0
21,228,0,0.0005078347297835352,0
22,319,0,0.00284475571416506,0
23,253,0,0.002932593932173366,0
24,266,0,3.3741725159767134e-06,0
25,46,0,0.0008246733456660815,0
26,48,1,0.0005288891833857628,0
27,137,1,0.9631392585837147,1
28,276,0,2.0776486622013125e-09,0
29,152,0,0.00023882341605144038,0
30,198,0,0.000770619450508663,0
31,294,0,8.307683145275826e-06,0
32,59,0,0.09162539521799416,0
33,30,0,0.0009389062941772573,0
34,99,1,0.7161064701939275,1
35,326,0,2.272275573711616e-05,0
36,261,0,0.0011787433603096134,0
37,183,0,0.9999831539229284,1
38,68,0,0.9833485508833835,1
39,77,0,0.8773562590699515,1
40,74,0,0.00021948403573688032,0
41,25,0,0.0026588897546666987,0
42,237,0,0.0032292669026853234,0
43,43,0,0.0007969613608754254,0
44,288,0,3.265324103533259e-05,0
45,86,1,0.9999541825078923,1
46,246,0,0.00658839491025222,0
47,138,1,0.18382074505739662,0
48,135,0,0.9723996737522068,1
49,109,0,0.9999987580741377,1
50,72,1,0.9999822476154114,1
51,218,1,0.942150557162919,1
52,116,1,0.996809391033638,1
