,id,y_true,prob_lr_seed_5_skf_2_paras_22_C_100_weight_None_solver_lbfgs,class_lr_seed_5_skf_2_paras_22_C_100_weight_None_solver_lbfgs
0,55,1,0.5327106851101363,1
1,268,0,4.039182196039902e-06,0
2,195,1,0.9993710484519479,1
3,298,1,1.2453598774080247e-07,0
4,312,0,0.018136124454027187,0
5,278,1,0.9999629515120014,1
6,194,0,0.0011499169110001063,0
7,80,0,0.00019971278115312588,0
8,40,0,1.0389909965521194e-05,0
9,165,0,0.0013079904656984884,0
10,163,0,0.0020395305351022883,0
11,273,0,0.0043768516900303065,0
12,69,0,7.695401468896608e-05,0
13,84,0,5.1843901202167365e-09,0
14,244,1,0.5971478795275719,1
15,133,0,0.0007151862695745128,0
16,324,0,0.6224205283731823,1
17,290,0,0.029732322251062714,0
18,314,0,0.593857203044068,1
19,215,0,0.08887618526159015,0
20,200,0,5.818691111544721e-06,0
21,222,0,0.2767386888395665,0
22,178,0,0.08846808752491311,0
23,13,1,0.6130506505740984,1
24,91,0,0.0983209621907632,0
25,317,0,0.04022328132919174,0
26,32,0,5.151673796957551e-06,0
27,96,1,0.2896652193045526,0
28,223,0,0.00011110457080930106,0
29,291,0,2.4799188809402456e-06,0
30,333,0,0.012023989718141517,0
31,239,1,0.9092185178029772,1
32,110,0,0.011189472720568769,0
33,208,1,0.3679382872505026,0
34,192,0,0.0006376364628785427,0
35,250,1,0.8975453778543149,1
36,94,0,7.838699711384294e-06,0
37,148,0,0.008496242201536821,0
38,99,1,0.905064690255844,1
39,5,0,0.0015991831089954348,0
40,14,0,0.0027528609816835047,0
41,214,0,0.9540972494198748,1
42,22,1,0.4718929136413498,0
43,245,0,9.80097711094168e-05,0
44,272,0,0.0001020504922078266,0
45,43,0,0.00012052429545290394,0
46,288,0,0.001513463571431312,0
47,115,0,0.9859770826342512,1
48,123,1,0.009634856044985936,0
49,327,0,0.022387011755055516,0
50,56,1,0.999999999880008,1
51,332,0,0.000361582576927293,0
52,87,0,6.101484335038967e-06,0
