,id,y_true,prob_lr_seed_2_skf_1_paras_22_C_100_weight_None_solver_lbfgs,class_lr_seed_2_skf_1_paras_22_C_100_weight_None_solver_lbfgs
0,151,0,0.00034675787123345094,0
1,7,1,0.4246053475101449,0
2,236,0,0.03730361116435403,0
3,195,1,0.9932802724141359,1
4,269,0,1.2436820209048963e-07,0
5,143,0,2.2078294568869566e-06,0
6,24,1,0.9999699837199665,1
7,201,1,0.9998749497510112,1
8,224,1,1.3885045006034416e-07,0
9,258,0,8.118746194413934e-06,0
10,1,0,0.0015721619150828017,0
11,219,1,0.971497623040133,1
12,164,0,0.9701447526958566,1
13,220,0,0.22323507386093647,0
14,289,1,2.3826950737432315e-09,0
15,35,0,0.22388216448284995,0
16,222,0,0.06211392432853786,0
17,185,0,0.24253459749309184,0
18,92,0,0.000574715025270143,0
19,199,0,5.8871809463060764e-08,0
20,17,0,0.009505041455855357,0
21,48,1,8.669622802395216e-05,0
22,137,1,0.9147844472713965,1
23,277,0,0.0003580102791837641,0
24,276,0,1.2516624926446576e-09,0
25,230,0,0.005731744855575375,0
26,150,0,0.4932555496181804,0
27,169,0,3.6203753128003766e-08,0
28,61,1,0.962901057903983,1
29,148,0,0.0006151327580685474,0
30,38,0,0.005023539525169641,0
31,326,0,7.007858965248439e-06,0
32,170,0,8.92349685677941e-06,0
33,214,0,0.9973505806433093,1
34,166,0,0.00013069759572947387,0
35,62,0,0.00028179389474052805,0
36,183,0,0.9994174894627755,1
37,77,0,0.44549966139639235,0
38,74,0,3.175083287359347e-05,0
39,293,1,0.47772024292365955,0
40,202,1,5.03473770605866e-09,0
41,267,0,2.102335537449482e-08,0
42,274,0,0.001631505896228587,0
43,145,0,0.0003804333889471684,0
44,184,0,5.484705525684866e-07,0
45,237,0,0.0017232479603143047,0
46,19,0,0.2704265301937745,0
47,43,0,4.851414675423918e-05,0
48,295,0,3.0559334426204404e-05,0
49,72,1,0.999895130798257,1
50,124,0,0.0004713938842074195,0
51,327,0,5.712377870830838e-07,0
52,141,0,0.2848063627380788,0
53,116,1,0.9924315900937957,1
