,id,y_true,prob_lr_seed_4_skf_0_paras_22_C_100_weight_None_solver_lbfgs,class_lr_seed_4_skf_0_paras_22_C_100_weight_None_solver_lbfgs
0,151,0,0.00022373689447663912,0
1,90,0,0.003914173110093103,0
2,143,0,4.207119777235587e-06,0
3,298,1,6.188531395091411e-08,0
4,227,0,5.1117301451310764e-05,0
5,106,0,0.008686034574755567,0
6,134,1,0.9992179934945332,1
7,281,0,0.9994366217820975,1
8,308,0,0.24597082449163363,0
9,125,0,0.008973360717656111,0
10,47,0,0.5345808591914891,1
11,289,1,6.0456725795660326e-05,0
12,57,0,0.0009974406077845836,0
13,51,1,0.9996703794124829,1
14,290,0,0.05555060193358985,0
15,209,0,0.0017489108748574244,0
16,33,1,0.9646362052011251,1
17,156,1,0.006616680536859948,0
18,185,0,0.13632434787536424,0
19,13,1,0.770159510378488,1
20,91,0,0.03923978050300813,0
21,317,0,0.0008412383607282652,0
22,92,0,0.0004977047540930753,0
23,291,0,4.315991571392975e-05,0
24,18,0,0.0003712843056429258,0
25,108,0,0.09540386548840339,0
26,46,0,0.02802211874374682,0
27,45,1,0.43767100266829445,0
28,331,1,0.14732326278273827,0
29,152,0,0.044258534233537344,0
30,150,0,0.4662447900669204,0
31,21,0,0.0004003866748638383,0
32,176,0,0.02654410077019015,0
33,132,1,0.011069090343977604,0
34,20,1,0.72130779283749,1
35,78,0,0.009129277665499147,0
36,211,0,2.3608350007124663e-06,0
37,245,0,0.00157640362875951,0
38,25,0,0.12851668521700624,0
39,296,0,0.9994936640713609,1
40,129,0,0.00034468143917570324,0
41,300,1,0.9988771665136109,1
42,323,0,0.00076729270103176,0
43,295,0,0.012108651293129059,0
44,86,1,0.9995626015996033,1
45,23,0,0.007376139204674746,0
46,221,0,0.9202747568040124,1
47,72,1,0.9999726540310374,1
48,124,0,0.0027765538217158496,0
49,327,0,0.04594844370823152,0
50,11,0,0.0002274889512948901,0
51,37,0,0.04832592521586626,0
52,205,0,0.011800595796714481,0
53,262,0,4.452601147842934e-06,0
54,310,1,4.422605351880273e-05,0
