,id,y_true,prob_lr_seed_9_skf_0_paras_22_C_100_weight_None_solver_lbfgs,class_lr_seed_9_skf_0_paras_22_C_100_weight_None_solver_lbfgs
0,55,1,0.9634447895674332,1
1,312,0,0.019925646042078,0
2,201,1,0.9997053757461913,1
3,190,0,0.02130283517688929,0
4,194,0,0.0006972469606061593,0
5,65,0,0.0991616223050764,0
6,191,0,0.0720498593039077,0
7,281,0,0.9941994568216179,1
8,225,0,0.003880152292917254,0
9,1,0,0.0021370558510116983,0
10,233,0,0.9853704896457023,1
11,130,0,0.00040957567314724353,0
12,175,0,8.337448766911549e-08,0
13,273,0,0.8624500979066841,1
14,334,0,0.8749690915001083,1
15,315,0,0.0010503360971833462,0
16,285,0,4.12860097959287e-05,0
17,63,1,0.9444558710722721,1
18,307,0,0.9999658864925853,1
19,316,0,0.00016597061852979394,0
20,209,0,0.0006696203569327224,0
21,162,0,0.0070215750702300565,0
22,4,1,0.9231857156749409,1
23,33,1,0.8480116586752623,1
24,322,0,0.2953534980530241,0
25,32,0,9.967618859349432e-06,0
26,189,0,0.000733432263436747,0
27,283,1,0.19100904913102063,0
28,45,1,0.5624688038388952,1
29,192,0,0.0005928435811432527,0
30,104,1,0.9854018900063036,1
31,150,0,0.008805121540031702,0
32,93,0,0.00012851661398528448,0
33,118,1,0.5334964435248328,1
34,132,1,0.9281077077278256,1
35,94,0,0.00012656133224786707,0
36,148,0,0.008600671651849034,0
37,14,0,0.003960984537669697,0
38,20,1,0.5266467468094367,1
39,214,0,0.9907362573573513,1
40,313,1,5.862341338198944e-05,0
41,22,1,0.640888829186162,1
42,179,0,3.374246314421325e-07,0
43,245,0,0.00652243767511871,0
44,202,1,0.13570306586079983,0
45,296,0,9.546280036207475e-05,0
46,184,0,8.432562583879791e-08,0
47,19,0,0.3215276980636734,0
48,305,1,0.002993427976973603,0
49,243,0,0.0002531697504704698,0
50,111,0,6.934173475618087e-09,0
51,23,0,0.08375410283244593,0
52,11,0,0.3210066073747728,0
53,141,0,0.03956656587719775,0
54,87,0,0.0029604042120603457,0
