,id,y_true,prob_lr_seed_6_skf_4_paras_22_C_100_weight_None_solver_lbfgs,class_lr_seed_6_skf_4_paras_22_C_100_weight_None_solver_lbfgs
0,151,0,0.0005041437366383344,0
1,7,1,0.6024377109673479,1
2,269,0,0.0011275500537061178,0
3,210,0,0.0019810334563957737,0
4,173,0,0.07109863525023784,0
5,134,1,0.9979123545597165,1
6,281,0,0.997292412947545,1
7,1,0,0.0006784150570124243,0
8,130,0,0.0007530348245338596,0
9,168,1,0.9827397762065958,1
10,75,0,0.23377694183232137,0
11,328,1,0.09428413081162293,0
12,140,0,0.7777624722651864,1
13,255,0,0.033409272988312484,0
14,284,0,3.549166264452937e-05,0
15,35,0,0.04523528652083435,0
16,316,0,0.00015461392177898965,0
17,200,0,2.3674002249654833e-05,0
18,153,0,0.8719347776389517,1
19,222,0,0.4632764896508222,0
20,322,0,0.6704719628969772,1
21,156,1,0.018406993737007677,0
22,122,0,0.4072766845958404,0
23,228,0,0.002838958891072088,0
24,240,1,0.9661972136023307,1
25,277,0,0.00025662693050329484,0
26,104,1,0.9560037986808428,1
27,230,0,0.00568812892653139,0
28,152,0,0.17430109938929778,0
29,294,0,0.0008567076963124716,0
30,132,1,0.08206804986964636,0
31,15,0,8.827434640532451e-05,0
32,146,0,0.08813364746933179,0
33,14,0,0.02357849146584594,0
34,20,1,0.8152190043724502,1
35,38,0,0.0044893807941469455,0
36,261,0,0.019771573736857152,0
37,12,0,0.9897799780769739,1
38,214,0,0.6302996128422622,1
39,275,1,0.9972823055280029,1
40,74,0,0.00022113162454108875,0
41,39,1,0.21691164732361026,0
42,25,0,0.3046855664462417,0
43,127,0,0.000274942478536761,0
44,115,0,0.6962812953464356,1
45,138,1,0.8765833013783851,1
46,109,0,0.9216626458095615,1
47,327,0,0.14903153584113454,0
48,218,1,0.9852113867581054,1
49,279,0,0.33064201574733304,0
50,119,1,0.8321042223617583,1
51,332,0,0.002569140644307919,0
52,87,0,2.800092999477024e-05,0
