,id,y_true,prob_lr_seed_6_skf_3_paras_22_C_100_weight_None_solver_lbfgs,class_lr_seed_6_skf_3_paras_22_C_100_weight_None_solver_lbfgs
0,195,1,0.9886058803365609,1
1,203,0,0.016836223861962592,0
2,325,0,0.020955434766029905,0
3,85,1,0.9909339789331949,1
4,224,1,6.773594479428452e-06,0
5,258,0,1.9970932590255437e-06,0
6,308,0,0.010783813093297475,0
7,163,0,1.6785977434478442e-06,0
8,50,0,0.12826337728649156,0
9,164,0,0.9907994164680405,1
10,220,0,0.02182560147443285,0
11,182,0,0.00542862428826676,0
12,47,0,0.9740907590019552,1
13,303,0,1.716194989790177e-09,0
14,101,0,0.0005516961264898958,0
15,157,0,7.44159780528429e-05,0
16,51,1,0.9958634475911756,1
17,314,0,0.5966439925734829,1
18,162,0,0.020993401022304462,0
19,66,1,0.9934165157175824,1
20,2,0,2.9601591140203163e-05,0
21,185,0,0.7373019151374558,1
22,13,1,0.7482000405857402,1
23,108,0,0.013301103593294,0
24,208,1,0.7238228401352673,1
25,48,1,0.00033033959141833837,0
26,248,0,1.8800206414595848e-05,0
27,286,1,0.9410607724951189,1
28,169,0,1.3668400604168154e-08,0
29,118,1,0.6626308432535819,1
30,148,0,0.0004823445874454333,0
31,102,0,0.011080036020536577,0
32,170,0,1.6392666157094912e-08,0
33,166,0,2.0579554456503873e-05,0
34,53,0,0.0014079253441661224,0
35,77,0,0.9827390674322944,1
36,293,1,0.8464146547162837,1
37,212,0,0.0456908773734956,0
38,180,0,0.0019104849708519575,0
39,245,0,4.668247834559669e-06,0
40,302,1,0.008223380082530754,0
41,149,0,0.006798339580970445,0
42,184,0,1.2365156499736058e-07,0
43,272,0,1.780399926480847e-07,0
44,300,1,0.9989053660261191,1
45,288,0,0.00019670956462244376,0
46,242,0,0.0002601850326956596,0
47,246,0,0.0002467952058624185,0
48,135,0,0.9935175287688425,1
49,124,0,0.0004820828579476095,0
50,11,0,0.006065835878272039,0
51,37,0,0.00876152379926857,0
52,116,1,0.9937340166756035,1
