,id,y_true,prob_lr_seed_19_skf_0_paras_22_C_100_weight_None_solver_lbfgs,class_lr_seed_19_skf_0_paras_22_C_100_weight_None_solver_lbfgs
0,151,0,0.0007444835345096292,0
1,204,0,1.3842575208309656e-05,0
2,269,0,0.00023014480683936246,0
3,318,1,0.1544957531941487,0
4,298,1,2.8835578501483176e-06,0
5,312,0,0.6249974298364104,1
6,114,0,7.961432139094291e-06,0
7,194,0,0.001865212422646319,0
8,281,0,0.9851955296653168,1
9,233,0,0.6166099280641802,1
10,130,0,0.0021756854113132483,0
11,308,0,0.24328863001229878,0
12,125,0,0.3766201379144189,0
13,219,1,0.9946654452335015,1
14,273,0,0.07285383338351016,0
15,50,0,0.5852204956111703,1
16,164,0,0.6105986206004299,1
17,171,0,0.00641709967747955,0
18,133,0,0.0004226454476751786,0
19,57,0,0.0009220701836644183,0
20,255,0,0.008978143917495423,0
21,181,1,0.0022999998165551747,0
22,200,0,2.6830637121557713e-06,0
23,156,1,0.0017385434041246191,0
24,91,0,0.10054363234374786,0
25,223,0,1.5686770460329679e-06,0
26,199,0,2.125196857438831e-07,0
27,240,1,0.9675521044531357,1
28,48,1,2.666722197060181e-05,0
29,150,0,0.7848902672199333,1
30,59,0,0.04713881987938352,0
31,27,0,0.11988089912498219,0
32,99,1,0.7408444894075666,1
33,146,0,0.3923585087218165,0
34,14,0,0.002810703754480293,0
35,102,0,2.400816671706203e-05,0
36,320,0,0.008602544233767037,0
37,214,0,0.638819171399722,1
38,68,0,0.1386302020192875,0
39,74,0,0.002051688084893005,0
40,79,0,5.200155192933568e-08,0
41,211,0,1.6786491307261857e-05,0
42,302,1,0.24209871805576874,0
43,25,0,0.014528986933033672,0
44,296,0,0.913049934740949,1
45,184,0,2.5088023920733876e-08,0
46,272,0,1.5835526713657502e-06,0
47,19,0,0.25533296486066237,0
48,305,1,0.057521425506829996,0
49,86,1,0.9987472126563192,1
50,243,0,0.0001838088785915833,0
51,72,1,0.9999998360190194,1
52,123,1,0.9707758701101628,1
53,56,1,0.9999999999999909,1
54,119,1,0.9938392127157479,1
