,id,y_true,prob_lr_seed_6_skf_1_paras_22_C_100_weight_None_solver_lbfgs,class_lr_seed_6_skf_1_paras_22_C_100_weight_None_solver_lbfgs
0,236,0,0.018373837055311776,0
1,298,1,6.766547086160745e-07,0
2,278,1,0.9999975598961008,1
3,24,1,0.9999851577635891,1
4,201,1,0.9999665992967004,1
5,114,0,5.912165772769312e-07,0
6,191,0,0.0042644365549754926,0
7,225,0,0.03706523490139156,0
8,175,0,6.421677400466003e-10,0
9,219,1,0.9753885693088686,1
10,165,0,7.531526552708743e-05,0
11,273,0,0.01772061076342422,0
12,315,0,0.00109850008501477,0
13,167,0,0.05829951343184339,0
14,307,0,0.999998599849325,1
15,95,0,0.000741512386654323,0
16,244,1,0.33963188503805086,0
17,215,0,0.28643074493944753,0
18,178,0,0.1410498146105157,0
19,161,0,4.928684740345999e-05,0
20,76,1,0.002291676786542979,0
21,319,0,0.0011505410476559837,0
22,317,0,0.00941287965574147,0
23,92,0,0.04882099274087824,0
24,32,0,0.11014818695149252,0
25,199,0,6.228874494357204e-08,0
26,333,0,0.006469167633157698,0
27,239,1,0.6397607877951218,1
28,17,0,0.0008693988638655921,0
29,45,1,0.09201085075386166,0
30,192,0,8.34423338273832e-06,0
31,276,0,4.073657791554868e-09,0
32,198,0,0.0001322306413853822,0
33,94,0,8.260040245709779e-06,0
34,5,0,0.8999738959624928,1
35,60,0,3.216115174254903e-05,0
36,78,0,0.2558136142249755,0
37,183,0,0.9849257930303403,1
38,313,1,7.306309983381061e-05,0
39,179,0,3.1649422186462025e-08,0
40,267,0,8.212836955778316e-07,0
41,139,0,0.0037559155189231253,0
42,105,0,0.8378783876278633,1
43,145,0,0.00030930114872947145,0
44,280,0,0.002065321660145686,0
45,129,0,0.001059604244350417,0
46,305,1,0.0035109268105621787,0
47,323,0,4.600485237121792e-08,0
48,243,0,9.171508356793862e-05,0
49,23,0,0.07565871577826642,0
50,72,1,0.999999941560236,1
51,229,1,0.03200047108044008,0
52,56,1,0.9999999999999976,1
53,330,0,0.780836801199744,1
