,id,y_true,prob_lr_seed_8_skf_0_paras_22_C_100_weight_None_solver_lbfgs,class_lr_seed_8_skf_0_paras_22_C_100_weight_None_solver_lbfgs
0,71,0,0.0001024636198482696,0
1,151,0,6.071479247882569e-05,0
2,144,0,0.9978734353015057,1
3,195,1,0.9993400644242174,1
4,304,1,0.9853672698975223,1
5,191,0,9.617661659277789e-05,0
6,173,0,0.6573729400989891,1
7,281,0,0.9977087782694801,1
8,225,0,0.008475461650288773,0
9,220,0,0.0002780757615859618,0
10,285,0,7.794544022599838e-07,0
11,84,0,8.860346844553766e-11,0
12,101,0,1.733507608300069e-05,0
13,157,0,0.0001647470612354637,0
14,316,0,5.9111832089920116e-05,0
15,290,0,0.9979245519033799,1
16,66,1,0.9660838630240758,1
17,33,1,0.4739855831894603,0
18,153,0,0.9390507204592007,1
19,317,0,0.006030761508375026,0
20,96,1,0.40567045082713254,0
21,240,1,0.0671837221949455,0
22,31,1,0.26344233814728024,0
23,158,1,0.9354265562142735,1
24,17,0,0.007024352803672141,0
25,136,0,0.00043584319912875525,0
26,137,1,0.9939813876570612,1
27,27,0,0.14463830869707686,0
28,169,0,2.301290425374762e-06,0
29,14,0,0.0003039051048129291,0
30,53,0,0.001754153446483015,0
31,183,0,0.7011503022897646,1
32,77,0,0.9753031728753816,1
33,313,1,0.0007424946442134432,0
34,293,1,0.0010855502750217682,0
35,179,0,4.493659642285339e-07,0
36,245,0,0.0007095340501013281,0
37,105,0,0.1086508272764407,0
38,145,0,8.570128650816643e-05,0
39,237,0,0.0007249792879148939,0
40,280,0,0.061952156033942336,0
41,129,0,0.000206052003439709,0
42,305,1,9.725250518005936e-05,0
43,288,0,0.002474583356424313,0
44,172,0,0.7161887388205861,1
45,23,0,0.13764929118273672,0
46,197,0,0.6813230623491586,1
47,123,1,0.02321245670874592,0
48,229,1,0.037839006259031326,0
49,3,1,0.00015996779494585842,0
50,205,0,0.00437133080715537,0
51,279,0,0.2228092589250612,0
52,332,0,0.00020426217217012354,0
53,216,0,0.20689809379320434,0
54,10,0,0.8297398788199881,1
