,id,y_true,prob_lr_seed_19_skf_3_paras_22_C_100_weight_None_solver_lbfgs,class_lr_seed_19_skf_3_paras_22_C_100_weight_None_solver_lbfgs
0,304,1,0.9582557198191118,1
1,143,0,2.7356979841302633e-06,0
2,85,1,0.9980440786602642,1
3,224,1,7.515395177313413e-06,0
4,65,0,0.33959205112487845,0
5,40,0,6.538971169034763e-06,0
6,175,0,5.676382349054606e-11,0
7,168,1,0.9582557198191118,1
8,285,0,0.008313937478671868,0
9,47,0,0.9534575125112353,1
10,289,1,0.0004908986061559994,0
11,284,0,3.892960853791648e-06,0
12,157,0,0.00019765047119263692,0
13,51,1,0.9999794710335201,1
14,314,0,0.03457208421335504,0
15,154,1,0.6721577955241324,1
16,44,0,3.713499243237142e-10,0
17,13,1,0.704702918726429,1
18,317,0,0.0015336794118826587,0
19,32,0,1.49478306555981e-05,0
20,283,1,0.45642510247263046,0
21,17,0,0.009040556856874604,0
22,46,0,0.1717637771960212,0
23,331,1,0.7944827163299419,1
24,137,1,0.9720897913687951,1
25,277,0,0.00962481061878635,0
26,192,0,2.301372895209322e-05,0
27,198,0,0.0013969648609777334,0
28,294,0,2.067939493573903e-05,0
29,88,0,1.3229069282117049e-06,0
30,118,1,0.6685741650010497,1
31,94,0,5.361715577353463e-07,0
32,148,0,0.015187536009980013,0
33,15,0,1.1814659323628773e-05,0
34,5,0,0.8509550463897864,1
35,301,0,1.72049444481102e-10,0
36,41,0,0.0001503019510416717,0
37,60,0,5.464444431635049e-06,0
38,166,0,6.241048851742346e-05,0
39,180,0,0.001265898695204758,0
40,245,0,0.0002101531948435564,0
41,237,0,0.0026439594457588335,0
42,300,1,0.9989834974079543,1
43,295,0,2.080838827858542e-05,0
44,246,0,0.00483408523011988,0
45,111,0,1.4540818597832214e-09,0
46,221,0,0.0008549133577171155,0
47,109,0,0.9869908492558399,1
48,327,0,3.709464541579827e-05,0
49,37,0,0.035577367325961215,0
50,3,1,0.9986979380615609,1
51,279,0,0.3298061154625192,0
52,332,0,0.0003584355134935536,0
