,id,y_true,prob_lr_seed_4_skf_3_paras_22_C_100_weight_None_solver_lbfgs,class_lr_seed_4_skf_3_paras_22_C_100_weight_None_solver_lbfgs
0,144,0,0.6642251686564008,1
1,269,0,0.0007354548015053195,0
2,203,0,0.018357653496641032,0
3,159,1,0.4284225226560889,0
4,190,0,0.49311487517754427,0
5,80,0,0.008262229564048344,0
6,191,0,0.0008306710645059631,0
7,130,0,0.0002937960127539167,0
8,219,1,0.774815573415886,1
9,163,0,0.00024571163606896184,0
10,168,1,0.9829876378115513,1
11,50,0,0.3399257943860423,0
12,307,0,0.9999983085087137,1
13,117,0,0.0017778439581463982,0
14,335,0,0.9686508073352006,1
15,95,0,0.0009678588553976916,0
16,255,0,0.0009869807891564467,0
17,316,0,2.52080328687975e-05,0
18,215,0,0.6204489333941248,1
19,162,0,0.0009904219585928605,0
20,154,1,0.759928716053993,1
21,200,0,1.773233379986547e-06,0
22,2,0,0.00014453286729627788,0
23,222,0,0.04614604005864092,0
24,122,0,0.47070189593953876,0
25,189,0,0.0007389193871544254,0
26,253,0,0.00012030580021522876,0
27,266,0,5.52660423643355e-08,0
28,42,1,0.004759855111321556,0
29,137,1,0.9355520219860891,1
30,192,0,6.435063791874195e-05,0
31,104,1,0.9620897836223181,1
32,294,0,9.635012343354986e-05,0
33,59,0,0.02322195278608181,0
34,286,1,0.5862486291241022,1
35,99,1,0.9657969277518613,1
36,146,0,0.12762491868416764,0
37,261,0,0.00293509135567313,0
38,41,0,0.0009787558531485943,0
39,53,0,0.0028374187535588936,0
40,275,1,0.995165044899489,1
41,183,0,0.9999209484145741,1
42,68,0,0.2921530671198998,0
43,22,1,0.81588572083696,1
44,74,0,2.596604515050913e-05,0
45,139,0,0.0023758031946384127,0
46,43,0,4.707008183621849e-05,0
47,288,0,9.797794502541543e-05,0
48,138,1,0.021684304075865874,0
49,218,1,0.9267424900843797,1
50,141,0,0.16966301321947344,0
51,279,0,0.9809512085160504,1
52,119,1,0.9332789447906351,1
