,id,y_true,prob_lr_seed_16_skf_0_paras_22_C_100_weight_None_solver_lbfgs,class_lr_seed_16_skf_0_paras_22_C_100_weight_None_solver_lbfgs
0,71,0,0.00017810078997295315,0
1,204,0,0.0004042528111967118,0
2,195,1,0.9868430216386901,1
3,203,0,0.030388269228435065,0
4,298,1,2.127022298550745e-07,0
5,278,1,0.08020235820050771,0
6,24,1,0.9999955024907535,1
7,40,0,0.001449019082945807,0
8,175,0,9.752394664023532e-08,0
9,315,0,0.009626732365326622,0
10,167,0,0.020349230271636112,0
11,182,0,0.0010983526308186704,0
12,307,0,0.999997099437222,1
13,84,0,0.0023659670427740517,0
14,335,0,0.0059452500838659455,0
15,133,0,0.0005529532072622885,0
16,57,0,0.21599490589651632,0
17,209,0,0.013781440734422485,0
18,215,0,0.02521609051092937,0
19,153,0,0.28579492664959877,0
20,222,0,0.0412081935729934,0
21,178,0,0.012743956362134443,0
22,32,0,3.3812965307472237e-06,0
23,189,0,0.0002503586838409784,0
24,283,1,0.12622257417248076,0
25,46,0,0.02160042693617714,0
26,136,0,2.5007705223418667e-05,0
27,208,1,0.7222658907909761,1
28,248,0,8.66159823112379e-06,0
29,198,0,0.0018859897862460097,0
30,27,0,0.14885690409410743,0
31,231,1,0.9955416515838428,1
32,61,1,0.8680629678304315,1
33,5,0,0.00014693478626888207,0
34,20,1,0.206121300058881,0
35,261,0,0.012346750571042005,0
36,12,0,0.09183642922802834,0
37,39,1,0.0004935285986215563,0
38,180,0,0.0010913328369896254,0
39,296,0,0.8166862257205123,1
40,237,0,0.0003414386889358867,0
41,19,0,0.3636510579118509,0
42,129,0,0.004529422987123579,0
43,300,1,0.9917745433920516,1
44,323,0,1.0936079800182057e-05,0
45,288,0,0.000284106542609415,0
46,115,0,0.9904681709675874,1
47,243,0,0.00037255823154892266,0
48,124,0,0.00021119937605194267,0
49,11,0,8.968088864432295e-06,0
50,37,0,0.013876936997371515,0
51,56,1,0.999999997398842,1
52,119,1,0.00636840694125403,0
53,310,1,6.959840690831983e-05,0
54,116,1,0.8914629593192939,1
