,id,y_true,prob_lr_seed_13_skf_1_paras_22_C_100_weight_None_solver_lbfgs,class_lr_seed_13_skf_1_paras_22_C_100_weight_None_solver_lbfgs
0,269,0,1.3774867401032905e-08,0
1,306,0,0.0001224890325631355,0
2,318,1,0.25446554358578377,0
3,278,1,0.9998150492566573,1
4,227,0,3.1513628831149934e-06,0
5,224,1,0.0001018036309415918,0
6,190,0,0.01942884795828649,0
7,106,0,0.7215174801641919,1
8,271,0,0.26343068568998035,0
9,65,0,0.34334923532744094,0
10,225,0,0.0030007898616493476,0
11,130,0,1.311742675247757e-06,0
12,175,0,6.918414220010004e-09,0
13,273,0,6.642169194156433e-05,0
14,334,0,0.9408517951559768,1
15,285,0,0.23973829756061446,0
16,70,0,3.191800715807438e-09,0
17,335,0,1.1238127130323858e-09,0
18,244,1,0.010820110681728171,0
19,54,1,3.537497240838181e-11,0
20,290,0,0.009483396703571685,0
21,314,0,0.18936619560764903,0
22,33,1,0.9781438084321901,1
23,222,0,0.03278812650965175,0
24,322,0,0.8655197068698108,1
25,161,0,5.956942360850565e-06,0
26,240,1,0.7859163105703246,1
27,189,0,0.0019289294463507112,0
28,208,1,0.8858495559555011,1
29,104,1,0.980221236875861,1
30,276,0,2.6550129960421228e-09,0
31,250,1,0.895875602378129,1
32,231,1,0.993740600641858,1
33,326,0,8.752474255311089e-05,0
34,60,0,4.529319881000956e-07,0
35,53,0,0.012350848288939578,0
36,89,0,0.0012325213554991298,0
37,78,0,0.08442441332448375,0
38,68,0,0.05507570406440298,0
39,22,1,0.7181159196032629,1
40,79,0,4.9164965338204674e-08,0
41,212,0,0.0016233675945437308,0
42,180,0,0.011353292338275983,0
43,105,0,0.6944597205195718,1
44,280,0,0.15584551653368076,0
45,43,0,7.482073785720793e-05,0
46,288,0,1.8249049126113768e-05,0
47,135,0,0.8006156913315068,1
48,123,1,0.037845581707442656,0
49,37,0,0.0037921723611676617,0
50,279,0,0.005588376804630815,0
51,216,0,0.06941337570306368,0
52,87,0,0.000952972036653355,0
53,116,1,0.7252639846819283,1
