,id,y_true,prob_lr_seed_2_skf_4_paras_22_C_100_weight_None_solver_lbfgs,class_lr_seed_2_skf_4_paras_22_C_100_weight_None_solver_lbfgs
0,268,0,0.000469732998763194,0
1,204,0,8.659527704135846e-05,0
2,318,1,0.8863259998056242,1
3,278,1,0.9992681235358789,1
4,210,0,0.00674577184303299,0
5,80,0,0.0007643308940139643,0
6,130,0,0.0011618941828595737,0
7,308,0,0.038971165112441024,0
8,273,0,0.8618363423618788,1
9,334,0,0.9902052903153782,1
10,168,1,0.9915037761006481,1
11,75,0,0.3806283825600052,0
12,70,0,1.1871122805314885e-06,0
13,63,1,0.9910296513822231,1
14,182,0,0.0013934673681633778,0
15,307,0,0.9999999319542865,1
16,84,0,2.56564846666847e-06,0
17,171,0,0.9916272959279191,1
18,244,1,0.041454264190560114,0
19,284,0,0.0001141276333576182,0
20,157,0,0.021187634079302266,0
21,290,0,0.9958453197583825,1
22,215,0,0.5171884650838443,1
23,66,1,0.9909257681187682,1
24,154,1,0.8959519084211505,1
25,200,0,1.2567937944812449e-05,0
26,33,1,0.02595246279290522,0
27,322,0,0.5710703159494488,1
28,317,0,0.0007398162813916542,0
29,189,0,0.00046481988581242606,0
30,283,1,0.004746042100546207,0
31,239,1,0.7568470483420189,1
32,46,0,0.4735855506775975,0
33,136,0,5.2395255713743876e-05,0
34,110,0,0.02401900919113256,0
35,331,1,0.2634568807153171,0
36,208,1,0.6026576173701076,1
37,192,0,1.2687790113365717e-06,0
38,88,0,4.852804341904908e-06,0
39,176,0,0.0011815566259397669,0
40,15,0,0.0017622658086999224,0
41,20,1,0.8272384007514159,1
42,79,0,7.429186162782832e-07,0
43,149,0,0.9916272959279191,1
44,280,0,0.026139460386762736,0
45,129,0,0.0037395995946917886,0
46,323,0,2.7491857755196717e-07,0
47,243,0,0.00018493612737324356,0
48,197,0,0.02904002254539105,0
49,221,0,0.0063947245093300565,0
50,229,1,0.007054591685406008,0
51,11,0,0.4119894166115611,0
52,332,0,0.0003186275489625745,0
