,id,y_true,prob_lr_seed_17_skf_1_paras_22_C_100_weight_None_solver_lbfgs,class_lr_seed_17_skf_1_paras_22_C_100_weight_None_solver_lbfgs
0,55,1,0.9835158294787602,1
1,144,0,0.9935758473827592,1
2,236,0,0.019712905693802803,0
3,203,0,0.024051674122189563,0
4,298,1,5.852763242273866e-12,0
5,278,1,0.9977120193318983,1
6,271,0,6.736389969425475e-08,0
7,1,0,0.0013295300636064792,0
8,40,0,0.14678002153872732,0
9,334,0,0.9210964852195483,1
10,168,1,0.9881233097119559,1
11,220,0,0.011573491563449646,0
12,47,0,0.7702757206594413,1
13,117,0,0.00044163346336848066,0
14,162,0,0.0005204708919146506,0
15,66,1,0.9913593898144664,1
16,154,1,0.9240863523341978,1
17,44,0,1.4901224115199886e-07,0
18,76,1,1.141114974567868e-06,0
19,319,0,0.0013167043722792833,0
20,32,0,2.7225854365916115e-09,0
21,223,0,6.353699806860101e-07,0
22,291,0,1.3375460604955891e-05,0
23,189,0,0.00010458210111571023,0
24,239,1,0.8572587469252152,1
25,136,0,9.587431275402837e-05,0
26,230,0,0.0511226712280484,0
27,93,0,0.0009690660165191585,0
28,294,0,0.000992009846656731,0
29,30,0,0.0030386460660329225,0
30,21,0,3.4209266135327367e-06,0
31,132,1,0.000249818715553,0
32,94,0,1.9985912637486446e-05,0
33,146,0,0.02721057960804013,0
34,20,1,0.29845689540718007,0
35,38,0,0.0004949938586596536,0
36,77,0,0.9238702887986823,1
37,245,0,2.193567254150044e-05,0
38,25,0,0.021131829859183843,0
39,267,0,3.1337724530150666e-08,0
40,145,0,0.00023065110809533754,0
41,115,0,0.9862082635891009,1
42,72,1,0.999949062752251,1
43,124,0,0.0007379369664870921,0
44,327,0,0.6150951018813233,1
45,229,1,0.04272008050209565,0
46,3,1,0.5041099156423671,1
47,205,0,0.1416304182959537,0
48,279,0,0.16765101419618028,0
49,332,0,0.0005931870752219004,0
50,216,0,0.06334449656211272,0
51,262,0,5.470721434767753e-06,0
52,87,0,0.0003781233157610995,0
53,310,1,2.3673348109946105e-07,0
