,id,y_true,prob_lr_seed_1_skf_4_paras_22_C_100_weight_None_solver_lbfgs,class_lr_seed_1_skf_4_paras_22_C_100_weight_None_solver_lbfgs
0,151,0,0.00013471133244338028,0
1,7,1,0.004007417671159018,0
2,204,0,2.9513015675726854e-05,0
3,269,0,1.1609911638008004e-06,0
4,24,1,0.951382393381975,1
5,194,0,0.00010062996393014518,0
6,80,0,0.0003133887206351323,0
7,173,0,0.13825957255983032,0
8,233,0,0.9518618115598347,1
9,219,1,0.9986996905334405,1
10,273,0,0.5783093140673807,1
11,63,1,0.9911312795027283,1
12,303,0,1.3235852543104337e-07,0
13,140,0,0.9710314591826446,1
14,133,0,0.0003536990088487492,0
15,57,0,0.000353174582842818,0
16,284,0,8.109472321691062e-08,0
17,54,1,1.0417899572172222e-07,0
18,316,0,3.6918407594649406e-05,0
19,209,0,0.0034384247893182564,0
20,215,0,0.7082032173407637,1
21,222,0,0.377070571580243,0
22,76,1,0.15419452592354702,0
23,228,0,0.003343531744872928,0
24,31,1,0.2026433921726582,0
25,253,0,2.8129178641213385e-06,0
26,283,1,0.21842144641894864,0
27,108,0,0.037836402723390665,0
28,104,1,0.8919680209378806,1
29,59,0,0.007807562030507729,0
30,118,1,0.9030824905937339,1
31,176,0,0.00027802622560630286,0
32,301,0,9.32790554194665e-12,0
33,102,0,0.023545011235012358,0
34,12,0,0.08105870747813215,0
35,41,0,0.00406580230579044,0
36,60,0,1.3884118039219387e-07,0
37,166,0,3.921231704802893e-06,0
38,53,0,0.0016002193624073122,0
39,275,1,0.9979469244065691,1
40,62,0,0.00030439396377870184,0
41,89,0,6.277523686062637e-07,0
42,183,0,0.9999430949977861,1
43,77,0,0.8617919924346409,1
44,302,1,0.000995053397915963,0
45,267,0,2.258384264591033e-06,0
46,274,0,0.008301260443533269,0
47,242,0,7.052794487961609e-05,0
48,111,0,3.358005998989299e-11,0
49,218,1,0.9258633015169715,1
50,205,0,0.009514166122181788,0
51,262,0,0.0011704777474560808,0
52,116,1,0.9867769465995214,1
