,id,y_true,prob_lr_seed_7_skf_1_paras_22_C_100_weight_None_solver_lbfgs,class_lr_seed_7_skf_1_paras_22_C_100_weight_None_solver_lbfgs
0,7,1,0.5172236619771943,1
1,55,1,0.9041464741870581,1
2,236,0,0.0038404945943692976,0
3,195,1,0.9928198135276137,1
4,312,0,0.014582418133943023,0
5,24,1,0.9998846580574935,1
6,190,0,0.01148455945694844,0
7,106,0,0.12339640114313817,0
8,134,1,0.9898261115596656,1
9,225,0,0.013317373217103447,0
10,1,0,0.0010777792725659102,0
11,130,0,3.269704896514063e-05,0
12,175,0,2.310122689905302e-07,0
13,163,0,0.004426015438570304,0
14,273,0,0.14795949365621588,0
15,50,0,0.1179557330097927,0
16,167,0,0.0032785150852248923,0
17,63,1,0.9422881133278949,1
18,69,0,0.00045117657282803643,0
19,307,0,0.9999430998907743,1
20,140,0,0.6482618375401991,1
21,54,1,1.180156083406176e-05,0
22,217,0,0.0087903497645265,0
23,33,1,0.9963435807545794,1
24,322,0,0.7521302908759269,1
25,156,1,0.010022153395267346,0
26,185,0,0.12652528016257286,0
27,228,0,0.004741122863033618,0
28,199,0,1.2440638709941716e-06,0
29,240,1,0.9970444436293797,1
30,189,0,0.000403852584038067,0
31,253,0,6.859919982142156e-05,0
32,45,1,0.7111422886893372,1
33,42,1,0.0034043324733282862,0
34,276,0,1.6758801316082304e-09,0
35,93,0,0.0024731247873525544,0
36,59,0,0.005611565593915399,0
37,88,0,9.55608721820718e-07,0
38,27,0,0.1025669258718975,0
39,21,0,8.15378223418239e-05,0
40,231,1,0.8923573561022373,1
41,176,0,0.002031764255263647,0
42,102,0,0.0009956486653311346,0
43,214,0,0.2815480471322877,0
44,53,0,0.001641569940983729,0
45,77,0,0.33712402232164335,0
46,79,0,3.056060164003839e-06,0
47,272,0,2.476074318624153e-06,0
48,19,0,0.5083308764075701,1
49,129,0,0.0012993642034289862,0
50,172,0,0.7381525593058392,1
51,109,0,0.09342245645722626,0
52,123,1,0.021751644024274003,0
53,11,0,0.01287045958629383,0
