,id,y_true,prob_lr_seed_5_skf_0_paras_22_C_100_weight_None_solver_lbfgs,class_lr_seed_5_skf_0_paras_22_C_100_weight_None_solver_lbfgs
0,144,0,0.829836390039355,1
1,90,0,3.7823876781541434e-05,0
2,190,0,0.09149122600348708,0
3,65,0,0.09496377469923285,0
4,258,0,1.0614534875994455e-06,0
5,173,0,0.5395949621760302,1
6,134,1,0.9609580882766287,1
7,281,0,0.9998917163472687,1
8,1,0,0.0016489167470952694,0
9,125,0,0.928933453337424,1
10,219,1,0.9883935638619733,1
11,315,0,0.01542473305496765,0
12,50,0,0.2577554830249032,0
13,220,0,0.002324172225355488,0
14,167,0,0.027848784996911083,0
15,63,1,0.9927838132643688,1
16,328,1,0.045838144583956644,0
17,303,0,1.0067234622488968e-06,0
18,307,0,0.997213242549598,1
19,117,0,0.0002199633214235485,0
20,335,0,7.479912310700141e-08,0
21,251,0,0.03686479393912329,0
22,213,0,0.007040168081378941,0
23,255,0,0.013901214511250995,0
24,54,1,2.5364063600215893e-08,0
25,51,1,0.9999606006659534,1
26,209,0,0.006043259280825528,0
27,33,1,0.040843974355054574,0
28,161,0,7.123074930980302e-06,0
29,319,0,0.00022266570306023428,0
30,92,0,0.003928957426721061,0
31,283,1,0.0032158576653246824,0
32,108,0,0.0480863699527217,0
33,331,1,0.05167138386940579,0
34,294,0,3.593567671948274e-06,0
35,27,0,0.15984455352595256,0
36,286,1,0.714180616872259,1
37,21,0,3.871629094925392e-06,0
38,12,0,0.6310997054201336,1
39,62,0,0.013557427082492605,0
40,68,0,0.01992761560341554,0
41,179,0,3.670953125241883e-07,0
42,211,0,1.7114173046168908e-07,0
43,39,1,0.355735398317511,0
44,302,1,0.9030253775950885,1
45,25,0,0.016946643077191757,0
46,274,0,0.019590182411783525,0
47,149,0,0.002167997724639617,0
48,280,0,0.22610366156356157,0
49,86,1,0.9991460971208863,1
50,243,0,0.00021405877373377978,0
51,121,1,0.9744249656510142,1
52,229,1,0.008663697101976568,0
53,205,0,0.005130192069652759,0
54,10,0,0.6972296270578507,1
