,id,y_true,prob_lr_seed_11_skf_2_paras_22_C_100_weight_None_solver_lbfgs,class_lr_seed_11_skf_2_paras_22_C_100_weight_None_solver_lbfgs
0,55,1,0.9863871471422611,1
1,268,0,0.00622581338949785,0
2,236,0,0.0072958425421050885,0
3,90,0,0.0021855313629331992,0
4,195,1,0.9935133560880823,1
5,304,1,0.9826338007374326,1
6,325,0,0.018441248924047676,0
7,159,1,0.9891292505264957,1
8,194,0,0.0007034518254333992,0
9,65,0,0.21937355408802486,0
10,1,0,0.00366659790603891,0
11,130,0,0.0001955732773445031,0
12,165,0,0.00043676074763176516,0
13,334,0,0.9773792951591692,1
14,315,0,0.0014056757973650547,0
15,63,1,0.9943893478485207,1
16,328,1,0.9733840214861074,1
17,69,0,4.392615619371573e-05,0
18,140,0,0.6885750363703255,1
19,171,0,0.018944405675170993,0
20,255,0,0.012335452296493885,0
21,324,0,0.9909505673156884,1
22,101,0,0.007618914295117787,0
23,66,1,0.9820175261139268,1
24,122,0,0.3027321393976528,0
25,31,1,0.17597910099158562,0
26,333,0,0.013167022183837659,0
27,266,0,1.3662616537249614e-05,0
28,17,0,0.0007816240376221277,0
29,46,0,0.006359841545310296,0
30,150,0,0.9535628509363488,1
31,59,0,0.0041958903189743164,0
32,286,1,0.49500973677783955,0
33,176,0,0.001556941079675665,0
34,5,0,4.8789328938419576e-05,0
35,20,1,0.8791757822659907,1
36,60,0,7.326150767235335e-06,0
37,166,0,0.042864548832635914,0
38,39,1,0.09888700653758038,0
39,274,0,0.047234907021823695,0
40,139,0,0.016641264497627404,0
41,272,0,4.8881892303960025e-06,0
42,129,0,0.042864548832635914,0
43,300,1,0.9967120267130081,1
44,295,0,0.002004306069533796,0
45,242,0,0.0014121480069495909,0
46,172,0,0.9449353027358703,1
47,221,0,0.05643337708411928,0
48,124,0,0.0020323199061854265,0
49,3,1,0.04573162790887479,0
50,279,0,0.8030655985457781,1
51,119,1,0.5026087542488845,1
52,330,0,0.6800591597696106,1
