,id,y_true,prob_lr_seed_15_skf_1_paras_22_C_100_weight_None_solver_lbfgs,class_lr_seed_15_skf_1_paras_22_C_100_weight_None_solver_lbfgs
0,71,0,1.583519779273375e-05,0
1,144,0,0.9238237377258859,1
2,236,0,0.03723810972654934,0
3,90,0,0.0015209390473175837,0
4,143,0,2.638263170516362e-05,0
5,298,1,0.0009884733604768423,0
6,312,0,0.052758004906007364,0
7,278,1,0.999978666900097,1
8,194,0,0.0009037374923102197,0
9,173,0,0.04114398789625689,0
10,134,1,0.9975051140609901,1
11,225,0,0.00637609547887278,0
12,130,0,5.413879734006298e-06,0
13,182,0,0.0028933049357757713,0
14,47,0,0.9026707567727066,1
15,69,0,6.346323908923945e-05,0
16,251,0,0.06633273492403352,0
17,95,0,0.0017990251087097121,0
18,244,1,0.7192594019039613,1
19,284,0,1.25839376328339e-06,0
20,316,0,5.4077535656504054e-05,0
21,215,0,0.011487072683337434,0
22,13,1,0.44615975476014,0
23,228,0,0.00020024597570317759,0
24,189,0,0.001668684427860546,0
25,31,1,0.2218396187282489,0
26,333,0,0.000431082258118855,0
27,266,0,3.6040393461091653e-07,0
28,17,0,0.001628467629724527,0
29,108,0,0.012271679643735505,0
30,208,1,0.8727984537699064,1
31,137,1,0.9810645407743588,1
32,104,1,0.9876272749953974,1
33,150,0,0.39749387127768454,0
34,93,0,0.005530733509748331,0
35,94,0,1.708967352133457e-05,0
36,99,1,0.7847865726740412,1
37,166,0,0.0009974741760844584,0
38,62,0,0.01007337260690456,0
39,179,0,9.254008108269211e-09,0
40,212,0,0.5262474719707328,1
41,245,0,0.00016875371379238268,0
42,19,0,0.021725278826979843,0
43,280,0,0.0023734469530120876,0
44,43,0,7.234036021799095e-05,0
45,115,0,0.9878935705448926,1
46,111,0,8.903468302255653e-08,0
47,123,1,0.00961106861662577,0
48,37,0,0.046691288087592715,0
49,56,1,0.9999999999999836,1
50,218,1,0.9270487441633278,1
51,332,0,0.0003194731876166332,0
52,87,0,3.4163325520805696e-05,0
53,310,1,2.8175326563436624e-06,0
