name,model,seed_x,TN,FP,FN,TP,Accuracy,AUC,Sensitivity,Specificity,PPV,NPV,F1,MCC,estimator_path,hyperparams,model_family,paras_id,scaler_path,seed_y,skf_fold
xgboost_seed_0_skf_1_paras_151_lr_0.01_n_900_depth_7_subsample_0.8_scale_pos_weight_6,xgboost,0_skf_1,488,15,21,36,0.936,0.946,0.632,0.97,0.706,0.959,0.667,0.632,/home/ubuntu/Desktop/DeepAmes_Full_STL_4_keep_weights/results_TA1537_with_S9/artifacts/base/xgboost/estimators/xgboost_seed_0_skf_1_paras_151_lr_0.01_n_900_depth_7_subsample_0.8_scale_pos_weight_6.joblib,"{""learning_rate"": 0.01, ""max_depth"": 7, ""n_estimators"": 900, ""scale_pos_weight"": 6, ""subsample"": 0.8}",xgboost,151,/home/ubuntu/Desktop/DeepAmes_Full_STL_4_keep_weights/results_TA1537_with_S9/artifacts/base/xgboost/scalers/xgboost_seed_0_skf_1_paras_151_lr_0.01_n_900_depth_7_subsample_0.8_scale_pos_weight_6_scaler.joblib,0,1
xgboost_seed_0_skf_2_paras_151_lr_0.01_n_900_depth_7_subsample_0.8_scale_pos_weight_6,xgboost,0_skf_2,492,11,24,33,0.938,0.949,0.579,0.978,0.75,0.953,0.653,0.626,/home/ubuntu/Desktop/DeepAmes_Full_STL_4_keep_weights/results_TA1537_with_S9/artifacts/base/xgboost/estimators/xgboost_seed_0_skf_2_paras_151_lr_0.01_n_900_depth_7_subsample_0.8_scale_pos_weight_6.joblib,"{""learning_rate"": 0.01, ""max_depth"": 7, ""n_estimators"": 900, ""scale_pos_weight"": 6, ""subsample"": 0.8}",xgboost,151,/home/ubuntu/Desktop/DeepAmes_Full_STL_4_keep_weights/results_TA1537_with_S9/artifacts/base/xgboost/scalers/xgboost_seed_0_skf_2_paras_151_lr_0.01_n_900_depth_7_subsample_0.8_scale_pos_weight_6_scaler.joblib,0,2
xgboost_seed_0_skf_4_paras_151_lr_0.01_n_900_depth_7_subsample_0.8_scale_pos_weight_6,xgboost,0_skf_4,491,12,24,33,0.936,0.935,0.579,0.976,0.733,0.953,0.647,0.617,/home/ubuntu/Desktop/DeepAmes_Full_STL_4_keep_weights/results_TA1537_with_S9/artifacts/base/xgboost/estimators/xgboost_seed_0_skf_4_paras_151_lr_0.01_n_900_depth_7_subsample_0.8_scale_pos_weight_6.joblib,"{""learning_rate"": 0.01, ""max_depth"": 7, ""n_estimators"": 900, ""scale_pos_weight"": 6, ""subsample"": 0.8}",xgboost,151,/home/ubuntu/Desktop/DeepAmes_Full_STL_4_keep_weights/results_TA1537_with_S9/artifacts/base/xgboost/scalers/xgboost_seed_0_skf_4_paras_151_lr_0.01_n_900_depth_7_subsample_0.8_scale_pos_weight_6_scaler.joblib,0,4
xgboost_seed_1_skf_0_paras_151_lr_0.01_n_900_depth_7_subsample_0.8_scale_pos_weight_6,xgboost,1_skf_0,493,10,23,34,0.941,0.946,0.596,0.98,0.773,0.955,0.673,0.648,/home/ubuntu/Desktop/DeepAmes_Full_STL_4_keep_weights/results_TA1537_with_S9/artifacts/base/xgboost/estimators/xgboost_seed_1_skf_0_paras_151_lr_0.01_n_900_depth_7_subsample_0.8_scale_pos_weight_6.joblib,"{""learning_rate"": 0.01, ""max_depth"": 7, ""n_estimators"": 900, ""scale_pos_weight"": 6, ""subsample"": 0.8}",xgboost,151,/home/ubuntu/Desktop/DeepAmes_Full_STL_4_keep_weights/results_TA1537_with_S9/artifacts/base/xgboost/scalers/xgboost_seed_1_skf_0_paras_151_lr_0.01_n_900_depth_7_subsample_0.8_scale_pos_weight_6_scaler.joblib,1,0
xgboost_seed_1_skf_1_paras_151_lr_0.01_n_900_depth_7_subsample_0.8_scale_pos_weight_6,xgboost,1_skf_1,489,14,24,33,0.932,0.94,0.579,0.972,0.702,0.953,0.635,0.601,/home/ubuntu/Desktop/DeepAmes_Full_STL_4_keep_weights/results_TA1537_with_S9/artifacts/base/xgboost/estimators/xgboost_seed_1_skf_1_paras_151_lr_0.01_n_900_depth_7_subsample_0.8_scale_pos_weight_6.joblib,"{""learning_rate"": 0.01, ""max_depth"": 7, ""n_estimators"": 900, ""scale_pos_weight"": 6, ""subsample"": 0.8}",xgboost,151,/home/ubuntu/Desktop/DeepAmes_Full_STL_4_keep_weights/results_TA1537_with_S9/artifacts/base/xgboost/scalers/xgboost_seed_1_skf_1_paras_151_lr_0.01_n_900_depth_7_subsample_0.8_scale_pos_weight_6_scaler.joblib,1,1
xgboost_seed_1_skf_3_paras_151_lr_0.01_n_900_depth_7_subsample_0.8_scale_pos_weight_6,xgboost,1_skf_3,489,14,21,36,0.938,0.949,0.632,0.972,0.72,0.959,0.673,0.64,/home/ubuntu/Desktop/DeepAmes_Full_STL_4_keep_weights/results_TA1537_with_S9/artifacts/base/xgboost/estimators/xgboost_seed_1_skf_3_paras_151_lr_0.01_n_900_depth_7_subsample_0.8_scale_pos_weight_6.joblib,"{""learning_rate"": 0.01, ""max_depth"": 7, ""n_estimators"": 900, ""scale_pos_weight"": 6, ""subsample"": 0.8}",xgboost,151,/home/ubuntu/Desktop/DeepAmes_Full_STL_4_keep_weights/results_TA1537_with_S9/artifacts/base/xgboost/scalers/xgboost_seed_1_skf_3_paras_151_lr_0.01_n_900_depth_7_subsample_0.8_scale_pos_weight_6_scaler.joblib,1,3
xgboost_seed_1_skf_4_paras_151_lr_0.01_n_900_depth_7_subsample_0.8_scale_pos_weight_6,xgboost,1_skf_4,487,16,24,33,0.929,0.948,0.579,0.968,0.673,0.953,0.623,0.585,/home/ubuntu/Desktop/DeepAmes_Full_STL_4_keep_weights/results_TA1537_with_S9/artifacts/base/xgboost/estimators/xgboost_seed_1_skf_4_paras_151_lr_0.01_n_900_depth_7_subsample_0.8_scale_pos_weight_6.joblib,"{""learning_rate"": 0.01, ""max_depth"": 7, ""n_estimators"": 900, ""scale_pos_weight"": 6, ""subsample"": 0.8}",xgboost,151,/home/ubuntu/Desktop/DeepAmes_Full_STL_4_keep_weights/results_TA1537_with_S9/artifacts/base/xgboost/scalers/xgboost_seed_1_skf_4_paras_151_lr_0.01_n_900_depth_7_subsample_0.8_scale_pos_weight_6_scaler.joblib,1,4
xgboost_seed_2_skf_0_paras_151_lr_0.01_n_900_depth_7_subsample_0.8_scale_pos_weight_6,xgboost,2_skf_0,490,13,23,34,0.936,0.938,0.596,0.974,0.723,0.955,0.654,0.622,/home/ubuntu/Desktop/DeepAmes_Full_STL_4_keep_weights/results_TA1537_with_S9/artifacts/base/xgboost/estimators/xgboost_seed_2_skf_0_paras_151_lr_0.01_n_900_depth_7_subsample_0.8_scale_pos_weight_6.joblib,"{""learning_rate"": 0.01, ""max_depth"": 7, ""n_estimators"": 900, ""scale_pos_weight"": 6, ""subsample"": 0.8}",xgboost,151,/home/ubuntu/Desktop/DeepAmes_Full_STL_4_keep_weights/results_TA1537_with_S9/artifacts/base/xgboost/scalers/xgboost_seed_2_skf_0_paras_151_lr_0.01_n_900_depth_7_subsample_0.8_scale_pos_weight_6_scaler.joblib,2,0
xgboost_seed_2_skf_3_paras_151_lr_0.01_n_900_depth_7_subsample_0.8_scale_pos_weight_6,xgboost,2_skf_3,489,14,20,37,0.939,0.941,0.649,0.972,0.725,0.961,0.685,0.653,/home/ubuntu/Desktop/DeepAmes_Full_STL_4_keep_weights/results_TA1537_with_S9/artifacts/base/xgboost/estimators/xgboost_seed_2_skf_3_paras_151_lr_0.01_n_900_depth_7_subsample_0.8_scale_pos_weight_6.joblib,"{""learning_rate"": 0.01, ""max_depth"": 7, ""n_estimators"": 900, ""scale_pos_weight"": 6, ""subsample"": 0.8}",xgboost,151,/home/ubuntu/Desktop/DeepAmes_Full_STL_4_keep_weights/results_TA1537_with_S9/artifacts/base/xgboost/scalers/xgboost_seed_2_skf_3_paras_151_lr_0.01_n_900_depth_7_subsample_0.8_scale_pos_weight_6_scaler.joblib,2,3
xgboost_seed_2_skf_4_paras_151_lr_0.01_n_900_depth_7_subsample_0.8_scale_pos_weight_6,xgboost,2_skf_4,489,14,24,33,0.932,0.95,0.579,0.972,0.702,0.953,0.635,0.601,/home/ubuntu/Desktop/DeepAmes_Full_STL_4_keep_weights/results_TA1537_with_S9/artifacts/base/xgboost/estimators/xgboost_seed_2_skf_4_paras_151_lr_0.01_n_900_depth_7_subsample_0.8_scale_pos_weight_6.joblib,"{""learning_rate"": 0.01, ""max_depth"": 7, ""n_estimators"": 900, ""scale_pos_weight"": 6, ""subsample"": 0.8}",xgboost,151,/home/ubuntu/Desktop/DeepAmes_Full_STL_4_keep_weights/results_TA1537_with_S9/artifacts/base/xgboost/scalers/xgboost_seed_2_skf_4_paras_151_lr_0.01_n_900_depth_7_subsample_0.8_scale_pos_weight_6_scaler.joblib,2,4
xgboost_seed_3_skf_0_paras_151_lr_0.01_n_900_depth_7_subsample_0.8_scale_pos_weight_6,xgboost,3_skf_0,491,12,24,33,0.936,0.942,0.579,0.976,0.733,0.953,0.647,0.617,/home/ubuntu/Desktop/DeepAmes_Full_STL_4_keep_weights/results_TA1537_with_S9/artifacts/base/xgboost/estimators/xgboost_seed_3_skf_0_paras_151_lr_0.01_n_900_depth_7_subsample_0.8_scale_pos_weight_6.joblib,"{""learning_rate"": 0.01, ""max_depth"": 7, ""n_estimators"": 900, ""scale_pos_weight"": 6, ""subsample"": 0.8}",xgboost,151,/home/ubuntu/Desktop/DeepAmes_Full_STL_4_keep_weights/results_TA1537_with_S9/artifacts/base/xgboost/scalers/xgboost_seed_3_skf_0_paras_151_lr_0.01_n_900_depth_7_subsample_0.8_scale_pos_weight_6_scaler.joblib,3,0
xgboost_seed_3_skf_2_paras_151_lr_0.01_n_900_depth_7_subsample_0.8_scale_pos_weight_6,xgboost,3_skf_2,490,13,23,34,0.936,0.947,0.596,0.974,0.723,0.955,0.654,0.622,/home/ubuntu/Desktop/DeepAmes_Full_STL_4_keep_weights/results_TA1537_with_S9/artifacts/base/xgboost/estimators/xgboost_seed_3_skf_2_paras_151_lr_0.01_n_900_depth_7_subsample_0.8_scale_pos_weight_6.joblib,"{""learning_rate"": 0.01, ""max_depth"": 7, ""n_estimators"": 900, ""scale_pos_weight"": 6, ""subsample"": 0.8}",xgboost,151,/home/ubuntu/Desktop/DeepAmes_Full_STL_4_keep_weights/results_TA1537_with_S9/artifacts/base/xgboost/scalers/xgboost_seed_3_skf_2_paras_151_lr_0.01_n_900_depth_7_subsample_0.8_scale_pos_weight_6_scaler.joblib,3,2
xgboost_seed_3_skf_3_paras_151_lr_0.01_n_900_depth_7_subsample_0.8_scale_pos_weight_6,xgboost,3_skf_3,488,15,21,36,0.936,0.952,0.632,0.97,0.706,0.959,0.667,0.632,/home/ubuntu/Desktop/DeepAmes_Full_STL_4_keep_weights/results_TA1537_with_S9/artifacts/base/xgboost/estimators/xgboost_seed_3_skf_3_paras_151_lr_0.01_n_900_depth_7_subsample_0.8_scale_pos_weight_6.joblib,"{""learning_rate"": 0.01, ""max_depth"": 7, ""n_estimators"": 900, ""scale_pos_weight"": 6, ""subsample"": 0.8}",xgboost,151,/home/ubuntu/Desktop/DeepAmes_Full_STL_4_keep_weights/results_TA1537_with_S9/artifacts/base/xgboost/scalers/xgboost_seed_3_skf_3_paras_151_lr_0.01_n_900_depth_7_subsample_0.8_scale_pos_weight_6_scaler.joblib,3,3
xgboost_seed_4_skf_0_paras_151_lr_0.01_n_900_depth_7_subsample_0.8_scale_pos_weight_6,xgboost,4_skf_0,493,10,23,34,0.941,0.945,0.596,0.98,0.773,0.955,0.673,0.648,/home/ubuntu/Desktop/DeepAmes_Full_STL_4_keep_weights/results_TA1537_with_S9/artifacts/base/xgboost/estimators/xgboost_seed_4_skf_0_paras_151_lr_0.01_n_900_depth_7_subsample_0.8_scale_pos_weight_6.joblib,"{""learning_rate"": 0.01, ""max_depth"": 7, ""n_estimators"": 900, ""scale_pos_weight"": 6, ""subsample"": 0.8}",xgboost,151,/home/ubuntu/Desktop/DeepAmes_Full_STL_4_keep_weights/results_TA1537_with_S9/artifacts/base/xgboost/scalers/xgboost_seed_4_skf_0_paras_151_lr_0.01_n_900_depth_7_subsample_0.8_scale_pos_weight_6_scaler.joblib,4,0
xgboost_seed_4_skf_1_paras_151_lr_0.01_n_900_depth_7_subsample_0.8_scale_pos_weight_6,xgboost,4_skf_1,486,17,20,37,0.934,0.938,0.649,0.966,0.685,0.96,0.667,0.63,/home/ubuntu/Desktop/DeepAmes_Full_STL_4_keep_weights/results_TA1537_with_S9/artifacts/base/xgboost/estimators/xgboost_seed_4_skf_1_paras_151_lr_0.01_n_900_depth_7_subsample_0.8_scale_pos_weight_6.joblib,"{""learning_rate"": 0.01, ""max_depth"": 7, ""n_estimators"": 900, ""scale_pos_weight"": 6, ""subsample"": 0.8}",xgboost,151,/home/ubuntu/Desktop/DeepAmes_Full_STL_4_keep_weights/results_TA1537_with_S9/artifacts/base/xgboost/scalers/xgboost_seed_4_skf_1_paras_151_lr_0.01_n_900_depth_7_subsample_0.8_scale_pos_weight_6_scaler.joblib,4,1
xgboost_seed_4_skf_2_paras_151_lr_0.01_n_900_depth_7_subsample_0.8_scale_pos_weight_6,xgboost,4_skf_2,488,15,22,35,0.934,0.94,0.614,0.97,0.7,0.957,0.654,0.619,/home/ubuntu/Desktop/DeepAmes_Full_STL_4_keep_weights/results_TA1537_with_S9/artifacts/base/xgboost/estimators/xgboost_seed_4_skf_2_paras_151_lr_0.01_n_900_depth_7_subsample_0.8_scale_pos_weight_6.joblib,"{""learning_rate"": 0.01, ""max_depth"": 7, ""n_estimators"": 900, ""scale_pos_weight"": 6, ""subsample"": 0.8}",xgboost,151,/home/ubuntu/Desktop/DeepAmes_Full_STL_4_keep_weights/results_TA1537_with_S9/artifacts/base/xgboost/scalers/xgboost_seed_4_skf_2_paras_151_lr_0.01_n_900_depth_7_subsample_0.8_scale_pos_weight_6_scaler.joblib,4,2
xgboost_seed_4_skf_4_paras_151_lr_0.01_n_900_depth_7_subsample_0.8_scale_pos_weight_6,xgboost,4_skf_4,490,13,23,34,0.936,0.952,0.596,0.974,0.723,0.955,0.654,0.622,/home/ubuntu/Desktop/DeepAmes_Full_STL_4_keep_weights/results_TA1537_with_S9/artifacts/base/xgboost/estimators/xgboost_seed_4_skf_4_paras_151_lr_0.01_n_900_depth_7_subsample_0.8_scale_pos_weight_6.joblib,"{""learning_rate"": 0.01, ""max_depth"": 7, ""n_estimators"": 900, ""scale_pos_weight"": 6, ""subsample"": 0.8}",xgboost,151,/home/ubuntu/Desktop/DeepAmes_Full_STL_4_keep_weights/results_TA1537_with_S9/artifacts/base/xgboost/scalers/xgboost_seed_4_skf_4_paras_151_lr_0.01_n_900_depth_7_subsample_0.8_scale_pos_weight_6_scaler.joblib,4,4
xgboost_seed_5_skf_0_paras_151_lr_0.01_n_900_depth_7_subsample_0.8_scale_pos_weight_6,xgboost,5_skf_0,488,15,20,37,0.938,0.952,0.649,0.97,0.712,0.961,0.679,0.645,/home/ubuntu/Desktop/DeepAmes_Full_STL_4_keep_weights/results_TA1537_with_S9/artifacts/base/xgboost/estimators/xgboost_seed_5_skf_0_paras_151_lr_0.01_n_900_depth_7_subsample_0.8_scale_pos_weight_6.joblib,"{""learning_rate"": 0.01, ""max_depth"": 7, ""n_estimators"": 900, ""scale_pos_weight"": 6, ""subsample"": 0.8}",xgboost,151,/home/ubuntu/Desktop/DeepAmes_Full_STL_4_keep_weights/results_TA1537_with_S9/artifacts/base/xgboost/scalers/xgboost_seed_5_skf_0_paras_151_lr_0.01_n_900_depth_7_subsample_0.8_scale_pos_weight_6_scaler.joblib,5,0
xgboost_seed_5_skf_3_paras_151_lr_0.01_n_900_depth_7_subsample_0.8_scale_pos_weight_6,xgboost,5_skf_3,487,16,23,34,0.93,0.94,0.596,0.968,0.68,0.955,0.636,0.599,/home/ubuntu/Desktop/DeepAmes_Full_STL_4_keep_weights/results_TA1537_with_S9/artifacts/base/xgboost/estimators/xgboost_seed_5_skf_3_paras_151_lr_0.01_n_900_depth_7_subsample_0.8_scale_pos_weight_6.joblib,"{""learning_rate"": 0.01, ""max_depth"": 7, ""n_estimators"": 900, ""scale_pos_weight"": 6, ""subsample"": 0.8}",xgboost,151,/home/ubuntu/Desktop/DeepAmes_Full_STL_4_keep_weights/results_TA1537_with_S9/artifacts/base/xgboost/scalers/xgboost_seed_5_skf_3_paras_151_lr_0.01_n_900_depth_7_subsample_0.8_scale_pos_weight_6_scaler.joblib,5,3
xgboost_seed_5_skf_4_paras_151_lr_0.01_n_900_depth_7_subsample_0.8_scale_pos_weight_6,xgboost,5_skf_4,489,14,23,34,0.934,0.945,0.596,0.972,0.708,0.955,0.648,0.614,/home/ubuntu/Desktop/DeepAmes_Full_STL_4_keep_weights/results_TA1537_with_S9/artifacts/base/xgboost/estimators/xgboost_seed_5_skf_4_paras_151_lr_0.01_n_900_depth_7_subsample_0.8_scale_pos_weight_6.joblib,"{""learning_rate"": 0.01, ""max_depth"": 7, ""n_estimators"": 900, ""scale_pos_weight"": 6, ""subsample"": 0.8}",xgboost,151,/home/ubuntu/Desktop/DeepAmes_Full_STL_4_keep_weights/results_TA1537_with_S9/artifacts/base/xgboost/scalers/xgboost_seed_5_skf_4_paras_151_lr_0.01_n_900_depth_7_subsample_0.8_scale_pos_weight_6_scaler.joblib,5,4
xgboost_seed_6_skf_0_paras_151_lr_0.01_n_900_depth_7_subsample_0.8_scale_pos_weight_6,xgboost,6_skf_0,488,15,21,36,0.936,0.94,0.632,0.97,0.706,0.959,0.667,0.632,/home/ubuntu/Desktop/DeepAmes_Full_STL_4_keep_weights/results_TA1537_with_S9/artifacts/base/xgboost/estimators/xgboost_seed_6_skf_0_paras_151_lr_0.01_n_900_depth_7_subsample_0.8_scale_pos_weight_6.joblib,"{""learning_rate"": 0.01, ""max_depth"": 7, ""n_estimators"": 900, ""scale_pos_weight"": 6, ""subsample"": 0.8}",xgboost,151,/home/ubuntu/Desktop/DeepAmes_Full_STL_4_keep_weights/results_TA1537_with_S9/artifacts/base/xgboost/scalers/xgboost_seed_6_skf_0_paras_151_lr_0.01_n_900_depth_7_subsample_0.8_scale_pos_weight_6_scaler.joblib,6,0
xgboost_seed_6_skf_2_paras_151_lr_0.01_n_900_depth_7_subsample_0.8_scale_pos_weight_6,xgboost,6_skf_2,488,15,23,34,0.932,0.947,0.596,0.97,0.694,0.955,0.642,0.606,/home/ubuntu/Desktop/DeepAmes_Full_STL_4_keep_weights/results_TA1537_with_S9/artifacts/base/xgboost/estimators/xgboost_seed_6_skf_2_paras_151_lr_0.01_n_900_depth_7_subsample_0.8_scale_pos_weight_6.joblib,"{""learning_rate"": 0.01, ""max_depth"": 7, ""n_estimators"": 900, ""scale_pos_weight"": 6, ""subsample"": 0.8}",xgboost,151,/home/ubuntu/Desktop/DeepAmes_Full_STL_4_keep_weights/results_TA1537_with_S9/artifacts/base/xgboost/scalers/xgboost_seed_6_skf_2_paras_151_lr_0.01_n_900_depth_7_subsample_0.8_scale_pos_weight_6_scaler.joblib,6,2
xgboost_seed_6_skf_3_paras_151_lr_0.01_n_900_depth_7_subsample_0.8_scale_pos_weight_6,xgboost,6_skf_3,489,14,23,34,0.934,0.947,0.596,0.972,0.708,0.955,0.648,0.614,/home/ubuntu/Desktop/DeepAmes_Full_STL_4_keep_weights/results_TA1537_with_S9/artifacts/base/xgboost/estimators/xgboost_seed_6_skf_3_paras_151_lr_0.01_n_900_depth_7_subsample_0.8_scale_pos_weight_6.joblib,"{""learning_rate"": 0.01, ""max_depth"": 7, ""n_estimators"": 900, ""scale_pos_weight"": 6, ""subsample"": 0.8}",xgboost,151,/home/ubuntu/Desktop/DeepAmes_Full_STL_4_keep_weights/results_TA1537_with_S9/artifacts/base/xgboost/scalers/xgboost_seed_6_skf_3_paras_151_lr_0.01_n_900_depth_7_subsample_0.8_scale_pos_weight_6_scaler.joblib,6,3
xgboost_seed_7_skf_0_paras_151_lr_0.01_n_900_depth_7_subsample_0.8_scale_pos_weight_6,xgboost,7_skf_0,489,14,22,35,0.936,0.94,0.614,0.972,0.714,0.957,0.66,0.627,/home/ubuntu/Desktop/DeepAmes_Full_STL_4_keep_weights/results_TA1537_with_S9/artifacts/base/xgboost/estimators/xgboost_seed_7_skf_0_paras_151_lr_0.01_n_900_depth_7_subsample_0.8_scale_pos_weight_6.joblib,"{""learning_rate"": 0.01, ""max_depth"": 7, ""n_estimators"": 900, ""scale_pos_weight"": 6, ""subsample"": 0.8}",xgboost,151,/home/ubuntu/Desktop/DeepAmes_Full_STL_4_keep_weights/results_TA1537_with_S9/artifacts/base/xgboost/scalers/xgboost_seed_7_skf_0_paras_151_lr_0.01_n_900_depth_7_subsample_0.8_scale_pos_weight_6_scaler.joblib,7,0
xgboost_seed_7_skf_1_paras_151_lr_0.01_n_900_depth_7_subsample_0.8_scale_pos_weight_6,xgboost,7_skf_1,491,12,22,35,0.939,0.948,0.614,0.976,0.745,0.957,0.673,0.644,/home/ubuntu/Desktop/DeepAmes_Full_STL_4_keep_weights/results_TA1537_with_S9/artifacts/base/xgboost/estimators/xgboost_seed_7_skf_1_paras_151_lr_0.01_n_900_depth_7_subsample_0.8_scale_pos_weight_6.joblib,"{""learning_rate"": 0.01, ""max_depth"": 7, ""n_estimators"": 900, ""scale_pos_weight"": 6, ""subsample"": 0.8}",xgboost,151,/home/ubuntu/Desktop/DeepAmes_Full_STL_4_keep_weights/results_TA1537_with_S9/artifacts/base/xgboost/scalers/xgboost_seed_7_skf_1_paras_151_lr_0.01_n_900_depth_7_subsample_0.8_scale_pos_weight_6_scaler.joblib,7,1
xgboost_seed_7_skf_2_paras_151_lr_0.01_n_900_depth_7_subsample_0.8_scale_pos_weight_6,xgboost,7_skf_2,488,15,21,36,0.936,0.947,0.632,0.97,0.706,0.959,0.667,0.632,/home/ubuntu/Desktop/DeepAmes_Full_STL_4_keep_weights/results_TA1537_with_S9/artifacts/base/xgboost/estimators/xgboost_seed_7_skf_2_paras_151_lr_0.01_n_900_depth_7_subsample_0.8_scale_pos_weight_6.joblib,"{""learning_rate"": 0.01, ""max_depth"": 7, ""n_estimators"": 900, ""scale_pos_weight"": 6, ""subsample"": 0.8}",xgboost,151,/home/ubuntu/Desktop/DeepAmes_Full_STL_4_keep_weights/results_TA1537_with_S9/artifacts/base/xgboost/scalers/xgboost_seed_7_skf_2_paras_151_lr_0.01_n_900_depth_7_subsample_0.8_scale_pos_weight_6_scaler.joblib,7,2
xgboost_seed_7_skf_3_paras_151_lr_0.01_n_900_depth_7_subsample_0.8_scale_pos_weight_6,xgboost,7_skf_3,487,16,22,35,0.932,0.944,0.614,0.968,0.686,0.957,0.648,0.612,/home/ubuntu/Desktop/DeepAmes_Full_STL_4_keep_weights/results_TA1537_with_S9/artifacts/base/xgboost/estimators/xgboost_seed_7_skf_3_paras_151_lr_0.01_n_900_depth_7_subsample_0.8_scale_pos_weight_6.joblib,"{""learning_rate"": 0.01, ""max_depth"": 7, ""n_estimators"": 900, ""scale_pos_weight"": 6, ""subsample"": 0.8}",xgboost,151,/home/ubuntu/Desktop/DeepAmes_Full_STL_4_keep_weights/results_TA1537_with_S9/artifacts/base/xgboost/scalers/xgboost_seed_7_skf_3_paras_151_lr_0.01_n_900_depth_7_subsample_0.8_scale_pos_weight_6_scaler.joblib,7,3
xgboost_seed_8_skf_0_paras_151_lr_0.01_n_900_depth_7_subsample_0.8_scale_pos_weight_6,xgboost,8_skf_0,488,15,21,36,0.936,0.945,0.632,0.97,0.706,0.959,0.667,0.632,/home/ubuntu/Desktop/DeepAmes_Full_STL_4_keep_weights/results_TA1537_with_S9/artifacts/base/xgboost/estimators/xgboost_seed_8_skf_0_paras_151_lr_0.01_n_900_depth_7_subsample_0.8_scale_pos_weight_6.joblib,"{""learning_rate"": 0.01, ""max_depth"": 7, ""n_estimators"": 900, ""scale_pos_weight"": 6, ""subsample"": 0.8}",xgboost,151,/home/ubuntu/Desktop/DeepAmes_Full_STL_4_keep_weights/results_TA1537_with_S9/artifacts/base/xgboost/scalers/xgboost_seed_8_skf_0_paras_151_lr_0.01_n_900_depth_7_subsample_0.8_scale_pos_weight_6_scaler.joblib,8,0
xgboost_seed_8_skf_1_paras_151_lr_0.01_n_900_depth_7_subsample_0.8_scale_pos_weight_6,xgboost,8_skf_1,491,12,22,35,0.939,0.95,0.614,0.976,0.745,0.957,0.673,0.644,/home/ubuntu/Desktop/DeepAmes_Full_STL_4_keep_weights/results_TA1537_with_S9/artifacts/base/xgboost/estimators/xgboost_seed_8_skf_1_paras_151_lr_0.01_n_900_depth_7_subsample_0.8_scale_pos_weight_6.joblib,"{""learning_rate"": 0.01, ""max_depth"": 7, ""n_estimators"": 900, ""scale_pos_weight"": 6, ""subsample"": 0.8}",xgboost,151,/home/ubuntu/Desktop/DeepAmes_Full_STL_4_keep_weights/results_TA1537_with_S9/artifacts/base/xgboost/scalers/xgboost_seed_8_skf_1_paras_151_lr_0.01_n_900_depth_7_subsample_0.8_scale_pos_weight_6_scaler.joblib,8,1
xgboost_seed_8_skf_2_paras_151_lr_0.01_n_900_depth_7_subsample_0.8_scale_pos_weight_6,xgboost,8_skf_2,490,13,22,35,0.938,0.934,0.614,0.974,0.729,0.957,0.667,0.635,/home/ubuntu/Desktop/DeepAmes_Full_STL_4_keep_weights/results_TA1537_with_S9/artifacts/base/xgboost/estimators/xgboost_seed_8_skf_2_paras_151_lr_0.01_n_900_depth_7_subsample_0.8_scale_pos_weight_6.joblib,"{""learning_rate"": 0.01, ""max_depth"": 7, ""n_estimators"": 900, ""scale_pos_weight"": 6, ""subsample"": 0.8}",xgboost,151,/home/ubuntu/Desktop/DeepAmes_Full_STL_4_keep_weights/results_TA1537_with_S9/artifacts/base/xgboost/scalers/xgboost_seed_8_skf_2_paras_151_lr_0.01_n_900_depth_7_subsample_0.8_scale_pos_weight_6_scaler.joblib,8,2
xgboost_seed_8_skf_3_paras_151_lr_0.01_n_900_depth_7_subsample_0.8_scale_pos_weight_6,xgboost,8_skf_3,492,11,22,35,0.941,0.946,0.614,0.978,0.761,0.957,0.68,0.652,/home/ubuntu/Desktop/DeepAmes_Full_STL_4_keep_weights/results_TA1537_with_S9/artifacts/base/xgboost/estimators/xgboost_seed_8_skf_3_paras_151_lr_0.01_n_900_depth_7_subsample_0.8_scale_pos_weight_6.joblib,"{""learning_rate"": 0.01, ""max_depth"": 7, ""n_estimators"": 900, ""scale_pos_weight"": 6, ""subsample"": 0.8}",xgboost,151,/home/ubuntu/Desktop/DeepAmes_Full_STL_4_keep_weights/results_TA1537_with_S9/artifacts/base/xgboost/scalers/xgboost_seed_8_skf_3_paras_151_lr_0.01_n_900_depth_7_subsample_0.8_scale_pos_weight_6_scaler.joblib,8,3
xgboost_seed_8_skf_4_paras_151_lr_0.01_n_900_depth_7_subsample_0.8_scale_pos_weight_6,xgboost,8_skf_4,489,14,23,34,0.934,0.948,0.596,0.972,0.708,0.955,0.648,0.614,/home/ubuntu/Desktop/DeepAmes_Full_STL_4_keep_weights/results_TA1537_with_S9/artifacts/base/xgboost/estimators/xgboost_seed_8_skf_4_paras_151_lr_0.01_n_900_depth_7_subsample_0.8_scale_pos_weight_6.joblib,"{""learning_rate"": 0.01, ""max_depth"": 7, ""n_estimators"": 900, ""scale_pos_weight"": 6, ""subsample"": 0.8}",xgboost,151,/home/ubuntu/Desktop/DeepAmes_Full_STL_4_keep_weights/results_TA1537_with_S9/artifacts/base/xgboost/scalers/xgboost_seed_8_skf_4_paras_151_lr_0.01_n_900_depth_7_subsample_0.8_scale_pos_weight_6_scaler.joblib,8,4
xgboost_seed_9_skf_2_paras_151_lr_0.01_n_900_depth_7_subsample_0.8_scale_pos_weight_6,xgboost,9_skf_2,489,14,22,35,0.936,0.943,0.614,0.972,0.714,0.957,0.66,0.627,/home/ubuntu/Desktop/DeepAmes_Full_STL_4_keep_weights/results_TA1537_with_S9/artifacts/base/xgboost/estimators/xgboost_seed_9_skf_2_paras_151_lr_0.01_n_900_depth_7_subsample_0.8_scale_pos_weight_6.joblib,"{""learning_rate"": 0.01, ""max_depth"": 7, ""n_estimators"": 900, ""scale_pos_weight"": 6, ""subsample"": 0.8}",xgboost,151,/home/ubuntu/Desktop/DeepAmes_Full_STL_4_keep_weights/results_TA1537_with_S9/artifacts/base/xgboost/scalers/xgboost_seed_9_skf_2_paras_151_lr_0.01_n_900_depth_7_subsample_0.8_scale_pos_weight_6_scaler.joblib,9,2
xgboost_seed_9_skf_3_paras_151_lr_0.01_n_900_depth_7_subsample_0.8_scale_pos_weight_6,xgboost,9_skf_3,487,16,22,35,0.932,0.945,0.614,0.968,0.686,0.957,0.648,0.612,/home/ubuntu/Desktop/DeepAmes_Full_STL_4_keep_weights/results_TA1537_with_S9/artifacts/base/xgboost/estimators/xgboost_seed_9_skf_3_paras_151_lr_0.01_n_900_depth_7_subsample_0.8_scale_pos_weight_6.joblib,"{""learning_rate"": 0.01, ""max_depth"": 7, ""n_estimators"": 900, ""scale_pos_weight"": 6, ""subsample"": 0.8}",xgboost,151,/home/ubuntu/Desktop/DeepAmes_Full_STL_4_keep_weights/results_TA1537_with_S9/artifacts/base/xgboost/scalers/xgboost_seed_9_skf_3_paras_151_lr_0.01_n_900_depth_7_subsample_0.8_scale_pos_weight_6_scaler.joblib,9,3
xgboost_seed_9_skf_4_paras_151_lr_0.01_n_900_depth_7_subsample_0.8_scale_pos_weight_6,xgboost,9_skf_4,492,11,22,35,0.941,0.946,0.614,0.978,0.761,0.957,0.68,0.652,/home/ubuntu/Desktop/DeepAmes_Full_STL_4_keep_weights/results_TA1537_with_S9/artifacts/base/xgboost/estimators/xgboost_seed_9_skf_4_paras_151_lr_0.01_n_900_depth_7_subsample_0.8_scale_pos_weight_6.joblib,"{""learning_rate"": 0.01, ""max_depth"": 7, ""n_estimators"": 900, ""scale_pos_weight"": 6, ""subsample"": 0.8}",xgboost,151,/home/ubuntu/Desktop/DeepAmes_Full_STL_4_keep_weights/results_TA1537_with_S9/artifacts/base/xgboost/scalers/xgboost_seed_9_skf_4_paras_151_lr_0.01_n_900_depth_7_subsample_0.8_scale_pos_weight_6_scaler.joblib,9,4
xgboost_seed_10_skf_1_paras_151_lr_0.01_n_900_depth_7_subsample_0.8_scale_pos_weight_6,xgboost,10_skf_1,486,17,22,35,0.93,0.939,0.614,0.966,0.673,0.957,0.642,0.604,/home/ubuntu/Desktop/DeepAmes_Full_STL_4_keep_weights/results_TA1537_with_S9/artifacts/base/xgboost/estimators/xgboost_seed_10_skf_1_paras_151_lr_0.01_n_900_depth_7_subsample_0.8_scale_pos_weight_6.joblib,"{""learning_rate"": 0.01, ""max_depth"": 7, ""n_estimators"": 900, ""scale_pos_weight"": 6, ""subsample"": 0.8}",xgboost,151,/home/ubuntu/Desktop/DeepAmes_Full_STL_4_keep_weights/results_TA1537_with_S9/artifacts/base/xgboost/scalers/xgboost_seed_10_skf_1_paras_151_lr_0.01_n_900_depth_7_subsample_0.8_scale_pos_weight_6_scaler.joblib,10,1
xgboost_seed_10_skf_2_paras_151_lr_0.01_n_900_depth_7_subsample_0.8_scale_pos_weight_6,xgboost,10_skf_2,489,14,22,35,0.936,0.946,0.614,0.972,0.714,0.957,0.66,0.627,/home/ubuntu/Desktop/DeepAmes_Full_STL_4_keep_weights/results_TA1537_with_S9/artifacts/base/xgboost/estimators/xgboost_seed_10_skf_2_paras_151_lr_0.01_n_900_depth_7_subsample_0.8_scale_pos_weight_6.joblib,"{""learning_rate"": 0.01, ""max_depth"": 7, ""n_estimators"": 900, ""scale_pos_weight"": 6, ""subsample"": 0.8}",xgboost,151,/home/ubuntu/Desktop/DeepAmes_Full_STL_4_keep_weights/results_TA1537_with_S9/artifacts/base/xgboost/scalers/xgboost_seed_10_skf_2_paras_151_lr_0.01_n_900_depth_7_subsample_0.8_scale_pos_weight_6_scaler.joblib,10,2
xgboost_seed_10_skf_3_paras_151_lr_0.01_n_900_depth_7_subsample_0.8_scale_pos_weight_6,xgboost,10_skf_3,492,11,22,35,0.941,0.946,0.614,0.978,0.761,0.957,0.68,0.652,/home/ubuntu/Desktop/DeepAmes_Full_STL_4_keep_weights/results_TA1537_with_S9/artifacts/base/xgboost/estimators/xgboost_seed_10_skf_3_paras_151_lr_0.01_n_900_depth_7_subsample_0.8_scale_pos_weight_6.joblib,"{""learning_rate"": 0.01, ""max_depth"": 7, ""n_estimators"": 900, ""scale_pos_weight"": 6, ""subsample"": 0.8}",xgboost,151,/home/ubuntu/Desktop/DeepAmes_Full_STL_4_keep_weights/results_TA1537_with_S9/artifacts/base/xgboost/scalers/xgboost_seed_10_skf_3_paras_151_lr_0.01_n_900_depth_7_subsample_0.8_scale_pos_weight_6_scaler.joblib,10,3
xgboost_seed_10_skf_4_paras_151_lr_0.01_n_900_depth_7_subsample_0.8_scale_pos_weight_6,xgboost,10_skf_4,491,12,23,34,0.938,0.944,0.596,0.976,0.739,0.955,0.66,0.631,/home/ubuntu/Desktop/DeepAmes_Full_STL_4_keep_weights/results_TA1537_with_S9/artifacts/base/xgboost/estimators/xgboost_seed_10_skf_4_paras_151_lr_0.01_n_900_depth_7_subsample_0.8_scale_pos_weight_6.joblib,"{""learning_rate"": 0.01, ""max_depth"": 7, ""n_estimators"": 900, ""scale_pos_weight"": 6, ""subsample"": 0.8}",xgboost,151,/home/ubuntu/Desktop/DeepAmes_Full_STL_4_keep_weights/results_TA1537_with_S9/artifacts/base/xgboost/scalers/xgboost_seed_10_skf_4_paras_151_lr_0.01_n_900_depth_7_subsample_0.8_scale_pos_weight_6_scaler.joblib,10,4
xgboost_seed_11_skf_2_paras_151_lr_0.01_n_900_depth_7_subsample_0.8_scale_pos_weight_6,xgboost,11_skf_2,490,13,21,36,0.939,0.941,0.632,0.974,0.735,0.959,0.679,0.648,/home/ubuntu/Desktop/DeepAmes_Full_STL_4_keep_weights/results_TA1537_with_S9/artifacts/base/xgboost/estimators/xgboost_seed_11_skf_2_paras_151_lr_0.01_n_900_depth_7_subsample_0.8_scale_pos_weight_6.joblib,"{""learning_rate"": 0.01, ""max_depth"": 7, ""n_estimators"": 900, ""scale_pos_weight"": 6, ""subsample"": 0.8}",xgboost,151,/home/ubuntu/Desktop/DeepAmes_Full_STL_4_keep_weights/results_TA1537_with_S9/artifacts/base/xgboost/scalers/xgboost_seed_11_skf_2_paras_151_lr_0.01_n_900_depth_7_subsample_0.8_scale_pos_weight_6_scaler.joblib,11,2
xgboost_seed_11_skf_3_paras_151_lr_0.01_n_900_depth_7_subsample_0.8_scale_pos_weight_6,xgboost,11_skf_3,488,15,24,33,0.93,0.94,0.579,0.97,0.688,0.953,0.629,0.593,/home/ubuntu/Desktop/DeepAmes_Full_STL_4_keep_weights/results_TA1537_with_S9/artifacts/base/xgboost/estimators/xgboost_seed_11_skf_3_paras_151_lr_0.01_n_900_depth_7_subsample_0.8_scale_pos_weight_6.joblib,"{""learning_rate"": 0.01, ""max_depth"": 7, ""n_estimators"": 900, ""scale_pos_weight"": 6, ""subsample"": 0.8}",xgboost,151,/home/ubuntu/Desktop/DeepAmes_Full_STL_4_keep_weights/results_TA1537_with_S9/artifacts/base/xgboost/scalers/xgboost_seed_11_skf_3_paras_151_lr_0.01_n_900_depth_7_subsample_0.8_scale_pos_weight_6_scaler.joblib,11,3
xgboost_seed_11_skf_4_paras_151_lr_0.01_n_900_depth_7_subsample_0.8_scale_pos_weight_6,xgboost,11_skf_4,489,14,23,34,0.934,0.946,0.596,0.972,0.708,0.955,0.648,0.614,/home/ubuntu/Desktop/DeepAmes_Full_STL_4_keep_weights/results_TA1537_with_S9/artifacts/base/xgboost/estimators/xgboost_seed_11_skf_4_paras_151_lr_0.01_n_900_depth_7_subsample_0.8_scale_pos_weight_6.joblib,"{""learning_rate"": 0.01, ""max_depth"": 7, ""n_estimators"": 900, ""scale_pos_weight"": 6, ""subsample"": 0.8}",xgboost,151,/home/ubuntu/Desktop/DeepAmes_Full_STL_4_keep_weights/results_TA1537_with_S9/artifacts/base/xgboost/scalers/xgboost_seed_11_skf_4_paras_151_lr_0.01_n_900_depth_7_subsample_0.8_scale_pos_weight_6_scaler.joblib,11,4
xgboost_seed_12_skf_0_paras_151_lr_0.01_n_900_depth_7_subsample_0.8_scale_pos_weight_6,xgboost,12_skf_0,490,13,21,36,0.939,0.947,0.632,0.974,0.735,0.959,0.679,0.648,/home/ubuntu/Desktop/DeepAmes_Full_STL_4_keep_weights/results_TA1537_with_S9/artifacts/base/xgboost/estimators/xgboost_seed_12_skf_0_paras_151_lr_0.01_n_900_depth_7_subsample_0.8_scale_pos_weight_6.joblib,"{""learning_rate"": 0.01, ""max_depth"": 7, ""n_estimators"": 900, ""scale_pos_weight"": 6, ""subsample"": 0.8}",xgboost,151,/home/ubuntu/Desktop/DeepAmes_Full_STL_4_keep_weights/results_TA1537_with_S9/artifacts/base/xgboost/scalers/xgboost_seed_12_skf_0_paras_151_lr_0.01_n_900_depth_7_subsample_0.8_scale_pos_weight_6_scaler.joblib,12,0
xgboost_seed_12_skf_1_paras_151_lr_0.01_n_900_depth_7_subsample_0.8_scale_pos_weight_6,xgboost,12_skf_1,492,11,23,34,0.939,0.948,0.596,0.978,0.756,0.955,0.667,0.639,/home/ubuntu/Desktop/DeepAmes_Full_STL_4_keep_weights/results_TA1537_with_S9/artifacts/base/xgboost/estimators/xgboost_seed_12_skf_1_paras_151_lr_0.01_n_900_depth_7_subsample_0.8_scale_pos_weight_6.joblib,"{""learning_rate"": 0.01, ""max_depth"": 7, ""n_estimators"": 900, ""scale_pos_weight"": 6, ""subsample"": 0.8}",xgboost,151,/home/ubuntu/Desktop/DeepAmes_Full_STL_4_keep_weights/results_TA1537_with_S9/artifacts/base/xgboost/scalers/xgboost_seed_12_skf_1_paras_151_lr_0.01_n_900_depth_7_subsample_0.8_scale_pos_weight_6_scaler.joblib,12,1
xgboost_seed_12_skf_2_paras_151_lr_0.01_n_900_depth_7_subsample_0.8_scale_pos_weight_6,xgboost,12_skf_2,491,12,24,33,0.936,0.942,0.579,0.976,0.733,0.953,0.647,0.617,/home/ubuntu/Desktop/DeepAmes_Full_STL_4_keep_weights/results_TA1537_with_S9/artifacts/base/xgboost/estimators/xgboost_seed_12_skf_2_paras_151_lr_0.01_n_900_depth_7_subsample_0.8_scale_pos_weight_6.joblib,"{""learning_rate"": 0.01, ""max_depth"": 7, ""n_estimators"": 900, ""scale_pos_weight"": 6, ""subsample"": 0.8}",xgboost,151,/home/ubuntu/Desktop/DeepAmes_Full_STL_4_keep_weights/results_TA1537_with_S9/artifacts/base/xgboost/scalers/xgboost_seed_12_skf_2_paras_151_lr_0.01_n_900_depth_7_subsample_0.8_scale_pos_weight_6_scaler.joblib,12,2
xgboost_seed_12_skf_3_paras_151_lr_0.01_n_900_depth_7_subsample_0.8_scale_pos_weight_6,xgboost,12_skf_3,491,12,22,35,0.939,0.944,0.614,0.976,0.745,0.957,0.673,0.644,/home/ubuntu/Desktop/DeepAmes_Full_STL_4_keep_weights/results_TA1537_with_S9/artifacts/base/xgboost/estimators/xgboost_seed_12_skf_3_paras_151_lr_0.01_n_900_depth_7_subsample_0.8_scale_pos_weight_6.joblib,"{""learning_rate"": 0.01, ""max_depth"": 7, ""n_estimators"": 900, ""scale_pos_weight"": 6, ""subsample"": 0.8}",xgboost,151,/home/ubuntu/Desktop/DeepAmes_Full_STL_4_keep_weights/results_TA1537_with_S9/artifacts/base/xgboost/scalers/xgboost_seed_12_skf_3_paras_151_lr_0.01_n_900_depth_7_subsample_0.8_scale_pos_weight_6_scaler.joblib,12,3
xgboost_seed_12_skf_4_paras_151_lr_0.01_n_900_depth_7_subsample_0.8_scale_pos_weight_6,xgboost,12_skf_4,490,13,21,36,0.939,0.941,0.632,0.974,0.735,0.959,0.679,0.648,/home/ubuntu/Desktop/DeepAmes_Full_STL_4_keep_weights/results_TA1537_with_S9/artifacts/base/xgboost/estimators/xgboost_seed_12_skf_4_paras_151_lr_0.01_n_900_depth_7_subsample_0.8_scale_pos_weight_6.joblib,"{""learning_rate"": 0.01, ""max_depth"": 7, ""n_estimators"": 900, ""scale_pos_weight"": 6, ""subsample"": 0.8}",xgboost,151,/home/ubuntu/Desktop/DeepAmes_Full_STL_4_keep_weights/results_TA1537_with_S9/artifacts/base/xgboost/scalers/xgboost_seed_12_skf_4_paras_151_lr_0.01_n_900_depth_7_subsample_0.8_scale_pos_weight_6_scaler.joblib,12,4
xgboost_seed_13_skf_0_paras_151_lr_0.01_n_900_depth_7_subsample_0.8_scale_pos_weight_6,xgboost,13_skf_0,491,12,22,35,0.939,0.944,0.614,0.976,0.745,0.957,0.673,0.644,/home/ubuntu/Desktop/DeepAmes_Full_STL_4_keep_weights/results_TA1537_with_S9/artifacts/base/xgboost/estimators/xgboost_seed_13_skf_0_paras_151_lr_0.01_n_900_depth_7_subsample_0.8_scale_pos_weight_6.joblib,"{""learning_rate"": 0.01, ""max_depth"": 7, ""n_estimators"": 900, ""scale_pos_weight"": 6, ""subsample"": 0.8}",xgboost,151,/home/ubuntu/Desktop/DeepAmes_Full_STL_4_keep_weights/results_TA1537_with_S9/artifacts/base/xgboost/scalers/xgboost_seed_13_skf_0_paras_151_lr_0.01_n_900_depth_7_subsample_0.8_scale_pos_weight_6_scaler.joblib,13,0
xgboost_seed_13_skf_3_paras_151_lr_0.01_n_900_depth_7_subsample_0.8_scale_pos_weight_6,xgboost,13_skf_3,488,15,21,36,0.936,0.947,0.632,0.97,0.706,0.959,0.667,0.632,/home/ubuntu/Desktop/DeepAmes_Full_STL_4_keep_weights/results_TA1537_with_S9/artifacts/base/xgboost/estimators/xgboost_seed_13_skf_3_paras_151_lr_0.01_n_900_depth_7_subsample_0.8_scale_pos_weight_6.joblib,"{""learning_rate"": 0.01, ""max_depth"": 7, ""n_estimators"": 900, ""scale_pos_weight"": 6, ""subsample"": 0.8}",xgboost,151,/home/ubuntu/Desktop/DeepAmes_Full_STL_4_keep_weights/results_TA1537_with_S9/artifacts/base/xgboost/scalers/xgboost_seed_13_skf_3_paras_151_lr_0.01_n_900_depth_7_subsample_0.8_scale_pos_weight_6_scaler.joblib,13,3
xgboost_seed_13_skf_4_paras_151_lr_0.01_n_900_depth_7_subsample_0.8_scale_pos_weight_6,xgboost,13_skf_4,488,15,22,35,0.934,0.943,0.614,0.97,0.7,0.957,0.654,0.619,/home/ubuntu/Desktop/DeepAmes_Full_STL_4_keep_weights/results_TA1537_with_S9/artifacts/base/xgboost/estimators/xgboost_seed_13_skf_4_paras_151_lr_0.01_n_900_depth_7_subsample_0.8_scale_pos_weight_6.joblib,"{""learning_rate"": 0.01, ""max_depth"": 7, ""n_estimators"": 900, ""scale_pos_weight"": 6, ""subsample"": 0.8}",xgboost,151,/home/ubuntu/Desktop/DeepAmes_Full_STL_4_keep_weights/results_TA1537_with_S9/artifacts/base/xgboost/scalers/xgboost_seed_13_skf_4_paras_151_lr_0.01_n_900_depth_7_subsample_0.8_scale_pos_weight_6_scaler.joblib,13,4
xgboost_seed_14_skf_0_paras_151_lr_0.01_n_900_depth_7_subsample_0.8_scale_pos_weight_6,xgboost,14_skf_0,494,9,24,33,0.941,0.936,0.579,0.982,0.786,0.954,0.667,0.644,/home/ubuntu/Desktop/DeepAmes_Full_STL_4_keep_weights/results_TA1537_with_S9/artifacts/base/xgboost/estimators/xgboost_seed_14_skf_0_paras_151_lr_0.01_n_900_depth_7_subsample_0.8_scale_pos_weight_6.joblib,"{""learning_rate"": 0.01, ""max_depth"": 7, ""n_estimators"": 900, ""scale_pos_weight"": 6, ""subsample"": 0.8}",xgboost,151,/home/ubuntu/Desktop/DeepAmes_Full_STL_4_keep_weights/results_TA1537_with_S9/artifacts/base/xgboost/scalers/xgboost_seed_14_skf_0_paras_151_lr_0.01_n_900_depth_7_subsample_0.8_scale_pos_weight_6_scaler.joblib,14,0
xgboost_seed_14_skf_1_paras_151_lr_0.01_n_900_depth_7_subsample_0.8_scale_pos_weight_6,xgboost,14_skf_1,487,16,23,34,0.93,0.944,0.596,0.968,0.68,0.955,0.636,0.599,/home/ubuntu/Desktop/DeepAmes_Full_STL_4_keep_weights/results_TA1537_with_S9/artifacts/base/xgboost/estimators/xgboost_seed_14_skf_1_paras_151_lr_0.01_n_900_depth_7_subsample_0.8_scale_pos_weight_6.joblib,"{""learning_rate"": 0.01, ""max_depth"": 7, ""n_estimators"": 900, ""scale_pos_weight"": 6, ""subsample"": 0.8}",xgboost,151,/home/ubuntu/Desktop/DeepAmes_Full_STL_4_keep_weights/results_TA1537_with_S9/artifacts/base/xgboost/scalers/xgboost_seed_14_skf_1_paras_151_lr_0.01_n_900_depth_7_subsample_0.8_scale_pos_weight_6_scaler.joblib,14,1
xgboost_seed_14_skf_2_paras_151_lr_0.01_n_900_depth_7_subsample_0.8_scale_pos_weight_6,xgboost,14_skf_2,487,16,23,34,0.93,0.942,0.596,0.968,0.68,0.955,0.636,0.599,/home/ubuntu/Desktop/DeepAmes_Full_STL_4_keep_weights/results_TA1537_with_S9/artifacts/base/xgboost/estimators/xgboost_seed_14_skf_2_paras_151_lr_0.01_n_900_depth_7_subsample_0.8_scale_pos_weight_6.joblib,"{""learning_rate"": 0.01, ""max_depth"": 7, ""n_estimators"": 900, ""scale_pos_weight"": 6, ""subsample"": 0.8}",xgboost,151,/home/ubuntu/Desktop/DeepAmes_Full_STL_4_keep_weights/results_TA1537_with_S9/artifacts/base/xgboost/scalers/xgboost_seed_14_skf_2_paras_151_lr_0.01_n_900_depth_7_subsample_0.8_scale_pos_weight_6_scaler.joblib,14,2
xgboost_seed_14_skf_3_paras_151_lr_0.01_n_900_depth_7_subsample_0.8_scale_pos_weight_6,xgboost,14_skf_3,485,18,19,38,0.934,0.948,0.667,0.964,0.679,0.962,0.673,0.636,/home/ubuntu/Desktop/DeepAmes_Full_STL_4_keep_weights/results_TA1537_with_S9/artifacts/base/xgboost/estimators/xgboost_seed_14_skf_3_paras_151_lr_0.01_n_900_depth_7_subsample_0.8_scale_pos_weight_6.joblib,"{""learning_rate"": 0.01, ""max_depth"": 7, ""n_estimators"": 900, ""scale_pos_weight"": 6, ""subsample"": 0.8}",xgboost,151,/home/ubuntu/Desktop/DeepAmes_Full_STL_4_keep_weights/results_TA1537_with_S9/artifacts/base/xgboost/scalers/xgboost_seed_14_skf_3_paras_151_lr_0.01_n_900_depth_7_subsample_0.8_scale_pos_weight_6_scaler.joblib,14,3
xgboost_seed_15_skf_0_paras_151_lr_0.01_n_900_depth_7_subsample_0.8_scale_pos_weight_6,xgboost,15_skf_0,490,13,22,35,0.938,0.944,0.614,0.974,0.729,0.957,0.667,0.635,/home/ubuntu/Desktop/DeepAmes_Full_STL_4_keep_weights/results_TA1537_with_S9/artifacts/base/xgboost/estimators/xgboost_seed_15_skf_0_paras_151_lr_0.01_n_900_depth_7_subsample_0.8_scale_pos_weight_6.joblib,"{""learning_rate"": 0.01, ""max_depth"": 7, ""n_estimators"": 900, ""scale_pos_weight"": 6, ""subsample"": 0.8}",xgboost,151,/home/ubuntu/Desktop/DeepAmes_Full_STL_4_keep_weights/results_TA1537_with_S9/artifacts/base/xgboost/scalers/xgboost_seed_15_skf_0_paras_151_lr_0.01_n_900_depth_7_subsample_0.8_scale_pos_weight_6_scaler.joblib,15,0
xgboost_seed_15_skf_1_paras_151_lr_0.01_n_900_depth_7_subsample_0.8_scale_pos_weight_6,xgboost,15_skf_1,490,13,22,35,0.938,0.941,0.614,0.974,0.729,0.957,0.667,0.635,/home/ubuntu/Desktop/DeepAmes_Full_STL_4_keep_weights/results_TA1537_with_S9/artifacts/base/xgboost/estimators/xgboost_seed_15_skf_1_paras_151_lr_0.01_n_900_depth_7_subsample_0.8_scale_pos_weight_6.joblib,"{""learning_rate"": 0.01, ""max_depth"": 7, ""n_estimators"": 900, ""scale_pos_weight"": 6, ""subsample"": 0.8}",xgboost,151,/home/ubuntu/Desktop/DeepAmes_Full_STL_4_keep_weights/results_TA1537_with_S9/artifacts/base/xgboost/scalers/xgboost_seed_15_skf_1_paras_151_lr_0.01_n_900_depth_7_subsample_0.8_scale_pos_weight_6_scaler.joblib,15,1
xgboost_seed_15_skf_2_paras_151_lr_0.01_n_900_depth_7_subsample_0.8_scale_pos_weight_6,xgboost,15_skf_2,488,15,21,36,0.936,0.945,0.632,0.97,0.706,0.959,0.667,0.632,/home/ubuntu/Desktop/DeepAmes_Full_STL_4_keep_weights/results_TA1537_with_S9/artifacts/base/xgboost/estimators/xgboost_seed_15_skf_2_paras_151_lr_0.01_n_900_depth_7_subsample_0.8_scale_pos_weight_6.joblib,"{""learning_rate"": 0.01, ""max_depth"": 7, ""n_estimators"": 900, ""scale_pos_weight"": 6, ""subsample"": 0.8}",xgboost,151,/home/ubuntu/Desktop/DeepAmes_Full_STL_4_keep_weights/results_TA1537_with_S9/artifacts/base/xgboost/scalers/xgboost_seed_15_skf_2_paras_151_lr_0.01_n_900_depth_7_subsample_0.8_scale_pos_weight_6_scaler.joblib,15,2
xgboost_seed_15_skf_3_paras_151_lr_0.01_n_900_depth_7_subsample_0.8_scale_pos_weight_6,xgboost,15_skf_3,489,14,21,36,0.938,0.945,0.632,0.972,0.72,0.959,0.673,0.64,/home/ubuntu/Desktop/DeepAmes_Full_STL_4_keep_weights/results_TA1537_with_S9/artifacts/base/xgboost/estimators/xgboost_seed_15_skf_3_paras_151_lr_0.01_n_900_depth_7_subsample_0.8_scale_pos_weight_6.joblib,"{""learning_rate"": 0.01, ""max_depth"": 7, ""n_estimators"": 900, ""scale_pos_weight"": 6, ""subsample"": 0.8}",xgboost,151,/home/ubuntu/Desktop/DeepAmes_Full_STL_4_keep_weights/results_TA1537_with_S9/artifacts/base/xgboost/scalers/xgboost_seed_15_skf_3_paras_151_lr_0.01_n_900_depth_7_subsample_0.8_scale_pos_weight_6_scaler.joblib,15,3
xgboost_seed_15_skf_4_paras_151_lr_0.01_n_900_depth_7_subsample_0.8_scale_pos_weight_6,xgboost,15_skf_4,491,12,23,34,0.938,0.943,0.596,0.976,0.739,0.955,0.66,0.631,/home/ubuntu/Desktop/DeepAmes_Full_STL_4_keep_weights/results_TA1537_with_S9/artifacts/base/xgboost/estimators/xgboost_seed_15_skf_4_paras_151_lr_0.01_n_900_depth_7_subsample_0.8_scale_pos_weight_6.joblib,"{""learning_rate"": 0.01, ""max_depth"": 7, ""n_estimators"": 900, ""scale_pos_weight"": 6, ""subsample"": 0.8}",xgboost,151,/home/ubuntu/Desktop/DeepAmes_Full_STL_4_keep_weights/results_TA1537_with_S9/artifacts/base/xgboost/scalers/xgboost_seed_15_skf_4_paras_151_lr_0.01_n_900_depth_7_subsample_0.8_scale_pos_weight_6_scaler.joblib,15,4
xgboost_seed_16_skf_0_paras_151_lr_0.01_n_900_depth_7_subsample_0.8_scale_pos_weight_6,xgboost,16_skf_0,494,9,25,32,0.939,0.933,0.561,0.982,0.78,0.952,0.653,0.631,/home/ubuntu/Desktop/DeepAmes_Full_STL_4_keep_weights/results_TA1537_with_S9/artifacts/base/xgboost/estimators/xgboost_seed_16_skf_0_paras_151_lr_0.01_n_900_depth_7_subsample_0.8_scale_pos_weight_6.joblib,"{""learning_rate"": 0.01, ""max_depth"": 7, ""n_estimators"": 900, ""scale_pos_weight"": 6, ""subsample"": 0.8}",xgboost,151,/home/ubuntu/Desktop/DeepAmes_Full_STL_4_keep_weights/results_TA1537_with_S9/artifacts/base/xgboost/scalers/xgboost_seed_16_skf_0_paras_151_lr_0.01_n_900_depth_7_subsample_0.8_scale_pos_weight_6_scaler.joblib,16,0
xgboost_seed_16_skf_1_paras_151_lr_0.01_n_900_depth_7_subsample_0.8_scale_pos_weight_6,xgboost,16_skf_1,492,11,24,33,0.938,0.947,0.579,0.978,0.75,0.953,0.653,0.626,/home/ubuntu/Desktop/DeepAmes_Full_STL_4_keep_weights/results_TA1537_with_S9/artifacts/base/xgboost/estimators/xgboost_seed_16_skf_1_paras_151_lr_0.01_n_900_depth_7_subsample_0.8_scale_pos_weight_6.joblib,"{""learning_rate"": 0.01, ""max_depth"": 7, ""n_estimators"": 900, ""scale_pos_weight"": 6, ""subsample"": 0.8}",xgboost,151,/home/ubuntu/Desktop/DeepAmes_Full_STL_4_keep_weights/results_TA1537_with_S9/artifacts/base/xgboost/scalers/xgboost_seed_16_skf_1_paras_151_lr_0.01_n_900_depth_7_subsample_0.8_scale_pos_weight_6_scaler.joblib,16,1
xgboost_seed_16_skf_2_paras_151_lr_0.01_n_900_depth_7_subsample_0.8_scale_pos_weight_6,xgboost,16_skf_2,488,15,20,37,0.938,0.946,0.649,0.97,0.712,0.961,0.679,0.645,/home/ubuntu/Desktop/DeepAmes_Full_STL_4_keep_weights/results_TA1537_with_S9/artifacts/base/xgboost/estimators/xgboost_seed_16_skf_2_paras_151_lr_0.01_n_900_depth_7_subsample_0.8_scale_pos_weight_6.joblib,"{""learning_rate"": 0.01, ""max_depth"": 7, ""n_estimators"": 900, ""scale_pos_weight"": 6, ""subsample"": 0.8}",xgboost,151,/home/ubuntu/Desktop/DeepAmes_Full_STL_4_keep_weights/results_TA1537_with_S9/artifacts/base/xgboost/scalers/xgboost_seed_16_skf_2_paras_151_lr_0.01_n_900_depth_7_subsample_0.8_scale_pos_weight_6_scaler.joblib,16,2
xgboost_seed_16_skf_4_paras_151_lr_0.01_n_900_depth_7_subsample_0.8_scale_pos_weight_6,xgboost,16_skf_4,488,15,23,34,0.932,0.947,0.596,0.97,0.694,0.955,0.642,0.606,/home/ubuntu/Desktop/DeepAmes_Full_STL_4_keep_weights/results_TA1537_with_S9/artifacts/base/xgboost/estimators/xgboost_seed_16_skf_4_paras_151_lr_0.01_n_900_depth_7_subsample_0.8_scale_pos_weight_6.joblib,"{""learning_rate"": 0.01, ""max_depth"": 7, ""n_estimators"": 900, ""scale_pos_weight"": 6, ""subsample"": 0.8}",xgboost,151,/home/ubuntu/Desktop/DeepAmes_Full_STL_4_keep_weights/results_TA1537_with_S9/artifacts/base/xgboost/scalers/xgboost_seed_16_skf_4_paras_151_lr_0.01_n_900_depth_7_subsample_0.8_scale_pos_weight_6_scaler.joblib,16,4
xgboost_seed_17_skf_0_paras_151_lr_0.01_n_900_depth_7_subsample_0.8_scale_pos_weight_6,xgboost,17_skf_0,492,11,22,35,0.941,0.944,0.614,0.978,0.761,0.957,0.68,0.652,/home/ubuntu/Desktop/DeepAmes_Full_STL_4_keep_weights/results_TA1537_with_S9/artifacts/base/xgboost/estimators/xgboost_seed_17_skf_0_paras_151_lr_0.01_n_900_depth_7_subsample_0.8_scale_pos_weight_6.joblib,"{""learning_rate"": 0.01, ""max_depth"": 7, ""n_estimators"": 900, ""scale_pos_weight"": 6, ""subsample"": 0.8}",xgboost,151,/home/ubuntu/Desktop/DeepAmes_Full_STL_4_keep_weights/results_TA1537_with_S9/artifacts/base/xgboost/scalers/xgboost_seed_17_skf_0_paras_151_lr_0.01_n_900_depth_7_subsample_0.8_scale_pos_weight_6_scaler.joblib,17,0
xgboost_seed_17_skf_1_paras_151_lr_0.01_n_900_depth_7_subsample_0.8_scale_pos_weight_6,xgboost,17_skf_1,488,15,20,37,0.938,0.944,0.649,0.97,0.712,0.961,0.679,0.645,/home/ubuntu/Desktop/DeepAmes_Full_STL_4_keep_weights/results_TA1537_with_S9/artifacts/base/xgboost/estimators/xgboost_seed_17_skf_1_paras_151_lr_0.01_n_900_depth_7_subsample_0.8_scale_pos_weight_6.joblib,"{""learning_rate"": 0.01, ""max_depth"": 7, ""n_estimators"": 900, ""scale_pos_weight"": 6, ""subsample"": 0.8}",xgboost,151,/home/ubuntu/Desktop/DeepAmes_Full_STL_4_keep_weights/results_TA1537_with_S9/artifacts/base/xgboost/scalers/xgboost_seed_17_skf_1_paras_151_lr_0.01_n_900_depth_7_subsample_0.8_scale_pos_weight_6_scaler.joblib,17,1
xgboost_seed_17_skf_3_paras_151_lr_0.01_n_900_depth_7_subsample_0.8_scale_pos_weight_6,xgboost,17_skf_3,484,19,24,33,0.923,0.936,0.579,0.962,0.635,0.953,0.606,0.564,/home/ubuntu/Desktop/DeepAmes_Full_STL_4_keep_weights/results_TA1537_with_S9/artifacts/base/xgboost/estimators/xgboost_seed_17_skf_3_paras_151_lr_0.01_n_900_depth_7_subsample_0.8_scale_pos_weight_6.joblib,"{""learning_rate"": 0.01, ""max_depth"": 7, ""n_estimators"": 900, ""scale_pos_weight"": 6, ""subsample"": 0.8}",xgboost,151,/home/ubuntu/Desktop/DeepAmes_Full_STL_4_keep_weights/results_TA1537_with_S9/artifacts/base/xgboost/scalers/xgboost_seed_17_skf_3_paras_151_lr_0.01_n_900_depth_7_subsample_0.8_scale_pos_weight_6_scaler.joblib,17,3
xgboost_seed_18_skf_0_paras_151_lr_0.01_n_900_depth_7_subsample_0.8_scale_pos_weight_6,xgboost,18_skf_0,485,18,19,38,0.934,0.943,0.667,0.964,0.679,0.962,0.673,0.636,/home/ubuntu/Desktop/DeepAmes_Full_STL_4_keep_weights/results_TA1537_with_S9/artifacts/base/xgboost/estimators/xgboost_seed_18_skf_0_paras_151_lr_0.01_n_900_depth_7_subsample_0.8_scale_pos_weight_6.joblib,"{""learning_rate"": 0.01, ""max_depth"": 7, ""n_estimators"": 900, ""scale_pos_weight"": 6, ""subsample"": 0.8}",xgboost,151,/home/ubuntu/Desktop/DeepAmes_Full_STL_4_keep_weights/results_TA1537_with_S9/artifacts/base/xgboost/scalers/xgboost_seed_18_skf_0_paras_151_lr_0.01_n_900_depth_7_subsample_0.8_scale_pos_weight_6_scaler.joblib,18,0
xgboost_seed_18_skf_3_paras_151_lr_0.01_n_900_depth_7_subsample_0.8_scale_pos_weight_6,xgboost,18_skf_3,491,12,25,32,0.934,0.939,0.561,0.976,0.727,0.952,0.634,0.604,/home/ubuntu/Desktop/DeepAmes_Full_STL_4_keep_weights/results_TA1537_with_S9/artifacts/base/xgboost/estimators/xgboost_seed_18_skf_3_paras_151_lr_0.01_n_900_depth_7_subsample_0.8_scale_pos_weight_6.joblib,"{""learning_rate"": 0.01, ""max_depth"": 7, ""n_estimators"": 900, ""scale_pos_weight"": 6, ""subsample"": 0.8}",xgboost,151,/home/ubuntu/Desktop/DeepAmes_Full_STL_4_keep_weights/results_TA1537_with_S9/artifacts/base/xgboost/scalers/xgboost_seed_18_skf_3_paras_151_lr_0.01_n_900_depth_7_subsample_0.8_scale_pos_weight_6_scaler.joblib,18,3
xgboost_seed_18_skf_4_paras_151_lr_0.01_n_900_depth_7_subsample_0.8_scale_pos_weight_6,xgboost,18_skf_4,489,14,22,35,0.936,0.947,0.614,0.972,0.714,0.957,0.66,0.627,/home/ubuntu/Desktop/DeepAmes_Full_STL_4_keep_weights/results_TA1537_with_S9/artifacts/base/xgboost/estimators/xgboost_seed_18_skf_4_paras_151_lr_0.01_n_900_depth_7_subsample_0.8_scale_pos_weight_6.joblib,"{""learning_rate"": 0.01, ""max_depth"": 7, ""n_estimators"": 900, ""scale_pos_weight"": 6, ""subsample"": 0.8}",xgboost,151,/home/ubuntu/Desktop/DeepAmes_Full_STL_4_keep_weights/results_TA1537_with_S9/artifacts/base/xgboost/scalers/xgboost_seed_18_skf_4_paras_151_lr_0.01_n_900_depth_7_subsample_0.8_scale_pos_weight_6_scaler.joblib,18,4
xgboost_seed_19_skf_0_paras_151_lr_0.01_n_900_depth_7_subsample_0.8_scale_pos_weight_6,xgboost,19_skf_0,493,10,24,33,0.939,0.947,0.579,0.98,0.767,0.954,0.66,0.635,/home/ubuntu/Desktop/DeepAmes_Full_STL_4_keep_weights/results_TA1537_with_S9/artifacts/base/xgboost/estimators/xgboost_seed_19_skf_0_paras_151_lr_0.01_n_900_depth_7_subsample_0.8_scale_pos_weight_6.joblib,"{""learning_rate"": 0.01, ""max_depth"": 7, ""n_estimators"": 900, ""scale_pos_weight"": 6, ""subsample"": 0.8}",xgboost,151,/home/ubuntu/Desktop/DeepAmes_Full_STL_4_keep_weights/results_TA1537_with_S9/artifacts/base/xgboost/scalers/xgboost_seed_19_skf_0_paras_151_lr_0.01_n_900_depth_7_subsample_0.8_scale_pos_weight_6_scaler.joblib,19,0
xgboost_seed_19_skf_1_paras_151_lr_0.01_n_900_depth_7_subsample_0.8_scale_pos_weight_6,xgboost,19_skf_1,490,13,22,35,0.938,0.944,0.614,0.974,0.729,0.957,0.667,0.635,/home/ubuntu/Desktop/DeepAmes_Full_STL_4_keep_weights/results_TA1537_with_S9/artifacts/base/xgboost/estimators/xgboost_seed_19_skf_1_paras_151_lr_0.01_n_900_depth_7_subsample_0.8_scale_pos_weight_6.joblib,"{""learning_rate"": 0.01, ""max_depth"": 7, ""n_estimators"": 900, ""scale_pos_weight"": 6, ""subsample"": 0.8}",xgboost,151,/home/ubuntu/Desktop/DeepAmes_Full_STL_4_keep_weights/results_TA1537_with_S9/artifacts/base/xgboost/scalers/xgboost_seed_19_skf_1_paras_151_lr_0.01_n_900_depth_7_subsample_0.8_scale_pos_weight_6_scaler.joblib,19,1
xgboost_seed_19_skf_2_paras_151_lr_0.01_n_900_depth_7_subsample_0.8_scale_pos_weight_6,xgboost,19_skf_2,491,12,23,34,0.938,0.942,0.596,0.976,0.739,0.955,0.66,0.631,/home/ubuntu/Desktop/DeepAmes_Full_STL_4_keep_weights/results_TA1537_with_S9/artifacts/base/xgboost/estimators/xgboost_seed_19_skf_2_paras_151_lr_0.01_n_900_depth_7_subsample_0.8_scale_pos_weight_6.joblib,"{""learning_rate"": 0.01, ""max_depth"": 7, ""n_estimators"": 900, ""scale_pos_weight"": 6, ""subsample"": 0.8}",xgboost,151,/home/ubuntu/Desktop/DeepAmes_Full_STL_4_keep_weights/results_TA1537_with_S9/artifacts/base/xgboost/scalers/xgboost_seed_19_skf_2_paras_151_lr_0.01_n_900_depth_7_subsample_0.8_scale_pos_weight_6_scaler.joblib,19,2
xgboost_seed_19_skf_4_paras_151_lr_0.01_n_900_depth_7_subsample_0.8_scale_pos_weight_6,xgboost,19_skf_4,489,14,23,34,0.934,0.942,0.596,0.972,0.708,0.955,0.648,0.614,/home/ubuntu/Desktop/DeepAmes_Full_STL_4_keep_weights/results_TA1537_with_S9/artifacts/base/xgboost/estimators/xgboost_seed_19_skf_4_paras_151_lr_0.01_n_900_depth_7_subsample_0.8_scale_pos_weight_6.joblib,"{""learning_rate"": 0.01, ""max_depth"": 7, ""n_estimators"": 900, ""scale_pos_weight"": 6, ""subsample"": 0.8}",xgboost,151,/home/ubuntu/Desktop/DeepAmes_Full_STL_4_keep_weights/results_TA1537_with_S9/artifacts/base/xgboost/scalers/xgboost_seed_19_skf_4_paras_151_lr_0.01_n_900_depth_7_subsample_0.8_scale_pos_weight_6_scaler.joblib,19,4
rf_seed_0_skf_0_paras_148_estimator_500_depth_None_minSample_70_random_1_weight_balanced,rf,0_skf_0,475,28,21,36,0.912,0.937,0.632,0.944,0.562,0.958,0.595,0.547,/home/ubuntu/Desktop/DeepAmes_Full_STL_4_keep_weights/results_TA1537_with_S9/artifacts/base/rf/estimators/rf_seed_0_skf_0_paras_148_estimator_500_depth_None_minSample_70_random_1_weight_balanced.joblib,"{""bootstrap"": true, ""class_weight"": ""balanced"", ""max_depth"": null, ""max_features"": ""log2"", ""min_samples_split"": 70, ""n_estimators"": 500, ""random_state"": 1}",rf,148,/home/ubuntu/Desktop/DeepAmes_Full_STL_4_keep_weights/results_TA1537_with_S9/artifacts/base/rf/scalers/rf_seed_0_skf_0_paras_148_estimator_500_depth_None_minSample_70_random_1_weight_balanced_scaler.joblib,0,0
rf_seed_0_skf_1_paras_148_estimator_500_depth_None_minSample_70_random_1_weight_balanced,rf,0_skf_1,481,22,20,37,0.925,0.933,0.649,0.956,0.627,0.96,0.638,0.596,/home/ubuntu/Desktop/DeepAmes_Full_STL_4_keep_weights/results_TA1537_with_S9/artifacts/base/rf/estimators/rf_seed_0_skf_1_paras_148_estimator_500_depth_None_minSample_70_random_1_weight_balanced.joblib,"{""bootstrap"": true, ""class_weight"": ""balanced"", ""max_depth"": null, ""max_features"": ""log2"", ""min_samples_split"": 70, ""n_estimators"": 500, ""random_state"": 1}",rf,148,/home/ubuntu/Desktop/DeepAmes_Full_STL_4_keep_weights/results_TA1537_with_S9/artifacts/base/rf/scalers/rf_seed_0_skf_1_paras_148_estimator_500_depth_None_minSample_70_random_1_weight_balanced_scaler.joblib,0,1
rf_seed_0_skf_2_paras_148_estimator_500_depth_None_minSample_70_random_1_weight_balanced,rf,0_skf_2,480,23,20,37,0.923,0.945,0.649,0.954,0.617,0.96,0.632,0.59,/home/ubuntu/Desktop/DeepAmes_Full_STL_4_keep_weights/results_TA1537_with_S9/artifacts/base/rf/estimators/rf_seed_0_skf_2_paras_148_estimator_500_depth_None_minSample_70_random_1_weight_balanced.joblib,"{""bootstrap"": true, ""class_weight"": ""balanced"", ""max_depth"": null, ""max_features"": ""log2"", ""min_samples_split"": 70, ""n_estimators"": 500, ""random_state"": 1}",rf,148,/home/ubuntu/Desktop/DeepAmes_Full_STL_4_keep_weights/results_TA1537_with_S9/artifacts/base/rf/scalers/rf_seed_0_skf_2_paras_148_estimator_500_depth_None_minSample_70_random_1_weight_balanced_scaler.joblib,0,2
rf_seed_0_skf_3_paras_148_estimator_500_depth_None_minSample_70_random_1_weight_balanced,rf,0_skf_3,484,19,23,34,0.925,0.936,0.596,0.962,0.642,0.955,0.618,0.577,/home/ubuntu/Desktop/DeepAmes_Full_STL_4_keep_weights/results_TA1537_with_S9/artifacts/base/rf/estimators/rf_seed_0_skf_3_paras_148_estimator_500_depth_None_minSample_70_random_1_weight_balanced.joblib,"{""bootstrap"": true, ""class_weight"": ""balanced"", ""max_depth"": null, ""max_features"": ""log2"", ""min_samples_split"": 70, ""n_estimators"": 500, ""random_state"": 1}",rf,148,/home/ubuntu/Desktop/DeepAmes_Full_STL_4_keep_weights/results_TA1537_with_S9/artifacts/base/rf/scalers/rf_seed_0_skf_3_paras_148_estimator_500_depth_None_minSample_70_random_1_weight_balanced_scaler.joblib,0,3
rf_seed_0_skf_4_paras_148_estimator_500_depth_None_minSample_70_random_1_weight_balanced,rf,0_skf_4,485,18,19,38,0.934,0.94,0.667,0.964,0.679,0.962,0.673,0.636,/home/ubuntu/Desktop/DeepAmes_Full_STL_4_keep_weights/results_TA1537_with_S9/artifacts/base/rf/estimators/rf_seed_0_skf_4_paras_148_estimator_500_depth_None_minSample_70_random_1_weight_balanced.joblib,"{""bootstrap"": true, ""class_weight"": ""balanced"", ""max_depth"": null, ""max_features"": ""log2"", ""min_samples_split"": 70, ""n_estimators"": 500, ""random_state"": 1}",rf,148,/home/ubuntu/Desktop/DeepAmes_Full_STL_4_keep_weights/results_TA1537_with_S9/artifacts/base/rf/scalers/rf_seed_0_skf_4_paras_148_estimator_500_depth_None_minSample_70_random_1_weight_balanced_scaler.joblib,0,4
rf_seed_1_skf_0_paras_148_estimator_500_depth_None_minSample_70_random_1_weight_balanced,rf,1_skf_0,487,16,23,34,0.93,0.94,0.596,0.968,0.68,0.955,0.636,0.599,/home/ubuntu/Desktop/DeepAmes_Full_STL_4_keep_weights/results_TA1537_with_S9/artifacts/base/rf/estimators/rf_seed_1_skf_0_paras_148_estimator_500_depth_None_minSample_70_random_1_weight_balanced.joblib,"{""bootstrap"": true, ""class_weight"": ""balanced"", ""max_depth"": null, ""max_features"": ""log2"", ""min_samples_split"": 70, ""n_estimators"": 500, ""random_state"": 1}",rf,148,/home/ubuntu/Desktop/DeepAmes_Full_STL_4_keep_weights/results_TA1537_with_S9/artifacts/base/rf/scalers/rf_seed_1_skf_0_paras_148_estimator_500_depth_None_minSample_70_random_1_weight_balanced_scaler.joblib,1,0
rf_seed_1_skf_1_paras_148_estimator_500_depth_None_minSample_70_random_1_weight_balanced,rf,1_skf_1,484,19,23,34,0.925,0.94,0.596,0.962,0.642,0.955,0.618,0.577,/home/ubuntu/Desktop/DeepAmes_Full_STL_4_keep_weights/results_TA1537_with_S9/artifacts/base/rf/estimators/rf_seed_1_skf_1_paras_148_estimator_500_depth_None_minSample_70_random_1_weight_balanced.joblib,"{""bootstrap"": true, ""class_weight"": ""balanced"", ""max_depth"": null, ""max_features"": ""log2"", ""min_samples_split"": 70, ""n_estimators"": 500, ""random_state"": 1}",rf,148,/home/ubuntu/Desktop/DeepAmes_Full_STL_4_keep_weights/results_TA1537_with_S9/artifacts/base/rf/scalers/rf_seed_1_skf_1_paras_148_estimator_500_depth_None_minSample_70_random_1_weight_balanced_scaler.joblib,1,1
rf_seed_1_skf_2_paras_148_estimator_500_depth_None_minSample_70_random_1_weight_balanced,rf,1_skf_2,480,23,20,37,0.923,0.944,0.649,0.954,0.617,0.96,0.632,0.59,/home/ubuntu/Desktop/DeepAmes_Full_STL_4_keep_weights/results_TA1537_with_S9/artifacts/base/rf/estimators/rf_seed_1_skf_2_paras_148_estimator_500_depth_None_minSample_70_random_1_weight_balanced.joblib,"{""bootstrap"": true, ""class_weight"": ""balanced"", ""max_depth"": null, ""max_features"": ""log2"", ""min_samples_split"": 70, ""n_estimators"": 500, ""random_state"": 1}",rf,148,/home/ubuntu/Desktop/DeepAmes_Full_STL_4_keep_weights/results_TA1537_with_S9/artifacts/base/rf/scalers/rf_seed_1_skf_2_paras_148_estimator_500_depth_None_minSample_70_random_1_weight_balanced_scaler.joblib,1,2
rf_seed_1_skf_3_paras_148_estimator_500_depth_None_minSample_70_random_1_weight_balanced,rf,1_skf_3,477,26,19,38,0.92,0.942,0.667,0.948,0.594,0.962,0.628,0.584,/home/ubuntu/Desktop/DeepAmes_Full_STL_4_keep_weights/results_TA1537_with_S9/artifacts/base/rf/estimators/rf_seed_1_skf_3_paras_148_estimator_500_depth_None_minSample_70_random_1_weight_balanced.joblib,"{""bootstrap"": true, ""class_weight"": ""balanced"", ""max_depth"": null, ""max_features"": ""log2"", ""min_samples_split"": 70, ""n_estimators"": 500, ""random_state"": 1}",rf,148,/home/ubuntu/Desktop/DeepAmes_Full_STL_4_keep_weights/results_TA1537_with_S9/artifacts/base/rf/scalers/rf_seed_1_skf_3_paras_148_estimator_500_depth_None_minSample_70_random_1_weight_balanced_scaler.joblib,1,3
rf_seed_1_skf_4_paras_148_estimator_500_depth_None_minSample_70_random_1_weight_balanced,rf,1_skf_4,479,24,24,33,0.914,0.936,0.579,0.952,0.579,0.952,0.579,0.531,/home/ubuntu/Desktop/DeepAmes_Full_STL_4_keep_weights/results_TA1537_with_S9/artifacts/base/rf/estimators/rf_seed_1_skf_4_paras_148_estimator_500_depth_None_minSample_70_random_1_weight_balanced.joblib,"{""bootstrap"": true, ""class_weight"": ""balanced"", ""max_depth"": null, ""max_features"": ""log2"", ""min_samples_split"": 70, ""n_estimators"": 500, ""random_state"": 1}",rf,148,/home/ubuntu/Desktop/DeepAmes_Full_STL_4_keep_weights/results_TA1537_with_S9/artifacts/base/rf/scalers/rf_seed_1_skf_4_paras_148_estimator_500_depth_None_minSample_70_random_1_weight_balanced_scaler.joblib,1,4
rf_seed_2_skf_0_paras_148_estimator_500_depth_None_minSample_70_random_1_weight_balanced,rf,2_skf_0,478,25,20,37,0.92,0.939,0.649,0.95,0.597,0.96,0.622,0.578,/home/ubuntu/Desktop/DeepAmes_Full_STL_4_keep_weights/results_TA1537_with_S9/artifacts/base/rf/estimators/rf_seed_2_skf_0_paras_148_estimator_500_depth_None_minSample_70_random_1_weight_balanced.joblib,"{""bootstrap"": true, ""class_weight"": ""balanced"", ""max_depth"": null, ""max_features"": ""log2"", ""min_samples_split"": 70, ""n_estimators"": 500, ""random_state"": 1}",rf,148,/home/ubuntu/Desktop/DeepAmes_Full_STL_4_keep_weights/results_TA1537_with_S9/artifacts/base/rf/scalers/rf_seed_2_skf_0_paras_148_estimator_500_depth_None_minSample_70_random_1_weight_balanced_scaler.joblib,2,0
rf_seed_2_skf_1_paras_148_estimator_500_depth_None_minSample_70_random_1_weight_balanced,rf,2_skf_1,477,26,18,39,0.921,0.939,0.684,0.948,0.6,0.964,0.639,0.597,/home/ubuntu/Desktop/DeepAmes_Full_STL_4_keep_weights/results_TA1537_with_S9/artifacts/base/rf/estimators/rf_seed_2_skf_1_paras_148_estimator_500_depth_None_minSample_70_random_1_weight_balanced.joblib,"{""bootstrap"": true, ""class_weight"": ""balanced"", ""max_depth"": null, ""max_features"": ""log2"", ""min_samples_split"": 70, ""n_estimators"": 500, ""random_state"": 1}",rf,148,/home/ubuntu/Desktop/DeepAmes_Full_STL_4_keep_weights/results_TA1537_with_S9/artifacts/base/rf/scalers/rf_seed_2_skf_1_paras_148_estimator_500_depth_None_minSample_70_random_1_weight_balanced_scaler.joblib,2,1
rf_seed_2_skf_2_paras_148_estimator_500_depth_None_minSample_70_random_1_weight_balanced,rf,2_skf_2,479,24,21,36,0.92,0.933,0.632,0.952,0.6,0.958,0.615,0.571,/home/ubuntu/Desktop/DeepAmes_Full_STL_4_keep_weights/results_TA1537_with_S9/artifacts/base/rf/estimators/rf_seed_2_skf_2_paras_148_estimator_500_depth_None_minSample_70_random_1_weight_balanced.joblib,"{""bootstrap"": true, ""class_weight"": ""balanced"", ""max_depth"": null, ""max_features"": ""log2"", ""min_samples_split"": 70, ""n_estimators"": 500, ""random_state"": 1}",rf,148,/home/ubuntu/Desktop/DeepAmes_Full_STL_4_keep_weights/results_TA1537_with_S9/artifacts/base/rf/scalers/rf_seed_2_skf_2_paras_148_estimator_500_depth_None_minSample_70_random_1_weight_balanced_scaler.joblib,2,2
rf_seed_2_skf_3_paras_148_estimator_500_depth_None_minSample_70_random_1_weight_balanced,rf,2_skf_3,484,19,24,33,0.923,0.942,0.579,0.962,0.635,0.953,0.606,0.564,/home/ubuntu/Desktop/DeepAmes_Full_STL_4_keep_weights/results_TA1537_with_S9/artifacts/base/rf/estimators/rf_seed_2_skf_3_paras_148_estimator_500_depth_None_minSample_70_random_1_weight_balanced.joblib,"{""bootstrap"": true, ""class_weight"": ""balanced"", ""max_depth"": null, ""max_features"": ""log2"", ""min_samples_split"": 70, ""n_estimators"": 500, ""random_state"": 1}",rf,148,/home/ubuntu/Desktop/DeepAmes_Full_STL_4_keep_weights/results_TA1537_with_S9/artifacts/base/rf/scalers/rf_seed_2_skf_3_paras_148_estimator_500_depth_None_minSample_70_random_1_weight_balanced_scaler.joblib,2,3
rf_seed_2_skf_4_paras_148_estimator_500_depth_None_minSample_70_random_1_weight_balanced,rf,2_skf_4,483,20,19,38,0.93,0.947,0.667,0.96,0.655,0.962,0.661,0.622,/home/ubuntu/Desktop/DeepAmes_Full_STL_4_keep_weights/results_TA1537_with_S9/artifacts/base/rf/estimators/rf_seed_2_skf_4_paras_148_estimator_500_depth_None_minSample_70_random_1_weight_balanced.joblib,"{""bootstrap"": true, ""class_weight"": ""balanced"", ""max_depth"": null, ""max_features"": ""log2"", ""min_samples_split"": 70, ""n_estimators"": 500, ""random_state"": 1}",rf,148,/home/ubuntu/Desktop/DeepAmes_Full_STL_4_keep_weights/results_TA1537_with_S9/artifacts/base/rf/scalers/rf_seed_2_skf_4_paras_148_estimator_500_depth_None_minSample_70_random_1_weight_balanced_scaler.joblib,2,4
rf_seed_3_skf_0_paras_148_estimator_500_depth_None_minSample_70_random_1_weight_balanced,rf,3_skf_0,484,19,25,32,0.921,0.933,0.561,0.962,0.627,0.951,0.593,0.55,/home/ubuntu/Desktop/DeepAmes_Full_STL_4_keep_weights/results_TA1537_with_S9/artifacts/base/rf/estimators/rf_seed_3_skf_0_paras_148_estimator_500_depth_None_minSample_70_random_1_weight_balanced.joblib,"{""bootstrap"": true, ""class_weight"": ""balanced"", ""max_depth"": null, ""max_features"": ""log2"", ""min_samples_split"": 70, ""n_estimators"": 500, ""random_state"": 1}",rf,148,/home/ubuntu/Desktop/DeepAmes_Full_STL_4_keep_weights/results_TA1537_with_S9/artifacts/base/rf/scalers/rf_seed_3_skf_0_paras_148_estimator_500_depth_None_minSample_70_random_1_weight_balanced_scaler.joblib,3,0
rf_seed_3_skf_1_paras_148_estimator_500_depth_None_minSample_70_random_1_weight_balanced,rf,3_skf_1,480,23,18,39,0.927,0.946,0.684,0.954,0.629,0.964,0.655,0.615,/home/ubuntu/Desktop/DeepAmes_Full_STL_4_keep_weights/results_TA1537_with_S9/artifacts/base/rf/estimators/rf_seed_3_skf_1_paras_148_estimator_500_depth_None_minSample_70_random_1_weight_balanced.joblib,"{""bootstrap"": true, ""class_weight"": ""balanced"", ""max_depth"": null, ""max_features"": ""log2"", ""min_samples_split"": 70, ""n_estimators"": 500, ""random_state"": 1}",rf,148,/home/ubuntu/Desktop/DeepAmes_Full_STL_4_keep_weights/results_TA1537_with_S9/artifacts/base/rf/scalers/rf_seed_3_skf_1_paras_148_estimator_500_depth_None_minSample_70_random_1_weight_balanced_scaler.joblib,3,1
rf_seed_3_skf_2_paras_148_estimator_500_depth_None_minSample_70_random_1_weight_balanced,rf,3_skf_2,481,22,20,37,0.925,0.933,0.649,0.956,0.627,0.96,0.638,0.596,/home/ubuntu/Desktop/DeepAmes_Full_STL_4_keep_weights/results_TA1537_with_S9/artifacts/base/rf/estimators/rf_seed_3_skf_2_paras_148_estimator_500_depth_None_minSample_70_random_1_weight_balanced.joblib,"{""bootstrap"": true, ""class_weight"": ""balanced"", ""max_depth"": null, ""max_features"": ""log2"", ""min_samples_split"": 70, ""n_estimators"": 500, ""random_state"": 1}",rf,148,/home/ubuntu/Desktop/DeepAmes_Full_STL_4_keep_weights/results_TA1537_with_S9/artifacts/base/rf/scalers/rf_seed_3_skf_2_paras_148_estimator_500_depth_None_minSample_70_random_1_weight_balanced_scaler.joblib,3,2
rf_seed_3_skf_3_paras_148_estimator_500_depth_None_minSample_70_random_1_weight_balanced,rf,3_skf_3,477,26,20,37,0.918,0.945,0.649,0.948,0.587,0.96,0.617,0.572,/home/ubuntu/Desktop/DeepAmes_Full_STL_4_keep_weights/results_TA1537_with_S9/artifacts/base/rf/estimators/rf_seed_3_skf_3_paras_148_estimator_500_depth_None_minSample_70_random_1_weight_balanced.joblib,"{""bootstrap"": true, ""class_weight"": ""balanced"", ""max_depth"": null, ""max_features"": ""log2"", ""min_samples_split"": 70, ""n_estimators"": 500, ""random_state"": 1}",rf,148,/home/ubuntu/Desktop/DeepAmes_Full_STL_4_keep_weights/results_TA1537_with_S9/artifacts/base/rf/scalers/rf_seed_3_skf_3_paras_148_estimator_500_depth_None_minSample_70_random_1_weight_balanced_scaler.joblib,3,3
rf_seed_3_skf_4_paras_148_estimator_500_depth_None_minSample_70_random_1_weight_balanced,rf,3_skf_4,480,23,18,39,0.927,0.941,0.684,0.954,0.629,0.964,0.655,0.615,/home/ubuntu/Desktop/DeepAmes_Full_STL_4_keep_weights/results_TA1537_with_S9/artifacts/base/rf/estimators/rf_seed_3_skf_4_paras_148_estimator_500_depth_None_minSample_70_random_1_weight_balanced.joblib,"{""bootstrap"": true, ""class_weight"": ""balanced"", ""max_depth"": null, ""max_features"": ""log2"", ""min_samples_split"": 70, ""n_estimators"": 500, ""random_state"": 1}",rf,148,/home/ubuntu/Desktop/DeepAmes_Full_STL_4_keep_weights/results_TA1537_with_S9/artifacts/base/rf/scalers/rf_seed_3_skf_4_paras_148_estimator_500_depth_None_minSample_70_random_1_weight_balanced_scaler.joblib,3,4
rf_seed_4_skf_0_paras_148_estimator_500_depth_None_minSample_70_random_1_weight_balanced,rf,4_skf_0,481,22,23,34,0.92,0.935,0.596,0.956,0.607,0.954,0.602,0.557,/home/ubuntu/Desktop/DeepAmes_Full_STL_4_keep_weights/results_TA1537_with_S9/artifacts/base/rf/estimators/rf_seed_4_skf_0_paras_148_estimator_500_depth_None_minSample_70_random_1_weight_balanced.joblib,"{""bootstrap"": true, ""class_weight"": ""balanced"", ""max_depth"": null, ""max_features"": ""log2"", ""min_samples_split"": 70, ""n_estimators"": 500, ""random_state"": 1}",rf,148,/home/ubuntu/Desktop/DeepAmes_Full_STL_4_keep_weights/results_TA1537_with_S9/artifacts/base/rf/scalers/rf_seed_4_skf_0_paras_148_estimator_500_depth_None_minSample_70_random_1_weight_balanced_scaler.joblib,4,0
rf_seed_4_skf_1_paras_148_estimator_500_depth_None_minSample_70_random_1_weight_balanced,rf,4_skf_1,482,21,18,39,0.93,0.934,0.684,0.958,0.65,0.964,0.667,0.628,/home/ubuntu/Desktop/DeepAmes_Full_STL_4_keep_weights/results_TA1537_with_S9/artifacts/base/rf/estimators/rf_seed_4_skf_1_paras_148_estimator_500_depth_None_minSample_70_random_1_weight_balanced.joblib,"{""bootstrap"": true, ""class_weight"": ""balanced"", ""max_depth"": null, ""max_features"": ""log2"", ""min_samples_split"": 70, ""n_estimators"": 500, ""random_state"": 1}",rf,148,/home/ubuntu/Desktop/DeepAmes_Full_STL_4_keep_weights/results_TA1537_with_S9/artifacts/base/rf/scalers/rf_seed_4_skf_1_paras_148_estimator_500_depth_None_minSample_70_random_1_weight_balanced_scaler.joblib,4,1
rf_seed_4_skf_2_paras_148_estimator_500_depth_None_minSample_70_random_1_weight_balanced,rf,4_skf_2,479,24,23,34,0.916,0.936,0.596,0.952,0.586,0.954,0.591,0.545,/home/ubuntu/Desktop/DeepAmes_Full_STL_4_keep_weights/results_TA1537_with_S9/artifacts/base/rf/estimators/rf_seed_4_skf_2_paras_148_estimator_500_depth_None_minSample_70_random_1_weight_balanced.joblib,"{""bootstrap"": true, ""class_weight"": ""balanced"", ""max_depth"": null, ""max_features"": ""log2"", ""min_samples_split"": 70, ""n_estimators"": 500, ""random_state"": 1}",rf,148,/home/ubuntu/Desktop/DeepAmes_Full_STL_4_keep_weights/results_TA1537_with_S9/artifacts/base/rf/scalers/rf_seed_4_skf_2_paras_148_estimator_500_depth_None_minSample_70_random_1_weight_balanced_scaler.joblib,4,2
rf_seed_4_skf_3_paras_148_estimator_500_depth_None_minSample_70_random_1_weight_balanced,rf,4_skf_3,483,20,17,40,0.934,0.947,0.702,0.96,0.667,0.966,0.684,0.647,/home/ubuntu/Desktop/DeepAmes_Full_STL_4_keep_weights/results_TA1537_with_S9/artifacts/base/rf/estimators/rf_seed_4_skf_3_paras_148_estimator_500_depth_None_minSample_70_random_1_weight_balanced.joblib,"{""bootstrap"": true, ""class_weight"": ""balanced"", ""max_depth"": null, ""max_features"": ""log2"", ""min_samples_split"": 70, ""n_estimators"": 500, ""random_state"": 1}",rf,148,/home/ubuntu/Desktop/DeepAmes_Full_STL_4_keep_weights/results_TA1537_with_S9/artifacts/base/rf/scalers/rf_seed_4_skf_3_paras_148_estimator_500_depth_None_minSample_70_random_1_weight_balanced_scaler.joblib,4,3
rf_seed_4_skf_4_paras_148_estimator_500_depth_None_minSample_70_random_1_weight_balanced,rf,4_skf_4,477,26,20,37,0.918,0.946,0.649,0.948,0.587,0.96,0.617,0.572,/home/ubuntu/Desktop/DeepAmes_Full_STL_4_keep_weights/results_TA1537_with_S9/artifacts/base/rf/estimators/rf_seed_4_skf_4_paras_148_estimator_500_depth_None_minSample_70_random_1_weight_balanced.joblib,"{""bootstrap"": true, ""class_weight"": ""balanced"", ""max_depth"": null, ""max_features"": ""log2"", ""min_samples_split"": 70, ""n_estimators"": 500, ""random_state"": 1}",rf,148,/home/ubuntu/Desktop/DeepAmes_Full_STL_4_keep_weights/results_TA1537_with_S9/artifacts/base/rf/scalers/rf_seed_4_skf_4_paras_148_estimator_500_depth_None_minSample_70_random_1_weight_balanced_scaler.joblib,4,4
rf_seed_5_skf_0_paras_148_estimator_500_depth_None_minSample_70_random_1_weight_balanced,rf,5_skf_0,475,28,18,39,0.918,0.951,0.684,0.944,0.582,0.963,0.629,0.586,/home/ubuntu/Desktop/DeepAmes_Full_STL_4_keep_weights/results_TA1537_with_S9/artifacts/base/rf/estimators/rf_seed_5_skf_0_paras_148_estimator_500_depth_None_minSample_70_random_1_weight_balanced.joblib,"{""bootstrap"": true, ""class_weight"": ""balanced"", ""max_depth"": null, ""max_features"": ""log2"", ""min_samples_split"": 70, ""n_estimators"": 500, ""random_state"": 1}",rf,148,/home/ubuntu/Desktop/DeepAmes_Full_STL_4_keep_weights/results_TA1537_with_S9/artifacts/base/rf/scalers/rf_seed_5_skf_0_paras_148_estimator_500_depth_None_minSample_70_random_1_weight_balanced_scaler.joblib,5,0
rf_seed_5_skf_1_paras_148_estimator_500_depth_None_minSample_70_random_1_weight_balanced,rf,5_skf_1,480,23,20,37,0.923,0.934,0.649,0.954,0.617,0.96,0.632,0.59,/home/ubuntu/Desktop/DeepAmes_Full_STL_4_keep_weights/results_TA1537_with_S9/artifacts/base/rf/estimators/rf_seed_5_skf_1_paras_148_estimator_500_depth_None_minSample_70_random_1_weight_balanced.joblib,"{""bootstrap"": true, ""class_weight"": ""balanced"", ""max_depth"": null, ""max_features"": ""log2"", ""min_samples_split"": 70, ""n_estimators"": 500, ""random_state"": 1}",rf,148,/home/ubuntu/Desktop/DeepAmes_Full_STL_4_keep_weights/results_TA1537_with_S9/artifacts/base/rf/scalers/rf_seed_5_skf_1_paras_148_estimator_500_depth_None_minSample_70_random_1_weight_balanced_scaler.joblib,5,1
rf_seed_5_skf_2_paras_148_estimator_500_depth_None_minSample_70_random_1_weight_balanced,rf,5_skf_2,480,23,23,34,0.918,0.934,0.596,0.954,0.596,0.954,0.596,0.551,/home/ubuntu/Desktop/DeepAmes_Full_STL_4_keep_weights/results_TA1537_with_S9/artifacts/base/rf/estimators/rf_seed_5_skf_2_paras_148_estimator_500_depth_None_minSample_70_random_1_weight_balanced.joblib,"{""bootstrap"": true, ""class_weight"": ""balanced"", ""max_depth"": null, ""max_features"": ""log2"", ""min_samples_split"": 70, ""n_estimators"": 500, ""random_state"": 1}",rf,148,/home/ubuntu/Desktop/DeepAmes_Full_STL_4_keep_weights/results_TA1537_with_S9/artifacts/base/rf/scalers/rf_seed_5_skf_2_paras_148_estimator_500_depth_None_minSample_70_random_1_weight_balanced_scaler.joblib,5,2
rf_seed_5_skf_3_paras_148_estimator_500_depth_None_minSample_70_random_1_weight_balanced,rf,5_skf_3,482,21,19,38,0.929,0.947,0.667,0.958,0.644,0.962,0.655,0.615,/home/ubuntu/Desktop/DeepAmes_Full_STL_4_keep_weights/results_TA1537_with_S9/artifacts/base/rf/estimators/rf_seed_5_skf_3_paras_148_estimator_500_depth_None_minSample_70_random_1_weight_balanced.joblib,"{""bootstrap"": true, ""class_weight"": ""balanced"", ""max_depth"": null, ""max_features"": ""log2"", ""min_samples_split"": 70, ""n_estimators"": 500, ""random_state"": 1}",rf,148,/home/ubuntu/Desktop/DeepAmes_Full_STL_4_keep_weights/results_TA1537_with_S9/artifacts/base/rf/scalers/rf_seed_5_skf_3_paras_148_estimator_500_depth_None_minSample_70_random_1_weight_balanced_scaler.joblib,5,3
rf_seed_5_skf_4_paras_148_estimator_500_depth_None_minSample_70_random_1_weight_balanced,rf,5_skf_4,479,24,22,35,0.918,0.938,0.614,0.952,0.593,0.956,0.603,0.558,/home/ubuntu/Desktop/DeepAmes_Full_STL_4_keep_weights/results_TA1537_with_S9/artifacts/base/rf/estimators/rf_seed_5_skf_4_paras_148_estimator_500_depth_None_minSample_70_random_1_weight_balanced.joblib,"{""bootstrap"": true, ""class_weight"": ""balanced"", ""max_depth"": null, ""max_features"": ""log2"", ""min_samples_split"": 70, ""n_estimators"": 500, ""random_state"": 1}",rf,148,/home/ubuntu/Desktop/DeepAmes_Full_STL_4_keep_weights/results_TA1537_with_S9/artifacts/base/rf/scalers/rf_seed_5_skf_4_paras_148_estimator_500_depth_None_minSample_70_random_1_weight_balanced_scaler.joblib,5,4
rf_seed_6_skf_0_paras_148_estimator_500_depth_None_minSample_70_random_1_weight_balanced,rf,6_skf_0,476,27,26,31,0.905,0.93,0.544,0.946,0.534,0.948,0.539,0.486,/home/ubuntu/Desktop/DeepAmes_Full_STL_4_keep_weights/results_TA1537_with_S9/artifacts/base/rf/estimators/rf_seed_6_skf_0_paras_148_estimator_500_depth_None_minSample_70_random_1_weight_balanced.joblib,"{""bootstrap"": true, ""class_weight"": ""balanced"", ""max_depth"": null, ""max_features"": ""log2"", ""min_samples_split"": 70, ""n_estimators"": 500, ""random_state"": 1}",rf,148,/home/ubuntu/Desktop/DeepAmes_Full_STL_4_keep_weights/results_TA1537_with_S9/artifacts/base/rf/scalers/rf_seed_6_skf_0_paras_148_estimator_500_depth_None_minSample_70_random_1_weight_balanced_scaler.joblib,6,0
rf_seed_6_skf_1_paras_148_estimator_500_depth_None_minSample_70_random_1_weight_balanced,rf,6_skf_1,483,20,22,35,0.925,0.939,0.614,0.96,0.636,0.956,0.625,0.583,/home/ubuntu/Desktop/DeepAmes_Full_STL_4_keep_weights/results_TA1537_with_S9/artifacts/base/rf/estimators/rf_seed_6_skf_1_paras_148_estimator_500_depth_None_minSample_70_random_1_weight_balanced.joblib,"{""bootstrap"": true, ""class_weight"": ""balanced"", ""max_depth"": null, ""max_features"": ""log2"", ""min_samples_split"": 70, ""n_estimators"": 500, ""random_state"": 1}",rf,148,/home/ubuntu/Desktop/DeepAmes_Full_STL_4_keep_weights/results_TA1537_with_S9/artifacts/base/rf/scalers/rf_seed_6_skf_1_paras_148_estimator_500_depth_None_minSample_70_random_1_weight_balanced_scaler.joblib,6,1
rf_seed_6_skf_2_paras_148_estimator_500_depth_None_minSample_70_random_1_weight_balanced,rf,6_skf_2,477,26,18,39,0.921,0.943,0.684,0.948,0.6,0.964,0.639,0.597,/home/ubuntu/Desktop/DeepAmes_Full_STL_4_keep_weights/results_TA1537_with_S9/artifacts/base/rf/estimators/rf_seed_6_skf_2_paras_148_estimator_500_depth_None_minSample_70_random_1_weight_balanced.joblib,"{""bootstrap"": true, ""class_weight"": ""balanced"", ""max_depth"": null, ""max_features"": ""log2"", ""min_samples_split"": 70, ""n_estimators"": 500, ""random_state"": 1}",rf,148,/home/ubuntu/Desktop/DeepAmes_Full_STL_4_keep_weights/results_TA1537_with_S9/artifacts/base/rf/scalers/rf_seed_6_skf_2_paras_148_estimator_500_depth_None_minSample_70_random_1_weight_balanced_scaler.joblib,6,2
rf_seed_6_skf_3_paras_148_estimator_500_depth_None_minSample_70_random_1_weight_balanced,rf,6_skf_3,483,20,21,36,0.927,0.942,0.632,0.96,0.643,0.958,0.637,0.596,/home/ubuntu/Desktop/DeepAmes_Full_STL_4_keep_weights/results_TA1537_with_S9/artifacts/base/rf/estimators/rf_seed_6_skf_3_paras_148_estimator_500_depth_None_minSample_70_random_1_weight_balanced.joblib,"{""bootstrap"": true, ""class_weight"": ""balanced"", ""max_depth"": null, ""max_features"": ""log2"", ""min_samples_split"": 70, ""n_estimators"": 500, ""random_state"": 1}",rf,148,/home/ubuntu/Desktop/DeepAmes_Full_STL_4_keep_weights/results_TA1537_with_S9/artifacts/base/rf/scalers/rf_seed_6_skf_3_paras_148_estimator_500_depth_None_minSample_70_random_1_weight_balanced_scaler.joblib,6,3
rf_seed_6_skf_4_paras_148_estimator_500_depth_None_minSample_70_random_1_weight_balanced,rf,6_skf_4,478,25,20,37,0.92,0.94,0.649,0.95,0.597,0.96,0.622,0.578,/home/ubuntu/Desktop/DeepAmes_Full_STL_4_keep_weights/results_TA1537_with_S9/artifacts/base/rf/estimators/rf_seed_6_skf_4_paras_148_estimator_500_depth_None_minSample_70_random_1_weight_balanced.joblib,"{""bootstrap"": true, ""class_weight"": ""balanced"", ""max_depth"": null, ""max_features"": ""log2"", ""min_samples_split"": 70, ""n_estimators"": 500, ""random_state"": 1}",rf,148,/home/ubuntu/Desktop/DeepAmes_Full_STL_4_keep_weights/results_TA1537_with_S9/artifacts/base/rf/scalers/rf_seed_6_skf_4_paras_148_estimator_500_depth_None_minSample_70_random_1_weight_balanced_scaler.joblib,6,4
rf_seed_7_skf_0_paras_148_estimator_500_depth_None_minSample_70_random_1_weight_balanced,rf,7_skf_0,481,22,25,32,0.916,0.929,0.561,0.956,0.593,0.951,0.577,0.53,/home/ubuntu/Desktop/DeepAmes_Full_STL_4_keep_weights/results_TA1537_with_S9/artifacts/base/rf/estimators/rf_seed_7_skf_0_paras_148_estimator_500_depth_None_minSample_70_random_1_weight_balanced.joblib,"{""bootstrap"": true, ""class_weight"": ""balanced"", ""max_depth"": null, ""max_features"": ""log2"", ""min_samples_split"": 70, ""n_estimators"": 500, ""random_state"": 1}",rf,148,/home/ubuntu/Desktop/DeepAmes_Full_STL_4_keep_weights/results_TA1537_with_S9/artifacts/base/rf/scalers/rf_seed_7_skf_0_paras_148_estimator_500_depth_None_minSample_70_random_1_weight_balanced_scaler.joblib,7,0
rf_seed_7_skf_1_paras_148_estimator_500_depth_None_minSample_70_random_1_weight_balanced,rf,7_skf_1,481,22,19,38,0.927,0.945,0.667,0.956,0.633,0.962,0.65,0.609,/home/ubuntu/Desktop/DeepAmes_Full_STL_4_keep_weights/results_TA1537_with_S9/artifacts/base/rf/estimators/rf_seed_7_skf_1_paras_148_estimator_500_depth_None_minSample_70_random_1_weight_balanced.joblib,"{""bootstrap"": true, ""class_weight"": ""balanced"", ""max_depth"": null, ""max_features"": ""log2"", ""min_samples_split"": 70, ""n_estimators"": 500, ""random_state"": 1}",rf,148,/home/ubuntu/Desktop/DeepAmes_Full_STL_4_keep_weights/results_TA1537_with_S9/artifacts/base/rf/scalers/rf_seed_7_skf_1_paras_148_estimator_500_depth_None_minSample_70_random_1_weight_balanced_scaler.joblib,7,1
rf_seed_7_skf_2_paras_148_estimator_500_depth_None_minSample_70_random_1_weight_balanced,rf,7_skf_2,482,21,20,37,0.927,0.945,0.649,0.958,0.638,0.96,0.643,0.603,/home/ubuntu/Desktop/DeepAmes_Full_STL_4_keep_weights/results_TA1537_with_S9/artifacts/base/rf/estimators/rf_seed_7_skf_2_paras_148_estimator_500_depth_None_minSample_70_random_1_weight_balanced.joblib,"{""bootstrap"": true, ""class_weight"": ""balanced"", ""max_depth"": null, ""max_features"": ""log2"", ""min_samples_split"": 70, ""n_estimators"": 500, ""random_state"": 1}",rf,148,/home/ubuntu/Desktop/DeepAmes_Full_STL_4_keep_weights/results_TA1537_with_S9/artifacts/base/rf/scalers/rf_seed_7_skf_2_paras_148_estimator_500_depth_None_minSample_70_random_1_weight_balanced_scaler.joblib,7,2
rf_seed_7_skf_3_paras_148_estimator_500_depth_None_minSample_70_random_1_weight_balanced,rf,7_skf_3,479,24,20,37,0.921,0.943,0.649,0.952,0.607,0.96,0.627,0.584,/home/ubuntu/Desktop/DeepAmes_Full_STL_4_keep_weights/results_TA1537_with_S9/artifacts/base/rf/estimators/rf_seed_7_skf_3_paras_148_estimator_500_depth_None_minSample_70_random_1_weight_balanced.joblib,"{""bootstrap"": true, ""class_weight"": ""balanced"", ""max_depth"": null, ""max_features"": ""log2"", ""min_samples_split"": 70, ""n_estimators"": 500, ""random_state"": 1}",rf,148,/home/ubuntu/Desktop/DeepAmes_Full_STL_4_keep_weights/results_TA1537_with_S9/artifacts/base/rf/scalers/rf_seed_7_skf_3_paras_148_estimator_500_depth_None_minSample_70_random_1_weight_balanced_scaler.joblib,7,3
rf_seed_7_skf_4_paras_148_estimator_500_depth_None_minSample_70_random_1_weight_balanced,rf,7_skf_4,480,23,20,37,0.923,0.936,0.649,0.954,0.617,0.96,0.632,0.59,/home/ubuntu/Desktop/DeepAmes_Full_STL_4_keep_weights/results_TA1537_with_S9/artifacts/base/rf/estimators/rf_seed_7_skf_4_paras_148_estimator_500_depth_None_minSample_70_random_1_weight_balanced.joblib,"{""bootstrap"": true, ""class_weight"": ""balanced"", ""max_depth"": null, ""max_features"": ""log2"", ""min_samples_split"": 70, ""n_estimators"": 500, ""random_state"": 1}",rf,148,/home/ubuntu/Desktop/DeepAmes_Full_STL_4_keep_weights/results_TA1537_with_S9/artifacts/base/rf/scalers/rf_seed_7_skf_4_paras_148_estimator_500_depth_None_minSample_70_random_1_weight_balanced_scaler.joblib,7,4
rf_seed_8_skf_0_paras_148_estimator_500_depth_None_minSample_70_random_1_weight_balanced,rf,8_skf_0,478,25,18,39,0.923,0.94,0.684,0.95,0.609,0.964,0.645,0.603,/home/ubuntu/Desktop/DeepAmes_Full_STL_4_keep_weights/results_TA1537_with_S9/artifacts/base/rf/estimators/rf_seed_8_skf_0_paras_148_estimator_500_depth_None_minSample_70_random_1_weight_balanced.joblib,"{""bootstrap"": true, ""class_weight"": ""balanced"", ""max_depth"": null, ""max_features"": ""log2"", ""min_samples_split"": 70, ""n_estimators"": 500, ""random_state"": 1}",rf,148,/home/ubuntu/Desktop/DeepAmes_Full_STL_4_keep_weights/results_TA1537_with_S9/artifacts/base/rf/scalers/rf_seed_8_skf_0_paras_148_estimator_500_depth_None_minSample_70_random_1_weight_balanced_scaler.joblib,8,0
rf_seed_8_skf_1_paras_148_estimator_500_depth_None_minSample_70_random_1_weight_balanced,rf,8_skf_1,482,21,25,32,0.918,0.942,0.561,0.958,0.604,0.951,0.582,0.537,/home/ubuntu/Desktop/DeepAmes_Full_STL_4_keep_weights/results_TA1537_with_S9/artifacts/base/rf/estimators/rf_seed_8_skf_1_paras_148_estimator_500_depth_None_minSample_70_random_1_weight_balanced.joblib,"{""bootstrap"": true, ""class_weight"": ""balanced"", ""max_depth"": null, ""max_features"": ""log2"", ""min_samples_split"": 70, ""n_estimators"": 500, ""random_state"": 1}",rf,148,/home/ubuntu/Desktop/DeepAmes_Full_STL_4_keep_weights/results_TA1537_with_S9/artifacts/base/rf/scalers/rf_seed_8_skf_1_paras_148_estimator_500_depth_None_minSample_70_random_1_weight_balanced_scaler.joblib,8,1
rf_seed_8_skf_2_paras_148_estimator_500_depth_None_minSample_70_random_1_weight_balanced,rf,8_skf_2,483,20,21,36,0.927,0.938,0.632,0.96,0.643,0.958,0.637,0.596,/home/ubuntu/Desktop/DeepAmes_Full_STL_4_keep_weights/results_TA1537_with_S9/artifacts/base/rf/estimators/rf_seed_8_skf_2_paras_148_estimator_500_depth_None_minSample_70_random_1_weight_balanced.joblib,"{""bootstrap"": true, ""class_weight"": ""balanced"", ""max_depth"": null, ""max_features"": ""log2"", ""min_samples_split"": 70, ""n_estimators"": 500, ""random_state"": 1}",rf,148,/home/ubuntu/Desktop/DeepAmes_Full_STL_4_keep_weights/results_TA1537_with_S9/artifacts/base/rf/scalers/rf_seed_8_skf_2_paras_148_estimator_500_depth_None_minSample_70_random_1_weight_balanced_scaler.joblib,8,2
rf_seed_8_skf_3_paras_148_estimator_500_depth_None_minSample_70_random_1_weight_balanced,rf,8_skf_3,485,18,24,33,0.925,0.937,0.579,0.964,0.647,0.953,0.611,0.571,/home/ubuntu/Desktop/DeepAmes_Full_STL_4_keep_weights/results_TA1537_with_S9/artifacts/base/rf/estimators/rf_seed_8_skf_3_paras_148_estimator_500_depth_None_minSample_70_random_1_weight_balanced.joblib,"{""bootstrap"": true, ""class_weight"": ""balanced"", ""max_depth"": null, ""max_features"": ""log2"", ""min_samples_split"": 70, ""n_estimators"": 500, ""random_state"": 1}",rf,148,/home/ubuntu/Desktop/DeepAmes_Full_STL_4_keep_weights/results_TA1537_with_S9/artifacts/base/rf/scalers/rf_seed_8_skf_3_paras_148_estimator_500_depth_None_minSample_70_random_1_weight_balanced_scaler.joblib,8,3
rf_seed_8_skf_4_paras_148_estimator_500_depth_None_minSample_70_random_1_weight_balanced,rf,8_skf_4,482,21,20,37,0.927,0.938,0.649,0.958,0.638,0.96,0.643,0.603,/home/ubuntu/Desktop/DeepAmes_Full_STL_4_keep_weights/results_TA1537_with_S9/artifacts/base/rf/estimators/rf_seed_8_skf_4_paras_148_estimator_500_depth_None_minSample_70_random_1_weight_balanced.joblib,"{""bootstrap"": true, ""class_weight"": ""balanced"", ""max_depth"": null, ""max_features"": ""log2"", ""min_samples_split"": 70, ""n_estimators"": 500, ""random_state"": 1}",rf,148,/home/ubuntu/Desktop/DeepAmes_Full_STL_4_keep_weights/results_TA1537_with_S9/artifacts/base/rf/scalers/rf_seed_8_skf_4_paras_148_estimator_500_depth_None_minSample_70_random_1_weight_balanced_scaler.joblib,8,4
rf_seed_9_skf_0_paras_148_estimator_500_depth_None_minSample_70_random_1_weight_balanced,rf,9_skf_0,480,23,18,39,0.927,0.946,0.684,0.954,0.629,0.964,0.655,0.615,/home/ubuntu/Desktop/DeepAmes_Full_STL_4_keep_weights/results_TA1537_with_S9/artifacts/base/rf/estimators/rf_seed_9_skf_0_paras_148_estimator_500_depth_None_minSample_70_random_1_weight_balanced.joblib,"{""bootstrap"": true, ""class_weight"": ""balanced"", ""max_depth"": null, ""max_features"": ""log2"", ""min_samples_split"": 70, ""n_estimators"": 500, ""random_state"": 1}",rf,148,/home/ubuntu/Desktop/DeepAmes_Full_STL_4_keep_weights/results_TA1537_with_S9/artifacts/base/rf/scalers/rf_seed_9_skf_0_paras_148_estimator_500_depth_None_minSample_70_random_1_weight_balanced_scaler.joblib,9,0
rf_seed_9_skf_1_paras_148_estimator_500_depth_None_minSample_70_random_1_weight_balanced,rf,9_skf_1,480,23,22,35,0.92,0.943,0.614,0.954,0.603,0.956,0.609,0.564,/home/ubuntu/Desktop/DeepAmes_Full_STL_4_keep_weights/results_TA1537_with_S9/artifacts/base/rf/estimators/rf_seed_9_skf_1_paras_148_estimator_500_depth_None_minSample_70_random_1_weight_balanced.joblib,"{""bootstrap"": true, ""class_weight"": ""balanced"", ""max_depth"": null, ""max_features"": ""log2"", ""min_samples_split"": 70, ""n_estimators"": 500, ""random_state"": 1}",rf,148,/home/ubuntu/Desktop/DeepAmes_Full_STL_4_keep_weights/results_TA1537_with_S9/artifacts/base/rf/scalers/rf_seed_9_skf_1_paras_148_estimator_500_depth_None_minSample_70_random_1_weight_balanced_scaler.joblib,9,1
rf_seed_9_skf_2_paras_148_estimator_500_depth_None_minSample_70_random_1_weight_balanced,rf,9_skf_2,479,24,23,34,0.916,0.936,0.596,0.952,0.586,0.954,0.591,0.545,/home/ubuntu/Desktop/DeepAmes_Full_STL_4_keep_weights/results_TA1537_with_S9/artifacts/base/rf/estimators/rf_seed_9_skf_2_paras_148_estimator_500_depth_None_minSample_70_random_1_weight_balanced.joblib,"{""bootstrap"": true, ""class_weight"": ""balanced"", ""max_depth"": null, ""max_features"": ""log2"", ""min_samples_split"": 70, ""n_estimators"": 500, ""random_state"": 1}",rf,148,/home/ubuntu/Desktop/DeepAmes_Full_STL_4_keep_weights/results_TA1537_with_S9/artifacts/base/rf/scalers/rf_seed_9_skf_2_paras_148_estimator_500_depth_None_minSample_70_random_1_weight_balanced_scaler.joblib,9,2
rf_seed_9_skf_3_paras_148_estimator_500_depth_None_minSample_70_random_1_weight_balanced,rf,9_skf_3,480,23,24,33,0.916,0.94,0.579,0.954,0.589,0.952,0.584,0.537,/home/ubuntu/Desktop/DeepAmes_Full_STL_4_keep_weights/results_TA1537_with_S9/artifacts/base/rf/estimators/rf_seed_9_skf_3_paras_148_estimator_500_depth_None_minSample_70_random_1_weight_balanced.joblib,"{""bootstrap"": true, ""class_weight"": ""balanced"", ""max_depth"": null, ""max_features"": ""log2"", ""min_samples_split"": 70, ""n_estimators"": 500, ""random_state"": 1}",rf,148,/home/ubuntu/Desktop/DeepAmes_Full_STL_4_keep_weights/results_TA1537_with_S9/artifacts/base/rf/scalers/rf_seed_9_skf_3_paras_148_estimator_500_depth_None_minSample_70_random_1_weight_balanced_scaler.joblib,9,3
rf_seed_9_skf_4_paras_148_estimator_500_depth_None_minSample_70_random_1_weight_balanced,rf,9_skf_4,480,23,19,38,0.925,0.942,0.667,0.954,0.623,0.962,0.644,0.603,/home/ubuntu/Desktop/DeepAmes_Full_STL_4_keep_weights/results_TA1537_with_S9/artifacts/base/rf/estimators/rf_seed_9_skf_4_paras_148_estimator_500_depth_None_minSample_70_random_1_weight_balanced.joblib,"{""bootstrap"": true, ""class_weight"": ""balanced"", ""max_depth"": null, ""max_features"": ""log2"", ""min_samples_split"": 70, ""n_estimators"": 500, ""random_state"": 1}",rf,148,/home/ubuntu/Desktop/DeepAmes_Full_STL_4_keep_weights/results_TA1537_with_S9/artifacts/base/rf/scalers/rf_seed_9_skf_4_paras_148_estimator_500_depth_None_minSample_70_random_1_weight_balanced_scaler.joblib,9,4
rf_seed_10_skf_0_paras_148_estimator_500_depth_None_minSample_70_random_1_weight_balanced,rf,10_skf_0,482,21,23,34,0.921,0.939,0.596,0.958,0.618,0.954,0.607,0.564,/home/ubuntu/Desktop/DeepAmes_Full_STL_4_keep_weights/results_TA1537_with_S9/artifacts/base/rf/estimators/rf_seed_10_skf_0_paras_148_estimator_500_depth_None_minSample_70_random_1_weight_balanced.joblib,"{""bootstrap"": true, ""class_weight"": ""balanced"", ""max_depth"": null, ""max_features"": ""log2"", ""min_samples_split"": 70, ""n_estimators"": 500, ""random_state"": 1}",rf,148,/home/ubuntu/Desktop/DeepAmes_Full_STL_4_keep_weights/results_TA1537_with_S9/artifacts/base/rf/scalers/rf_seed_10_skf_0_paras_148_estimator_500_depth_None_minSample_70_random_1_weight_balanced_scaler.joblib,10,0
rf_seed_10_skf_1_paras_148_estimator_500_depth_None_minSample_70_random_1_weight_balanced,rf,10_skf_1,484,19,17,40,0.936,0.943,0.702,0.962,0.678,0.966,0.69,0.654,/home/ubuntu/Desktop/DeepAmes_Full_STL_4_keep_weights/results_TA1537_with_S9/artifacts/base/rf/estimators/rf_seed_10_skf_1_paras_148_estimator_500_depth_None_minSample_70_random_1_weight_balanced.joblib,"{""bootstrap"": true, ""class_weight"": ""balanced"", ""max_depth"": null, ""max_features"": ""log2"", ""min_samples_split"": 70, ""n_estimators"": 500, ""random_state"": 1}",rf,148,/home/ubuntu/Desktop/DeepAmes_Full_STL_4_keep_weights/results_TA1537_with_S9/artifacts/base/rf/scalers/rf_seed_10_skf_1_paras_148_estimator_500_depth_None_minSample_70_random_1_weight_balanced_scaler.joblib,10,1
rf_seed_10_skf_2_paras_148_estimator_500_depth_None_minSample_70_random_1_weight_balanced,rf,10_skf_2,481,22,25,32,0.916,0.942,0.561,0.956,0.593,0.951,0.577,0.53,/home/ubuntu/Desktop/DeepAmes_Full_STL_4_keep_weights/results_TA1537_with_S9/artifacts/base/rf/estimators/rf_seed_10_skf_2_paras_148_estimator_500_depth_None_minSample_70_random_1_weight_balanced.joblib,"{""bootstrap"": true, ""class_weight"": ""balanced"", ""max_depth"": null, ""max_features"": ""log2"", ""min_samples_split"": 70, ""n_estimators"": 500, ""random_state"": 1}",rf,148,/home/ubuntu/Desktop/DeepAmes_Full_STL_4_keep_weights/results_TA1537_with_S9/artifacts/base/rf/scalers/rf_seed_10_skf_2_paras_148_estimator_500_depth_None_minSample_70_random_1_weight_balanced_scaler.joblib,10,2
rf_seed_10_skf_3_paras_148_estimator_500_depth_None_minSample_70_random_1_weight_balanced,rf,10_skf_3,481,22,22,35,0.921,0.944,0.614,0.956,0.614,0.956,0.614,0.57,/home/ubuntu/Desktop/DeepAmes_Full_STL_4_keep_weights/results_TA1537_with_S9/artifacts/base/rf/estimators/rf_seed_10_skf_3_paras_148_estimator_500_depth_None_minSample_70_random_1_weight_balanced.joblib,"{""bootstrap"": true, ""class_weight"": ""balanced"", ""max_depth"": null, ""max_features"": ""log2"", ""min_samples_split"": 70, ""n_estimators"": 500, ""random_state"": 1}",rf,148,/home/ubuntu/Desktop/DeepAmes_Full_STL_4_keep_weights/results_TA1537_with_S9/artifacts/base/rf/scalers/rf_seed_10_skf_3_paras_148_estimator_500_depth_None_minSample_70_random_1_weight_balanced_scaler.joblib,10,3
rf_seed_10_skf_4_paras_148_estimator_500_depth_None_minSample_70_random_1_weight_balanced,rf,10_skf_4,478,25,20,37,0.92,0.937,0.649,0.95,0.597,0.96,0.622,0.578,/home/ubuntu/Desktop/DeepAmes_Full_STL_4_keep_weights/results_TA1537_with_S9/artifacts/base/rf/estimators/rf_seed_10_skf_4_paras_148_estimator_500_depth_None_minSample_70_random_1_weight_balanced.joblib,"{""bootstrap"": true, ""class_weight"": ""balanced"", ""max_depth"": null, ""max_features"": ""log2"", ""min_samples_split"": 70, ""n_estimators"": 500, ""random_state"": 1}",rf,148,/home/ubuntu/Desktop/DeepAmes_Full_STL_4_keep_weights/results_TA1537_with_S9/artifacts/base/rf/scalers/rf_seed_10_skf_4_paras_148_estimator_500_depth_None_minSample_70_random_1_weight_balanced_scaler.joblib,10,4
rf_seed_11_skf_0_paras_148_estimator_500_depth_None_minSample_70_random_1_weight_balanced,rf,11_skf_0,481,22,22,35,0.921,0.936,0.614,0.956,0.614,0.956,0.614,0.57,/home/ubuntu/Desktop/DeepAmes_Full_STL_4_keep_weights/results_TA1537_with_S9/artifacts/base/rf/estimators/rf_seed_11_skf_0_paras_148_estimator_500_depth_None_minSample_70_random_1_weight_balanced.joblib,"{""bootstrap"": true, ""class_weight"": ""balanced"", ""max_depth"": null, ""max_features"": ""log2"", ""min_samples_split"": 70, ""n_estimators"": 500, ""random_state"": 1}",rf,148,/home/ubuntu/Desktop/DeepAmes_Full_STL_4_keep_weights/results_TA1537_with_S9/artifacts/base/rf/scalers/rf_seed_11_skf_0_paras_148_estimator_500_depth_None_minSample_70_random_1_weight_balanced_scaler.joblib,11,0
rf_seed_11_skf_1_paras_148_estimator_500_depth_None_minSample_70_random_1_weight_balanced,rf,11_skf_1,484,19,18,39,0.934,0.946,0.684,0.962,0.672,0.964,0.678,0.641,/home/ubuntu/Desktop/DeepAmes_Full_STL_4_keep_weights/results_TA1537_with_S9/artifacts/base/rf/estimators/rf_seed_11_skf_1_paras_148_estimator_500_depth_None_minSample_70_random_1_weight_balanced.joblib,"{""bootstrap"": true, ""class_weight"": ""balanced"", ""max_depth"": null, ""max_features"": ""log2"", ""min_samples_split"": 70, ""n_estimators"": 500, ""random_state"": 1}",rf,148,/home/ubuntu/Desktop/DeepAmes_Full_STL_4_keep_weights/results_TA1537_with_S9/artifacts/base/rf/scalers/rf_seed_11_skf_1_paras_148_estimator_500_depth_None_minSample_70_random_1_weight_balanced_scaler.joblib,11,1
rf_seed_11_skf_2_paras_148_estimator_500_depth_None_minSample_70_random_1_weight_balanced,rf,11_skf_2,479,24,22,35,0.918,0.938,0.614,0.952,0.593,0.956,0.603,0.558,/home/ubuntu/Desktop/DeepAmes_Full_STL_4_keep_weights/results_TA1537_with_S9/artifacts/base/rf/estimators/rf_seed_11_skf_2_paras_148_estimator_500_depth_None_minSample_70_random_1_weight_balanced.joblib,"{""bootstrap"": true, ""class_weight"": ""balanced"", ""max_depth"": null, ""max_features"": ""log2"", ""min_samples_split"": 70, ""n_estimators"": 500, ""random_state"": 1}",rf,148,/home/ubuntu/Desktop/DeepAmes_Full_STL_4_keep_weights/results_TA1537_with_S9/artifacts/base/rf/scalers/rf_seed_11_skf_2_paras_148_estimator_500_depth_None_minSample_70_random_1_weight_balanced_scaler.joblib,11,2
rf_seed_11_skf_3_paras_148_estimator_500_depth_None_minSample_70_random_1_weight_balanced,rf,11_skf_3,479,24,21,36,0.92,0.932,0.632,0.952,0.6,0.958,0.615,0.571,/home/ubuntu/Desktop/DeepAmes_Full_STL_4_keep_weights/results_TA1537_with_S9/artifacts/base/rf/estimators/rf_seed_11_skf_3_paras_148_estimator_500_depth_None_minSample_70_random_1_weight_balanced.joblib,"{""bootstrap"": true, ""class_weight"": ""balanced"", ""max_depth"": null, ""max_features"": ""log2"", ""min_samples_split"": 70, ""n_estimators"": 500, ""random_state"": 1}",rf,148,/home/ubuntu/Desktop/DeepAmes_Full_STL_4_keep_weights/results_TA1537_with_S9/artifacts/base/rf/scalers/rf_seed_11_skf_3_paras_148_estimator_500_depth_None_minSample_70_random_1_weight_balanced_scaler.joblib,11,3
rf_seed_11_skf_4_paras_148_estimator_500_depth_None_minSample_70_random_1_weight_balanced,rf,11_skf_4,479,24,18,39,0.925,0.944,0.684,0.952,0.619,0.964,0.65,0.609,/home/ubuntu/Desktop/DeepAmes_Full_STL_4_keep_weights/results_TA1537_with_S9/artifacts/base/rf/estimators/rf_seed_11_skf_4_paras_148_estimator_500_depth_None_minSample_70_random_1_weight_balanced.joblib,"{""bootstrap"": true, ""class_weight"": ""balanced"", ""max_depth"": null, ""max_features"": ""log2"", ""min_samples_split"": 70, ""n_estimators"": 500, ""random_state"": 1}",rf,148,/home/ubuntu/Desktop/DeepAmes_Full_STL_4_keep_weights/results_TA1537_with_S9/artifacts/base/rf/scalers/rf_seed_11_skf_4_paras_148_estimator_500_depth_None_minSample_70_random_1_weight_balanced_scaler.joblib,11,4
rf_seed_12_skf_0_paras_148_estimator_500_depth_None_minSample_70_random_1_weight_balanced,rf,12_skf_0,477,26,20,37,0.918,0.945,0.649,0.948,0.587,0.96,0.617,0.572,/home/ubuntu/Desktop/DeepAmes_Full_STL_4_keep_weights/results_TA1537_with_S9/artifacts/base/rf/estimators/rf_seed_12_skf_0_paras_148_estimator_500_depth_None_minSample_70_random_1_weight_balanced.joblib,"{""bootstrap"": true, ""class_weight"": ""balanced"", ""max_depth"": null, ""max_features"": ""log2"", ""min_samples_split"": 70, ""n_estimators"": 500, ""random_state"": 1}",rf,148,/home/ubuntu/Desktop/DeepAmes_Full_STL_4_keep_weights/results_TA1537_with_S9/artifacts/base/rf/scalers/rf_seed_12_skf_0_paras_148_estimator_500_depth_None_minSample_70_random_1_weight_balanced_scaler.joblib,12,0
rf_seed_12_skf_1_paras_148_estimator_500_depth_None_minSample_70_random_1_weight_balanced,rf,12_skf_1,480,23,22,35,0.92,0.928,0.614,0.954,0.603,0.956,0.609,0.564,/home/ubuntu/Desktop/DeepAmes_Full_STL_4_keep_weights/results_TA1537_with_S9/artifacts/base/rf/estimators/rf_seed_12_skf_1_paras_148_estimator_500_depth_None_minSample_70_random_1_weight_balanced.joblib,"{""bootstrap"": true, ""class_weight"": ""balanced"", ""max_depth"": null, ""max_features"": ""log2"", ""min_samples_split"": 70, ""n_estimators"": 500, ""random_state"": 1}",rf,148,/home/ubuntu/Desktop/DeepAmes_Full_STL_4_keep_weights/results_TA1537_with_S9/artifacts/base/rf/scalers/rf_seed_12_skf_1_paras_148_estimator_500_depth_None_minSample_70_random_1_weight_balanced_scaler.joblib,12,1
rf_seed_12_skf_2_paras_148_estimator_500_depth_None_minSample_70_random_1_weight_balanced,rf,12_skf_2,484,19,21,36,0.929,0.941,0.632,0.962,0.655,0.958,0.643,0.603,/home/ubuntu/Desktop/DeepAmes_Full_STL_4_keep_weights/results_TA1537_with_S9/artifacts/base/rf/estimators/rf_seed_12_skf_2_paras_148_estimator_500_depth_None_minSample_70_random_1_weight_balanced.joblib,"{""bootstrap"": true, ""class_weight"": ""balanced"", ""max_depth"": null, ""max_features"": ""log2"", ""min_samples_split"": 70, ""n_estimators"": 500, ""random_state"": 1}",rf,148,/home/ubuntu/Desktop/DeepAmes_Full_STL_4_keep_weights/results_TA1537_with_S9/artifacts/base/rf/scalers/rf_seed_12_skf_2_paras_148_estimator_500_depth_None_minSample_70_random_1_weight_balanced_scaler.joblib,12,2
rf_seed_12_skf_3_paras_148_estimator_500_depth_None_minSample_70_random_1_weight_balanced,rf,12_skf_3,481,22,19,38,0.927,0.943,0.667,0.956,0.633,0.962,0.65,0.609,/home/ubuntu/Desktop/DeepAmes_Full_STL_4_keep_weights/results_TA1537_with_S9/artifacts/base/rf/estimators/rf_seed_12_skf_3_paras_148_estimator_500_depth_None_minSample_70_random_1_weight_balanced.joblib,"{""bootstrap"": true, ""class_weight"": ""balanced"", ""max_depth"": null, ""max_features"": ""log2"", ""min_samples_split"": 70, ""n_estimators"": 500, ""random_state"": 1}",rf,148,/home/ubuntu/Desktop/DeepAmes_Full_STL_4_keep_weights/results_TA1537_with_S9/artifacts/base/rf/scalers/rf_seed_12_skf_3_paras_148_estimator_500_depth_None_minSample_70_random_1_weight_balanced_scaler.joblib,12,3
rf_seed_12_skf_4_paras_148_estimator_500_depth_None_minSample_70_random_1_weight_balanced,rf,12_skf_4,483,20,21,36,0.927,0.943,0.632,0.96,0.643,0.958,0.637,0.596,/home/ubuntu/Desktop/DeepAmes_Full_STL_4_keep_weights/results_TA1537_with_S9/artifacts/base/rf/estimators/rf_seed_12_skf_4_paras_148_estimator_500_depth_None_minSample_70_random_1_weight_balanced.joblib,"{""bootstrap"": true, ""class_weight"": ""balanced"", ""max_depth"": null, ""max_features"": ""log2"", ""min_samples_split"": 70, ""n_estimators"": 500, ""random_state"": 1}",rf,148,/home/ubuntu/Desktop/DeepAmes_Full_STL_4_keep_weights/results_TA1537_with_S9/artifacts/base/rf/scalers/rf_seed_12_skf_4_paras_148_estimator_500_depth_None_minSample_70_random_1_weight_balanced_scaler.joblib,12,4
rf_seed_13_skf_0_paras_148_estimator_500_depth_None_minSample_70_random_1_weight_balanced,rf,13_skf_0,484,19,18,39,0.934,0.945,0.684,0.962,0.672,0.964,0.678,0.641,/home/ubuntu/Desktop/DeepAmes_Full_STL_4_keep_weights/results_TA1537_with_S9/artifacts/base/rf/estimators/rf_seed_13_skf_0_paras_148_estimator_500_depth_None_minSample_70_random_1_weight_balanced.joblib,"{""bootstrap"": true, ""class_weight"": ""balanced"", ""max_depth"": null, ""max_features"": ""log2"", ""min_samples_split"": 70, ""n_estimators"": 500, ""random_state"": 1}",rf,148,/home/ubuntu/Desktop/DeepAmes_Full_STL_4_keep_weights/results_TA1537_with_S9/artifacts/base/rf/scalers/rf_seed_13_skf_0_paras_148_estimator_500_depth_None_minSample_70_random_1_weight_balanced_scaler.joblib,13,0
rf_seed_13_skf_1_paras_148_estimator_500_depth_None_minSample_70_random_1_weight_balanced,rf,13_skf_1,481,22,20,37,0.925,0.943,0.649,0.956,0.627,0.96,0.638,0.596,/home/ubuntu/Desktop/DeepAmes_Full_STL_4_keep_weights/results_TA1537_with_S9/artifacts/base/rf/estimators/rf_seed_13_skf_1_paras_148_estimator_500_depth_None_minSample_70_random_1_weight_balanced.joblib,"{""bootstrap"": true, ""class_weight"": ""balanced"", ""max_depth"": null, ""max_features"": ""log2"", ""min_samples_split"": 70, ""n_estimators"": 500, ""random_state"": 1}",rf,148,/home/ubuntu/Desktop/DeepAmes_Full_STL_4_keep_weights/results_TA1537_with_S9/artifacts/base/rf/scalers/rf_seed_13_skf_1_paras_148_estimator_500_depth_None_minSample_70_random_1_weight_balanced_scaler.joblib,13,1
rf_seed_13_skf_2_paras_148_estimator_500_depth_None_minSample_70_random_1_weight_balanced,rf,13_skf_2,482,21,23,34,0.921,0.941,0.596,0.958,0.618,0.954,0.607,0.564,/home/ubuntu/Desktop/DeepAmes_Full_STL_4_keep_weights/results_TA1537_with_S9/artifacts/base/rf/estimators/rf_seed_13_skf_2_paras_148_estimator_500_depth_None_minSample_70_random_1_weight_balanced.joblib,"{""bootstrap"": true, ""class_weight"": ""balanced"", ""max_depth"": null, ""max_features"": ""log2"", ""min_samples_split"": 70, ""n_estimators"": 500, ""random_state"": 1}",rf,148,/home/ubuntu/Desktop/DeepAmes_Full_STL_4_keep_weights/results_TA1537_with_S9/artifacts/base/rf/scalers/rf_seed_13_skf_2_paras_148_estimator_500_depth_None_minSample_70_random_1_weight_balanced_scaler.joblib,13,2
rf_seed_13_skf_3_paras_148_estimator_500_depth_None_minSample_70_random_1_weight_balanced,rf,13_skf_3,479,24,22,35,0.918,0.941,0.614,0.952,0.593,0.956,0.603,0.558,/home/ubuntu/Desktop/DeepAmes_Full_STL_4_keep_weights/results_TA1537_with_S9/artifacts/base/rf/estimators/rf_seed_13_skf_3_paras_148_estimator_500_depth_None_minSample_70_random_1_weight_balanced.joblib,"{""bootstrap"": true, ""class_weight"": ""balanced"", ""max_depth"": null, ""max_features"": ""log2"", ""min_samples_split"": 70, ""n_estimators"": 500, ""random_state"": 1}",rf,148,/home/ubuntu/Desktop/DeepAmes_Full_STL_4_keep_weights/results_TA1537_with_S9/artifacts/base/rf/scalers/rf_seed_13_skf_3_paras_148_estimator_500_depth_None_minSample_70_random_1_weight_balanced_scaler.joblib,13,3
rf_seed_13_skf_4_paras_148_estimator_500_depth_None_minSample_70_random_1_weight_balanced,rf,13_skf_4,477,26,21,36,0.916,0.937,0.632,0.948,0.581,0.958,0.605,0.559,/home/ubuntu/Desktop/DeepAmes_Full_STL_4_keep_weights/results_TA1537_with_S9/artifacts/base/rf/estimators/rf_seed_13_skf_4_paras_148_estimator_500_depth_None_minSample_70_random_1_weight_balanced.joblib,"{""bootstrap"": true, ""class_weight"": ""balanced"", ""max_depth"": null, ""max_features"": ""log2"", ""min_samples_split"": 70, ""n_estimators"": 500, ""random_state"": 1}",rf,148,/home/ubuntu/Desktop/DeepAmes_Full_STL_4_keep_weights/results_TA1537_with_S9/artifacts/base/rf/scalers/rf_seed_13_skf_4_paras_148_estimator_500_depth_None_minSample_70_random_1_weight_balanced_scaler.joblib,13,4
rf_seed_14_skf_0_paras_148_estimator_500_depth_None_minSample_70_random_1_weight_balanced,rf,14_skf_0,486,17,21,36,0.932,0.925,0.632,0.966,0.679,0.959,0.655,0.617,/home/ubuntu/Desktop/DeepAmes_Full_STL_4_keep_weights/results_TA1537_with_S9/artifacts/base/rf/estimators/rf_seed_14_skf_0_paras_148_estimator_500_depth_None_minSample_70_random_1_weight_balanced.joblib,"{""bootstrap"": true, ""class_weight"": ""balanced"", ""max_depth"": null, ""max_features"": ""log2"", ""min_samples_split"": 70, ""n_estimators"": 500, ""random_state"": 1}",rf,148,/home/ubuntu/Desktop/DeepAmes_Full_STL_4_keep_weights/results_TA1537_with_S9/artifacts/base/rf/scalers/rf_seed_14_skf_0_paras_148_estimator_500_depth_None_minSample_70_random_1_weight_balanced_scaler.joblib,14,0
rf_seed_14_skf_1_paras_148_estimator_500_depth_None_minSample_70_random_1_weight_balanced,rf,14_skf_1,481,22,21,36,0.923,0.944,0.632,0.956,0.621,0.958,0.626,0.583,/home/ubuntu/Desktop/DeepAmes_Full_STL_4_keep_weights/results_TA1537_with_S9/artifacts/base/rf/estimators/rf_seed_14_skf_1_paras_148_estimator_500_depth_None_minSample_70_random_1_weight_balanced.joblib,"{""bootstrap"": true, ""class_weight"": ""balanced"", ""max_depth"": null, ""max_features"": ""log2"", ""min_samples_split"": 70, ""n_estimators"": 500, ""random_state"": 1}",rf,148,/home/ubuntu/Desktop/DeepAmes_Full_STL_4_keep_weights/results_TA1537_with_S9/artifacts/base/rf/scalers/rf_seed_14_skf_1_paras_148_estimator_500_depth_None_minSample_70_random_1_weight_balanced_scaler.joblib,14,1
rf_seed_14_skf_2_paras_148_estimator_500_depth_None_minSample_70_random_1_weight_balanced,rf,14_skf_2,477,26,20,37,0.918,0.943,0.649,0.948,0.587,0.96,0.617,0.572,/home/ubuntu/Desktop/DeepAmes_Full_STL_4_keep_weights/results_TA1537_with_S9/artifacts/base/rf/estimators/rf_seed_14_skf_2_paras_148_estimator_500_depth_None_minSample_70_random_1_weight_balanced.joblib,"{""bootstrap"": true, ""class_weight"": ""balanced"", ""max_depth"": null, ""max_features"": ""log2"", ""min_samples_split"": 70, ""n_estimators"": 500, ""random_state"": 1}",rf,148,/home/ubuntu/Desktop/DeepAmes_Full_STL_4_keep_weights/results_TA1537_with_S9/artifacts/base/rf/scalers/rf_seed_14_skf_2_paras_148_estimator_500_depth_None_minSample_70_random_1_weight_balanced_scaler.joblib,14,2
rf_seed_14_skf_3_paras_148_estimator_500_depth_None_minSample_70_random_1_weight_balanced,rf,14_skf_3,482,21,19,38,0.929,0.944,0.667,0.958,0.644,0.962,0.655,0.615,/home/ubuntu/Desktop/DeepAmes_Full_STL_4_keep_weights/results_TA1537_with_S9/artifacts/base/rf/estimators/rf_seed_14_skf_3_paras_148_estimator_500_depth_None_minSample_70_random_1_weight_balanced.joblib,"{""bootstrap"": true, ""class_weight"": ""balanced"", ""max_depth"": null, ""max_features"": ""log2"", ""min_samples_split"": 70, ""n_estimators"": 500, ""random_state"": 1}",rf,148,/home/ubuntu/Desktop/DeepAmes_Full_STL_4_keep_weights/results_TA1537_with_S9/artifacts/base/rf/scalers/rf_seed_14_skf_3_paras_148_estimator_500_depth_None_minSample_70_random_1_weight_balanced_scaler.joblib,14,3
rf_seed_14_skf_4_paras_148_estimator_500_depth_None_minSample_70_random_1_weight_balanced,rf,14_skf_4,481,22,19,38,0.927,0.937,0.667,0.956,0.633,0.962,0.65,0.609,/home/ubuntu/Desktop/DeepAmes_Full_STL_4_keep_weights/results_TA1537_with_S9/artifacts/base/rf/estimators/rf_seed_14_skf_4_paras_148_estimator_500_depth_None_minSample_70_random_1_weight_balanced.joblib,"{""bootstrap"": true, ""class_weight"": ""balanced"", ""max_depth"": null, ""max_features"": ""log2"", ""min_samples_split"": 70, ""n_estimators"": 500, ""random_state"": 1}",rf,148,/home/ubuntu/Desktop/DeepAmes_Full_STL_4_keep_weights/results_TA1537_with_S9/artifacts/base/rf/scalers/rf_seed_14_skf_4_paras_148_estimator_500_depth_None_minSample_70_random_1_weight_balanced_scaler.joblib,14,4
rf_seed_15_skf_0_paras_148_estimator_500_depth_None_minSample_70_random_1_weight_balanced,rf,15_skf_0,483,20,21,36,0.927,0.937,0.632,0.96,0.643,0.958,0.637,0.596,/home/ubuntu/Desktop/DeepAmes_Full_STL_4_keep_weights/results_TA1537_with_S9/artifacts/base/rf/estimators/rf_seed_15_skf_0_paras_148_estimator_500_depth_None_minSample_70_random_1_weight_balanced.joblib,"{""bootstrap"": true, ""class_weight"": ""balanced"", ""max_depth"": null, ""max_features"": ""log2"", ""min_samples_split"": 70, ""n_estimators"": 500, ""random_state"": 1}",rf,148,/home/ubuntu/Desktop/DeepAmes_Full_STL_4_keep_weights/results_TA1537_with_S9/artifacts/base/rf/scalers/rf_seed_15_skf_0_paras_148_estimator_500_depth_None_minSample_70_random_1_weight_balanced_scaler.joblib,15,0
rf_seed_15_skf_1_paras_148_estimator_500_depth_None_minSample_70_random_1_weight_balanced,rf,15_skf_1,483,20,23,34,0.923,0.925,0.596,0.96,0.63,0.955,0.613,0.57,/home/ubuntu/Desktop/DeepAmes_Full_STL_4_keep_weights/results_TA1537_with_S9/artifacts/base/rf/estimators/rf_seed_15_skf_1_paras_148_estimator_500_depth_None_minSample_70_random_1_weight_balanced.joblib,"{""bootstrap"": true, ""class_weight"": ""balanced"", ""max_depth"": null, ""max_features"": ""log2"", ""min_samples_split"": 70, ""n_estimators"": 500, ""random_state"": 1}",rf,148,/home/ubuntu/Desktop/DeepAmes_Full_STL_4_keep_weights/results_TA1537_with_S9/artifacts/base/rf/scalers/rf_seed_15_skf_1_paras_148_estimator_500_depth_None_minSample_70_random_1_weight_balanced_scaler.joblib,15,1
rf_seed_15_skf_2_paras_148_estimator_500_depth_None_minSample_70_random_1_weight_balanced,rf,15_skf_2,481,22,18,39,0.929,0.945,0.684,0.956,0.639,0.964,0.661,0.622,/home/ubuntu/Desktop/DeepAmes_Full_STL_4_keep_weights/results_TA1537_with_S9/artifacts/base/rf/estimators/rf_seed_15_skf_2_paras_148_estimator_500_depth_None_minSample_70_random_1_weight_balanced.joblib,"{""bootstrap"": true, ""class_weight"": ""balanced"", ""max_depth"": null, ""max_features"": ""log2"", ""min_samples_split"": 70, ""n_estimators"": 500, ""random_state"": 1}",rf,148,/home/ubuntu/Desktop/DeepAmes_Full_STL_4_keep_weights/results_TA1537_with_S9/artifacts/base/rf/scalers/rf_seed_15_skf_2_paras_148_estimator_500_depth_None_minSample_70_random_1_weight_balanced_scaler.joblib,15,2
rf_seed_15_skf_3_paras_148_estimator_500_depth_None_minSample_70_random_1_weight_balanced,rf,15_skf_3,476,27,20,37,0.916,0.941,0.649,0.946,0.578,0.96,0.612,0.566,/home/ubuntu/Desktop/DeepAmes_Full_STL_4_keep_weights/results_TA1537_with_S9/artifacts/base/rf/estimators/rf_seed_15_skf_3_paras_148_estimator_500_depth_None_minSample_70_random_1_weight_balanced.joblib,"{""bootstrap"": true, ""class_weight"": ""balanced"", ""max_depth"": null, ""max_features"": ""log2"", ""min_samples_split"": 70, ""n_estimators"": 500, ""random_state"": 1}",rf,148,/home/ubuntu/Desktop/DeepAmes_Full_STL_4_keep_weights/results_TA1537_with_S9/artifacts/base/rf/scalers/rf_seed_15_skf_3_paras_148_estimator_500_depth_None_minSample_70_random_1_weight_balanced_scaler.joblib,15,3
rf_seed_15_skf_4_paras_148_estimator_500_depth_None_minSample_70_random_1_weight_balanced,rf,15_skf_4,481,22,19,38,0.927,0.942,0.667,0.956,0.633,0.962,0.65,0.609,/home/ubuntu/Desktop/DeepAmes_Full_STL_4_keep_weights/results_TA1537_with_S9/artifacts/base/rf/estimators/rf_seed_15_skf_4_paras_148_estimator_500_depth_None_minSample_70_random_1_weight_balanced.joblib,"{""bootstrap"": true, ""class_weight"": ""balanced"", ""max_depth"": null, ""max_features"": ""log2"", ""min_samples_split"": 70, ""n_estimators"": 500, ""random_state"": 1}",rf,148,/home/ubuntu/Desktop/DeepAmes_Full_STL_4_keep_weights/results_TA1537_with_S9/artifacts/base/rf/scalers/rf_seed_15_skf_4_paras_148_estimator_500_depth_None_minSample_70_random_1_weight_balanced_scaler.joblib,15,4
rf_seed_16_skf_0_paras_148_estimator_500_depth_None_minSample_70_random_1_weight_balanced,rf,16_skf_0,481,22,24,33,0.918,0.929,0.579,0.956,0.6,0.952,0.589,0.544,/home/ubuntu/Desktop/DeepAmes_Full_STL_4_keep_weights/results_TA1537_with_S9/artifacts/base/rf/estimators/rf_seed_16_skf_0_paras_148_estimator_500_depth_None_minSample_70_random_1_weight_balanced.joblib,"{""bootstrap"": true, ""class_weight"": ""balanced"", ""max_depth"": null, ""max_features"": ""log2"", ""min_samples_split"": 70, ""n_estimators"": 500, ""random_state"": 1}",rf,148,/home/ubuntu/Desktop/DeepAmes_Full_STL_4_keep_weights/results_TA1537_with_S9/artifacts/base/rf/scalers/rf_seed_16_skf_0_paras_148_estimator_500_depth_None_minSample_70_random_1_weight_balanced_scaler.joblib,16,0
rf_seed_16_skf_1_paras_148_estimator_500_depth_None_minSample_70_random_1_weight_balanced,rf,16_skf_1,481,22,18,39,0.929,0.942,0.684,0.956,0.639,0.964,0.661,0.622,/home/ubuntu/Desktop/DeepAmes_Full_STL_4_keep_weights/results_TA1537_with_S9/artifacts/base/rf/estimators/rf_seed_16_skf_1_paras_148_estimator_500_depth_None_minSample_70_random_1_weight_balanced.joblib,"{""bootstrap"": true, ""class_weight"": ""balanced"", ""max_depth"": null, ""max_features"": ""log2"", ""min_samples_split"": 70, ""n_estimators"": 500, ""random_state"": 1}",rf,148,/home/ubuntu/Desktop/DeepAmes_Full_STL_4_keep_weights/results_TA1537_with_S9/artifacts/base/rf/scalers/rf_seed_16_skf_1_paras_148_estimator_500_depth_None_minSample_70_random_1_weight_balanced_scaler.joblib,16,1
rf_seed_16_skf_2_paras_148_estimator_500_depth_None_minSample_70_random_1_weight_balanced,rf,16_skf_2,480,23,20,37,0.923,0.94,0.649,0.954,0.617,0.96,0.632,0.59,/home/ubuntu/Desktop/DeepAmes_Full_STL_4_keep_weights/results_TA1537_with_S9/artifacts/base/rf/estimators/rf_seed_16_skf_2_paras_148_estimator_500_depth_None_minSample_70_random_1_weight_balanced.joblib,"{""bootstrap"": true, ""class_weight"": ""balanced"", ""max_depth"": null, ""max_features"": ""log2"", ""min_samples_split"": 70, ""n_estimators"": 500, ""random_state"": 1}",rf,148,/home/ubuntu/Desktop/DeepAmes_Full_STL_4_keep_weights/results_TA1537_with_S9/artifacts/base/rf/scalers/rf_seed_16_skf_2_paras_148_estimator_500_depth_None_minSample_70_random_1_weight_balanced_scaler.joblib,16,2
rf_seed_16_skf_3_paras_148_estimator_500_depth_None_minSample_70_random_1_weight_balanced,rf,16_skf_3,480,23,19,38,0.925,0.946,0.667,0.954,0.623,0.962,0.644,0.603,/home/ubuntu/Desktop/DeepAmes_Full_STL_4_keep_weights/results_TA1537_with_S9/artifacts/base/rf/estimators/rf_seed_16_skf_3_paras_148_estimator_500_depth_None_minSample_70_random_1_weight_balanced.joblib,"{""bootstrap"": true, ""class_weight"": ""balanced"", ""max_depth"": null, ""max_features"": ""log2"", ""min_samples_split"": 70, ""n_estimators"": 500, ""random_state"": 1}",rf,148,/home/ubuntu/Desktop/DeepAmes_Full_STL_4_keep_weights/results_TA1537_with_S9/artifacts/base/rf/scalers/rf_seed_16_skf_3_paras_148_estimator_500_depth_None_minSample_70_random_1_weight_balanced_scaler.joblib,16,3
rf_seed_16_skf_4_paras_148_estimator_500_depth_None_minSample_70_random_1_weight_balanced,rf,16_skf_4,478,25,20,37,0.92,0.947,0.649,0.95,0.597,0.96,0.622,0.578,/home/ubuntu/Desktop/DeepAmes_Full_STL_4_keep_weights/results_TA1537_with_S9/artifacts/base/rf/estimators/rf_seed_16_skf_4_paras_148_estimator_500_depth_None_minSample_70_random_1_weight_balanced.joblib,"{""bootstrap"": true, ""class_weight"": ""balanced"", ""max_depth"": null, ""max_features"": ""log2"", ""min_samples_split"": 70, ""n_estimators"": 500, ""random_state"": 1}",rf,148,/home/ubuntu/Desktop/DeepAmes_Full_STL_4_keep_weights/results_TA1537_with_S9/artifacts/base/rf/scalers/rf_seed_16_skf_4_paras_148_estimator_500_depth_None_minSample_70_random_1_weight_balanced_scaler.joblib,16,4
rf_seed_17_skf_0_paras_148_estimator_500_depth_None_minSample_70_random_1_weight_balanced,rf,17_skf_0,478,25,23,34,0.914,0.939,0.596,0.95,0.576,0.954,0.586,0.539,/home/ubuntu/Desktop/DeepAmes_Full_STL_4_keep_weights/results_TA1537_with_S9/artifacts/base/rf/estimators/rf_seed_17_skf_0_paras_148_estimator_500_depth_None_minSample_70_random_1_weight_balanced.joblib,"{""bootstrap"": true, ""class_weight"": ""balanced"", ""max_depth"": null, ""max_features"": ""log2"", ""min_samples_split"": 70, ""n_estimators"": 500, ""random_state"": 1}",rf,148,/home/ubuntu/Desktop/DeepAmes_Full_STL_4_keep_weights/results_TA1537_with_S9/artifacts/base/rf/scalers/rf_seed_17_skf_0_paras_148_estimator_500_depth_None_minSample_70_random_1_weight_balanced_scaler.joblib,17,0
rf_seed_17_skf_1_paras_148_estimator_500_depth_None_minSample_70_random_1_weight_balanced,rf,17_skf_1,479,24,17,40,0.927,0.942,0.702,0.952,0.625,0.966,0.661,0.622,/home/ubuntu/Desktop/DeepAmes_Full_STL_4_keep_weights/results_TA1537_with_S9/artifacts/base/rf/estimators/rf_seed_17_skf_1_paras_148_estimator_500_depth_None_minSample_70_random_1_weight_balanced.joblib,"{""bootstrap"": true, ""class_weight"": ""balanced"", ""max_depth"": null, ""max_features"": ""log2"", ""min_samples_split"": 70, ""n_estimators"": 500, ""random_state"": 1}",rf,148,/home/ubuntu/Desktop/DeepAmes_Full_STL_4_keep_weights/results_TA1537_with_S9/artifacts/base/rf/scalers/rf_seed_17_skf_1_paras_148_estimator_500_depth_None_minSample_70_random_1_weight_balanced_scaler.joblib,17,1
rf_seed_17_skf_2_paras_148_estimator_500_depth_None_minSample_70_random_1_weight_balanced,rf,17_skf_2,480,23,21,36,0.921,0.937,0.632,0.954,0.61,0.958,0.621,0.577,/home/ubuntu/Desktop/DeepAmes_Full_STL_4_keep_weights/results_TA1537_with_S9/artifacts/base/rf/estimators/rf_seed_17_skf_2_paras_148_estimator_500_depth_None_minSample_70_random_1_weight_balanced.joblib,"{""bootstrap"": true, ""class_weight"": ""balanced"", ""max_depth"": null, ""max_features"": ""log2"", ""min_samples_split"": 70, ""n_estimators"": 500, ""random_state"": 1}",rf,148,/home/ubuntu/Desktop/DeepAmes_Full_STL_4_keep_weights/results_TA1537_with_S9/artifacts/base/rf/scalers/rf_seed_17_skf_2_paras_148_estimator_500_depth_None_minSample_70_random_1_weight_balanced_scaler.joblib,17,2
rf_seed_17_skf_3_paras_148_estimator_500_depth_None_minSample_70_random_1_weight_balanced,rf,17_skf_3,484,19,22,35,0.927,0.937,0.614,0.962,0.648,0.957,0.631,0.59,/home/ubuntu/Desktop/DeepAmes_Full_STL_4_keep_weights/results_TA1537_with_S9/artifacts/base/rf/estimators/rf_seed_17_skf_3_paras_148_estimator_500_depth_None_minSample_70_random_1_weight_balanced.joblib,"{""bootstrap"": true, ""class_weight"": ""balanced"", ""max_depth"": null, ""max_features"": ""log2"", ""min_samples_split"": 70, ""n_estimators"": 500, ""random_state"": 1}",rf,148,/home/ubuntu/Desktop/DeepAmes_Full_STL_4_keep_weights/results_TA1537_with_S9/artifacts/base/rf/scalers/rf_seed_17_skf_3_paras_148_estimator_500_depth_None_minSample_70_random_1_weight_balanced_scaler.joblib,17,3
rf_seed_17_skf_4_paras_148_estimator_500_depth_None_minSample_70_random_1_weight_balanced,rf,17_skf_4,482,21,22,35,0.923,0.941,0.614,0.958,0.625,0.956,0.619,0.577,/home/ubuntu/Desktop/DeepAmes_Full_STL_4_keep_weights/results_TA1537_with_S9/artifacts/base/rf/estimators/rf_seed_17_skf_4_paras_148_estimator_500_depth_None_minSample_70_random_1_weight_balanced.joblib,"{""bootstrap"": true, ""class_weight"": ""balanced"", ""max_depth"": null, ""max_features"": ""log2"", ""min_samples_split"": 70, ""n_estimators"": 500, ""random_state"": 1}",rf,148,/home/ubuntu/Desktop/DeepAmes_Full_STL_4_keep_weights/results_TA1537_with_S9/artifacts/base/rf/scalers/rf_seed_17_skf_4_paras_148_estimator_500_depth_None_minSample_70_random_1_weight_balanced_scaler.joblib,17,4
rf_seed_18_skf_0_paras_148_estimator_500_depth_None_minSample_70_random_1_weight_balanced,rf,18_skf_0,479,24,18,39,0.925,0.946,0.684,0.952,0.619,0.964,0.65,0.609,/home/ubuntu/Desktop/DeepAmes_Full_STL_4_keep_weights/results_TA1537_with_S9/artifacts/base/rf/estimators/rf_seed_18_skf_0_paras_148_estimator_500_depth_None_minSample_70_random_1_weight_balanced.joblib,"{""bootstrap"": true, ""class_weight"": ""balanced"", ""max_depth"": null, ""max_features"": ""log2"", ""min_samples_split"": 70, ""n_estimators"": 500, ""random_state"": 1}",rf,148,/home/ubuntu/Desktop/DeepAmes_Full_STL_4_keep_weights/results_TA1537_with_S9/artifacts/base/rf/scalers/rf_seed_18_skf_0_paras_148_estimator_500_depth_None_minSample_70_random_1_weight_balanced_scaler.joblib,18,0
rf_seed_18_skf_1_paras_148_estimator_500_depth_None_minSample_70_random_1_weight_balanced,rf,18_skf_1,480,23,22,35,0.92,0.934,0.614,0.954,0.603,0.956,0.609,0.564,/home/ubuntu/Desktop/DeepAmes_Full_STL_4_keep_weights/results_TA1537_with_S9/artifacts/base/rf/estimators/rf_seed_18_skf_1_paras_148_estimator_500_depth_None_minSample_70_random_1_weight_balanced.joblib,"{""bootstrap"": true, ""class_weight"": ""balanced"", ""max_depth"": null, ""max_features"": ""log2"", ""min_samples_split"": 70, ""n_estimators"": 500, ""random_state"": 1}",rf,148,/home/ubuntu/Desktop/DeepAmes_Full_STL_4_keep_weights/results_TA1537_with_S9/artifacts/base/rf/scalers/rf_seed_18_skf_1_paras_148_estimator_500_depth_None_minSample_70_random_1_weight_balanced_scaler.joblib,18,1
rf_seed_18_skf_2_paras_148_estimator_500_depth_None_minSample_70_random_1_weight_balanced,rf,18_skf_2,482,21,20,37,0.927,0.943,0.649,0.958,0.638,0.96,0.643,0.603,/home/ubuntu/Desktop/DeepAmes_Full_STL_4_keep_weights/results_TA1537_with_S9/artifacts/base/rf/estimators/rf_seed_18_skf_2_paras_148_estimator_500_depth_None_minSample_70_random_1_weight_balanced.joblib,"{""bootstrap"": true, ""class_weight"": ""balanced"", ""max_depth"": null, ""max_features"": ""log2"", ""min_samples_split"": 70, ""n_estimators"": 500, ""random_state"": 1}",rf,148,/home/ubuntu/Desktop/DeepAmes_Full_STL_4_keep_weights/results_TA1537_with_S9/artifacts/base/rf/scalers/rf_seed_18_skf_2_paras_148_estimator_500_depth_None_minSample_70_random_1_weight_balanced_scaler.joblib,18,2
rf_seed_18_skf_3_paras_148_estimator_500_depth_None_minSample_70_random_1_weight_balanced,rf,18_skf_3,479,24,24,33,0.914,0.934,0.579,0.952,0.579,0.952,0.579,0.531,/home/ubuntu/Desktop/DeepAmes_Full_STL_4_keep_weights/results_TA1537_with_S9/artifacts/base/rf/estimators/rf_seed_18_skf_3_paras_148_estimator_500_depth_None_minSample_70_random_1_weight_balanced.joblib,"{""bootstrap"": true, ""class_weight"": ""balanced"", ""max_depth"": null, ""max_features"": ""log2"", ""min_samples_split"": 70, ""n_estimators"": 500, ""random_state"": 1}",rf,148,/home/ubuntu/Desktop/DeepAmes_Full_STL_4_keep_weights/results_TA1537_with_S9/artifacts/base/rf/scalers/rf_seed_18_skf_3_paras_148_estimator_500_depth_None_minSample_70_random_1_weight_balanced_scaler.joblib,18,3
rf_seed_18_skf_4_paras_148_estimator_500_depth_None_minSample_70_random_1_weight_balanced,rf,18_skf_4,482,21,21,36,0.925,0.938,0.632,0.958,0.632,0.958,0.632,0.59,/home/ubuntu/Desktop/DeepAmes_Full_STL_4_keep_weights/results_TA1537_with_S9/artifacts/base/rf/estimators/rf_seed_18_skf_4_paras_148_estimator_500_depth_None_minSample_70_random_1_weight_balanced.joblib,"{""bootstrap"": true, ""class_weight"": ""balanced"", ""max_depth"": null, ""max_features"": ""log2"", ""min_samples_split"": 70, ""n_estimators"": 500, ""random_state"": 1}",rf,148,/home/ubuntu/Desktop/DeepAmes_Full_STL_4_keep_weights/results_TA1537_with_S9/artifacts/base/rf/scalers/rf_seed_18_skf_4_paras_148_estimator_500_depth_None_minSample_70_random_1_weight_balanced_scaler.joblib,18,4
rf_seed_19_skf_0_paras_148_estimator_500_depth_None_minSample_70_random_1_weight_balanced,rf,19_skf_0,481,22,22,35,0.921,0.943,0.614,0.956,0.614,0.956,0.614,0.57,/home/ubuntu/Desktop/DeepAmes_Full_STL_4_keep_weights/results_TA1537_with_S9/artifacts/base/rf/estimators/rf_seed_19_skf_0_paras_148_estimator_500_depth_None_minSample_70_random_1_weight_balanced.joblib,"{""bootstrap"": true, ""class_weight"": ""balanced"", ""max_depth"": null, ""max_features"": ""log2"", ""min_samples_split"": 70, ""n_estimators"": 500, ""random_state"": 1}",rf,148,/home/ubuntu/Desktop/DeepAmes_Full_STL_4_keep_weights/results_TA1537_with_S9/artifacts/base/rf/scalers/rf_seed_19_skf_0_paras_148_estimator_500_depth_None_minSample_70_random_1_weight_balanced_scaler.joblib,19,0
rf_seed_19_skf_1_paras_148_estimator_500_depth_None_minSample_70_random_1_weight_balanced,rf,19_skf_1,479,24,20,37,0.921,0.934,0.649,0.952,0.607,0.96,0.627,0.584,/home/ubuntu/Desktop/DeepAmes_Full_STL_4_keep_weights/results_TA1537_with_S9/artifacts/base/rf/estimators/rf_seed_19_skf_1_paras_148_estimator_500_depth_None_minSample_70_random_1_weight_balanced.joblib,"{""bootstrap"": true, ""class_weight"": ""balanced"", ""max_depth"": null, ""max_features"": ""log2"", ""min_samples_split"": 70, ""n_estimators"": 500, ""random_state"": 1}",rf,148,/home/ubuntu/Desktop/DeepAmes_Full_STL_4_keep_weights/results_TA1537_with_S9/artifacts/base/rf/scalers/rf_seed_19_skf_1_paras_148_estimator_500_depth_None_minSample_70_random_1_weight_balanced_scaler.joblib,19,1
rf_seed_19_skf_2_paras_148_estimator_500_depth_None_minSample_70_random_1_weight_balanced,rf,19_skf_2,478,25,18,39,0.923,0.939,0.684,0.95,0.609,0.964,0.645,0.603,/home/ubuntu/Desktop/DeepAmes_Full_STL_4_keep_weights/results_TA1537_with_S9/artifacts/base/rf/estimators/rf_seed_19_skf_2_paras_148_estimator_500_depth_None_minSample_70_random_1_weight_balanced.joblib,"{""bootstrap"": true, ""class_weight"": ""balanced"", ""max_depth"": null, ""max_features"": ""log2"", ""min_samples_split"": 70, ""n_estimators"": 500, ""random_state"": 1}",rf,148,/home/ubuntu/Desktop/DeepAmes_Full_STL_4_keep_weights/results_TA1537_with_S9/artifacts/base/rf/scalers/rf_seed_19_skf_2_paras_148_estimator_500_depth_None_minSample_70_random_1_weight_balanced_scaler.joblib,19,2
rf_seed_19_skf_3_paras_148_estimator_500_depth_None_minSample_70_random_1_weight_balanced,rf,19_skf_3,481,22,19,38,0.927,0.946,0.667,0.956,0.633,0.962,0.65,0.609,/home/ubuntu/Desktop/DeepAmes_Full_STL_4_keep_weights/results_TA1537_with_S9/artifacts/base/rf/estimators/rf_seed_19_skf_3_paras_148_estimator_500_depth_None_minSample_70_random_1_weight_balanced.joblib,"{""bootstrap"": true, ""class_weight"": ""balanced"", ""max_depth"": null, ""max_features"": ""log2"", ""min_samples_split"": 70, ""n_estimators"": 500, ""random_state"": 1}",rf,148,/home/ubuntu/Desktop/DeepAmes_Full_STL_4_keep_weights/results_TA1537_with_S9/artifacts/base/rf/scalers/rf_seed_19_skf_3_paras_148_estimator_500_depth_None_minSample_70_random_1_weight_balanced_scaler.joblib,19,3
rf_seed_19_skf_4_paras_148_estimator_500_depth_None_minSample_70_random_1_weight_balanced,rf,19_skf_4,482,21,23,34,0.921,0.938,0.596,0.958,0.618,0.954,0.607,0.564,/home/ubuntu/Desktop/DeepAmes_Full_STL_4_keep_weights/results_TA1537_with_S9/artifacts/base/rf/estimators/rf_seed_19_skf_4_paras_148_estimator_500_depth_None_minSample_70_random_1_weight_balanced.joblib,"{""bootstrap"": true, ""class_weight"": ""balanced"", ""max_depth"": null, ""max_features"": ""log2"", ""min_samples_split"": 70, ""n_estimators"": 500, ""random_state"": 1}",rf,148,/home/ubuntu/Desktop/DeepAmes_Full_STL_4_keep_weights/results_TA1537_with_S9/artifacts/base/rf/scalers/rf_seed_19_skf_4_paras_148_estimator_500_depth_None_minSample_70_random_1_weight_balanced_scaler.joblib,19,4
svm_seed_0_skf_0_paras_19_kernel_rbf_C_1_gamma_1,svm,0_skf_0,485,18,26,31,0.921,0.91,0.544,0.964,0.633,0.949,0.585,0.544,/home/ubuntu/Desktop/DeepAmes_Full_STL_4_keep_weights/results_TA1537_with_S9/artifacts/base/svm/estimators/svm_seed_0_skf_0_paras_19_kernel_rbf_C_1_gamma_1.joblib,"{""C"": 1, ""class_weight"": ""balanced"", ""gamma"": 1, ""kernel"": ""rbf"", ""probability"": true, ""random_state"": 1}",svm,19,/home/ubuntu/Desktop/DeepAmes_Full_STL_4_keep_weights/results_TA1537_with_S9/artifacts/base/svm/scalers/svm_seed_0_skf_0_paras_19_kernel_rbf_C_1_gamma_1_scaler.joblib,0,0
svm_seed_0_skf_1_paras_19_kernel_rbf_C_1_gamma_1,svm,0_skf_1,489,14,28,29,0.925,0.911,0.509,0.972,0.674,0.946,0.58,0.546,/home/ubuntu/Desktop/DeepAmes_Full_STL_4_keep_weights/results_TA1537_with_S9/artifacts/base/svm/estimators/svm_seed_0_skf_1_paras_19_kernel_rbf_C_1_gamma_1.joblib,"{""C"": 1, ""class_weight"": ""balanced"", ""gamma"": 1, ""kernel"": ""rbf"", ""probability"": true, ""random_state"": 1}",svm,19,/home/ubuntu/Desktop/DeepAmes_Full_STL_4_keep_weights/results_TA1537_with_S9/artifacts/base/svm/scalers/svm_seed_0_skf_1_paras_19_kernel_rbf_C_1_gamma_1_scaler.joblib,0,1
svm_seed_0_skf_2_paras_19_kernel_rbf_C_1_gamma_1,svm,0_skf_2,486,17,27,30,0.921,0.923,0.526,0.966,0.638,0.947,0.577,0.537,/home/ubuntu/Desktop/DeepAmes_Full_STL_4_keep_weights/results_TA1537_with_S9/artifacts/base/svm/estimators/svm_seed_0_skf_2_paras_19_kernel_rbf_C_1_gamma_1.joblib,"{""C"": 1, ""class_weight"": ""balanced"", ""gamma"": 1, ""kernel"": ""rbf"", ""probability"": true, ""random_state"": 1}",svm,19,/home/ubuntu/Desktop/DeepAmes_Full_STL_4_keep_weights/results_TA1537_with_S9/artifacts/base/svm/scalers/svm_seed_0_skf_2_paras_19_kernel_rbf_C_1_gamma_1_scaler.joblib,0,2
svm_seed_0_skf_3_paras_19_kernel_rbf_C_1_gamma_1,svm,0_skf_3,493,10,28,29,0.932,0.916,0.509,0.98,0.744,0.946,0.604,0.581,/home/ubuntu/Desktop/DeepAmes_Full_STL_4_keep_weights/results_TA1537_with_S9/artifacts/base/svm/estimators/svm_seed_0_skf_3_paras_19_kernel_rbf_C_1_gamma_1.joblib,"{""C"": 1, ""class_weight"": ""balanced"", ""gamma"": 1, ""kernel"": ""rbf"", ""probability"": true, ""random_state"": 1}",svm,19,/home/ubuntu/Desktop/DeepAmes_Full_STL_4_keep_weights/results_TA1537_with_S9/artifacts/base/svm/scalers/svm_seed_0_skf_3_paras_19_kernel_rbf_C_1_gamma_1_scaler.joblib,0,3
svm_seed_0_skf_4_paras_19_kernel_rbf_C_1_gamma_1,svm,0_skf_4,487,16,28,29,0.921,0.907,0.509,0.968,0.644,0.946,0.569,0.531,/home/ubuntu/Desktop/DeepAmes_Full_STL_4_keep_weights/results_TA1537_with_S9/artifacts/base/svm/estimators/svm_seed_0_skf_4_paras_19_kernel_rbf_C_1_gamma_1.joblib,"{""C"": 1, ""class_weight"": ""balanced"", ""gamma"": 1, ""kernel"": ""rbf"", ""probability"": true, ""random_state"": 1}",svm,19,/home/ubuntu/Desktop/DeepAmes_Full_STL_4_keep_weights/results_TA1537_with_S9/artifacts/base/svm/scalers/svm_seed_0_skf_4_paras_19_kernel_rbf_C_1_gamma_1_scaler.joblib,0,4
svm_seed_1_skf_0_paras_19_kernel_rbf_C_1_gamma_1,svm,1_skf_0,493,10,27,30,0.934,0.911,0.526,0.98,0.75,0.948,0.619,0.595,/home/ubuntu/Desktop/DeepAmes_Full_STL_4_keep_weights/results_TA1537_with_S9/artifacts/base/svm/estimators/svm_seed_1_skf_0_paras_19_kernel_rbf_C_1_gamma_1.joblib,"{""C"": 1, ""class_weight"": ""balanced"", ""gamma"": 1, ""kernel"": ""rbf"", ""probability"": true, ""random_state"": 1}",svm,19,/home/ubuntu/Desktop/DeepAmes_Full_STL_4_keep_weights/results_TA1537_with_S9/artifacts/base/svm/scalers/svm_seed_1_skf_0_paras_19_kernel_rbf_C_1_gamma_1_scaler.joblib,1,0
svm_seed_1_skf_1_paras_19_kernel_rbf_C_1_gamma_1,svm,1_skf_1,490,13,29,28,0.925,0.901,0.491,0.974,0.683,0.944,0.571,0.54,/home/ubuntu/Desktop/DeepAmes_Full_STL_4_keep_weights/results_TA1537_with_S9/artifacts/base/svm/estimators/svm_seed_1_skf_1_paras_19_kernel_rbf_C_1_gamma_1.joblib,"{""C"": 1, ""class_weight"": ""balanced"", ""gamma"": 1, ""kernel"": ""rbf"", ""probability"": true, ""random_state"": 1}",svm,19,/home/ubuntu/Desktop/DeepAmes_Full_STL_4_keep_weights/results_TA1537_with_S9/artifacts/base/svm/scalers/svm_seed_1_skf_1_paras_19_kernel_rbf_C_1_gamma_1_scaler.joblib,1,1
svm_seed_1_skf_2_paras_19_kernel_rbf_C_1_gamma_1,svm,1_skf_2,491,12,28,29,0.929,0.924,0.509,0.976,0.707,0.946,0.592,0.563,/home/ubuntu/Desktop/DeepAmes_Full_STL_4_keep_weights/results_TA1537_with_S9/artifacts/base/svm/estimators/svm_seed_1_skf_2_paras_19_kernel_rbf_C_1_gamma_1.joblib,"{""C"": 1, ""class_weight"": ""balanced"", ""gamma"": 1, ""kernel"": ""rbf"", ""probability"": true, ""random_state"": 1}",svm,19,/home/ubuntu/Desktop/DeepAmes_Full_STL_4_keep_weights/results_TA1537_with_S9/artifacts/base/svm/scalers/svm_seed_1_skf_2_paras_19_kernel_rbf_C_1_gamma_1_scaler.joblib,1,2
svm_seed_1_skf_3_paras_19_kernel_rbf_C_1_gamma_1,svm,1_skf_3,485,18,27,30,0.92,0.921,0.526,0.964,0.625,0.947,0.571,0.53,/home/ubuntu/Desktop/DeepAmes_Full_STL_4_keep_weights/results_TA1537_with_S9/artifacts/base/svm/estimators/svm_seed_1_skf_3_paras_19_kernel_rbf_C_1_gamma_1.joblib,"{""C"": 1, ""class_weight"": ""balanced"", ""gamma"": 1, ""kernel"": ""rbf"", ""probability"": true, ""random_state"": 1}",svm,19,/home/ubuntu/Desktop/DeepAmes_Full_STL_4_keep_weights/results_TA1537_with_S9/artifacts/base/svm/scalers/svm_seed_1_skf_3_paras_19_kernel_rbf_C_1_gamma_1_scaler.joblib,1,3
svm_seed_1_skf_4_paras_19_kernel_rbf_C_1_gamma_1,svm,1_skf_4,484,19,30,27,0.912,0.913,0.474,0.962,0.587,0.942,0.524,0.48,/home/ubuntu/Desktop/DeepAmes_Full_STL_4_keep_weights/results_TA1537_with_S9/artifacts/base/svm/estimators/svm_seed_1_skf_4_paras_19_kernel_rbf_C_1_gamma_1.joblib,"{""C"": 1, ""class_weight"": ""balanced"", ""gamma"": 1, ""kernel"": ""rbf"", ""probability"": true, ""random_state"": 1}",svm,19,/home/ubuntu/Desktop/DeepAmes_Full_STL_4_keep_weights/results_TA1537_with_S9/artifacts/base/svm/scalers/svm_seed_1_skf_4_paras_19_kernel_rbf_C_1_gamma_1_scaler.joblib,1,4
svm_seed_2_skf_0_paras_19_kernel_rbf_C_1_gamma_1,svm,2_skf_0,486,17,26,31,0.923,0.902,0.544,0.966,0.646,0.949,0.59,0.551,/home/ubuntu/Desktop/DeepAmes_Full_STL_4_keep_weights/results_TA1537_with_S9/artifacts/base/svm/estimators/svm_seed_2_skf_0_paras_19_kernel_rbf_C_1_gamma_1.joblib,"{""C"": 1, ""class_weight"": ""balanced"", ""gamma"": 1, ""kernel"": ""rbf"", ""probability"": true, ""random_state"": 1}",svm,19,/home/ubuntu/Desktop/DeepAmes_Full_STL_4_keep_weights/results_TA1537_with_S9/artifacts/base/svm/scalers/svm_seed_2_skf_0_paras_19_kernel_rbf_C_1_gamma_1_scaler.joblib,2,0
svm_seed_2_skf_1_paras_19_kernel_rbf_C_1_gamma_1,svm,2_skf_1,484,19,28,29,0.916,0.935,0.509,0.962,0.604,0.945,0.552,0.509,/home/ubuntu/Desktop/DeepAmes_Full_STL_4_keep_weights/results_TA1537_with_S9/artifacts/base/svm/estimators/svm_seed_2_skf_1_paras_19_kernel_rbf_C_1_gamma_1.joblib,"{""C"": 1, ""class_weight"": ""balanced"", ""gamma"": 1, ""kernel"": ""rbf"", ""probability"": true, ""random_state"": 1}",svm,19,/home/ubuntu/Desktop/DeepAmes_Full_STL_4_keep_weights/results_TA1537_with_S9/artifacts/base/svm/scalers/svm_seed_2_skf_1_paras_19_kernel_rbf_C_1_gamma_1_scaler.joblib,2,1
svm_seed_2_skf_2_paras_19_kernel_rbf_C_1_gamma_1,svm,2_skf_2,492,11,27,30,0.932,0.905,0.526,0.978,0.732,0.948,0.612,0.586,/home/ubuntu/Desktop/DeepAmes_Full_STL_4_keep_weights/results_TA1537_with_S9/artifacts/base/svm/estimators/svm_seed_2_skf_2_paras_19_kernel_rbf_C_1_gamma_1.joblib,"{""C"": 1, ""class_weight"": ""balanced"", ""gamma"": 1, ""kernel"": ""rbf"", ""probability"": true, ""random_state"": 1}",svm,19,/home/ubuntu/Desktop/DeepAmes_Full_STL_4_keep_weights/results_TA1537_with_S9/artifacts/base/svm/scalers/svm_seed_2_skf_2_paras_19_kernel_rbf_C_1_gamma_1_scaler.joblib,2,2
svm_seed_2_skf_3_paras_19_kernel_rbf_C_1_gamma_1,svm,2_skf_3,494,9,29,28,0.932,0.913,0.491,0.982,0.757,0.945,0.596,0.576,/home/ubuntu/Desktop/DeepAmes_Full_STL_4_keep_weights/results_TA1537_with_S9/artifacts/base/svm/estimators/svm_seed_2_skf_3_paras_19_kernel_rbf_C_1_gamma_1.joblib,"{""C"": 1, ""class_weight"": ""balanced"", ""gamma"": 1, ""kernel"": ""rbf"", ""probability"": true, ""random_state"": 1}",svm,19,/home/ubuntu/Desktop/DeepAmes_Full_STL_4_keep_weights/results_TA1537_with_S9/artifacts/base/svm/scalers/svm_seed_2_skf_3_paras_19_kernel_rbf_C_1_gamma_1_scaler.joblib,2,3
svm_seed_2_skf_4_paras_19_kernel_rbf_C_1_gamma_1,svm,2_skf_4,486,17,27,30,0.921,0.918,0.526,0.966,0.638,0.947,0.577,0.537,/home/ubuntu/Desktop/DeepAmes_Full_STL_4_keep_weights/results_TA1537_with_S9/artifacts/base/svm/estimators/svm_seed_2_skf_4_paras_19_kernel_rbf_C_1_gamma_1.joblib,"{""C"": 1, ""class_weight"": ""balanced"", ""gamma"": 1, ""kernel"": ""rbf"", ""probability"": true, ""random_state"": 1}",svm,19,/home/ubuntu/Desktop/DeepAmes_Full_STL_4_keep_weights/results_TA1537_with_S9/artifacts/base/svm/scalers/svm_seed_2_skf_4_paras_19_kernel_rbf_C_1_gamma_1_scaler.joblib,2,4
svm_seed_3_skf_0_paras_19_kernel_rbf_C_1_gamma_1,svm,3_skf_0,492,11,29,28,0.929,0.92,0.491,0.978,0.718,0.944,0.583,0.558,/home/ubuntu/Desktop/DeepAmes_Full_STL_4_keep_weights/results_TA1537_with_S9/artifacts/base/svm/estimators/svm_seed_3_skf_0_paras_19_kernel_rbf_C_1_gamma_1.joblib,"{""C"": 1, ""class_weight"": ""balanced"", ""gamma"": 1, ""kernel"": ""rbf"", ""probability"": true, ""random_state"": 1}",svm,19,/home/ubuntu/Desktop/DeepAmes_Full_STL_4_keep_weights/results_TA1537_with_S9/artifacts/base/svm/scalers/svm_seed_3_skf_0_paras_19_kernel_rbf_C_1_gamma_1_scaler.joblib,3,0
svm_seed_3_skf_1_paras_19_kernel_rbf_C_1_gamma_1,svm,3_skf_1,492,11,28,29,0.93,0.907,0.509,0.978,0.725,0.946,0.598,0.572,/home/ubuntu/Desktop/DeepAmes_Full_STL_4_keep_weights/results_TA1537_with_S9/artifacts/base/svm/estimators/svm_seed_3_skf_1_paras_19_kernel_rbf_C_1_gamma_1.joblib,"{""C"": 1, ""class_weight"": ""balanced"", ""gamma"": 1, ""kernel"": ""rbf"", ""probability"": true, ""random_state"": 1}",svm,19,/home/ubuntu/Desktop/DeepAmes_Full_STL_4_keep_weights/results_TA1537_with_S9/artifacts/base/svm/scalers/svm_seed_3_skf_1_paras_19_kernel_rbf_C_1_gamma_1_scaler.joblib,3,1
svm_seed_3_skf_2_paras_19_kernel_rbf_C_1_gamma_1,svm,3_skf_2,488,15,27,30,0.925,0.911,0.526,0.97,0.667,0.948,0.588,0.552,/home/ubuntu/Desktop/DeepAmes_Full_STL_4_keep_weights/results_TA1537_with_S9/artifacts/base/svm/estimators/svm_seed_3_skf_2_paras_19_kernel_rbf_C_1_gamma_1.joblib,"{""C"": 1, ""class_weight"": ""balanced"", ""gamma"": 1, ""kernel"": ""rbf"", ""probability"": true, ""random_state"": 1}",svm,19,/home/ubuntu/Desktop/DeepAmes_Full_STL_4_keep_weights/results_TA1537_with_S9/artifacts/base/svm/scalers/svm_seed_3_skf_2_paras_19_kernel_rbf_C_1_gamma_1_scaler.joblib,3,2
svm_seed_3_skf_3_paras_19_kernel_rbf_C_1_gamma_1,svm,3_skf_3,484,19,28,29,0.916,0.922,0.509,0.962,0.604,0.945,0.552,0.509,/home/ubuntu/Desktop/DeepAmes_Full_STL_4_keep_weights/results_TA1537_with_S9/artifacts/base/svm/estimators/svm_seed_3_skf_3_paras_19_kernel_rbf_C_1_gamma_1.joblib,"{""C"": 1, ""class_weight"": ""balanced"", ""gamma"": 1, ""kernel"": ""rbf"", ""probability"": true, ""random_state"": 1}",svm,19,/home/ubuntu/Desktop/DeepAmes_Full_STL_4_keep_weights/results_TA1537_with_S9/artifacts/base/svm/scalers/svm_seed_3_skf_3_paras_19_kernel_rbf_C_1_gamma_1_scaler.joblib,3,3
svm_seed_3_skf_4_paras_19_kernel_rbf_C_1_gamma_1,svm,3_skf_4,489,14,28,29,0.925,0.917,0.509,0.972,0.674,0.946,0.58,0.546,/home/ubuntu/Desktop/DeepAmes_Full_STL_4_keep_weights/results_TA1537_with_S9/artifacts/base/svm/estimators/svm_seed_3_skf_4_paras_19_kernel_rbf_C_1_gamma_1.joblib,"{""C"": 1, ""class_weight"": ""balanced"", ""gamma"": 1, ""kernel"": ""rbf"", ""probability"": true, ""random_state"": 1}",svm,19,/home/ubuntu/Desktop/DeepAmes_Full_STL_4_keep_weights/results_TA1537_with_S9/artifacts/base/svm/scalers/svm_seed_3_skf_4_paras_19_kernel_rbf_C_1_gamma_1_scaler.joblib,3,4
svm_seed_4_skf_0_paras_19_kernel_rbf_C_1_gamma_1,svm,4_skf_0,495,8,29,28,0.934,0.914,0.491,0.984,0.778,0.945,0.602,0.586,/home/ubuntu/Desktop/DeepAmes_Full_STL_4_keep_weights/results_TA1537_with_S9/artifacts/base/svm/estimators/svm_seed_4_skf_0_paras_19_kernel_rbf_C_1_gamma_1.joblib,"{""C"": 1, ""class_weight"": ""balanced"", ""gamma"": 1, ""kernel"": ""rbf"", ""probability"": true, ""random_state"": 1}",svm,19,/home/ubuntu/Desktop/DeepAmes_Full_STL_4_keep_weights/results_TA1537_with_S9/artifacts/base/svm/scalers/svm_seed_4_skf_0_paras_19_kernel_rbf_C_1_gamma_1_scaler.joblib,4,0
svm_seed_4_skf_1_paras_19_kernel_rbf_C_1_gamma_1,svm,4_skf_1,483,20,25,32,0.92,0.903,0.561,0.96,0.615,0.951,0.587,0.543,/home/ubuntu/Desktop/DeepAmes_Full_STL_4_keep_weights/results_TA1537_with_S9/artifacts/base/svm/estimators/svm_seed_4_skf_1_paras_19_kernel_rbf_C_1_gamma_1.joblib,"{""C"": 1, ""class_weight"": ""balanced"", ""gamma"": 1, ""kernel"": ""rbf"", ""probability"": true, ""random_state"": 1}",svm,19,/home/ubuntu/Desktop/DeepAmes_Full_STL_4_keep_weights/results_TA1537_with_S9/artifacts/base/svm/scalers/svm_seed_4_skf_1_paras_19_kernel_rbf_C_1_gamma_1_scaler.joblib,4,1
svm_seed_4_skf_2_paras_19_kernel_rbf_C_1_gamma_1,svm,4_skf_2,485,18,29,28,0.916,0.91,0.491,0.964,0.609,0.944,0.544,0.502,/home/ubuntu/Desktop/DeepAmes_Full_STL_4_keep_weights/results_TA1537_with_S9/artifacts/base/svm/estimators/svm_seed_4_skf_2_paras_19_kernel_rbf_C_1_gamma_1.joblib,"{""C"": 1, ""class_weight"": ""balanced"", ""gamma"": 1, ""kernel"": ""rbf"", ""probability"": true, ""random_state"": 1}",svm,19,/home/ubuntu/Desktop/DeepAmes_Full_STL_4_keep_weights/results_TA1537_with_S9/artifacts/base/svm/scalers/svm_seed_4_skf_2_paras_19_kernel_rbf_C_1_gamma_1_scaler.joblib,4,2
svm_seed_4_skf_3_paras_19_kernel_rbf_C_1_gamma_1,svm,4_skf_3,495,8,27,30,0.938,0.924,0.526,0.984,0.789,0.948,0.632,0.614,/home/ubuntu/Desktop/DeepAmes_Full_STL_4_keep_weights/results_TA1537_with_S9/artifacts/base/svm/estimators/svm_seed_4_skf_3_paras_19_kernel_rbf_C_1_gamma_1.joblib,"{""C"": 1, ""class_weight"": ""balanced"", ""gamma"": 1, ""kernel"": ""rbf"", ""probability"": true, ""random_state"": 1}",svm,19,/home/ubuntu/Desktop/DeepAmes_Full_STL_4_keep_weights/results_TA1537_with_S9/artifacts/base/svm/scalers/svm_seed_4_skf_3_paras_19_kernel_rbf_C_1_gamma_1_scaler.joblib,4,3
svm_seed_4_skf_4_paras_19_kernel_rbf_C_1_gamma_1,svm,4_skf_4,487,16,28,29,0.921,0.911,0.509,0.968,0.644,0.946,0.569,0.531,/home/ubuntu/Desktop/DeepAmes_Full_STL_4_keep_weights/results_TA1537_with_S9/artifacts/base/svm/estimators/svm_seed_4_skf_4_paras_19_kernel_rbf_C_1_gamma_1.joblib,"{""C"": 1, ""class_weight"": ""balanced"", ""gamma"": 1, ""kernel"": ""rbf"", ""probability"": true, ""random_state"": 1}",svm,19,/home/ubuntu/Desktop/DeepAmes_Full_STL_4_keep_weights/results_TA1537_with_S9/artifacts/base/svm/scalers/svm_seed_4_skf_4_paras_19_kernel_rbf_C_1_gamma_1_scaler.joblib,4,4
svm_seed_5_skf_0_paras_19_kernel_rbf_C_1_gamma_1,svm,5_skf_0,490,13,26,31,0.93,0.924,0.544,0.974,0.705,0.95,0.614,0.582,/home/ubuntu/Desktop/DeepAmes_Full_STL_4_keep_weights/results_TA1537_with_S9/artifacts/base/svm/estimators/svm_seed_5_skf_0_paras_19_kernel_rbf_C_1_gamma_1.joblib,"{""C"": 1, ""class_weight"": ""balanced"", ""gamma"": 1, ""kernel"": ""rbf"", ""probability"": true, ""random_state"": 1}",svm,19,/home/ubuntu/Desktop/DeepAmes_Full_STL_4_keep_weights/results_TA1537_with_S9/artifacts/base/svm/scalers/svm_seed_5_skf_0_paras_19_kernel_rbf_C_1_gamma_1_scaler.joblib,5,0
svm_seed_5_skf_1_paras_19_kernel_rbf_C_1_gamma_1,svm,5_skf_1,492,11,31,26,0.925,0.904,0.456,0.978,0.703,0.941,0.553,0.529,/home/ubuntu/Desktop/DeepAmes_Full_STL_4_keep_weights/results_TA1537_with_S9/artifacts/base/svm/estimators/svm_seed_5_skf_1_paras_19_kernel_rbf_C_1_gamma_1.joblib,"{""C"": 1, ""class_weight"": ""balanced"", ""gamma"": 1, ""kernel"": ""rbf"", ""probability"": true, ""random_state"": 1}",svm,19,/home/ubuntu/Desktop/DeepAmes_Full_STL_4_keep_weights/results_TA1537_with_S9/artifacts/base/svm/scalers/svm_seed_5_skf_1_paras_19_kernel_rbf_C_1_gamma_1_scaler.joblib,5,1
svm_seed_5_skf_2_paras_19_kernel_rbf_C_1_gamma_1,svm,5_skf_2,483,20,26,31,0.918,0.912,0.544,0.96,0.608,0.949,0.574,0.53,/home/ubuntu/Desktop/DeepAmes_Full_STL_4_keep_weights/results_TA1537_with_S9/artifacts/base/svm/estimators/svm_seed_5_skf_2_paras_19_kernel_rbf_C_1_gamma_1.joblib,"{""C"": 1, ""class_weight"": ""balanced"", ""gamma"": 1, ""kernel"": ""rbf"", ""probability"": true, ""random_state"": 1}",svm,19,/home/ubuntu/Desktop/DeepAmes_Full_STL_4_keep_weights/results_TA1537_with_S9/artifacts/base/svm/scalers/svm_seed_5_skf_2_paras_19_kernel_rbf_C_1_gamma_1_scaler.joblib,5,2
svm_seed_5_skf_3_paras_19_kernel_rbf_C_1_gamma_1,svm,5_skf_3,489,14,27,30,0.927,0.919,0.526,0.972,0.682,0.948,0.594,0.56,/home/ubuntu/Desktop/DeepAmes_Full_STL_4_keep_weights/results_TA1537_with_S9/artifacts/base/svm/estimators/svm_seed_5_skf_3_paras_19_kernel_rbf_C_1_gamma_1.joblib,"{""C"": 1, ""class_weight"": ""balanced"", ""gamma"": 1, ""kernel"": ""rbf"", ""probability"": true, ""random_state"": 1}",svm,19,/home/ubuntu/Desktop/DeepAmes_Full_STL_4_keep_weights/results_TA1537_with_S9/artifacts/base/svm/scalers/svm_seed_5_skf_3_paras_19_kernel_rbf_C_1_gamma_1_scaler.joblib,5,3
svm_seed_5_skf_4_paras_19_kernel_rbf_C_1_gamma_1,svm,5_skf_4,489,14,27,30,0.927,0.919,0.526,0.972,0.682,0.948,0.594,0.56,/home/ubuntu/Desktop/DeepAmes_Full_STL_4_keep_weights/results_TA1537_with_S9/artifacts/base/svm/estimators/svm_seed_5_skf_4_paras_19_kernel_rbf_C_1_gamma_1.joblib,"{""C"": 1, ""class_weight"": ""balanced"", ""gamma"": 1, ""kernel"": ""rbf"", ""probability"": true, ""random_state"": 1}",svm,19,/home/ubuntu/Desktop/DeepAmes_Full_STL_4_keep_weights/results_TA1537_with_S9/artifacts/base/svm/scalers/svm_seed_5_skf_4_paras_19_kernel_rbf_C_1_gamma_1_scaler.joblib,5,4
svm_seed_6_skf_0_paras_19_kernel_rbf_C_1_gamma_1,svm,6_skf_0,485,18,27,30,0.92,0.907,0.526,0.964,0.625,0.947,0.571,0.53,/home/ubuntu/Desktop/DeepAmes_Full_STL_4_keep_weights/results_TA1537_with_S9/artifacts/base/svm/estimators/svm_seed_6_skf_0_paras_19_kernel_rbf_C_1_gamma_1.joblib,"{""C"": 1, ""class_weight"": ""balanced"", ""gamma"": 1, ""kernel"": ""rbf"", ""probability"": true, ""random_state"": 1}",svm,19,/home/ubuntu/Desktop/DeepAmes_Full_STL_4_keep_weights/results_TA1537_with_S9/artifacts/base/svm/scalers/svm_seed_6_skf_0_paras_19_kernel_rbf_C_1_gamma_1_scaler.joblib,6,0
svm_seed_6_skf_1_paras_19_kernel_rbf_C_1_gamma_1,svm,6_skf_1,491,12,28,29,0.929,0.917,0.509,0.976,0.707,0.946,0.592,0.563,/home/ubuntu/Desktop/DeepAmes_Full_STL_4_keep_weights/results_TA1537_with_S9/artifacts/base/svm/estimators/svm_seed_6_skf_1_paras_19_kernel_rbf_C_1_gamma_1.joblib,"{""C"": 1, ""class_weight"": ""balanced"", ""gamma"": 1, ""kernel"": ""rbf"", ""probability"": true, ""random_state"": 1}",svm,19,/home/ubuntu/Desktop/DeepAmes_Full_STL_4_keep_weights/results_TA1537_with_S9/artifacts/base/svm/scalers/svm_seed_6_skf_1_paras_19_kernel_rbf_C_1_gamma_1_scaler.joblib,6,1
svm_seed_6_skf_2_paras_19_kernel_rbf_C_1_gamma_1,svm,6_skf_2,487,16,29,28,0.92,0.912,0.491,0.968,0.636,0.944,0.554,0.516,/home/ubuntu/Desktop/DeepAmes_Full_STL_4_keep_weights/results_TA1537_with_S9/artifacts/base/svm/estimators/svm_seed_6_skf_2_paras_19_kernel_rbf_C_1_gamma_1.joblib,"{""C"": 1, ""class_weight"": ""balanced"", ""gamma"": 1, ""kernel"": ""rbf"", ""probability"": true, ""random_state"": 1}",svm,19,/home/ubuntu/Desktop/DeepAmes_Full_STL_4_keep_weights/results_TA1537_with_S9/artifacts/base/svm/scalers/svm_seed_6_skf_2_paras_19_kernel_rbf_C_1_gamma_1_scaler.joblib,6,2
svm_seed_6_skf_3_paras_19_kernel_rbf_C_1_gamma_1,svm,6_skf_3,491,12,28,29,0.929,0.912,0.509,0.976,0.707,0.946,0.592,0.563,/home/ubuntu/Desktop/DeepAmes_Full_STL_4_keep_weights/results_TA1537_with_S9/artifacts/base/svm/estimators/svm_seed_6_skf_3_paras_19_kernel_rbf_C_1_gamma_1.joblib,"{""C"": 1, ""class_weight"": ""balanced"", ""gamma"": 1, ""kernel"": ""rbf"", ""probability"": true, ""random_state"": 1}",svm,19,/home/ubuntu/Desktop/DeepAmes_Full_STL_4_keep_weights/results_TA1537_with_S9/artifacts/base/svm/scalers/svm_seed_6_skf_3_paras_19_kernel_rbf_C_1_gamma_1_scaler.joblib,6,3
svm_seed_6_skf_4_paras_19_kernel_rbf_C_1_gamma_1,svm,6_skf_4,489,14,27,30,0.927,0.931,0.526,0.972,0.682,0.948,0.594,0.56,/home/ubuntu/Desktop/DeepAmes_Full_STL_4_keep_weights/results_TA1537_with_S9/artifacts/base/svm/estimators/svm_seed_6_skf_4_paras_19_kernel_rbf_C_1_gamma_1.joblib,"{""C"": 1, ""class_weight"": ""balanced"", ""gamma"": 1, ""kernel"": ""rbf"", ""probability"": true, ""random_state"": 1}",svm,19,/home/ubuntu/Desktop/DeepAmes_Full_STL_4_keep_weights/results_TA1537_with_S9/artifacts/base/svm/scalers/svm_seed_6_skf_4_paras_19_kernel_rbf_C_1_gamma_1_scaler.joblib,6,4
svm_seed_7_skf_0_paras_19_kernel_rbf_C_1_gamma_1,svm,7_skf_0,487,16,30,27,0.918,0.916,0.474,0.968,0.628,0.942,0.54,0.502,/home/ubuntu/Desktop/DeepAmes_Full_STL_4_keep_weights/results_TA1537_with_S9/artifacts/base/svm/estimators/svm_seed_7_skf_0_paras_19_kernel_rbf_C_1_gamma_1.joblib,"{""C"": 1, ""class_weight"": ""balanced"", ""gamma"": 1, ""kernel"": ""rbf"", ""probability"": true, ""random_state"": 1}",svm,19,/home/ubuntu/Desktop/DeepAmes_Full_STL_4_keep_weights/results_TA1537_with_S9/artifacts/base/svm/scalers/svm_seed_7_skf_0_paras_19_kernel_rbf_C_1_gamma_1_scaler.joblib,7,0
svm_seed_7_skf_1_paras_19_kernel_rbf_C_1_gamma_1,svm,7_skf_1,493,10,26,31,0.936,0.91,0.544,0.98,0.756,0.95,0.633,0.608,/home/ubuntu/Desktop/DeepAmes_Full_STL_4_keep_weights/results_TA1537_with_S9/artifacts/base/svm/estimators/svm_seed_7_skf_1_paras_19_kernel_rbf_C_1_gamma_1.joblib,"{""C"": 1, ""class_weight"": ""balanced"", ""gamma"": 1, ""kernel"": ""rbf"", ""probability"": true, ""random_state"": 1}",svm,19,/home/ubuntu/Desktop/DeepAmes_Full_STL_4_keep_weights/results_TA1537_with_S9/artifacts/base/svm/scalers/svm_seed_7_skf_1_paras_19_kernel_rbf_C_1_gamma_1_scaler.joblib,7,1
svm_seed_7_skf_2_paras_19_kernel_rbf_C_1_gamma_1,svm,7_skf_2,488,15,26,31,0.927,0.921,0.544,0.97,0.674,0.949,0.602,0.566,/home/ubuntu/Desktop/DeepAmes_Full_STL_4_keep_weights/results_TA1537_with_S9/artifacts/base/svm/estimators/svm_seed_7_skf_2_paras_19_kernel_rbf_C_1_gamma_1.joblib,"{""C"": 1, ""class_weight"": ""balanced"", ""gamma"": 1, ""kernel"": ""rbf"", ""probability"": true, ""random_state"": 1}",svm,19,/home/ubuntu/Desktop/DeepAmes_Full_STL_4_keep_weights/results_TA1537_with_S9/artifacts/base/svm/scalers/svm_seed_7_skf_2_paras_19_kernel_rbf_C_1_gamma_1_scaler.joblib,7,2
svm_seed_7_skf_3_paras_19_kernel_rbf_C_1_gamma_1,svm,7_skf_3,484,19,27,30,0.918,0.922,0.526,0.962,0.612,0.947,0.566,0.523,/home/ubuntu/Desktop/DeepAmes_Full_STL_4_keep_weights/results_TA1537_with_S9/artifacts/base/svm/estimators/svm_seed_7_skf_3_paras_19_kernel_rbf_C_1_gamma_1.joblib,"{""C"": 1, ""class_weight"": ""balanced"", ""gamma"": 1, ""kernel"": ""rbf"", ""probability"": true, ""random_state"": 1}",svm,19,/home/ubuntu/Desktop/DeepAmes_Full_STL_4_keep_weights/results_TA1537_with_S9/artifacts/base/svm/scalers/svm_seed_7_skf_3_paras_19_kernel_rbf_C_1_gamma_1_scaler.joblib,7,3
svm_seed_7_skf_4_paras_19_kernel_rbf_C_1_gamma_1,svm,7_skf_4,487,16,27,30,0.923,0.904,0.526,0.968,0.652,0.947,0.583,0.545,/home/ubuntu/Desktop/DeepAmes_Full_STL_4_keep_weights/results_TA1537_with_S9/artifacts/base/svm/estimators/svm_seed_7_skf_4_paras_19_kernel_rbf_C_1_gamma_1.joblib,"{""C"": 1, ""class_weight"": ""balanced"", ""gamma"": 1, ""kernel"": ""rbf"", ""probability"": true, ""random_state"": 1}",svm,19,/home/ubuntu/Desktop/DeepAmes_Full_STL_4_keep_weights/results_TA1537_with_S9/artifacts/base/svm/scalers/svm_seed_7_skf_4_paras_19_kernel_rbf_C_1_gamma_1_scaler.joblib,7,4
svm_seed_8_skf_0_paras_19_kernel_rbf_C_1_gamma_1,svm,8_skf_0,490,13,27,30,0.929,0.907,0.526,0.974,0.698,0.948,0.6,0.568,/home/ubuntu/Desktop/DeepAmes_Full_STL_4_keep_weights/results_TA1537_with_S9/artifacts/base/svm/estimators/svm_seed_8_skf_0_paras_19_kernel_rbf_C_1_gamma_1.joblib,"{""C"": 1, ""class_weight"": ""balanced"", ""gamma"": 1, ""kernel"": ""rbf"", ""probability"": true, ""random_state"": 1}",svm,19,/home/ubuntu/Desktop/DeepAmes_Full_STL_4_keep_weights/results_TA1537_with_S9/artifacts/base/svm/scalers/svm_seed_8_skf_0_paras_19_kernel_rbf_C_1_gamma_1_scaler.joblib,8,0
svm_seed_8_skf_1_paras_19_kernel_rbf_C_1_gamma_1,svm,8_skf_1,488,15,27,30,0.925,0.935,0.526,0.97,0.667,0.948,0.588,0.552,/home/ubuntu/Desktop/DeepAmes_Full_STL_4_keep_weights/results_TA1537_with_S9/artifacts/base/svm/estimators/svm_seed_8_skf_1_paras_19_kernel_rbf_C_1_gamma_1.joblib,"{""C"": 1, ""class_weight"": ""balanced"", ""gamma"": 1, ""kernel"": ""rbf"", ""probability"": true, ""random_state"": 1}",svm,19,/home/ubuntu/Desktop/DeepAmes_Full_STL_4_keep_weights/results_TA1537_with_S9/artifacts/base/svm/scalers/svm_seed_8_skf_1_paras_19_kernel_rbf_C_1_gamma_1_scaler.joblib,8,1
svm_seed_8_skf_2_paras_19_kernel_rbf_C_1_gamma_1,svm,8_skf_2,490,13,29,28,0.925,0.903,0.491,0.974,0.683,0.944,0.571,0.54,/home/ubuntu/Desktop/DeepAmes_Full_STL_4_keep_weights/results_TA1537_with_S9/artifacts/base/svm/estimators/svm_seed_8_skf_2_paras_19_kernel_rbf_C_1_gamma_1.joblib,"{""C"": 1, ""class_weight"": ""balanced"", ""gamma"": 1, ""kernel"": ""rbf"", ""probability"": true, ""random_state"": 1}",svm,19,/home/ubuntu/Desktop/DeepAmes_Full_STL_4_keep_weights/results_TA1537_with_S9/artifacts/base/svm/scalers/svm_seed_8_skf_2_paras_19_kernel_rbf_C_1_gamma_1_scaler.joblib,8,2
svm_seed_8_skf_3_paras_19_kernel_rbf_C_1_gamma_1,svm,8_skf_3,489,14,28,29,0.925,0.916,0.509,0.972,0.674,0.946,0.58,0.546,/home/ubuntu/Desktop/DeepAmes_Full_STL_4_keep_weights/results_TA1537_with_S9/artifacts/base/svm/estimators/svm_seed_8_skf_3_paras_19_kernel_rbf_C_1_gamma_1.joblib,"{""C"": 1, ""class_weight"": ""balanced"", ""gamma"": 1, ""kernel"": ""rbf"", ""probability"": true, ""random_state"": 1}",svm,19,/home/ubuntu/Desktop/DeepAmes_Full_STL_4_keep_weights/results_TA1537_with_S9/artifacts/base/svm/scalers/svm_seed_8_skf_3_paras_19_kernel_rbf_C_1_gamma_1_scaler.joblib,8,3
svm_seed_8_skf_4_paras_19_kernel_rbf_C_1_gamma_1,svm,8_skf_4,484,19,27,30,0.918,0.919,0.526,0.962,0.612,0.947,0.566,0.523,/home/ubuntu/Desktop/DeepAmes_Full_STL_4_keep_weights/results_TA1537_with_S9/artifacts/base/svm/estimators/svm_seed_8_skf_4_paras_19_kernel_rbf_C_1_gamma_1.joblib,"{""C"": 1, ""class_weight"": ""balanced"", ""gamma"": 1, ""kernel"": ""rbf"", ""probability"": true, ""random_state"": 1}",svm,19,/home/ubuntu/Desktop/DeepAmes_Full_STL_4_keep_weights/results_TA1537_with_S9/artifacts/base/svm/scalers/svm_seed_8_skf_4_paras_19_kernel_rbf_C_1_gamma_1_scaler.joblib,8,4
svm_seed_9_skf_0_paras_19_kernel_rbf_C_1_gamma_1,svm,9_skf_0,486,17,25,32,0.925,0.924,0.561,0.966,0.653,0.951,0.604,0.565,/home/ubuntu/Desktop/DeepAmes_Full_STL_4_keep_weights/results_TA1537_with_S9/artifacts/base/svm/estimators/svm_seed_9_skf_0_paras_19_kernel_rbf_C_1_gamma_1.joblib,"{""C"": 1, ""class_weight"": ""balanced"", ""gamma"": 1, ""kernel"": ""rbf"", ""probability"": true, ""random_state"": 1}",svm,19,/home/ubuntu/Desktop/DeepAmes_Full_STL_4_keep_weights/results_TA1537_with_S9/artifacts/base/svm/scalers/svm_seed_9_skf_0_paras_19_kernel_rbf_C_1_gamma_1_scaler.joblib,9,0
svm_seed_9_skf_1_paras_19_kernel_rbf_C_1_gamma_1,svm,9_skf_1,494,9,27,30,0.936,0.91,0.526,0.982,0.769,0.948,0.625,0.604,/home/ubuntu/Desktop/DeepAmes_Full_STL_4_keep_weights/results_TA1537_with_S9/artifacts/base/svm/estimators/svm_seed_9_skf_1_paras_19_kernel_rbf_C_1_gamma_1.joblib,"{""C"": 1, ""class_weight"": ""balanced"", ""gamma"": 1, ""kernel"": ""rbf"", ""probability"": true, ""random_state"": 1}",svm,19,/home/ubuntu/Desktop/DeepAmes_Full_STL_4_keep_weights/results_TA1537_with_S9/artifacts/base/svm/scalers/svm_seed_9_skf_1_paras_19_kernel_rbf_C_1_gamma_1_scaler.joblib,9,1
svm_seed_9_skf_2_paras_19_kernel_rbf_C_1_gamma_1,svm,9_skf_2,487,16,30,27,0.918,0.911,0.474,0.968,0.628,0.942,0.54,0.502,/home/ubuntu/Desktop/DeepAmes_Full_STL_4_keep_weights/results_TA1537_with_S9/artifacts/base/svm/estimators/svm_seed_9_skf_2_paras_19_kernel_rbf_C_1_gamma_1.joblib,"{""C"": 1, ""class_weight"": ""balanced"", ""gamma"": 1, ""kernel"": ""rbf"", ""probability"": true, ""random_state"": 1}",svm,19,/home/ubuntu/Desktop/DeepAmes_Full_STL_4_keep_weights/results_TA1537_with_S9/artifacts/base/svm/scalers/svm_seed_9_skf_2_paras_19_kernel_rbf_C_1_gamma_1_scaler.joblib,9,2
svm_seed_9_skf_3_paras_19_kernel_rbf_C_1_gamma_1,svm,9_skf_3,487,16,28,29,0.921,0.922,0.509,0.968,0.644,0.946,0.569,0.531,/home/ubuntu/Desktop/DeepAmes_Full_STL_4_keep_weights/results_TA1537_with_S9/artifacts/base/svm/estimators/svm_seed_9_skf_3_paras_19_kernel_rbf_C_1_gamma_1.joblib,"{""C"": 1, ""class_weight"": ""balanced"", ""gamma"": 1, ""kernel"": ""rbf"", ""probability"": true, ""random_state"": 1}",svm,19,/home/ubuntu/Desktop/DeepAmes_Full_STL_4_keep_weights/results_TA1537_with_S9/artifacts/base/svm/scalers/svm_seed_9_skf_3_paras_19_kernel_rbf_C_1_gamma_1_scaler.joblib,9,3
svm_seed_9_skf_4_paras_19_kernel_rbf_C_1_gamma_1,svm,9_skf_4,491,12,27,30,0.93,0.914,0.526,0.976,0.714,0.948,0.606,0.577,/home/ubuntu/Desktop/DeepAmes_Full_STL_4_keep_weights/results_TA1537_with_S9/artifacts/base/svm/estimators/svm_seed_9_skf_4_paras_19_kernel_rbf_C_1_gamma_1.joblib,"{""C"": 1, ""class_weight"": ""balanced"", ""gamma"": 1, ""kernel"": ""rbf"", ""probability"": true, ""random_state"": 1}",svm,19,/home/ubuntu/Desktop/DeepAmes_Full_STL_4_keep_weights/results_TA1537_with_S9/artifacts/base/svm/scalers/svm_seed_9_skf_4_paras_19_kernel_rbf_C_1_gamma_1_scaler.joblib,9,4
svm_seed_10_skf_0_paras_19_kernel_rbf_C_1_gamma_1,svm,10_skf_0,491,12,26,31,0.932,0.92,0.544,0.976,0.721,0.95,0.62,0.591,/home/ubuntu/Desktop/DeepAmes_Full_STL_4_keep_weights/results_TA1537_with_S9/artifacts/base/svm/estimators/svm_seed_10_skf_0_paras_19_kernel_rbf_C_1_gamma_1.joblib,"{""C"": 1, ""class_weight"": ""balanced"", ""gamma"": 1, ""kernel"": ""rbf"", ""probability"": true, ""random_state"": 1}",svm,19,/home/ubuntu/Desktop/DeepAmes_Full_STL_4_keep_weights/results_TA1537_with_S9/artifacts/base/svm/scalers/svm_seed_10_skf_0_paras_19_kernel_rbf_C_1_gamma_1_scaler.joblib,10,0
svm_seed_10_skf_1_paras_19_kernel_rbf_C_1_gamma_1,svm,10_skf_1,490,13,26,31,0.93,0.921,0.544,0.974,0.705,0.95,0.614,0.582,/home/ubuntu/Desktop/DeepAmes_Full_STL_4_keep_weights/results_TA1537_with_S9/artifacts/base/svm/estimators/svm_seed_10_skf_1_paras_19_kernel_rbf_C_1_gamma_1.joblib,"{""C"": 1, ""class_weight"": ""balanced"", ""gamma"": 1, ""kernel"": ""rbf"", ""probability"": true, ""random_state"": 1}",svm,19,/home/ubuntu/Desktop/DeepAmes_Full_STL_4_keep_weights/results_TA1537_with_S9/artifacts/base/svm/scalers/svm_seed_10_skf_1_paras_19_kernel_rbf_C_1_gamma_1_scaler.joblib,10,1
svm_seed_10_skf_2_paras_19_kernel_rbf_C_1_gamma_1,svm,10_skf_2,488,15,27,30,0.925,0.901,0.526,0.97,0.667,0.948,0.588,0.552,/home/ubuntu/Desktop/DeepAmes_Full_STL_4_keep_weights/results_TA1537_with_S9/artifacts/base/svm/estimators/svm_seed_10_skf_2_paras_19_kernel_rbf_C_1_gamma_1.joblib,"{""C"": 1, ""class_weight"": ""balanced"", ""gamma"": 1, ""kernel"": ""rbf"", ""probability"": true, ""random_state"": 1}",svm,19,/home/ubuntu/Desktop/DeepAmes_Full_STL_4_keep_weights/results_TA1537_with_S9/artifacts/base/svm/scalers/svm_seed_10_skf_2_paras_19_kernel_rbf_C_1_gamma_1_scaler.joblib,10,2
svm_seed_10_skf_3_paras_19_kernel_rbf_C_1_gamma_1,svm,10_skf_3,485,18,28,29,0.918,0.921,0.509,0.964,0.617,0.945,0.558,0.516,/home/ubuntu/Desktop/DeepAmes_Full_STL_4_keep_weights/results_TA1537_with_S9/artifacts/base/svm/estimators/svm_seed_10_skf_3_paras_19_kernel_rbf_C_1_gamma_1.joblib,"{""C"": 1, ""class_weight"": ""balanced"", ""gamma"": 1, ""kernel"": ""rbf"", ""probability"": true, ""random_state"": 1}",svm,19,/home/ubuntu/Desktop/DeepAmes_Full_STL_4_keep_weights/results_TA1537_with_S9/artifacts/base/svm/scalers/svm_seed_10_skf_3_paras_19_kernel_rbf_C_1_gamma_1_scaler.joblib,10,3
svm_seed_10_skf_4_paras_19_kernel_rbf_C_1_gamma_1,svm,10_skf_4,485,18,29,28,0.916,0.916,0.491,0.964,0.609,0.944,0.544,0.502,/home/ubuntu/Desktop/DeepAmes_Full_STL_4_keep_weights/results_TA1537_with_S9/artifacts/base/svm/estimators/svm_seed_10_skf_4_paras_19_kernel_rbf_C_1_gamma_1.joblib,"{""C"": 1, ""class_weight"": ""balanced"", ""gamma"": 1, ""kernel"": ""rbf"", ""probability"": true, ""random_state"": 1}",svm,19,/home/ubuntu/Desktop/DeepAmes_Full_STL_4_keep_weights/results_TA1537_with_S9/artifacts/base/svm/scalers/svm_seed_10_skf_4_paras_19_kernel_rbf_C_1_gamma_1_scaler.joblib,10,4
svm_seed_11_skf_0_paras_19_kernel_rbf_C_1_gamma_1,svm,11_skf_0,492,11,27,30,0.932,0.934,0.526,0.978,0.732,0.948,0.612,0.586,/home/ubuntu/Desktop/DeepAmes_Full_STL_4_keep_weights/results_TA1537_with_S9/artifacts/base/svm/estimators/svm_seed_11_skf_0_paras_19_kernel_rbf_C_1_gamma_1.joblib,"{""C"": 1, ""class_weight"": ""balanced"", ""gamma"": 1, ""kernel"": ""rbf"", ""probability"": true, ""random_state"": 1}",svm,19,/home/ubuntu/Desktop/DeepAmes_Full_STL_4_keep_weights/results_TA1537_with_S9/artifacts/base/svm/scalers/svm_seed_11_skf_0_paras_19_kernel_rbf_C_1_gamma_1_scaler.joblib,11,0
svm_seed_11_skf_1_paras_19_kernel_rbf_C_1_gamma_1,svm,11_skf_1,489,14,26,31,0.929,0.904,0.544,0.972,0.689,0.95,0.608,0.574,/home/ubuntu/Desktop/DeepAmes_Full_STL_4_keep_weights/results_TA1537_with_S9/artifacts/base/svm/estimators/svm_seed_11_skf_1_paras_19_kernel_rbf_C_1_gamma_1.joblib,"{""C"": 1, ""class_weight"": ""balanced"", ""gamma"": 1, ""kernel"": ""rbf"", ""probability"": true, ""random_state"": 1}",svm,19,/home/ubuntu/Desktop/DeepAmes_Full_STL_4_keep_weights/results_TA1537_with_S9/artifacts/base/svm/scalers/svm_seed_11_skf_1_paras_19_kernel_rbf_C_1_gamma_1_scaler.joblib,11,1
svm_seed_11_skf_2_paras_19_kernel_rbf_C_1_gamma_1,svm,11_skf_2,490,13,27,30,0.929,0.917,0.526,0.974,0.698,0.948,0.6,0.568,/home/ubuntu/Desktop/DeepAmes_Full_STL_4_keep_weights/results_TA1537_with_S9/artifacts/base/svm/estimators/svm_seed_11_skf_2_paras_19_kernel_rbf_C_1_gamma_1.joblib,"{""C"": 1, ""class_weight"": ""balanced"", ""gamma"": 1, ""kernel"": ""rbf"", ""probability"": true, ""random_state"": 1}",svm,19,/home/ubuntu/Desktop/DeepAmes_Full_STL_4_keep_weights/results_TA1537_with_S9/artifacts/base/svm/scalers/svm_seed_11_skf_2_paras_19_kernel_rbf_C_1_gamma_1_scaler.joblib,11,2
svm_seed_11_skf_3_paras_19_kernel_rbf_C_1_gamma_1,svm,11_skf_3,487,16,31,26,0.916,0.908,0.456,0.968,0.619,0.94,0.525,0.487,/home/ubuntu/Desktop/DeepAmes_Full_STL_4_keep_weights/results_TA1537_with_S9/artifacts/base/svm/estimators/svm_seed_11_skf_3_paras_19_kernel_rbf_C_1_gamma_1.joblib,"{""C"": 1, ""class_weight"": ""balanced"", ""gamma"": 1, ""kernel"": ""rbf"", ""probability"": true, ""random_state"": 1}",svm,19,/home/ubuntu/Desktop/DeepAmes_Full_STL_4_keep_weights/results_TA1537_with_S9/artifacts/base/svm/scalers/svm_seed_11_skf_3_paras_19_kernel_rbf_C_1_gamma_1_scaler.joblib,11,3
svm_seed_11_skf_4_paras_19_kernel_rbf_C_1_gamma_1,svm,11_skf_4,488,15,27,30,0.925,0.911,0.526,0.97,0.667,0.948,0.588,0.552,/home/ubuntu/Desktop/DeepAmes_Full_STL_4_keep_weights/results_TA1537_with_S9/artifacts/base/svm/estimators/svm_seed_11_skf_4_paras_19_kernel_rbf_C_1_gamma_1.joblib,"{""C"": 1, ""class_weight"": ""balanced"", ""gamma"": 1, ""kernel"": ""rbf"", ""probability"": true, ""random_state"": 1}",svm,19,/home/ubuntu/Desktop/DeepAmes_Full_STL_4_keep_weights/results_TA1537_with_S9/artifacts/base/svm/scalers/svm_seed_11_skf_4_paras_19_kernel_rbf_C_1_gamma_1_scaler.joblib,11,4
svm_seed_12_skf_0_paras_19_kernel_rbf_C_1_gamma_1,svm,12_skf_0,489,14,26,31,0.929,0.909,0.544,0.972,0.689,0.95,0.608,0.574,/home/ubuntu/Desktop/DeepAmes_Full_STL_4_keep_weights/results_TA1537_with_S9/artifacts/base/svm/estimators/svm_seed_12_skf_0_paras_19_kernel_rbf_C_1_gamma_1.joblib,"{""C"": 1, ""class_weight"": ""balanced"", ""gamma"": 1, ""kernel"": ""rbf"", ""probability"": true, ""random_state"": 1}",svm,19,/home/ubuntu/Desktop/DeepAmes_Full_STL_4_keep_weights/results_TA1537_with_S9/artifacts/base/svm/scalers/svm_seed_12_skf_0_paras_19_kernel_rbf_C_1_gamma_1_scaler.joblib,12,0
svm_seed_12_skf_1_paras_19_kernel_rbf_C_1_gamma_1,svm,12_skf_1,486,17,29,28,0.918,0.916,0.491,0.966,0.622,0.944,0.549,0.509,/home/ubuntu/Desktop/DeepAmes_Full_STL_4_keep_weights/results_TA1537_with_S9/artifacts/base/svm/estimators/svm_seed_12_skf_1_paras_19_kernel_rbf_C_1_gamma_1.joblib,"{""C"": 1, ""class_weight"": ""balanced"", ""gamma"": 1, ""kernel"": ""rbf"", ""probability"": true, ""random_state"": 1}",svm,19,/home/ubuntu/Desktop/DeepAmes_Full_STL_4_keep_weights/results_TA1537_with_S9/artifacts/base/svm/scalers/svm_seed_12_skf_1_paras_19_kernel_rbf_C_1_gamma_1_scaler.joblib,12,1
svm_seed_12_skf_2_paras_19_kernel_rbf_C_1_gamma_1,svm,12_skf_2,487,16,27,30,0.923,0.916,0.526,0.968,0.652,0.947,0.583,0.545,/home/ubuntu/Desktop/DeepAmes_Full_STL_4_keep_weights/results_TA1537_with_S9/artifacts/base/svm/estimators/svm_seed_12_skf_2_paras_19_kernel_rbf_C_1_gamma_1.joblib,"{""C"": 1, ""class_weight"": ""balanced"", ""gamma"": 1, ""kernel"": ""rbf"", ""probability"": true, ""random_state"": 1}",svm,19,/home/ubuntu/Desktop/DeepAmes_Full_STL_4_keep_weights/results_TA1537_with_S9/artifacts/base/svm/scalers/svm_seed_12_skf_2_paras_19_kernel_rbf_C_1_gamma_1_scaler.joblib,12,2
svm_seed_12_skf_3_paras_19_kernel_rbf_C_1_gamma_1,svm,12_skf_3,486,17,29,28,0.918,0.925,0.491,0.966,0.622,0.944,0.549,0.509,/home/ubuntu/Desktop/DeepAmes_Full_STL_4_keep_weights/results_TA1537_with_S9/artifacts/base/svm/estimators/svm_seed_12_skf_3_paras_19_kernel_rbf_C_1_gamma_1.joblib,"{""C"": 1, ""class_weight"": ""balanced"", ""gamma"": 1, ""kernel"": ""rbf"", ""probability"": true, ""random_state"": 1}",svm,19,/home/ubuntu/Desktop/DeepAmes_Full_STL_4_keep_weights/results_TA1537_with_S9/artifacts/base/svm/scalers/svm_seed_12_skf_3_paras_19_kernel_rbf_C_1_gamma_1_scaler.joblib,12,3
svm_seed_12_skf_4_paras_19_kernel_rbf_C_1_gamma_1,svm,12_skf_4,493,10,26,31,0.936,0.919,0.544,0.98,0.756,0.95,0.633,0.608,/home/ubuntu/Desktop/DeepAmes_Full_STL_4_keep_weights/results_TA1537_with_S9/artifacts/base/svm/estimators/svm_seed_12_skf_4_paras_19_kernel_rbf_C_1_gamma_1.joblib,"{""C"": 1, ""class_weight"": ""balanced"", ""gamma"": 1, ""kernel"": ""rbf"", ""probability"": true, ""random_state"": 1}",svm,19,/home/ubuntu/Desktop/DeepAmes_Full_STL_4_keep_weights/results_TA1537_with_S9/artifacts/base/svm/scalers/svm_seed_12_skf_4_paras_19_kernel_rbf_C_1_gamma_1_scaler.joblib,12,4
svm_seed_13_skf_0_paras_19_kernel_rbf_C_1_gamma_1,svm,13_skf_0,491,12,27,30,0.93,0.91,0.526,0.976,0.714,0.948,0.606,0.577,/home/ubuntu/Desktop/DeepAmes_Full_STL_4_keep_weights/results_TA1537_with_S9/artifacts/base/svm/estimators/svm_seed_13_skf_0_paras_19_kernel_rbf_C_1_gamma_1.joblib,"{""C"": 1, ""class_weight"": ""balanced"", ""gamma"": 1, ""kernel"": ""rbf"", ""probability"": true, ""random_state"": 1}",svm,19,/home/ubuntu/Desktop/DeepAmes_Full_STL_4_keep_weights/results_TA1537_with_S9/artifacts/base/svm/scalers/svm_seed_13_skf_0_paras_19_kernel_rbf_C_1_gamma_1_scaler.joblib,13,0
svm_seed_13_skf_1_paras_19_kernel_rbf_C_1_gamma_1,svm,13_skf_1,491,12,26,31,0.932,0.916,0.544,0.976,0.721,0.95,0.62,0.591,/home/ubuntu/Desktop/DeepAmes_Full_STL_4_keep_weights/results_TA1537_with_S9/artifacts/base/svm/estimators/svm_seed_13_skf_1_paras_19_kernel_rbf_C_1_gamma_1.joblib,"{""C"": 1, ""class_weight"": ""balanced"", ""gamma"": 1, ""kernel"": ""rbf"", ""probability"": true, ""random_state"": 1}",svm,19,/home/ubuntu/Desktop/DeepAmes_Full_STL_4_keep_weights/results_TA1537_with_S9/artifacts/base/svm/scalers/svm_seed_13_skf_1_paras_19_kernel_rbf_C_1_gamma_1_scaler.joblib,13,1
svm_seed_13_skf_2_paras_19_kernel_rbf_C_1_gamma_1,svm,13_skf_2,493,10,29,28,0.93,0.924,0.491,0.98,0.737,0.944,0.589,0.567,/home/ubuntu/Desktop/DeepAmes_Full_STL_4_keep_weights/results_TA1537_with_S9/artifacts/base/svm/estimators/svm_seed_13_skf_2_paras_19_kernel_rbf_C_1_gamma_1.joblib,"{""C"": 1, ""class_weight"": ""balanced"", ""gamma"": 1, ""kernel"": ""rbf"", ""probability"": true, ""random_state"": 1}",svm,19,/home/ubuntu/Desktop/DeepAmes_Full_STL_4_keep_weights/results_TA1537_with_S9/artifacts/base/svm/scalers/svm_seed_13_skf_2_paras_19_kernel_rbf_C_1_gamma_1_scaler.joblib,13,2
svm_seed_13_skf_3_paras_19_kernel_rbf_C_1_gamma_1,svm,13_skf_3,487,16,28,29,0.921,0.916,0.509,0.968,0.644,0.946,0.569,0.531,/home/ubuntu/Desktop/DeepAmes_Full_STL_4_keep_weights/results_TA1537_with_S9/artifacts/base/svm/estimators/svm_seed_13_skf_3_paras_19_kernel_rbf_C_1_gamma_1.joblib,"{""C"": 1, ""class_weight"": ""balanced"", ""gamma"": 1, ""kernel"": ""rbf"", ""probability"": true, ""random_state"": 1}",svm,19,/home/ubuntu/Desktop/DeepAmes_Full_STL_4_keep_weights/results_TA1537_with_S9/artifacts/base/svm/scalers/svm_seed_13_skf_3_paras_19_kernel_rbf_C_1_gamma_1_scaler.joblib,13,3
svm_seed_13_skf_4_paras_19_kernel_rbf_C_1_gamma_1,svm,13_skf_4,486,17,31,26,0.914,0.913,0.456,0.966,0.605,0.94,0.52,0.48,/home/ubuntu/Desktop/DeepAmes_Full_STL_4_keep_weights/results_TA1537_with_S9/artifacts/base/svm/estimators/svm_seed_13_skf_4_paras_19_kernel_rbf_C_1_gamma_1.joblib,"{""C"": 1, ""class_weight"": ""balanced"", ""gamma"": 1, ""kernel"": ""rbf"", ""probability"": true, ""random_state"": 1}",svm,19,/home/ubuntu/Desktop/DeepAmes_Full_STL_4_keep_weights/results_TA1537_with_S9/artifacts/base/svm/scalers/svm_seed_13_skf_4_paras_19_kernel_rbf_C_1_gamma_1_scaler.joblib,13,4
svm_seed_14_skf_0_paras_19_kernel_rbf_C_1_gamma_1,svm,14_skf_0,495,8,28,29,0.936,0.906,0.509,0.984,0.784,0.946,0.617,0.6,/home/ubuntu/Desktop/DeepAmes_Full_STL_4_keep_weights/results_TA1537_with_S9/artifacts/base/svm/estimators/svm_seed_14_skf_0_paras_19_kernel_rbf_C_1_gamma_1.joblib,"{""C"": 1, ""class_weight"": ""balanced"", ""gamma"": 1, ""kernel"": ""rbf"", ""probability"": true, ""random_state"": 1}",svm,19,/home/ubuntu/Desktop/DeepAmes_Full_STL_4_keep_weights/results_TA1537_with_S9/artifacts/base/svm/scalers/svm_seed_14_skf_0_paras_19_kernel_rbf_C_1_gamma_1_scaler.joblib,14,0
svm_seed_14_skf_1_paras_19_kernel_rbf_C_1_gamma_1,svm,14_skf_1,490,13,27,30,0.929,0.927,0.526,0.974,0.698,0.948,0.6,0.568,/home/ubuntu/Desktop/DeepAmes_Full_STL_4_keep_weights/results_TA1537_with_S9/artifacts/base/svm/estimators/svm_seed_14_skf_1_paras_19_kernel_rbf_C_1_gamma_1.joblib,"{""C"": 1, ""class_weight"": ""balanced"", ""gamma"": 1, ""kernel"": ""rbf"", ""probability"": true, ""random_state"": 1}",svm,19,/home/ubuntu/Desktop/DeepAmes_Full_STL_4_keep_weights/results_TA1537_with_S9/artifacts/base/svm/scalers/svm_seed_14_skf_1_paras_19_kernel_rbf_C_1_gamma_1_scaler.joblib,14,1
svm_seed_14_skf_2_paras_19_kernel_rbf_C_1_gamma_1,svm,14_skf_2,490,13,28,29,0.927,0.915,0.509,0.974,0.69,0.946,0.586,0.554,/home/ubuntu/Desktop/DeepAmes_Full_STL_4_keep_weights/results_TA1537_with_S9/artifacts/base/svm/estimators/svm_seed_14_skf_2_paras_19_kernel_rbf_C_1_gamma_1.joblib,"{""C"": 1, ""class_weight"": ""balanced"", ""gamma"": 1, ""kernel"": ""rbf"", ""probability"": true, ""random_state"": 1}",svm,19,/home/ubuntu/Desktop/DeepAmes_Full_STL_4_keep_weights/results_TA1537_with_S9/artifacts/base/svm/scalers/svm_seed_14_skf_2_paras_19_kernel_rbf_C_1_gamma_1_scaler.joblib,14,2
svm_seed_14_skf_3_paras_19_kernel_rbf_C_1_gamma_1,svm,14_skf_3,485,18,27,30,0.92,0.914,0.526,0.964,0.625,0.947,0.571,0.53,/home/ubuntu/Desktop/DeepAmes_Full_STL_4_keep_weights/results_TA1537_with_S9/artifacts/base/svm/estimators/svm_seed_14_skf_3_paras_19_kernel_rbf_C_1_gamma_1.joblib,"{""C"": 1, ""class_weight"": ""balanced"", ""gamma"": 1, ""kernel"": ""rbf"", ""probability"": true, ""random_state"": 1}",svm,19,/home/ubuntu/Desktop/DeepAmes_Full_STL_4_keep_weights/results_TA1537_with_S9/artifacts/base/svm/scalers/svm_seed_14_skf_3_paras_19_kernel_rbf_C_1_gamma_1_scaler.joblib,14,3
svm_seed_14_skf_4_paras_19_kernel_rbf_C_1_gamma_1,svm,14_skf_4,486,17,26,31,0.923,0.913,0.544,0.966,0.646,0.949,0.59,0.551,/home/ubuntu/Desktop/DeepAmes_Full_STL_4_keep_weights/results_TA1537_with_S9/artifacts/base/svm/estimators/svm_seed_14_skf_4_paras_19_kernel_rbf_C_1_gamma_1.joblib,"{""C"": 1, ""class_weight"": ""balanced"", ""gamma"": 1, ""kernel"": ""rbf"", ""probability"": true, ""random_state"": 1}",svm,19,/home/ubuntu/Desktop/DeepAmes_Full_STL_4_keep_weights/results_TA1537_with_S9/artifacts/base/svm/scalers/svm_seed_14_skf_4_paras_19_kernel_rbf_C_1_gamma_1_scaler.joblib,14,4
svm_seed_15_skf_0_paras_19_kernel_rbf_C_1_gamma_1,svm,15_skf_0,493,10,29,28,0.93,0.917,0.491,0.98,0.737,0.944,0.589,0.567,/home/ubuntu/Desktop/DeepAmes_Full_STL_4_keep_weights/results_TA1537_with_S9/artifacts/base/svm/estimators/svm_seed_15_skf_0_paras_19_kernel_rbf_C_1_gamma_1.joblib,"{""C"": 1, ""class_weight"": ""balanced"", ""gamma"": 1, ""kernel"": ""rbf"", ""probability"": true, ""random_state"": 1}",svm,19,/home/ubuntu/Desktop/DeepAmes_Full_STL_4_keep_weights/results_TA1537_with_S9/artifacts/base/svm/scalers/svm_seed_15_skf_0_paras_19_kernel_rbf_C_1_gamma_1_scaler.joblib,15,0
svm_seed_15_skf_1_paras_19_kernel_rbf_C_1_gamma_1,svm,15_skf_1,492,11,27,30,0.932,0.901,0.526,0.978,0.732,0.948,0.612,0.586,/home/ubuntu/Desktop/DeepAmes_Full_STL_4_keep_weights/results_TA1537_with_S9/artifacts/base/svm/estimators/svm_seed_15_skf_1_paras_19_kernel_rbf_C_1_gamma_1.joblib,"{""C"": 1, ""class_weight"": ""balanced"", ""gamma"": 1, ""kernel"": ""rbf"", ""probability"": true, ""random_state"": 1}",svm,19,/home/ubuntu/Desktop/DeepAmes_Full_STL_4_keep_weights/results_TA1537_with_S9/artifacts/base/svm/scalers/svm_seed_15_skf_1_paras_19_kernel_rbf_C_1_gamma_1_scaler.joblib,15,1
svm_seed_15_skf_2_paras_19_kernel_rbf_C_1_gamma_1,svm,15_skf_2,488,15,25,32,0.929,0.91,0.561,0.97,0.681,0.951,0.615,0.58,/home/ubuntu/Desktop/DeepAmes_Full_STL_4_keep_weights/results_TA1537_with_S9/artifacts/base/svm/estimators/svm_seed_15_skf_2_paras_19_kernel_rbf_C_1_gamma_1.joblib,"{""C"": 1, ""class_weight"": ""balanced"", ""gamma"": 1, ""kernel"": ""rbf"", ""probability"": true, ""random_state"": 1}",svm,19,/home/ubuntu/Desktop/DeepAmes_Full_STL_4_keep_weights/results_TA1537_with_S9/artifacts/base/svm/scalers/svm_seed_15_skf_2_paras_19_kernel_rbf_C_1_gamma_1_scaler.joblib,15,2
svm_seed_15_skf_3_paras_19_kernel_rbf_C_1_gamma_1,svm,15_skf_3,483,20,27,30,0.916,0.923,0.526,0.96,0.6,0.947,0.561,0.516,/home/ubuntu/Desktop/DeepAmes_Full_STL_4_keep_weights/results_TA1537_with_S9/artifacts/base/svm/estimators/svm_seed_15_skf_3_paras_19_kernel_rbf_C_1_gamma_1.joblib,"{""C"": 1, ""class_weight"": ""balanced"", ""gamma"": 1, ""kernel"": ""rbf"", ""probability"": true, ""random_state"": 1}",svm,19,/home/ubuntu/Desktop/DeepAmes_Full_STL_4_keep_weights/results_TA1537_with_S9/artifacts/base/svm/scalers/svm_seed_15_skf_3_paras_19_kernel_rbf_C_1_gamma_1_scaler.joblib,15,3
svm_seed_15_skf_4_paras_19_kernel_rbf_C_1_gamma_1,svm,15_skf_4,487,16,27,30,0.923,0.915,0.526,0.968,0.652,0.947,0.583,0.545,/home/ubuntu/Desktop/DeepAmes_Full_STL_4_keep_weights/results_TA1537_with_S9/artifacts/base/svm/estimators/svm_seed_15_skf_4_paras_19_kernel_rbf_C_1_gamma_1.joblib,"{""C"": 1, ""class_weight"": ""balanced"", ""gamma"": 1, ""kernel"": ""rbf"", ""probability"": true, ""random_state"": 1}",svm,19,/home/ubuntu/Desktop/DeepAmes_Full_STL_4_keep_weights/results_TA1537_with_S9/artifacts/base/svm/scalers/svm_seed_15_skf_4_paras_19_kernel_rbf_C_1_gamma_1_scaler.joblib,15,4
svm_seed_16_skf_0_paras_19_kernel_rbf_C_1_gamma_1,svm,16_skf_0,492,11,31,26,0.925,0.888,0.456,0.978,0.703,0.941,0.553,0.529,/home/ubuntu/Desktop/DeepAmes_Full_STL_4_keep_weights/results_TA1537_with_S9/artifacts/base/svm/estimators/svm_seed_16_skf_0_paras_19_kernel_rbf_C_1_gamma_1.joblib,"{""C"": 1, ""class_weight"": ""balanced"", ""gamma"": 1, ""kernel"": ""rbf"", ""probability"": true, ""random_state"": 1}",svm,19,/home/ubuntu/Desktop/DeepAmes_Full_STL_4_keep_weights/results_TA1537_with_S9/artifacts/base/svm/scalers/svm_seed_16_skf_0_paras_19_kernel_rbf_C_1_gamma_1_scaler.joblib,16,0
svm_seed_16_skf_1_paras_19_kernel_rbf_C_1_gamma_1,svm,16_skf_1,489,14,27,30,0.927,0.922,0.526,0.972,0.682,0.948,0.594,0.56,/home/ubuntu/Desktop/DeepAmes_Full_STL_4_keep_weights/results_TA1537_with_S9/artifacts/base/svm/estimators/svm_seed_16_skf_1_paras_19_kernel_rbf_C_1_gamma_1.joblib,"{""C"": 1, ""class_weight"": ""balanced"", ""gamma"": 1, ""kernel"": ""rbf"", ""probability"": true, ""random_state"": 1}",svm,19,/home/ubuntu/Desktop/DeepAmes_Full_STL_4_keep_weights/results_TA1537_with_S9/artifacts/base/svm/scalers/svm_seed_16_skf_1_paras_19_kernel_rbf_C_1_gamma_1_scaler.joblib,16,1
svm_seed_16_skf_2_paras_19_kernel_rbf_C_1_gamma_1,svm,16_skf_2,486,17,27,30,0.921,0.926,0.526,0.966,0.638,0.947,0.577,0.537,/home/ubuntu/Desktop/DeepAmes_Full_STL_4_keep_weights/results_TA1537_with_S9/artifacts/base/svm/estimators/svm_seed_16_skf_2_paras_19_kernel_rbf_C_1_gamma_1.joblib,"{""C"": 1, ""class_weight"": ""balanced"", ""gamma"": 1, ""kernel"": ""rbf"", ""probability"": true, ""random_state"": 1}",svm,19,/home/ubuntu/Desktop/DeepAmes_Full_STL_4_keep_weights/results_TA1537_with_S9/artifacts/base/svm/scalers/svm_seed_16_skf_2_paras_19_kernel_rbf_C_1_gamma_1_scaler.joblib,16,2
svm_seed_16_skf_3_paras_19_kernel_rbf_C_1_gamma_1,svm,16_skf_3,490,13,25,32,0.932,0.917,0.561,0.974,0.711,0.951,0.627,0.596,/home/ubuntu/Desktop/DeepAmes_Full_STL_4_keep_weights/results_TA1537_with_S9/artifacts/base/svm/estimators/svm_seed_16_skf_3_paras_19_kernel_rbf_C_1_gamma_1.joblib,"{""C"": 1, ""class_weight"": ""balanced"", ""gamma"": 1, ""kernel"": ""rbf"", ""probability"": true, ""random_state"": 1}",svm,19,/home/ubuntu/Desktop/DeepAmes_Full_STL_4_keep_weights/results_TA1537_with_S9/artifacts/base/svm/scalers/svm_seed_16_skf_3_paras_19_kernel_rbf_C_1_gamma_1_scaler.joblib,16,3
svm_seed_16_skf_4_paras_19_kernel_rbf_C_1_gamma_1,svm,16_skf_4,486,17,28,29,0.92,0.925,0.509,0.966,0.63,0.946,0.563,0.523,/home/ubuntu/Desktop/DeepAmes_Full_STL_4_keep_weights/results_TA1537_with_S9/artifacts/base/svm/estimators/svm_seed_16_skf_4_paras_19_kernel_rbf_C_1_gamma_1.joblib,"{""C"": 1, ""class_weight"": ""balanced"", ""gamma"": 1, ""kernel"": ""rbf"", ""probability"": true, ""random_state"": 1}",svm,19,/home/ubuntu/Desktop/DeepAmes_Full_STL_4_keep_weights/results_TA1537_with_S9/artifacts/base/svm/scalers/svm_seed_16_skf_4_paras_19_kernel_rbf_C_1_gamma_1_scaler.joblib,16,4
svm_seed_17_skf_0_paras_19_kernel_rbf_C_1_gamma_1,svm,17_skf_0,486,17,28,29,0.92,0.92,0.509,0.966,0.63,0.946,0.563,0.523,/home/ubuntu/Desktop/DeepAmes_Full_STL_4_keep_weights/results_TA1537_with_S9/artifacts/base/svm/estimators/svm_seed_17_skf_0_paras_19_kernel_rbf_C_1_gamma_1.joblib,"{""C"": 1, ""class_weight"": ""balanced"", ""gamma"": 1, ""kernel"": ""rbf"", ""probability"": true, ""random_state"": 1}",svm,19,/home/ubuntu/Desktop/DeepAmes_Full_STL_4_keep_weights/results_TA1537_with_S9/artifacts/base/svm/scalers/svm_seed_17_skf_0_paras_19_kernel_rbf_C_1_gamma_1_scaler.joblib,17,0
svm_seed_17_skf_1_paras_19_kernel_rbf_C_1_gamma_1,svm,17_skf_1,487,16,26,31,0.925,0.918,0.544,0.968,0.66,0.949,0.596,0.558,/home/ubuntu/Desktop/DeepAmes_Full_STL_4_keep_weights/results_TA1537_with_S9/artifacts/base/svm/estimators/svm_seed_17_skf_1_paras_19_kernel_rbf_C_1_gamma_1.joblib,"{""C"": 1, ""class_weight"": ""balanced"", ""gamma"": 1, ""kernel"": ""rbf"", ""probability"": true, ""random_state"": 1}",svm,19,/home/ubuntu/Desktop/DeepAmes_Full_STL_4_keep_weights/results_TA1537_with_S9/artifacts/base/svm/scalers/svm_seed_17_skf_1_paras_19_kernel_rbf_C_1_gamma_1_scaler.joblib,17,1
svm_seed_17_skf_2_paras_19_kernel_rbf_C_1_gamma_1,svm,17_skf_2,489,14,27,30,0.927,0.913,0.526,0.972,0.682,0.948,0.594,0.56,/home/ubuntu/Desktop/DeepAmes_Full_STL_4_keep_weights/results_TA1537_with_S9/artifacts/base/svm/estimators/svm_seed_17_skf_2_paras_19_kernel_rbf_C_1_gamma_1.joblib,"{""C"": 1, ""class_weight"": ""balanced"", ""gamma"": 1, ""kernel"": ""rbf"", ""probability"": true, ""random_state"": 1}",svm,19,/home/ubuntu/Desktop/DeepAmes_Full_STL_4_keep_weights/results_TA1537_with_S9/artifacts/base/svm/scalers/svm_seed_17_skf_2_paras_19_kernel_rbf_C_1_gamma_1_scaler.joblib,17,2
svm_seed_17_skf_3_paras_19_kernel_rbf_C_1_gamma_1,svm,17_skf_3,491,12,29,28,0.927,0.899,0.491,0.976,0.7,0.944,0.577,0.549,/home/ubuntu/Desktop/DeepAmes_Full_STL_4_keep_weights/results_TA1537_with_S9/artifacts/base/svm/estimators/svm_seed_17_skf_3_paras_19_kernel_rbf_C_1_gamma_1.joblib,"{""C"": 1, ""class_weight"": ""balanced"", ""gamma"": 1, ""kernel"": ""rbf"", ""probability"": true, ""random_state"": 1}",svm,19,/home/ubuntu/Desktop/DeepAmes_Full_STL_4_keep_weights/results_TA1537_with_S9/artifacts/base/svm/scalers/svm_seed_17_skf_3_paras_19_kernel_rbf_C_1_gamma_1_scaler.joblib,17,3
svm_seed_17_skf_4_paras_19_kernel_rbf_C_1_gamma_1,svm,17_skf_4,489,14,29,28,0.923,0.923,0.491,0.972,0.667,0.944,0.566,0.532,/home/ubuntu/Desktop/DeepAmes_Full_STL_4_keep_weights/results_TA1537_with_S9/artifacts/base/svm/estimators/svm_seed_17_skf_4_paras_19_kernel_rbf_C_1_gamma_1.joblib,"{""C"": 1, ""class_weight"": ""balanced"", ""gamma"": 1, ""kernel"": ""rbf"", ""probability"": true, ""random_state"": 1}",svm,19,/home/ubuntu/Desktop/DeepAmes_Full_STL_4_keep_weights/results_TA1537_with_S9/artifacts/base/svm/scalers/svm_seed_17_skf_4_paras_19_kernel_rbf_C_1_gamma_1_scaler.joblib,17,4
svm_seed_18_skf_0_paras_19_kernel_rbf_C_1_gamma_1,svm,18_skf_0,486,17,25,32,0.925,0.917,0.561,0.966,0.653,0.951,0.604,0.565,/home/ubuntu/Desktop/DeepAmes_Full_STL_4_keep_weights/results_TA1537_with_S9/artifacts/base/svm/estimators/svm_seed_18_skf_0_paras_19_kernel_rbf_C_1_gamma_1.joblib,"{""C"": 1, ""class_weight"": ""balanced"", ""gamma"": 1, ""kernel"": ""rbf"", ""probability"": true, ""random_state"": 1}",svm,19,/home/ubuntu/Desktop/DeepAmes_Full_STL_4_keep_weights/results_TA1537_with_S9/artifacts/base/svm/scalers/svm_seed_18_skf_0_paras_19_kernel_rbf_C_1_gamma_1_scaler.joblib,18,0
svm_seed_18_skf_1_paras_19_kernel_rbf_C_1_gamma_1,svm,18_skf_1,491,12,29,28,0.927,0.913,0.491,0.976,0.7,0.944,0.577,0.549,/home/ubuntu/Desktop/DeepAmes_Full_STL_4_keep_weights/results_TA1537_with_S9/artifacts/base/svm/estimators/svm_seed_18_skf_1_paras_19_kernel_rbf_C_1_gamma_1.joblib,"{""C"": 1, ""class_weight"": ""balanced"", ""gamma"": 1, ""kernel"": ""rbf"", ""probability"": true, ""random_state"": 1}",svm,19,/home/ubuntu/Desktop/DeepAmes_Full_STL_4_keep_weights/results_TA1537_with_S9/artifacts/base/svm/scalers/svm_seed_18_skf_1_paras_19_kernel_rbf_C_1_gamma_1_scaler.joblib,18,1
svm_seed_18_skf_2_paras_19_kernel_rbf_C_1_gamma_1,svm,18_skf_2,490,13,27,30,0.929,0.919,0.526,0.974,0.698,0.948,0.6,0.568,/home/ubuntu/Desktop/DeepAmes_Full_STL_4_keep_weights/results_TA1537_with_S9/artifacts/base/svm/estimators/svm_seed_18_skf_2_paras_19_kernel_rbf_C_1_gamma_1.joblib,"{""C"": 1, ""class_weight"": ""balanced"", ""gamma"": 1, ""kernel"": ""rbf"", ""probability"": true, ""random_state"": 1}",svm,19,/home/ubuntu/Desktop/DeepAmes_Full_STL_4_keep_weights/results_TA1537_with_S9/artifacts/base/svm/scalers/svm_seed_18_skf_2_paras_19_kernel_rbf_C_1_gamma_1_scaler.joblib,18,2
svm_seed_18_skf_3_paras_19_kernel_rbf_C_1_gamma_1,svm,18_skf_3,488,15,32,25,0.916,0.916,0.439,0.97,0.625,0.938,0.515,0.48,/home/ubuntu/Desktop/DeepAmes_Full_STL_4_keep_weights/results_TA1537_with_S9/artifacts/base/svm/estimators/svm_seed_18_skf_3_paras_19_kernel_rbf_C_1_gamma_1.joblib,"{""C"": 1, ""class_weight"": ""balanced"", ""gamma"": 1, ""kernel"": ""rbf"", ""probability"": true, ""random_state"": 1}",svm,19,/home/ubuntu/Desktop/DeepAmes_Full_STL_4_keep_weights/results_TA1537_with_S9/artifacts/base/svm/scalers/svm_seed_18_skf_3_paras_19_kernel_rbf_C_1_gamma_1_scaler.joblib,18,3
svm_seed_18_skf_4_paras_19_kernel_rbf_C_1_gamma_1,svm,18_skf_4,489,14,27,30,0.927,0.92,0.526,0.972,0.682,0.948,0.594,0.56,/home/ubuntu/Desktop/DeepAmes_Full_STL_4_keep_weights/results_TA1537_with_S9/artifacts/base/svm/estimators/svm_seed_18_skf_4_paras_19_kernel_rbf_C_1_gamma_1.joblib,"{""C"": 1, ""class_weight"": ""balanced"", ""gamma"": 1, ""kernel"": ""rbf"", ""probability"": true, ""random_state"": 1}",svm,19,/home/ubuntu/Desktop/DeepAmes_Full_STL_4_keep_weights/results_TA1537_with_S9/artifacts/base/svm/scalers/svm_seed_18_skf_4_paras_19_kernel_rbf_C_1_gamma_1_scaler.joblib,18,4
svm_seed_19_skf_0_paras_19_kernel_rbf_C_1_gamma_1,svm,19_skf_0,495,8,28,29,0.936,0.909,0.509,0.984,0.784,0.946,0.617,0.6,/home/ubuntu/Desktop/DeepAmes_Full_STL_4_keep_weights/results_TA1537_with_S9/artifacts/base/svm/estimators/svm_seed_19_skf_0_paras_19_kernel_rbf_C_1_gamma_1.joblib,"{""C"": 1, ""class_weight"": ""balanced"", ""gamma"": 1, ""kernel"": ""rbf"", ""probability"": true, ""random_state"": 1}",svm,19,/home/ubuntu/Desktop/DeepAmes_Full_STL_4_keep_weights/results_TA1537_with_S9/artifacts/base/svm/scalers/svm_seed_19_skf_0_paras_19_kernel_rbf_C_1_gamma_1_scaler.joblib,19,0
svm_seed_19_skf_1_paras_19_kernel_rbf_C_1_gamma_1,svm,19_skf_1,486,17,28,29,0.92,0.929,0.509,0.966,0.63,0.946,0.563,0.523,/home/ubuntu/Desktop/DeepAmes_Full_STL_4_keep_weights/results_TA1537_with_S9/artifacts/base/svm/estimators/svm_seed_19_skf_1_paras_19_kernel_rbf_C_1_gamma_1.joblib,"{""C"": 1, ""class_weight"": ""balanced"", ""gamma"": 1, ""kernel"": ""rbf"", ""probability"": true, ""random_state"": 1}",svm,19,/home/ubuntu/Desktop/DeepAmes_Full_STL_4_keep_weights/results_TA1537_with_S9/artifacts/base/svm/scalers/svm_seed_19_skf_1_paras_19_kernel_rbf_C_1_gamma_1_scaler.joblib,19,1
svm_seed_19_skf_2_paras_19_kernel_rbf_C_1_gamma_1,svm,19_skf_2,489,14,26,31,0.929,0.902,0.544,0.972,0.689,0.95,0.608,0.574,/home/ubuntu/Desktop/DeepAmes_Full_STL_4_keep_weights/results_TA1537_with_S9/artifacts/base/svm/estimators/svm_seed_19_skf_2_paras_19_kernel_rbf_C_1_gamma_1.joblib,"{""C"": 1, ""class_weight"": ""balanced"", ""gamma"": 1, ""kernel"": ""rbf"", ""probability"": true, ""random_state"": 1}",svm,19,/home/ubuntu/Desktop/DeepAmes_Full_STL_4_keep_weights/results_TA1537_with_S9/artifacts/base/svm/scalers/svm_seed_19_skf_2_paras_19_kernel_rbf_C_1_gamma_1_scaler.joblib,19,2
svm_seed_19_skf_3_paras_19_kernel_rbf_C_1_gamma_1,svm,19_skf_3,486,17,26,31,0.923,0.922,0.544,0.966,0.646,0.949,0.59,0.551,/home/ubuntu/Desktop/DeepAmes_Full_STL_4_keep_weights/results_TA1537_with_S9/artifacts/base/svm/estimators/svm_seed_19_skf_3_paras_19_kernel_rbf_C_1_gamma_1.joblib,"{""C"": 1, ""class_weight"": ""balanced"", ""gamma"": 1, ""kernel"": ""rbf"", ""probability"": true, ""random_state"": 1}",svm,19,/home/ubuntu/Desktop/DeepAmes_Full_STL_4_keep_weights/results_TA1537_with_S9/artifacts/base/svm/scalers/svm_seed_19_skf_3_paras_19_kernel_rbf_C_1_gamma_1_scaler.joblib,19,3
svm_seed_19_skf_4_paras_19_kernel_rbf_C_1_gamma_1,svm,19_skf_4,487,16,30,27,0.918,0.92,0.474,0.968,0.628,0.942,0.54,0.502,/home/ubuntu/Desktop/DeepAmes_Full_STL_4_keep_weights/results_TA1537_with_S9/artifacts/base/svm/estimators/svm_seed_19_skf_4_paras_19_kernel_rbf_C_1_gamma_1.joblib,"{""C"": 1, ""class_weight"": ""balanced"", ""gamma"": 1, ""kernel"": ""rbf"", ""probability"": true, ""random_state"": 1}",svm,19,/home/ubuntu/Desktop/DeepAmes_Full_STL_4_keep_weights/results_TA1537_with_S9/artifacts/base/svm/scalers/svm_seed_19_skf_4_paras_19_kernel_rbf_C_1_gamma_1_scaler.joblib,19,4
lr_seed_0_skf_0_paras_22_C_100_weight_None_solver_lbfgs,lr,0_skf_0,481,22,25,32,0.916,0.907,0.561,0.956,0.593,0.951,0.577,0.53,/home/ubuntu/Desktop/DeepAmes_Full_STL_4_keep_weights/results_TA1537_with_S9/artifacts/base/lr/estimators/lr_seed_0_skf_0_paras_22_C_100_weight_None_solver_lbfgs.joblib,"{""C"": 100, ""class_weight"": null, ""max_iter"": 300, ""random_state"": 1, ""solver"": ""lbfgs""}",lr,22,/home/ubuntu/Desktop/DeepAmes_Full_STL_4_keep_weights/results_TA1537_with_S9/artifacts/base/lr/scalers/lr_seed_0_skf_0_paras_22_C_100_weight_None_solver_lbfgs_scaler.joblib,0,0
lr_seed_0_skf_1_paras_22_C_100_weight_None_solver_lbfgs,lr,0_skf_1,485,18,28,29,0.918,0.916,0.509,0.964,0.617,0.945,0.558,0.516,/home/ubuntu/Desktop/DeepAmes_Full_STL_4_keep_weights/results_TA1537_with_S9/artifacts/base/lr/estimators/lr_seed_0_skf_1_paras_22_C_100_weight_None_solver_lbfgs.joblib,"{""C"": 100, ""class_weight"": null, ""max_iter"": 300, ""random_state"": 1, ""solver"": ""lbfgs""}",lr,22,/home/ubuntu/Desktop/DeepAmes_Full_STL_4_keep_weights/results_TA1537_with_S9/artifacts/base/lr/scalers/lr_seed_0_skf_1_paras_22_C_100_weight_None_solver_lbfgs_scaler.joblib,0,1
lr_seed_0_skf_3_paras_22_C_100_weight_None_solver_lbfgs,lr,0_skf_3,489,14,27,30,0.927,0.911,0.526,0.972,0.682,0.948,0.594,0.56,/home/ubuntu/Desktop/DeepAmes_Full_STL_4_keep_weights/results_TA1537_with_S9/artifacts/base/lr/estimators/lr_seed_0_skf_3_paras_22_C_100_weight_None_solver_lbfgs.joblib,"{""C"": 100, ""class_weight"": null, ""max_iter"": 300, ""random_state"": 1, ""solver"": ""lbfgs""}",lr,22,/home/ubuntu/Desktop/DeepAmes_Full_STL_4_keep_weights/results_TA1537_with_S9/artifacts/base/lr/scalers/lr_seed_0_skf_3_paras_22_C_100_weight_None_solver_lbfgs_scaler.joblib,0,3
lr_seed_1_skf_0_paras_22_C_100_weight_None_solver_lbfgs,lr,1_skf_0,485,18,25,32,0.923,0.919,0.561,0.964,0.64,0.951,0.598,0.557,/home/ubuntu/Desktop/DeepAmes_Full_STL_4_keep_weights/results_TA1537_with_S9/artifacts/base/lr/estimators/lr_seed_1_skf_0_paras_22_C_100_weight_None_solver_lbfgs.joblib,"{""C"": 100, ""class_weight"": null, ""max_iter"": 300, ""random_state"": 1, ""solver"": ""lbfgs""}",lr,22,/home/ubuntu/Desktop/DeepAmes_Full_STL_4_keep_weights/results_TA1537_with_S9/artifacts/base/lr/scalers/lr_seed_1_skf_0_paras_22_C_100_weight_None_solver_lbfgs_scaler.joblib,1,0
lr_seed_1_skf_1_paras_22_C_100_weight_None_solver_lbfgs,lr,1_skf_1,487,16,27,30,0.923,0.917,0.526,0.968,0.652,0.947,0.583,0.545,/home/ubuntu/Desktop/DeepAmes_Full_STL_4_keep_weights/results_TA1537_with_S9/artifacts/base/lr/estimators/lr_seed_1_skf_1_paras_22_C_100_weight_None_solver_lbfgs.joblib,"{""C"": 100, ""class_weight"": null, ""max_iter"": 300, ""random_state"": 1, ""solver"": ""lbfgs""}",lr,22,/home/ubuntu/Desktop/DeepAmes_Full_STL_4_keep_weights/results_TA1537_with_S9/artifacts/base/lr/scalers/lr_seed_1_skf_1_paras_22_C_100_weight_None_solver_lbfgs_scaler.joblib,1,1
lr_seed_1_skf_2_paras_22_C_100_weight_None_solver_lbfgs,lr,1_skf_2,490,13,30,27,0.923,0.904,0.474,0.974,0.675,0.942,0.557,0.526,/home/ubuntu/Desktop/DeepAmes_Full_STL_4_keep_weights/results_TA1537_with_S9/artifacts/base/lr/estimators/lr_seed_1_skf_2_paras_22_C_100_weight_None_solver_lbfgs.joblib,"{""C"": 100, ""class_weight"": null, ""max_iter"": 300, ""random_state"": 1, ""solver"": ""lbfgs""}",lr,22,/home/ubuntu/Desktop/DeepAmes_Full_STL_4_keep_weights/results_TA1537_with_S9/artifacts/base/lr/scalers/lr_seed_1_skf_2_paras_22_C_100_weight_None_solver_lbfgs_scaler.joblib,1,2
lr_seed_1_skf_3_paras_22_C_100_weight_None_solver_lbfgs,lr,1_skf_3,481,22,26,31,0.914,0.909,0.544,0.956,0.585,0.949,0.564,0.517,/home/ubuntu/Desktop/DeepAmes_Full_STL_4_keep_weights/results_TA1537_with_S9/artifacts/base/lr/estimators/lr_seed_1_skf_3_paras_22_C_100_weight_None_solver_lbfgs.joblib,"{""C"": 100, ""class_weight"": null, ""max_iter"": 300, ""random_state"": 1, ""solver"": ""lbfgs""}",lr,22,/home/ubuntu/Desktop/DeepAmes_Full_STL_4_keep_weights/results_TA1537_with_S9/artifacts/base/lr/scalers/lr_seed_1_skf_3_paras_22_C_100_weight_None_solver_lbfgs_scaler.joblib,1,3
lr_seed_1_skf_4_paras_22_C_100_weight_None_solver_lbfgs,lr,1_skf_4,485,18,30,27,0.914,0.909,0.474,0.964,0.6,0.942,0.529,0.487,/home/ubuntu/Desktop/DeepAmes_Full_STL_4_keep_weights/results_TA1537_with_S9/artifacts/base/lr/estimators/lr_seed_1_skf_4_paras_22_C_100_weight_None_solver_lbfgs.joblib,"{""C"": 100, ""class_weight"": null, ""max_iter"": 300, ""random_state"": 1, ""solver"": ""lbfgs""}",lr,22,/home/ubuntu/Desktop/DeepAmes_Full_STL_4_keep_weights/results_TA1537_with_S9/artifacts/base/lr/scalers/lr_seed_1_skf_4_paras_22_C_100_weight_None_solver_lbfgs_scaler.joblib,1,4
lr_seed_2_skf_2_paras_22_C_100_weight_None_solver_lbfgs,lr,2_skf_2,487,16,27,30,0.923,0.908,0.526,0.968,0.652,0.947,0.583,0.545,/home/ubuntu/Desktop/DeepAmes_Full_STL_4_keep_weights/results_TA1537_with_S9/artifacts/base/lr/estimators/lr_seed_2_skf_2_paras_22_C_100_weight_None_solver_lbfgs.joblib,"{""C"": 100, ""class_weight"": null, ""max_iter"": 300, ""random_state"": 1, ""solver"": ""lbfgs""}",lr,22,/home/ubuntu/Desktop/DeepAmes_Full_STL_4_keep_weights/results_TA1537_with_S9/artifacts/base/lr/scalers/lr_seed_2_skf_2_paras_22_C_100_weight_None_solver_lbfgs_scaler.joblib,2,2
lr_seed_2_skf_3_paras_22_C_100_weight_None_solver_lbfgs,lr,2_skf_3,484,19,26,31,0.92,0.913,0.544,0.962,0.62,0.949,0.579,0.537,/home/ubuntu/Desktop/DeepAmes_Full_STL_4_keep_weights/results_TA1537_with_S9/artifacts/base/lr/estimators/lr_seed_2_skf_3_paras_22_C_100_weight_None_solver_lbfgs.joblib,"{""C"": 100, ""class_weight"": null, ""max_iter"": 300, ""random_state"": 1, ""solver"": ""lbfgs""}",lr,22,/home/ubuntu/Desktop/DeepAmes_Full_STL_4_keep_weights/results_TA1537_with_S9/artifacts/base/lr/scalers/lr_seed_2_skf_3_paras_22_C_100_weight_None_solver_lbfgs_scaler.joblib,2,3
lr_seed_2_skf_4_paras_22_C_100_weight_None_solver_lbfgs,lr,2_skf_4,486,17,27,30,0.921,0.924,0.526,0.966,0.638,0.947,0.577,0.537,/home/ubuntu/Desktop/DeepAmes_Full_STL_4_keep_weights/results_TA1537_with_S9/artifacts/base/lr/estimators/lr_seed_2_skf_4_paras_22_C_100_weight_None_solver_lbfgs.joblib,"{""C"": 100, ""class_weight"": null, ""max_iter"": 300, ""random_state"": 1, ""solver"": ""lbfgs""}",lr,22,/home/ubuntu/Desktop/DeepAmes_Full_STL_4_keep_weights/results_TA1537_with_S9/artifacts/base/lr/scalers/lr_seed_2_skf_4_paras_22_C_100_weight_None_solver_lbfgs_scaler.joblib,2,4
lr_seed_3_skf_0_paras_22_C_100_weight_None_solver_lbfgs,lr,3_skf_0,487,16,26,31,0.925,0.919,0.544,0.968,0.66,0.949,0.596,0.558,/home/ubuntu/Desktop/DeepAmes_Full_STL_4_keep_weights/results_TA1537_with_S9/artifacts/base/lr/estimators/lr_seed_3_skf_0_paras_22_C_100_weight_None_solver_lbfgs.joblib,"{""C"": 100, ""class_weight"": null, ""max_iter"": 300, ""random_state"": 1, ""solver"": ""lbfgs""}",lr,22,/home/ubuntu/Desktop/DeepAmes_Full_STL_4_keep_weights/results_TA1537_with_S9/artifacts/base/lr/scalers/lr_seed_3_skf_0_paras_22_C_100_weight_None_solver_lbfgs_scaler.joblib,3,0
lr_seed_3_skf_1_paras_22_C_100_weight_None_solver_lbfgs,lr,3_skf_1,484,19,28,29,0.916,0.899,0.509,0.962,0.604,0.945,0.552,0.509,/home/ubuntu/Desktop/DeepAmes_Full_STL_4_keep_weights/results_TA1537_with_S9/artifacts/base/lr/estimators/lr_seed_3_skf_1_paras_22_C_100_weight_None_solver_lbfgs.joblib,"{""C"": 100, ""class_weight"": null, ""max_iter"": 300, ""random_state"": 1, ""solver"": ""lbfgs""}",lr,22,/home/ubuntu/Desktop/DeepAmes_Full_STL_4_keep_weights/results_TA1537_with_S9/artifacts/base/lr/scalers/lr_seed_3_skf_1_paras_22_C_100_weight_None_solver_lbfgs_scaler.joblib,3,1
lr_seed_3_skf_2_paras_22_C_100_weight_None_solver_lbfgs,lr,3_skf_2,483,20,29,28,0.912,0.919,0.491,0.96,0.583,0.943,0.533,0.488,/home/ubuntu/Desktop/DeepAmes_Full_STL_4_keep_weights/results_TA1537_with_S9/artifacts/base/lr/estimators/lr_seed_3_skf_2_paras_22_C_100_weight_None_solver_lbfgs.joblib,"{""C"": 100, ""class_weight"": null, ""max_iter"": 300, ""random_state"": 1, ""solver"": ""lbfgs""}",lr,22,/home/ubuntu/Desktop/DeepAmes_Full_STL_4_keep_weights/results_TA1537_with_S9/artifacts/base/lr/scalers/lr_seed_3_skf_2_paras_22_C_100_weight_None_solver_lbfgs_scaler.joblib,3,2
lr_seed_3_skf_4_paras_22_C_100_weight_None_solver_lbfgs,lr,3_skf_4,484,19,30,27,0.912,0.899,0.474,0.962,0.587,0.942,0.524,0.48,/home/ubuntu/Desktop/DeepAmes_Full_STL_4_keep_weights/results_TA1537_with_S9/artifacts/base/lr/estimators/lr_seed_3_skf_4_paras_22_C_100_weight_None_solver_lbfgs.joblib,"{""C"": 100, ""class_weight"": null, ""max_iter"": 300, ""random_state"": 1, ""solver"": ""lbfgs""}",lr,22,/home/ubuntu/Desktop/DeepAmes_Full_STL_4_keep_weights/results_TA1537_with_S9/artifacts/base/lr/scalers/lr_seed_3_skf_4_paras_22_C_100_weight_None_solver_lbfgs_scaler.joblib,3,4
lr_seed_4_skf_0_paras_22_C_100_weight_None_solver_lbfgs,lr,4_skf_0,486,17,25,32,0.925,0.919,0.561,0.966,0.653,0.951,0.604,0.565,/home/ubuntu/Desktop/DeepAmes_Full_STL_4_keep_weights/results_TA1537_with_S9/artifacts/base/lr/estimators/lr_seed_4_skf_0_paras_22_C_100_weight_None_solver_lbfgs.joblib,"{""C"": 100, ""class_weight"": null, ""max_iter"": 300, ""random_state"": 1, ""solver"": ""lbfgs""}",lr,22,/home/ubuntu/Desktop/DeepAmes_Full_STL_4_keep_weights/results_TA1537_with_S9/artifacts/base/lr/scalers/lr_seed_4_skf_0_paras_22_C_100_weight_None_solver_lbfgs_scaler.joblib,4,0
lr_seed_4_skf_2_paras_22_C_100_weight_None_solver_lbfgs,lr,4_skf_2,489,14,30,27,0.921,0.922,0.474,0.972,0.659,0.942,0.551,0.518,/home/ubuntu/Desktop/DeepAmes_Full_STL_4_keep_weights/results_TA1537_with_S9/artifacts/base/lr/estimators/lr_seed_4_skf_2_paras_22_C_100_weight_None_solver_lbfgs.joblib,"{""C"": 100, ""class_weight"": null, ""max_iter"": 300, ""random_state"": 1, ""solver"": ""lbfgs""}",lr,22,/home/ubuntu/Desktop/DeepAmes_Full_STL_4_keep_weights/results_TA1537_with_S9/artifacts/base/lr/scalers/lr_seed_4_skf_2_paras_22_C_100_weight_None_solver_lbfgs_scaler.joblib,4,2
lr_seed_4_skf_3_paras_22_C_100_weight_None_solver_lbfgs,lr,4_skf_3,485,18,25,32,0.923,0.907,0.561,0.964,0.64,0.951,0.598,0.557,/home/ubuntu/Desktop/DeepAmes_Full_STL_4_keep_weights/results_TA1537_with_S9/artifacts/base/lr/estimators/lr_seed_4_skf_3_paras_22_C_100_weight_None_solver_lbfgs.joblib,"{""C"": 100, ""class_weight"": null, ""max_iter"": 300, ""random_state"": 1, ""solver"": ""lbfgs""}",lr,22,/home/ubuntu/Desktop/DeepAmes_Full_STL_4_keep_weights/results_TA1537_with_S9/artifacts/base/lr/scalers/lr_seed_4_skf_3_paras_22_C_100_weight_None_solver_lbfgs_scaler.joblib,4,3
lr_seed_5_skf_1_paras_22_C_100_weight_None_solver_lbfgs,lr,5_skf_1,487,16,28,29,0.921,0.887,0.509,0.968,0.644,0.946,0.569,0.531,/home/ubuntu/Desktop/DeepAmes_Full_STL_4_keep_weights/results_TA1537_with_S9/artifacts/base/lr/estimators/lr_seed_5_skf_1_paras_22_C_100_weight_None_solver_lbfgs.joblib,"{""C"": 100, ""class_weight"": null, ""max_iter"": 300, ""random_state"": 1, ""solver"": ""lbfgs""}",lr,22,/home/ubuntu/Desktop/DeepAmes_Full_STL_4_keep_weights/results_TA1537_with_S9/artifacts/base/lr/scalers/lr_seed_5_skf_1_paras_22_C_100_weight_None_solver_lbfgs_scaler.joblib,5,1
lr_seed_5_skf_2_paras_22_C_100_weight_None_solver_lbfgs,lr,5_skf_2,483,20,29,28,0.912,0.918,0.491,0.96,0.583,0.943,0.533,0.488,/home/ubuntu/Desktop/DeepAmes_Full_STL_4_keep_weights/results_TA1537_with_S9/artifacts/base/lr/estimators/lr_seed_5_skf_2_paras_22_C_100_weight_None_solver_lbfgs.joblib,"{""C"": 100, ""class_weight"": null, ""max_iter"": 300, ""random_state"": 1, ""solver"": ""lbfgs""}",lr,22,/home/ubuntu/Desktop/DeepAmes_Full_STL_4_keep_weights/results_TA1537_with_S9/artifacts/base/lr/scalers/lr_seed_5_skf_2_paras_22_C_100_weight_None_solver_lbfgs_scaler.joblib,5,2
lr_seed_5_skf_3_paras_22_C_100_weight_None_solver_lbfgs,lr,5_skf_3,487,16,29,28,0.92,0.922,0.491,0.968,0.636,0.944,0.554,0.516,/home/ubuntu/Desktop/DeepAmes_Full_STL_4_keep_weights/results_TA1537_with_S9/artifacts/base/lr/estimators/lr_seed_5_skf_3_paras_22_C_100_weight_None_solver_lbfgs.joblib,"{""C"": 100, ""class_weight"": null, ""max_iter"": 300, ""random_state"": 1, ""solver"": ""lbfgs""}",lr,22,/home/ubuntu/Desktop/DeepAmes_Full_STL_4_keep_weights/results_TA1537_with_S9/artifacts/base/lr/scalers/lr_seed_5_skf_3_paras_22_C_100_weight_None_solver_lbfgs_scaler.joblib,5,3
lr_seed_5_skf_4_paras_22_C_100_weight_None_solver_lbfgs,lr,5_skf_4,486,17,30,27,0.916,0.915,0.474,0.966,0.614,0.942,0.535,0.494,/home/ubuntu/Desktop/DeepAmes_Full_STL_4_keep_weights/results_TA1537_with_S9/artifacts/base/lr/estimators/lr_seed_5_skf_4_paras_22_C_100_weight_None_solver_lbfgs.joblib,"{""C"": 100, ""class_weight"": null, ""max_iter"": 300, ""random_state"": 1, ""solver"": ""lbfgs""}",lr,22,/home/ubuntu/Desktop/DeepAmes_Full_STL_4_keep_weights/results_TA1537_with_S9/artifacts/base/lr/scalers/lr_seed_5_skf_4_paras_22_C_100_weight_None_solver_lbfgs_scaler.joblib,5,4
lr_seed_6_skf_1_paras_22_C_100_weight_None_solver_lbfgs,lr,6_skf_1,486,17,28,29,0.92,0.914,0.509,0.966,0.63,0.946,0.563,0.523,/home/ubuntu/Desktop/DeepAmes_Full_STL_4_keep_weights/results_TA1537_with_S9/artifacts/base/lr/estimators/lr_seed_6_skf_1_paras_22_C_100_weight_None_solver_lbfgs.joblib,"{""C"": 100, ""class_weight"": null, ""max_iter"": 300, ""random_state"": 1, ""solver"": ""lbfgs""}",lr,22,/home/ubuntu/Desktop/DeepAmes_Full_STL_4_keep_weights/results_TA1537_with_S9/artifacts/base/lr/scalers/lr_seed_6_skf_1_paras_22_C_100_weight_None_solver_lbfgs_scaler.joblib,6,1
lr_seed_6_skf_2_paras_22_C_100_weight_None_solver_lbfgs,lr,6_skf_2,488,15,31,26,0.918,0.911,0.456,0.97,0.634,0.94,0.531,0.495,/home/ubuntu/Desktop/DeepAmes_Full_STL_4_keep_weights/results_TA1537_with_S9/artifacts/base/lr/estimators/lr_seed_6_skf_2_paras_22_C_100_weight_None_solver_lbfgs.joblib,"{""C"": 100, ""class_weight"": null, ""max_iter"": 300, ""random_state"": 1, ""solver"": ""lbfgs""}",lr,22,/home/ubuntu/Desktop/DeepAmes_Full_STL_4_keep_weights/results_TA1537_with_S9/artifacts/base/lr/scalers/lr_seed_6_skf_2_paras_22_C_100_weight_None_solver_lbfgs_scaler.joblib,6,2
lr_seed_6_skf_3_paras_22_C_100_weight_None_solver_lbfgs,lr,6_skf_3,490,13,29,28,0.925,0.922,0.491,0.974,0.683,0.944,0.571,0.54,/home/ubuntu/Desktop/DeepAmes_Full_STL_4_keep_weights/results_TA1537_with_S9/artifacts/base/lr/estimators/lr_seed_6_skf_3_paras_22_C_100_weight_None_solver_lbfgs.joblib,"{""C"": 100, ""class_weight"": null, ""max_iter"": 300, ""random_state"": 1, ""solver"": ""lbfgs""}",lr,22,/home/ubuntu/Desktop/DeepAmes_Full_STL_4_keep_weights/results_TA1537_with_S9/artifacts/base/lr/scalers/lr_seed_6_skf_3_paras_22_C_100_weight_None_solver_lbfgs_scaler.joblib,6,3
lr_seed_6_skf_4_paras_22_C_100_weight_None_solver_lbfgs,lr,6_skf_4,483,20,27,30,0.916,0.906,0.526,0.96,0.6,0.947,0.561,0.516,/home/ubuntu/Desktop/DeepAmes_Full_STL_4_keep_weights/results_TA1537_with_S9/artifacts/base/lr/estimators/lr_seed_6_skf_4_paras_22_C_100_weight_None_solver_lbfgs.joblib,"{""C"": 100, ""class_weight"": null, ""max_iter"": 300, ""random_state"": 1, ""solver"": ""lbfgs""}",lr,22,/home/ubuntu/Desktop/DeepAmes_Full_STL_4_keep_weights/results_TA1537_with_S9/artifacts/base/lr/scalers/lr_seed_6_skf_4_paras_22_C_100_weight_None_solver_lbfgs_scaler.joblib,6,4
lr_seed_7_skf_1_paras_22_C_100_weight_None_solver_lbfgs,lr,7_skf_1,488,15,30,27,0.92,0.91,0.474,0.97,0.643,0.942,0.545,0.51,/home/ubuntu/Desktop/DeepAmes_Full_STL_4_keep_weights/results_TA1537_with_S9/artifacts/base/lr/estimators/lr_seed_7_skf_1_paras_22_C_100_weight_None_solver_lbfgs.joblib,"{""C"": 100, ""class_weight"": null, ""max_iter"": 300, ""random_state"": 1, ""solver"": ""lbfgs""}",lr,22,/home/ubuntu/Desktop/DeepAmes_Full_STL_4_keep_weights/results_TA1537_with_S9/artifacts/base/lr/scalers/lr_seed_7_skf_1_paras_22_C_100_weight_None_solver_lbfgs_scaler.joblib,7,1
lr_seed_7_skf_2_paras_22_C_100_weight_None_solver_lbfgs,lr,7_skf_2,490,13,28,29,0.927,0.927,0.509,0.974,0.69,0.946,0.586,0.554,/home/ubuntu/Desktop/DeepAmes_Full_STL_4_keep_weights/results_TA1537_with_S9/artifacts/base/lr/estimators/lr_seed_7_skf_2_paras_22_C_100_weight_None_solver_lbfgs.joblib,"{""C"": 100, ""class_weight"": null, ""max_iter"": 300, ""random_state"": 1, ""solver"": ""lbfgs""}",lr,22,/home/ubuntu/Desktop/DeepAmes_Full_STL_4_keep_weights/results_TA1537_with_S9/artifacts/base/lr/scalers/lr_seed_7_skf_2_paras_22_C_100_weight_None_solver_lbfgs_scaler.joblib,7,2
lr_seed_7_skf_3_paras_22_C_100_weight_None_solver_lbfgs,lr,7_skf_3,483,20,27,30,0.916,0.906,0.526,0.96,0.6,0.947,0.561,0.516,/home/ubuntu/Desktop/DeepAmes_Full_STL_4_keep_weights/results_TA1537_with_S9/artifacts/base/lr/estimators/lr_seed_7_skf_3_paras_22_C_100_weight_None_solver_lbfgs.joblib,"{""C"": 100, ""class_weight"": null, ""max_iter"": 300, ""random_state"": 1, ""solver"": ""lbfgs""}",lr,22,/home/ubuntu/Desktop/DeepAmes_Full_STL_4_keep_weights/results_TA1537_with_S9/artifacts/base/lr/scalers/lr_seed_7_skf_3_paras_22_C_100_weight_None_solver_lbfgs_scaler.joblib,7,3
lr_seed_7_skf_4_paras_22_C_100_weight_None_solver_lbfgs,lr,7_skf_4,485,18,25,32,0.923,0.915,0.561,0.964,0.64,0.951,0.598,0.557,/home/ubuntu/Desktop/DeepAmes_Full_STL_4_keep_weights/results_TA1537_with_S9/artifacts/base/lr/estimators/lr_seed_7_skf_4_paras_22_C_100_weight_None_solver_lbfgs.joblib,"{""C"": 100, ""class_weight"": null, ""max_iter"": 300, ""random_state"": 1, ""solver"": ""lbfgs""}",lr,22,/home/ubuntu/Desktop/DeepAmes_Full_STL_4_keep_weights/results_TA1537_with_S9/artifacts/base/lr/scalers/lr_seed_7_skf_4_paras_22_C_100_weight_None_solver_lbfgs_scaler.joblib,7,4
lr_seed_8_skf_0_paras_22_C_100_weight_None_solver_lbfgs,lr,8_skf_0,481,22,24,33,0.918,0.912,0.579,0.956,0.6,0.952,0.589,0.544,/home/ubuntu/Desktop/DeepAmes_Full_STL_4_keep_weights/results_TA1537_with_S9/artifacts/base/lr/estimators/lr_seed_8_skf_0_paras_22_C_100_weight_None_solver_lbfgs.joblib,"{""C"": 100, ""class_weight"": null, ""max_iter"": 300, ""random_state"": 1, ""solver"": ""lbfgs""}",lr,22,/home/ubuntu/Desktop/DeepAmes_Full_STL_4_keep_weights/results_TA1537_with_S9/artifacts/base/lr/scalers/lr_seed_8_skf_0_paras_22_C_100_weight_None_solver_lbfgs_scaler.joblib,8,0
lr_seed_8_skf_1_paras_22_C_100_weight_None_solver_lbfgs,lr,8_skf_1,486,17,27,30,0.921,0.916,0.526,0.966,0.638,0.947,0.577,0.537,/home/ubuntu/Desktop/DeepAmes_Full_STL_4_keep_weights/results_TA1537_with_S9/artifacts/base/lr/estimators/lr_seed_8_skf_1_paras_22_C_100_weight_None_solver_lbfgs.joblib,"{""C"": 100, ""class_weight"": null, ""max_iter"": 300, ""random_state"": 1, ""solver"": ""lbfgs""}",lr,22,/home/ubuntu/Desktop/DeepAmes_Full_STL_4_keep_weights/results_TA1537_with_S9/artifacts/base/lr/scalers/lr_seed_8_skf_1_paras_22_C_100_weight_None_solver_lbfgs_scaler.joblib,8,1
lr_seed_8_skf_2_paras_22_C_100_weight_None_solver_lbfgs,lr,8_skf_2,481,22,28,29,0.911,0.917,0.509,0.956,0.569,0.945,0.537,0.489,/home/ubuntu/Desktop/DeepAmes_Full_STL_4_keep_weights/results_TA1537_with_S9/artifacts/base/lr/estimators/lr_seed_8_skf_2_paras_22_C_100_weight_None_solver_lbfgs.joblib,"{""C"": 100, ""class_weight"": null, ""max_iter"": 300, ""random_state"": 1, ""solver"": ""lbfgs""}",lr,22,/home/ubuntu/Desktop/DeepAmes_Full_STL_4_keep_weights/results_TA1537_with_S9/artifacts/base/lr/scalers/lr_seed_8_skf_2_paras_22_C_100_weight_None_solver_lbfgs_scaler.joblib,8,2
lr_seed_8_skf_4_paras_22_C_100_weight_None_solver_lbfgs,lr,8_skf_4,487,16,29,28,0.92,0.923,0.491,0.968,0.636,0.944,0.554,0.516,/home/ubuntu/Desktop/DeepAmes_Full_STL_4_keep_weights/results_TA1537_with_S9/artifacts/base/lr/estimators/lr_seed_8_skf_4_paras_22_C_100_weight_None_solver_lbfgs.joblib,"{""C"": 100, ""class_weight"": null, ""max_iter"": 300, ""random_state"": 1, ""solver"": ""lbfgs""}",lr,22,/home/ubuntu/Desktop/DeepAmes_Full_STL_4_keep_weights/results_TA1537_with_S9/artifacts/base/lr/scalers/lr_seed_8_skf_4_paras_22_C_100_weight_None_solver_lbfgs_scaler.joblib,8,4
lr_seed_9_skf_0_paras_22_C_100_weight_None_solver_lbfgs,lr,9_skf_0,486,17,26,31,0.923,0.927,0.544,0.966,0.646,0.949,0.59,0.551,/home/ubuntu/Desktop/DeepAmes_Full_STL_4_keep_weights/results_TA1537_with_S9/artifacts/base/lr/estimators/lr_seed_9_skf_0_paras_22_C_100_weight_None_solver_lbfgs.joblib,"{""C"": 100, ""class_weight"": null, ""max_iter"": 300, ""random_state"": 1, ""solver"": ""lbfgs""}",lr,22,/home/ubuntu/Desktop/DeepAmes_Full_STL_4_keep_weights/results_TA1537_with_S9/artifacts/base/lr/scalers/lr_seed_9_skf_0_paras_22_C_100_weight_None_solver_lbfgs_scaler.joblib,9,0
lr_seed_9_skf_3_paras_22_C_100_weight_None_solver_lbfgs,lr,9_skf_3,484,19,28,29,0.916,0.909,0.509,0.962,0.604,0.945,0.552,0.509,/home/ubuntu/Desktop/DeepAmes_Full_STL_4_keep_weights/results_TA1537_with_S9/artifacts/base/lr/estimators/lr_seed_9_skf_3_paras_22_C_100_weight_None_solver_lbfgs.joblib,"{""C"": 100, ""class_weight"": null, ""max_iter"": 300, ""random_state"": 1, ""solver"": ""lbfgs""}",lr,22,/home/ubuntu/Desktop/DeepAmes_Full_STL_4_keep_weights/results_TA1537_with_S9/artifacts/base/lr/scalers/lr_seed_9_skf_3_paras_22_C_100_weight_None_solver_lbfgs_scaler.joblib,9,3
lr_seed_9_skf_4_paras_22_C_100_weight_None_solver_lbfgs,lr,9_skf_4,484,19,28,29,0.916,0.916,0.509,0.962,0.604,0.945,0.552,0.509,/home/ubuntu/Desktop/DeepAmes_Full_STL_4_keep_weights/results_TA1537_with_S9/artifacts/base/lr/estimators/lr_seed_9_skf_4_paras_22_C_100_weight_None_solver_lbfgs.joblib,"{""C"": 100, ""class_weight"": null, ""max_iter"": 300, ""random_state"": 1, ""solver"": ""lbfgs""}",lr,22,/home/ubuntu/Desktop/DeepAmes_Full_STL_4_keep_weights/results_TA1537_with_S9/artifacts/base/lr/scalers/lr_seed_9_skf_4_paras_22_C_100_weight_None_solver_lbfgs_scaler.joblib,9,4
lr_seed_10_skf_0_paras_22_C_100_weight_None_solver_lbfgs,lr,10_skf_0,486,17,27,30,0.921,0.907,0.526,0.966,0.638,0.947,0.577,0.537,/home/ubuntu/Desktop/DeepAmes_Full_STL_4_keep_weights/results_TA1537_with_S9/artifacts/base/lr/estimators/lr_seed_10_skf_0_paras_22_C_100_weight_None_solver_lbfgs.joblib,"{""C"": 100, ""class_weight"": null, ""max_iter"": 300, ""random_state"": 1, ""solver"": ""lbfgs""}",lr,22,/home/ubuntu/Desktop/DeepAmes_Full_STL_4_keep_weights/results_TA1537_with_S9/artifacts/base/lr/scalers/lr_seed_10_skf_0_paras_22_C_100_weight_None_solver_lbfgs_scaler.joblib,10,0
lr_seed_10_skf_2_paras_22_C_100_weight_None_solver_lbfgs,lr,10_skf_2,490,13,33,24,0.918,0.919,0.421,0.974,0.649,0.937,0.511,0.481,/home/ubuntu/Desktop/DeepAmes_Full_STL_4_keep_weights/results_TA1537_with_S9/artifacts/base/lr/estimators/lr_seed_10_skf_2_paras_22_C_100_weight_None_solver_lbfgs.joblib,"{""C"": 100, ""class_weight"": null, ""max_iter"": 300, ""random_state"": 1, ""solver"": ""lbfgs""}",lr,22,/home/ubuntu/Desktop/DeepAmes_Full_STL_4_keep_weights/results_TA1537_with_S9/artifacts/base/lr/scalers/lr_seed_10_skf_2_paras_22_C_100_weight_None_solver_lbfgs_scaler.joblib,10,2
lr_seed_10_skf_3_paras_22_C_100_weight_None_solver_lbfgs,lr,10_skf_3,485,18,29,28,0.916,0.91,0.491,0.964,0.609,0.944,0.544,0.502,/home/ubuntu/Desktop/DeepAmes_Full_STL_4_keep_weights/results_TA1537_with_S9/artifacts/base/lr/estimators/lr_seed_10_skf_3_paras_22_C_100_weight_None_solver_lbfgs.joblib,"{""C"": 100, ""class_weight"": null, ""max_iter"": 300, ""random_state"": 1, ""solver"": ""lbfgs""}",lr,22,/home/ubuntu/Desktop/DeepAmes_Full_STL_4_keep_weights/results_TA1537_with_S9/artifacts/base/lr/scalers/lr_seed_10_skf_3_paras_22_C_100_weight_None_solver_lbfgs_scaler.joblib,10,3
lr_seed_10_skf_4_paras_22_C_100_weight_None_solver_lbfgs,lr,10_skf_4,484,19,26,31,0.92,0.907,0.544,0.962,0.62,0.949,0.579,0.537,/home/ubuntu/Desktop/DeepAmes_Full_STL_4_keep_weights/results_TA1537_with_S9/artifacts/base/lr/estimators/lr_seed_10_skf_4_paras_22_C_100_weight_None_solver_lbfgs.joblib,"{""C"": 100, ""class_weight"": null, ""max_iter"": 300, ""random_state"": 1, ""solver"": ""lbfgs""}",lr,22,/home/ubuntu/Desktop/DeepAmes_Full_STL_4_keep_weights/results_TA1537_with_S9/artifacts/base/lr/scalers/lr_seed_10_skf_4_paras_22_C_100_weight_None_solver_lbfgs_scaler.joblib,10,4
lr_seed_11_skf_0_paras_22_C_100_weight_None_solver_lbfgs,lr,11_skf_0,486,17,31,26,0.914,0.919,0.456,0.966,0.605,0.94,0.52,0.48,/home/ubuntu/Desktop/DeepAmes_Full_STL_4_keep_weights/results_TA1537_with_S9/artifacts/base/lr/estimators/lr_seed_11_skf_0_paras_22_C_100_weight_None_solver_lbfgs.joblib,"{""C"": 100, ""class_weight"": null, ""max_iter"": 300, ""random_state"": 1, ""solver"": ""lbfgs""}",lr,22,/home/ubuntu/Desktop/DeepAmes_Full_STL_4_keep_weights/results_TA1537_with_S9/artifacts/base/lr/scalers/lr_seed_11_skf_0_paras_22_C_100_weight_None_solver_lbfgs_scaler.joblib,11,0
lr_seed_11_skf_1_paras_22_C_100_weight_None_solver_lbfgs,lr,11_skf_1,486,17,27,30,0.921,0.916,0.526,0.966,0.638,0.947,0.577,0.537,/home/ubuntu/Desktop/DeepAmes_Full_STL_4_keep_weights/results_TA1537_with_S9/artifacts/base/lr/estimators/lr_seed_11_skf_1_paras_22_C_100_weight_None_solver_lbfgs.joblib,"{""C"": 100, ""class_weight"": null, ""max_iter"": 300, ""random_state"": 1, ""solver"": ""lbfgs""}",lr,22,/home/ubuntu/Desktop/DeepAmes_Full_STL_4_keep_weights/results_TA1537_with_S9/artifacts/base/lr/scalers/lr_seed_11_skf_1_paras_22_C_100_weight_None_solver_lbfgs_scaler.joblib,11,1
lr_seed_11_skf_2_paras_22_C_100_weight_None_solver_lbfgs,lr,11_skf_2,485,18,25,32,0.923,0.915,0.561,0.964,0.64,0.951,0.598,0.557,/home/ubuntu/Desktop/DeepAmes_Full_STL_4_keep_weights/results_TA1537_with_S9/artifacts/base/lr/estimators/lr_seed_11_skf_2_paras_22_C_100_weight_None_solver_lbfgs.joblib,"{""C"": 100, ""class_weight"": null, ""max_iter"": 300, ""random_state"": 1, ""solver"": ""lbfgs""}",lr,22,/home/ubuntu/Desktop/DeepAmes_Full_STL_4_keep_weights/results_TA1537_with_S9/artifacts/base/lr/scalers/lr_seed_11_skf_2_paras_22_C_100_weight_None_solver_lbfgs_scaler.joblib,11,2
lr_seed_11_skf_3_paras_22_C_100_weight_None_solver_lbfgs,lr,11_skf_3,484,19,29,28,0.914,0.914,0.491,0.962,0.596,0.943,0.538,0.494,/home/ubuntu/Desktop/DeepAmes_Full_STL_4_keep_weights/results_TA1537_with_S9/artifacts/base/lr/estimators/lr_seed_11_skf_3_paras_22_C_100_weight_None_solver_lbfgs.joblib,"{""C"": 100, ""class_weight"": null, ""max_iter"": 300, ""random_state"": 1, ""solver"": ""lbfgs""}",lr,22,/home/ubuntu/Desktop/DeepAmes_Full_STL_4_keep_weights/results_TA1537_with_S9/artifacts/base/lr/scalers/lr_seed_11_skf_3_paras_22_C_100_weight_None_solver_lbfgs_scaler.joblib,11,3
lr_seed_12_skf_1_paras_22_C_100_weight_None_solver_lbfgs,lr,12_skf_1,490,13,27,30,0.929,0.922,0.526,0.974,0.698,0.948,0.6,0.568,/home/ubuntu/Desktop/DeepAmes_Full_STL_4_keep_weights/results_TA1537_with_S9/artifacts/base/lr/estimators/lr_seed_12_skf_1_paras_22_C_100_weight_None_solver_lbfgs.joblib,"{""C"": 100, ""class_weight"": null, ""max_iter"": 300, ""random_state"": 1, ""solver"": ""lbfgs""}",lr,22,/home/ubuntu/Desktop/DeepAmes_Full_STL_4_keep_weights/results_TA1537_with_S9/artifacts/base/lr/scalers/lr_seed_12_skf_1_paras_22_C_100_weight_None_solver_lbfgs_scaler.joblib,12,1
lr_seed_12_skf_2_paras_22_C_100_weight_None_solver_lbfgs,lr,12_skf_2,483,20,28,29,0.914,0.901,0.509,0.96,0.592,0.945,0.547,0.502,/home/ubuntu/Desktop/DeepAmes_Full_STL_4_keep_weights/results_TA1537_with_S9/artifacts/base/lr/estimators/lr_seed_12_skf_2_paras_22_C_100_weight_None_solver_lbfgs.joblib,"{""C"": 100, ""class_weight"": null, ""max_iter"": 300, ""random_state"": 1, ""solver"": ""lbfgs""}",lr,22,/home/ubuntu/Desktop/DeepAmes_Full_STL_4_keep_weights/results_TA1537_with_S9/artifacts/base/lr/scalers/lr_seed_12_skf_2_paras_22_C_100_weight_None_solver_lbfgs_scaler.joblib,12,2
lr_seed_12_skf_4_paras_22_C_100_weight_None_solver_lbfgs,lr,12_skf_4,485,18,26,31,0.921,0.913,0.544,0.964,0.633,0.949,0.585,0.544,/home/ubuntu/Desktop/DeepAmes_Full_STL_4_keep_weights/results_TA1537_with_S9/artifacts/base/lr/estimators/lr_seed_12_skf_4_paras_22_C_100_weight_None_solver_lbfgs.joblib,"{""C"": 100, ""class_weight"": null, ""max_iter"": 300, ""random_state"": 1, ""solver"": ""lbfgs""}",lr,22,/home/ubuntu/Desktop/DeepAmes_Full_STL_4_keep_weights/results_TA1537_with_S9/artifacts/base/lr/scalers/lr_seed_12_skf_4_paras_22_C_100_weight_None_solver_lbfgs_scaler.joblib,12,4
lr_seed_13_skf_0_paras_22_C_100_weight_None_solver_lbfgs,lr,13_skf_0,484,19,30,27,0.912,0.918,0.474,0.962,0.587,0.942,0.524,0.48,/home/ubuntu/Desktop/DeepAmes_Full_STL_4_keep_weights/results_TA1537_with_S9/artifacts/base/lr/estimators/lr_seed_13_skf_0_paras_22_C_100_weight_None_solver_lbfgs.joblib,"{""C"": 100, ""class_weight"": null, ""max_iter"": 300, ""random_state"": 1, ""solver"": ""lbfgs""}",lr,22,/home/ubuntu/Desktop/DeepAmes_Full_STL_4_keep_weights/results_TA1537_with_S9/artifacts/base/lr/scalers/lr_seed_13_skf_0_paras_22_C_100_weight_None_solver_lbfgs_scaler.joblib,13,0
lr_seed_13_skf_1_paras_22_C_100_weight_None_solver_lbfgs,lr,13_skf_1,479,24,24,33,0.914,0.902,0.579,0.952,0.579,0.952,0.579,0.531,/home/ubuntu/Desktop/DeepAmes_Full_STL_4_keep_weights/results_TA1537_with_S9/artifacts/base/lr/estimators/lr_seed_13_skf_1_paras_22_C_100_weight_None_solver_lbfgs.joblib,"{""C"": 100, ""class_weight"": null, ""max_iter"": 300, ""random_state"": 1, ""solver"": ""lbfgs""}",lr,22,/home/ubuntu/Desktop/DeepAmes_Full_STL_4_keep_weights/results_TA1537_with_S9/artifacts/base/lr/scalers/lr_seed_13_skf_1_paras_22_C_100_weight_None_solver_lbfgs_scaler.joblib,13,1
lr_seed_13_skf_2_paras_22_C_100_weight_None_solver_lbfgs,lr,13_skf_2,487,16,27,30,0.923,0.923,0.526,0.968,0.652,0.947,0.583,0.545,/home/ubuntu/Desktop/DeepAmes_Full_STL_4_keep_weights/results_TA1537_with_S9/artifacts/base/lr/estimators/lr_seed_13_skf_2_paras_22_C_100_weight_None_solver_lbfgs.joblib,"{""C"": 100, ""class_weight"": null, ""max_iter"": 300, ""random_state"": 1, ""solver"": ""lbfgs""}",lr,22,/home/ubuntu/Desktop/DeepAmes_Full_STL_4_keep_weights/results_TA1537_with_S9/artifacts/base/lr/scalers/lr_seed_13_skf_2_paras_22_C_100_weight_None_solver_lbfgs_scaler.joblib,13,2
lr_seed_13_skf_4_paras_22_C_100_weight_None_solver_lbfgs,lr,13_skf_4,484,19,29,28,0.914,0.902,0.491,0.962,0.596,0.943,0.538,0.494,/home/ubuntu/Desktop/DeepAmes_Full_STL_4_keep_weights/results_TA1537_with_S9/artifacts/base/lr/estimators/lr_seed_13_skf_4_paras_22_C_100_weight_None_solver_lbfgs.joblib,"{""C"": 100, ""class_weight"": null, ""max_iter"": 300, ""random_state"": 1, ""solver"": ""lbfgs""}",lr,22,/home/ubuntu/Desktop/DeepAmes_Full_STL_4_keep_weights/results_TA1537_with_S9/artifacts/base/lr/scalers/lr_seed_13_skf_4_paras_22_C_100_weight_None_solver_lbfgs_scaler.joblib,13,4
lr_seed_14_skf_0_paras_22_C_100_weight_None_solver_lbfgs,lr,14_skf_0,488,15,26,31,0.927,0.91,0.544,0.97,0.674,0.949,0.602,0.566,/home/ubuntu/Desktop/DeepAmes_Full_STL_4_keep_weights/results_TA1537_with_S9/artifacts/base/lr/estimators/lr_seed_14_skf_0_paras_22_C_100_weight_None_solver_lbfgs.joblib,"{""C"": 100, ""class_weight"": null, ""max_iter"": 300, ""random_state"": 1, ""solver"": ""lbfgs""}",lr,22,/home/ubuntu/Desktop/DeepAmes_Full_STL_4_keep_weights/results_TA1537_with_S9/artifacts/base/lr/scalers/lr_seed_14_skf_0_paras_22_C_100_weight_None_solver_lbfgs_scaler.joblib,14,0
lr_seed_14_skf_1_paras_22_C_100_weight_None_solver_lbfgs,lr,14_skf_1,485,18,24,33,0.925,0.914,0.579,0.964,0.647,0.953,0.611,0.571,/home/ubuntu/Desktop/DeepAmes_Full_STL_4_keep_weights/results_TA1537_with_S9/artifacts/base/lr/estimators/lr_seed_14_skf_1_paras_22_C_100_weight_None_solver_lbfgs.joblib,"{""C"": 100, ""class_weight"": null, ""max_iter"": 300, ""random_state"": 1, ""solver"": ""lbfgs""}",lr,22,/home/ubuntu/Desktop/DeepAmes_Full_STL_4_keep_weights/results_TA1537_with_S9/artifacts/base/lr/scalers/lr_seed_14_skf_1_paras_22_C_100_weight_None_solver_lbfgs_scaler.joblib,14,1
lr_seed_14_skf_2_paras_22_C_100_weight_None_solver_lbfgs,lr,14_skf_2,484,19,30,27,0.912,0.898,0.474,0.962,0.587,0.942,0.524,0.48,/home/ubuntu/Desktop/DeepAmes_Full_STL_4_keep_weights/results_TA1537_with_S9/artifacts/base/lr/estimators/lr_seed_14_skf_2_paras_22_C_100_weight_None_solver_lbfgs.joblib,"{""C"": 100, ""class_weight"": null, ""max_iter"": 300, ""random_state"": 1, ""solver"": ""lbfgs""}",lr,22,/home/ubuntu/Desktop/DeepAmes_Full_STL_4_keep_weights/results_TA1537_with_S9/artifacts/base/lr/scalers/lr_seed_14_skf_2_paras_22_C_100_weight_None_solver_lbfgs_scaler.joblib,14,2
lr_seed_14_skf_3_paras_22_C_100_weight_None_solver_lbfgs,lr,14_skf_3,479,24,26,31,0.911,0.925,0.544,0.952,0.564,0.949,0.554,0.504,/home/ubuntu/Desktop/DeepAmes_Full_STL_4_keep_weights/results_TA1537_with_S9/artifacts/base/lr/estimators/lr_seed_14_skf_3_paras_22_C_100_weight_None_solver_lbfgs.joblib,"{""C"": 100, ""class_weight"": null, ""max_iter"": 300, ""random_state"": 1, ""solver"": ""lbfgs""}",lr,22,/home/ubuntu/Desktop/DeepAmes_Full_STL_4_keep_weights/results_TA1537_with_S9/artifacts/base/lr/scalers/lr_seed_14_skf_3_paras_22_C_100_weight_None_solver_lbfgs_scaler.joblib,14,3
lr_seed_14_skf_4_paras_22_C_100_weight_None_solver_lbfgs,lr,14_skf_4,488,15,26,31,0.927,0.899,0.544,0.97,0.674,0.949,0.602,0.566,/home/ubuntu/Desktop/DeepAmes_Full_STL_4_keep_weights/results_TA1537_with_S9/artifacts/base/lr/estimators/lr_seed_14_skf_4_paras_22_C_100_weight_None_solver_lbfgs.joblib,"{""C"": 100, ""class_weight"": null, ""max_iter"": 300, ""random_state"": 1, ""solver"": ""lbfgs""}",lr,22,/home/ubuntu/Desktop/DeepAmes_Full_STL_4_keep_weights/results_TA1537_with_S9/artifacts/base/lr/scalers/lr_seed_14_skf_4_paras_22_C_100_weight_None_solver_lbfgs_scaler.joblib,14,4
lr_seed_15_skf_1_paras_22_C_100_weight_None_solver_lbfgs,lr,15_skf_1,487,16,27,30,0.923,0.913,0.526,0.968,0.652,0.947,0.583,0.545,/home/ubuntu/Desktop/DeepAmes_Full_STL_4_keep_weights/results_TA1537_with_S9/artifacts/base/lr/estimators/lr_seed_15_skf_1_paras_22_C_100_weight_None_solver_lbfgs.joblib,"{""C"": 100, ""class_weight"": null, ""max_iter"": 300, ""random_state"": 1, ""solver"": ""lbfgs""}",lr,22,/home/ubuntu/Desktop/DeepAmes_Full_STL_4_keep_weights/results_TA1537_with_S9/artifacts/base/lr/scalers/lr_seed_15_skf_1_paras_22_C_100_weight_None_solver_lbfgs_scaler.joblib,15,1
lr_seed_15_skf_2_paras_22_C_100_weight_None_solver_lbfgs,lr,15_skf_2,486,17,24,33,0.927,0.936,0.579,0.966,0.66,0.953,0.617,0.578,/home/ubuntu/Desktop/DeepAmes_Full_STL_4_keep_weights/results_TA1537_with_S9/artifacts/base/lr/estimators/lr_seed_15_skf_2_paras_22_C_100_weight_None_solver_lbfgs.joblib,"{""C"": 100, ""class_weight"": null, ""max_iter"": 300, ""random_state"": 1, ""solver"": ""lbfgs""}",lr,22,/home/ubuntu/Desktop/DeepAmes_Full_STL_4_keep_weights/results_TA1537_with_S9/artifacts/base/lr/scalers/lr_seed_15_skf_2_paras_22_C_100_weight_None_solver_lbfgs_scaler.joblib,15,2
lr_seed_15_skf_3_paras_22_C_100_weight_None_solver_lbfgs,lr,15_skf_3,483,20,26,31,0.918,0.915,0.544,0.96,0.608,0.949,0.574,0.53,/home/ubuntu/Desktop/DeepAmes_Full_STL_4_keep_weights/results_TA1537_with_S9/artifacts/base/lr/estimators/lr_seed_15_skf_3_paras_22_C_100_weight_None_solver_lbfgs.joblib,"{""C"": 100, ""class_weight"": null, ""max_iter"": 300, ""random_state"": 1, ""solver"": ""lbfgs""}",lr,22,/home/ubuntu/Desktop/DeepAmes_Full_STL_4_keep_weights/results_TA1537_with_S9/artifacts/base/lr/scalers/lr_seed_15_skf_3_paras_22_C_100_weight_None_solver_lbfgs_scaler.joblib,15,3
lr_seed_15_skf_4_paras_22_C_100_weight_None_solver_lbfgs,lr,15_skf_4,486,17,28,29,0.92,0.905,0.509,0.966,0.63,0.946,0.563,0.523,/home/ubuntu/Desktop/DeepAmes_Full_STL_4_keep_weights/results_TA1537_with_S9/artifacts/base/lr/estimators/lr_seed_15_skf_4_paras_22_C_100_weight_None_solver_lbfgs.joblib,"{""C"": 100, ""class_weight"": null, ""max_iter"": 300, ""random_state"": 1, ""solver"": ""lbfgs""}",lr,22,/home/ubuntu/Desktop/DeepAmes_Full_STL_4_keep_weights/results_TA1537_with_S9/artifacts/base/lr/scalers/lr_seed_15_skf_4_paras_22_C_100_weight_None_solver_lbfgs_scaler.joblib,15,4
lr_seed_16_skf_1_paras_22_C_100_weight_None_solver_lbfgs,lr,16_skf_1,485,18,27,30,0.92,0.926,0.526,0.964,0.625,0.947,0.571,0.53,/home/ubuntu/Desktop/DeepAmes_Full_STL_4_keep_weights/results_TA1537_with_S9/artifacts/base/lr/estimators/lr_seed_16_skf_1_paras_22_C_100_weight_None_solver_lbfgs.joblib,"{""C"": 100, ""class_weight"": null, ""max_iter"": 300, ""random_state"": 1, ""solver"": ""lbfgs""}",lr,22,/home/ubuntu/Desktop/DeepAmes_Full_STL_4_keep_weights/results_TA1537_with_S9/artifacts/base/lr/scalers/lr_seed_16_skf_1_paras_22_C_100_weight_None_solver_lbfgs_scaler.joblib,16,1
lr_seed_16_skf_2_paras_22_C_100_weight_None_solver_lbfgs,lr,16_skf_2,488,15,28,29,0.923,0.911,0.509,0.97,0.659,0.946,0.574,0.538,/home/ubuntu/Desktop/DeepAmes_Full_STL_4_keep_weights/results_TA1537_with_S9/artifacts/base/lr/estimators/lr_seed_16_skf_2_paras_22_C_100_weight_None_solver_lbfgs.joblib,"{""C"": 100, ""class_weight"": null, ""max_iter"": 300, ""random_state"": 1, ""solver"": ""lbfgs""}",lr,22,/home/ubuntu/Desktop/DeepAmes_Full_STL_4_keep_weights/results_TA1537_with_S9/artifacts/base/lr/scalers/lr_seed_16_skf_2_paras_22_C_100_weight_None_solver_lbfgs_scaler.joblib,16,2
lr_seed_16_skf_3_paras_22_C_100_weight_None_solver_lbfgs,lr,16_skf_3,489,14,28,29,0.925,0.918,0.509,0.972,0.674,0.946,0.58,0.546,/home/ubuntu/Desktop/DeepAmes_Full_STL_4_keep_weights/results_TA1537_with_S9/artifacts/base/lr/estimators/lr_seed_16_skf_3_paras_22_C_100_weight_None_solver_lbfgs.joblib,"{""C"": 100, ""class_weight"": null, ""max_iter"": 300, ""random_state"": 1, ""solver"": ""lbfgs""}",lr,22,/home/ubuntu/Desktop/DeepAmes_Full_STL_4_keep_weights/results_TA1537_with_S9/artifacts/base/lr/scalers/lr_seed_16_skf_3_paras_22_C_100_weight_None_solver_lbfgs_scaler.joblib,16,3
lr_seed_16_skf_4_paras_22_C_100_weight_None_solver_lbfgs,lr,16_skf_4,488,15,30,27,0.92,0.907,0.474,0.97,0.643,0.942,0.545,0.51,/home/ubuntu/Desktop/DeepAmes_Full_STL_4_keep_weights/results_TA1537_with_S9/artifacts/base/lr/estimators/lr_seed_16_skf_4_paras_22_C_100_weight_None_solver_lbfgs.joblib,"{""C"": 100, ""class_weight"": null, ""max_iter"": 300, ""random_state"": 1, ""solver"": ""lbfgs""}",lr,22,/home/ubuntu/Desktop/DeepAmes_Full_STL_4_keep_weights/results_TA1537_with_S9/artifacts/base/lr/scalers/lr_seed_16_skf_4_paras_22_C_100_weight_None_solver_lbfgs_scaler.joblib,16,4
lr_seed_17_skf_0_paras_22_C_100_weight_None_solver_lbfgs,lr,17_skf_0,481,22,28,29,0.911,0.908,0.509,0.956,0.569,0.945,0.537,0.489,/home/ubuntu/Desktop/DeepAmes_Full_STL_4_keep_weights/results_TA1537_with_S9/artifacts/base/lr/estimators/lr_seed_17_skf_0_paras_22_C_100_weight_None_solver_lbfgs.joblib,"{""C"": 100, ""class_weight"": null, ""max_iter"": 300, ""random_state"": 1, ""solver"": ""lbfgs""}",lr,22,/home/ubuntu/Desktop/DeepAmes_Full_STL_4_keep_weights/results_TA1537_with_S9/artifacts/base/lr/scalers/lr_seed_17_skf_0_paras_22_C_100_weight_None_solver_lbfgs_scaler.joblib,17,0
lr_seed_17_skf_1_paras_22_C_100_weight_None_solver_lbfgs,lr,17_skf_1,478,25,26,31,0.909,0.906,0.544,0.95,0.554,0.948,0.549,0.498,/home/ubuntu/Desktop/DeepAmes_Full_STL_4_keep_weights/results_TA1537_with_S9/artifacts/base/lr/estimators/lr_seed_17_skf_1_paras_22_C_100_weight_None_solver_lbfgs.joblib,"{""C"": 100, ""class_weight"": null, ""max_iter"": 300, ""random_state"": 1, ""solver"": ""lbfgs""}",lr,22,/home/ubuntu/Desktop/DeepAmes_Full_STL_4_keep_weights/results_TA1537_with_S9/artifacts/base/lr/scalers/lr_seed_17_skf_1_paras_22_C_100_weight_None_solver_lbfgs_scaler.joblib,17,1
lr_seed_17_skf_3_paras_22_C_100_weight_None_solver_lbfgs,lr,17_skf_3,485,18,28,29,0.918,0.926,0.509,0.964,0.617,0.945,0.558,0.516,/home/ubuntu/Desktop/DeepAmes_Full_STL_4_keep_weights/results_TA1537_with_S9/artifacts/base/lr/estimators/lr_seed_17_skf_3_paras_22_C_100_weight_None_solver_lbfgs.joblib,"{""C"": 100, ""class_weight"": null, ""max_iter"": 300, ""random_state"": 1, ""solver"": ""lbfgs""}",lr,22,/home/ubuntu/Desktop/DeepAmes_Full_STL_4_keep_weights/results_TA1537_with_S9/artifacts/base/lr/scalers/lr_seed_17_skf_3_paras_22_C_100_weight_None_solver_lbfgs_scaler.joblib,17,3
lr_seed_18_skf_0_paras_22_C_100_weight_None_solver_lbfgs,lr,18_skf_0,486,17,26,31,0.923,0.925,0.544,0.966,0.646,0.949,0.59,0.551,/home/ubuntu/Desktop/DeepAmes_Full_STL_4_keep_weights/results_TA1537_with_S9/artifacts/base/lr/estimators/lr_seed_18_skf_0_paras_22_C_100_weight_None_solver_lbfgs.joblib,"{""C"": 100, ""class_weight"": null, ""max_iter"": 300, ""random_state"": 1, ""solver"": ""lbfgs""}",lr,22,/home/ubuntu/Desktop/DeepAmes_Full_STL_4_keep_weights/results_TA1537_with_S9/artifacts/base/lr/scalers/lr_seed_18_skf_0_paras_22_C_100_weight_None_solver_lbfgs_scaler.joblib,18,0
lr_seed_18_skf_1_paras_22_C_100_weight_None_solver_lbfgs,lr,18_skf_1,488,15,28,29,0.923,0.905,0.509,0.97,0.659,0.946,0.574,0.538,/home/ubuntu/Desktop/DeepAmes_Full_STL_4_keep_weights/results_TA1537_with_S9/artifacts/base/lr/estimators/lr_seed_18_skf_1_paras_22_C_100_weight_None_solver_lbfgs.joblib,"{""C"": 100, ""class_weight"": null, ""max_iter"": 300, ""random_state"": 1, ""solver"": ""lbfgs""}",lr,22,/home/ubuntu/Desktop/DeepAmes_Full_STL_4_keep_weights/results_TA1537_with_S9/artifacts/base/lr/scalers/lr_seed_18_skf_1_paras_22_C_100_weight_None_solver_lbfgs_scaler.joblib,18,1
lr_seed_18_skf_2_paras_22_C_100_weight_None_solver_lbfgs,lr,18_skf_2,481,22,23,34,0.92,0.931,0.596,0.956,0.607,0.954,0.602,0.557,/home/ubuntu/Desktop/DeepAmes_Full_STL_4_keep_weights/results_TA1537_with_S9/artifacts/base/lr/estimators/lr_seed_18_skf_2_paras_22_C_100_weight_None_solver_lbfgs.joblib,"{""C"": 100, ""class_weight"": null, ""max_iter"": 300, ""random_state"": 1, ""solver"": ""lbfgs""}",lr,22,/home/ubuntu/Desktop/DeepAmes_Full_STL_4_keep_weights/results_TA1537_with_S9/artifacts/base/lr/scalers/lr_seed_18_skf_2_paras_22_C_100_weight_None_solver_lbfgs_scaler.joblib,18,2
lr_seed_18_skf_3_paras_22_C_100_weight_None_solver_lbfgs,lr,18_skf_3,486,17,30,27,0.916,0.91,0.474,0.966,0.614,0.942,0.535,0.494,/home/ubuntu/Desktop/DeepAmes_Full_STL_4_keep_weights/results_TA1537_with_S9/artifacts/base/lr/estimators/lr_seed_18_skf_3_paras_22_C_100_weight_None_solver_lbfgs.joblib,"{""C"": 100, ""class_weight"": null, ""max_iter"": 300, ""random_state"": 1, ""solver"": ""lbfgs""}",lr,22,/home/ubuntu/Desktop/DeepAmes_Full_STL_4_keep_weights/results_TA1537_with_S9/artifacts/base/lr/scalers/lr_seed_18_skf_3_paras_22_C_100_weight_None_solver_lbfgs_scaler.joblib,18,3
lr_seed_18_skf_4_paras_22_C_100_weight_None_solver_lbfgs,lr,18_skf_4,486,17,30,27,0.916,0.887,0.474,0.966,0.614,0.942,0.535,0.494,/home/ubuntu/Desktop/DeepAmes_Full_STL_4_keep_weights/results_TA1537_with_S9/artifacts/base/lr/estimators/lr_seed_18_skf_4_paras_22_C_100_weight_None_solver_lbfgs.joblib,"{""C"": 100, ""class_weight"": null, ""max_iter"": 300, ""random_state"": 1, ""solver"": ""lbfgs""}",lr,22,/home/ubuntu/Desktop/DeepAmes_Full_STL_4_keep_weights/results_TA1537_with_S9/artifacts/base/lr/scalers/lr_seed_18_skf_4_paras_22_C_100_weight_None_solver_lbfgs_scaler.joblib,18,4
lr_seed_19_skf_0_paras_22_C_100_weight_None_solver_lbfgs,lr,19_skf_0,491,12,27,30,0.93,0.917,0.526,0.976,0.714,0.948,0.606,0.577,/home/ubuntu/Desktop/DeepAmes_Full_STL_4_keep_weights/results_TA1537_with_S9/artifacts/base/lr/estimators/lr_seed_19_skf_0_paras_22_C_100_weight_None_solver_lbfgs.joblib,"{""C"": 100, ""class_weight"": null, ""max_iter"": 300, ""random_state"": 1, ""solver"": ""lbfgs""}",lr,22,/home/ubuntu/Desktop/DeepAmes_Full_STL_4_keep_weights/results_TA1537_with_S9/artifacts/base/lr/scalers/lr_seed_19_skf_0_paras_22_C_100_weight_None_solver_lbfgs_scaler.joblib,19,0
lr_seed_19_skf_1_paras_22_C_100_weight_None_solver_lbfgs,lr,19_skf_1,487,16,30,27,0.918,0.91,0.474,0.968,0.628,0.942,0.54,0.502,/home/ubuntu/Desktop/DeepAmes_Full_STL_4_keep_weights/results_TA1537_with_S9/artifacts/base/lr/estimators/lr_seed_19_skf_1_paras_22_C_100_weight_None_solver_lbfgs.joblib,"{""C"": 100, ""class_weight"": null, ""max_iter"": 300, ""random_state"": 1, ""solver"": ""lbfgs""}",lr,22,/home/ubuntu/Desktop/DeepAmes_Full_STL_4_keep_weights/results_TA1537_with_S9/artifacts/base/lr/scalers/lr_seed_19_skf_1_paras_22_C_100_weight_None_solver_lbfgs_scaler.joblib,19,1
lr_seed_19_skf_2_paras_22_C_100_weight_None_solver_lbfgs,lr,19_skf_2,481,22,26,31,0.914,0.913,0.544,0.956,0.585,0.949,0.564,0.517,/home/ubuntu/Desktop/DeepAmes_Full_STL_4_keep_weights/results_TA1537_with_S9/artifacts/base/lr/estimators/lr_seed_19_skf_2_paras_22_C_100_weight_None_solver_lbfgs.joblib,"{""C"": 100, ""class_weight"": null, ""max_iter"": 300, ""random_state"": 1, ""solver"": ""lbfgs""}",lr,22,/home/ubuntu/Desktop/DeepAmes_Full_STL_4_keep_weights/results_TA1537_with_S9/artifacts/base/lr/scalers/lr_seed_19_skf_2_paras_22_C_100_weight_None_solver_lbfgs_scaler.joblib,19,2
lr_seed_19_skf_3_paras_22_C_100_weight_None_solver_lbfgs,lr,19_skf_3,484,19,27,30,0.918,0.927,0.526,0.962,0.612,0.947,0.566,0.523,/home/ubuntu/Desktop/DeepAmes_Full_STL_4_keep_weights/results_TA1537_with_S9/artifacts/base/lr/estimators/lr_seed_19_skf_3_paras_22_C_100_weight_None_solver_lbfgs.joblib,"{""C"": 100, ""class_weight"": null, ""max_iter"": 300, ""random_state"": 1, ""solver"": ""lbfgs""}",lr,22,/home/ubuntu/Desktop/DeepAmes_Full_STL_4_keep_weights/results_TA1537_with_S9/artifacts/base/lr/scalers/lr_seed_19_skf_3_paras_22_C_100_weight_None_solver_lbfgs_scaler.joblib,19,3
knn_seed_0_skf_0_paras_0_K_3,knn,0_skf_0,483,20,27,30,0.916,0.864,0.526,0.96,0.6,0.947,0.561,0.516,/home/ubuntu/Desktop/DeepAmes_Full_STL_4_keep_weights/results_TA1537_with_S9/artifacts/base/knn/estimators/knn_seed_0_skf_0_paras_0_K_3.joblib,"{""n_neighbors"": 3}",knn,0,/home/ubuntu/Desktop/DeepAmes_Full_STL_4_keep_weights/results_TA1537_with_S9/artifacts/base/knn/scalers/knn_seed_0_skf_0_paras_0_K_3_scaler.joblib,0,0
knn_seed_0_skf_1_paras_0_K_3,knn,0_skf_1,479,24,25,32,0.912,0.853,0.561,0.952,0.571,0.95,0.566,0.518,/home/ubuntu/Desktop/DeepAmes_Full_STL_4_keep_weights/results_TA1537_with_S9/artifacts/base/knn/estimators/knn_seed_0_skf_1_paras_0_K_3.joblib,"{""n_neighbors"": 3}",knn,0,/home/ubuntu/Desktop/DeepAmes_Full_STL_4_keep_weights/results_TA1537_with_S9/artifacts/base/knn/scalers/knn_seed_0_skf_1_paras_0_K_3_scaler.joblib,0,1
knn_seed_0_skf_2_paras_0_K_3,knn,0_skf_2,481,22,25,32,0.916,0.881,0.561,0.956,0.593,0.951,0.577,0.53,/home/ubuntu/Desktop/DeepAmes_Full_STL_4_keep_weights/results_TA1537_with_S9/artifacts/base/knn/estimators/knn_seed_0_skf_2_paras_0_K_3.joblib,"{""n_neighbors"": 3}",knn,0,/home/ubuntu/Desktop/DeepAmes_Full_STL_4_keep_weights/results_TA1537_with_S9/artifacts/base/knn/scalers/knn_seed_0_skf_2_paras_0_K_3_scaler.joblib,0,2
knn_seed_0_skf_3_paras_0_K_3,knn,0_skf_3,488,15,23,34,0.932,0.854,0.596,0.97,0.694,0.955,0.642,0.606,/home/ubuntu/Desktop/DeepAmes_Full_STL_4_keep_weights/results_TA1537_with_S9/artifacts/base/knn/estimators/knn_seed_0_skf_3_paras_0_K_3.joblib,"{""n_neighbors"": 3}",knn,0,/home/ubuntu/Desktop/DeepAmes_Full_STL_4_keep_weights/results_TA1537_with_S9/artifacts/base/knn/scalers/knn_seed_0_skf_3_paras_0_K_3_scaler.joblib,0,3
knn_seed_0_skf_4_paras_0_K_3,knn,0_skf_4,481,22,26,31,0.914,0.831,0.544,0.956,0.585,0.949,0.564,0.517,/home/ubuntu/Desktop/DeepAmes_Full_STL_4_keep_weights/results_TA1537_with_S9/artifacts/base/knn/estimators/knn_seed_0_skf_4_paras_0_K_3.joblib,"{""n_neighbors"": 3}",knn,0,/home/ubuntu/Desktop/DeepAmes_Full_STL_4_keep_weights/results_TA1537_with_S9/artifacts/base/knn/scalers/knn_seed_0_skf_4_paras_0_K_3_scaler.joblib,0,4
knn_seed_1_skf_0_paras_0_K_3,knn,1_skf_0,484,19,27,30,0.918,0.836,0.526,0.962,0.612,0.947,0.566,0.523,/home/ubuntu/Desktop/DeepAmes_Full_STL_4_keep_weights/results_TA1537_with_S9/artifacts/base/knn/estimators/knn_seed_1_skf_0_paras_0_K_3.joblib,"{""n_neighbors"": 3}",knn,0,/home/ubuntu/Desktop/DeepAmes_Full_STL_4_keep_weights/results_TA1537_with_S9/artifacts/base/knn/scalers/knn_seed_1_skf_0_paras_0_K_3_scaler.joblib,1,0
knn_seed_1_skf_1_paras_0_K_3,knn,1_skf_1,483,20,23,34,0.923,0.852,0.596,0.96,0.63,0.955,0.613,0.57,/home/ubuntu/Desktop/DeepAmes_Full_STL_4_keep_weights/results_TA1537_with_S9/artifacts/base/knn/estimators/knn_seed_1_skf_1_paras_0_K_3.joblib,"{""n_neighbors"": 3}",knn,0,/home/ubuntu/Desktop/DeepAmes_Full_STL_4_keep_weights/results_TA1537_with_S9/artifacts/base/knn/scalers/knn_seed_1_skf_1_paras_0_K_3_scaler.joblib,1,1
knn_seed_1_skf_2_paras_0_K_3,knn,1_skf_2,481,22,25,32,0.916,0.873,0.561,0.956,0.593,0.951,0.577,0.53,/home/ubuntu/Desktop/DeepAmes_Full_STL_4_keep_weights/results_TA1537_with_S9/artifacts/base/knn/estimators/knn_seed_1_skf_2_paras_0_K_3.joblib,"{""n_neighbors"": 3}",knn,0,/home/ubuntu/Desktop/DeepAmes_Full_STL_4_keep_weights/results_TA1537_with_S9/artifacts/base/knn/scalers/knn_seed_1_skf_2_paras_0_K_3_scaler.joblib,1,2
knn_seed_1_skf_3_paras_0_K_3,knn,1_skf_3,476,27,24,33,0.909,0.872,0.579,0.946,0.55,0.952,0.564,0.514,/home/ubuntu/Desktop/DeepAmes_Full_STL_4_keep_weights/results_TA1537_with_S9/artifacts/base/knn/estimators/knn_seed_1_skf_3_paras_0_K_3.joblib,"{""n_neighbors"": 3}",knn,0,/home/ubuntu/Desktop/DeepAmes_Full_STL_4_keep_weights/results_TA1537_with_S9/artifacts/base/knn/scalers/knn_seed_1_skf_3_paras_0_K_3_scaler.joblib,1,3
knn_seed_1_skf_4_paras_0_K_3,knn,1_skf_4,484,19,24,33,0.923,0.856,0.579,0.962,0.635,0.953,0.606,0.564,/home/ubuntu/Desktop/DeepAmes_Full_STL_4_keep_weights/results_TA1537_with_S9/artifacts/base/knn/estimators/knn_seed_1_skf_4_paras_0_K_3.joblib,"{""n_neighbors"": 3}",knn,0,/home/ubuntu/Desktop/DeepAmes_Full_STL_4_keep_weights/results_TA1537_with_S9/artifacts/base/knn/scalers/knn_seed_1_skf_4_paras_0_K_3_scaler.joblib,1,4
knn_seed_2_skf_0_paras_0_K_3,knn,2_skf_0,483,20,23,34,0.923,0.839,0.596,0.96,0.63,0.955,0.613,0.57,/home/ubuntu/Desktop/DeepAmes_Full_STL_4_keep_weights/results_TA1537_with_S9/artifacts/base/knn/estimators/knn_seed_2_skf_0_paras_0_K_3.joblib,"{""n_neighbors"": 3}",knn,0,/home/ubuntu/Desktop/DeepAmes_Full_STL_4_keep_weights/results_TA1537_with_S9/artifacts/base/knn/scalers/knn_seed_2_skf_0_paras_0_K_3_scaler.joblib,2,0
knn_seed_2_skf_1_paras_0_K_3,knn,2_skf_1,483,20,27,30,0.916,0.868,0.526,0.96,0.6,0.947,0.561,0.516,/home/ubuntu/Desktop/DeepAmes_Full_STL_4_keep_weights/results_TA1537_with_S9/artifacts/base/knn/estimators/knn_seed_2_skf_1_paras_0_K_3.joblib,"{""n_neighbors"": 3}",knn,0,/home/ubuntu/Desktop/DeepAmes_Full_STL_4_keep_weights/results_TA1537_with_S9/artifacts/base/knn/scalers/knn_seed_2_skf_1_paras_0_K_3_scaler.joblib,2,1
knn_seed_2_skf_2_paras_0_K_3,knn,2_skf_2,482,21,25,32,0.918,0.856,0.561,0.958,0.604,0.951,0.582,0.537,/home/ubuntu/Desktop/DeepAmes_Full_STL_4_keep_weights/results_TA1537_with_S9/artifacts/base/knn/estimators/knn_seed_2_skf_2_paras_0_K_3.joblib,"{""n_neighbors"": 3}",knn,0,/home/ubuntu/Desktop/DeepAmes_Full_STL_4_keep_weights/results_TA1537_with_S9/artifacts/base/knn/scalers/knn_seed_2_skf_2_paras_0_K_3_scaler.joblib,2,2
knn_seed_2_skf_3_paras_0_K_3,knn,2_skf_3,485,18,24,33,0.925,0.842,0.579,0.964,0.647,0.953,0.611,0.571,/home/ubuntu/Desktop/DeepAmes_Full_STL_4_keep_weights/results_TA1537_with_S9/artifacts/base/knn/estimators/knn_seed_2_skf_3_paras_0_K_3.joblib,"{""n_neighbors"": 3}",knn,0,/home/ubuntu/Desktop/DeepAmes_Full_STL_4_keep_weights/results_TA1537_with_S9/artifacts/base/knn/scalers/knn_seed_2_skf_3_paras_0_K_3_scaler.joblib,2,3
knn_seed_2_skf_4_paras_0_K_3,knn,2_skf_4,483,20,23,34,0.923,0.866,0.596,0.96,0.63,0.955,0.613,0.57,/home/ubuntu/Desktop/DeepAmes_Full_STL_4_keep_weights/results_TA1537_with_S9/artifacts/base/knn/estimators/knn_seed_2_skf_4_paras_0_K_3.joblib,"{""n_neighbors"": 3}",knn,0,/home/ubuntu/Desktop/DeepAmes_Full_STL_4_keep_weights/results_TA1537_with_S9/artifacts/base/knn/scalers/knn_seed_2_skf_4_paras_0_K_3_scaler.joblib,2,4
knn_seed_3_skf_0_paras_0_K_3,knn,3_skf_0,483,20,25,32,0.92,0.841,0.561,0.96,0.615,0.951,0.587,0.543,/home/ubuntu/Desktop/DeepAmes_Full_STL_4_keep_weights/results_TA1537_with_S9/artifacts/base/knn/estimators/knn_seed_3_skf_0_paras_0_K_3.joblib,"{""n_neighbors"": 3}",knn,0,/home/ubuntu/Desktop/DeepAmes_Full_STL_4_keep_weights/results_TA1537_with_S9/artifacts/base/knn/scalers/knn_seed_3_skf_0_paras_0_K_3_scaler.joblib,3,0
knn_seed_3_skf_1_paras_0_K_3,knn,3_skf_1,482,21,22,35,0.923,0.862,0.614,0.958,0.625,0.956,0.619,0.577,/home/ubuntu/Desktop/DeepAmes_Full_STL_4_keep_weights/results_TA1537_with_S9/artifacts/base/knn/estimators/knn_seed_3_skf_1_paras_0_K_3.joblib,"{""n_neighbors"": 3}",knn,0,/home/ubuntu/Desktop/DeepAmes_Full_STL_4_keep_weights/results_TA1537_with_S9/artifacts/base/knn/scalers/knn_seed_3_skf_1_paras_0_K_3_scaler.joblib,3,1
knn_seed_3_skf_2_paras_0_K_3,knn,3_skf_2,483,20,24,33,0.921,0.866,0.579,0.96,0.623,0.953,0.6,0.557,/home/ubuntu/Desktop/DeepAmes_Full_STL_4_keep_weights/results_TA1537_with_S9/artifacts/base/knn/estimators/knn_seed_3_skf_2_paras_0_K_3.joblib,"{""n_neighbors"": 3}",knn,0,/home/ubuntu/Desktop/DeepAmes_Full_STL_4_keep_weights/results_TA1537_with_S9/artifacts/base/knn/scalers/knn_seed_3_skf_2_paras_0_K_3_scaler.joblib,3,2
knn_seed_3_skf_3_paras_0_K_3,knn,3_skf_3,479,24,25,32,0.912,0.868,0.561,0.952,0.571,0.95,0.566,0.518,/home/ubuntu/Desktop/DeepAmes_Full_STL_4_keep_weights/results_TA1537_with_S9/artifacts/base/knn/estimators/knn_seed_3_skf_3_paras_0_K_3.joblib,"{""n_neighbors"": 3}",knn,0,/home/ubuntu/Desktop/DeepAmes_Full_STL_4_keep_weights/results_TA1537_with_S9/artifacts/base/knn/scalers/knn_seed_3_skf_3_paras_0_K_3_scaler.joblib,3,3
knn_seed_3_skf_4_paras_0_K_3,knn,3_skf_4,484,19,25,32,0.921,0.858,0.561,0.962,0.627,0.951,0.593,0.55,/home/ubuntu/Desktop/DeepAmes_Full_STL_4_keep_weights/results_TA1537_with_S9/artifacts/base/knn/estimators/knn_seed_3_skf_4_paras_0_K_3.joblib,"{""n_neighbors"": 3}",knn,0,/home/ubuntu/Desktop/DeepAmes_Full_STL_4_keep_weights/results_TA1537_with_S9/artifacts/base/knn/scalers/knn_seed_3_skf_4_paras_0_K_3_scaler.joblib,3,4
knn_seed_4_skf_0_paras_0_K_3,knn,4_skf_0,482,21,23,34,0.921,0.831,0.596,0.958,0.618,0.954,0.607,0.564,/home/ubuntu/Desktop/DeepAmes_Full_STL_4_keep_weights/results_TA1537_with_S9/artifacts/base/knn/estimators/knn_seed_4_skf_0_paras_0_K_3.joblib,"{""n_neighbors"": 3}",knn,0,/home/ubuntu/Desktop/DeepAmes_Full_STL_4_keep_weights/results_TA1537_with_S9/artifacts/base/knn/scalers/knn_seed_4_skf_0_paras_0_K_3_scaler.joblib,4,0
knn_seed_4_skf_1_paras_0_K_3,knn,4_skf_1,484,19,28,29,0.916,0.843,0.509,0.962,0.604,0.945,0.552,0.509,/home/ubuntu/Desktop/DeepAmes_Full_STL_4_keep_weights/results_TA1537_with_S9/artifacts/base/knn/estimators/knn_seed_4_skf_1_paras_0_K_3.joblib,"{""n_neighbors"": 3}",knn,0,/home/ubuntu/Desktop/DeepAmes_Full_STL_4_keep_weights/results_TA1537_with_S9/artifacts/base/knn/scalers/knn_seed_4_skf_1_paras_0_K_3_scaler.joblib,4,1
knn_seed_4_skf_2_paras_0_K_3,knn,4_skf_2,481,22,26,31,0.914,0.854,0.544,0.956,0.585,0.949,0.564,0.517,/home/ubuntu/Desktop/DeepAmes_Full_STL_4_keep_weights/results_TA1537_with_S9/artifacts/base/knn/estimators/knn_seed_4_skf_2_paras_0_K_3.joblib,"{""n_neighbors"": 3}",knn,0,/home/ubuntu/Desktop/DeepAmes_Full_STL_4_keep_weights/results_TA1537_with_S9/artifacts/base/knn/scalers/knn_seed_4_skf_2_paras_0_K_3_scaler.joblib,4,2
knn_seed_4_skf_3_paras_0_K_3,knn,4_skf_3,481,22,24,33,0.918,0.884,0.579,0.956,0.6,0.952,0.589,0.544,/home/ubuntu/Desktop/DeepAmes_Full_STL_4_keep_weights/results_TA1537_with_S9/artifacts/base/knn/estimators/knn_seed_4_skf_3_paras_0_K_3.joblib,"{""n_neighbors"": 3}",knn,0,/home/ubuntu/Desktop/DeepAmes_Full_STL_4_keep_weights/results_TA1537_with_S9/artifacts/base/knn/scalers/knn_seed_4_skf_3_paras_0_K_3_scaler.joblib,4,3
knn_seed_4_skf_4_paras_0_K_3,knn,4_skf_4,482,21,21,36,0.925,0.867,0.632,0.958,0.632,0.958,0.632,0.59,/home/ubuntu/Desktop/DeepAmes_Full_STL_4_keep_weights/results_TA1537_with_S9/artifacts/base/knn/estimators/knn_seed_4_skf_4_paras_0_K_3.joblib,"{""n_neighbors"": 3}",knn,0,/home/ubuntu/Desktop/DeepAmes_Full_STL_4_keep_weights/results_TA1537_with_S9/artifacts/base/knn/scalers/knn_seed_4_skf_4_paras_0_K_3_scaler.joblib,4,4
knn_seed_5_skf_0_paras_0_K_3,knn,5_skf_0,479,24,28,29,0.907,0.858,0.509,0.952,0.547,0.945,0.527,0.476,/home/ubuntu/Desktop/DeepAmes_Full_STL_4_keep_weights/results_TA1537_with_S9/artifacts/base/knn/estimators/knn_seed_5_skf_0_paras_0_K_3.joblib,"{""n_neighbors"": 3}",knn,0,/home/ubuntu/Desktop/DeepAmes_Full_STL_4_keep_weights/results_TA1537_with_S9/artifacts/base/knn/scalers/knn_seed_5_skf_0_paras_0_K_3_scaler.joblib,5,0
knn_seed_5_skf_1_paras_0_K_3,knn,5_skf_1,483,20,29,28,0.912,0.85,0.491,0.96,0.583,0.943,0.533,0.488,/home/ubuntu/Desktop/DeepAmes_Full_STL_4_keep_weights/results_TA1537_with_S9/artifacts/base/knn/estimators/knn_seed_5_skf_1_paras_0_K_3.joblib,"{""n_neighbors"": 3}",knn,0,/home/ubuntu/Desktop/DeepAmes_Full_STL_4_keep_weights/results_TA1537_with_S9/artifacts/base/knn/scalers/knn_seed_5_skf_1_paras_0_K_3_scaler.joblib,5,1
knn_seed_5_skf_2_paras_0_K_3,knn,5_skf_2,481,22,20,37,0.925,0.858,0.649,0.956,0.627,0.96,0.638,0.596,/home/ubuntu/Desktop/DeepAmes_Full_STL_4_keep_weights/results_TA1537_with_S9/artifacts/base/knn/estimators/knn_seed_5_skf_2_paras_0_K_3.joblib,"{""n_neighbors"": 3}",knn,0,/home/ubuntu/Desktop/DeepAmes_Full_STL_4_keep_weights/results_TA1537_with_S9/artifacts/base/knn/scalers/knn_seed_5_skf_2_paras_0_K_3_scaler.joblib,5,2
knn_seed_5_skf_3_paras_0_K_3,knn,5_skf_3,485,18,22,35,0.929,0.873,0.614,0.964,0.66,0.957,0.636,0.597,/home/ubuntu/Desktop/DeepAmes_Full_STL_4_keep_weights/results_TA1537_with_S9/artifacts/base/knn/estimators/knn_seed_5_skf_3_paras_0_K_3.joblib,"{""n_neighbors"": 3}",knn,0,/home/ubuntu/Desktop/DeepAmes_Full_STL_4_keep_weights/results_TA1537_with_S9/artifacts/base/knn/scalers/knn_seed_5_skf_3_paras_0_K_3_scaler.joblib,5,3
knn_seed_5_skf_4_paras_0_K_3,knn,5_skf_4,481,22,26,31,0.914,0.853,0.544,0.956,0.585,0.949,0.564,0.517,/home/ubuntu/Desktop/DeepAmes_Full_STL_4_keep_weights/results_TA1537_with_S9/artifacts/base/knn/estimators/knn_seed_5_skf_4_paras_0_K_3.joblib,"{""n_neighbors"": 3}",knn,0,/home/ubuntu/Desktop/DeepAmes_Full_STL_4_keep_weights/results_TA1537_with_S9/artifacts/base/knn/scalers/knn_seed_5_skf_4_paras_0_K_3_scaler.joblib,5,4
knn_seed_6_skf_0_paras_0_K_3,knn,6_skf_0,483,20,25,32,0.92,0.839,0.561,0.96,0.615,0.951,0.587,0.543,/home/ubuntu/Desktop/DeepAmes_Full_STL_4_keep_weights/results_TA1537_with_S9/artifacts/base/knn/estimators/knn_seed_6_skf_0_paras_0_K_3.joblib,"{""n_neighbors"": 3}",knn,0,/home/ubuntu/Desktop/DeepAmes_Full_STL_4_keep_weights/results_TA1537_with_S9/artifacts/base/knn/scalers/knn_seed_6_skf_0_paras_0_K_3_scaler.joblib,6,0
knn_seed_6_skf_1_paras_0_K_3,knn,6_skf_1,483,20,25,32,0.92,0.842,0.561,0.96,0.615,0.951,0.587,0.543,/home/ubuntu/Desktop/DeepAmes_Full_STL_4_keep_weights/results_TA1537_with_S9/artifacts/base/knn/estimators/knn_seed_6_skf_1_paras_0_K_3.joblib,"{""n_neighbors"": 3}",knn,0,/home/ubuntu/Desktop/DeepAmes_Full_STL_4_keep_weights/results_TA1537_with_S9/artifacts/base/knn/scalers/knn_seed_6_skf_1_paras_0_K_3_scaler.joblib,6,1
knn_seed_6_skf_2_paras_0_K_3,knn,6_skf_2,487,16,21,36,0.934,0.858,0.632,0.968,0.692,0.959,0.661,0.625,/home/ubuntu/Desktop/DeepAmes_Full_STL_4_keep_weights/results_TA1537_with_S9/artifacts/base/knn/estimators/knn_seed_6_skf_2_paras_0_K_3.joblib,"{""n_neighbors"": 3}",knn,0,/home/ubuntu/Desktop/DeepAmes_Full_STL_4_keep_weights/results_TA1537_with_S9/artifacts/base/knn/scalers/knn_seed_6_skf_2_paras_0_K_3_scaler.joblib,6,2
knn_seed_6_skf_3_paras_0_K_3,knn,6_skf_3,480,23,26,31,0.912,0.845,0.544,0.954,0.574,0.949,0.559,0.51,/home/ubuntu/Desktop/DeepAmes_Full_STL_4_keep_weights/results_TA1537_with_S9/artifacts/base/knn/estimators/knn_seed_6_skf_3_paras_0_K_3.joblib,"{""n_neighbors"": 3}",knn,0,/home/ubuntu/Desktop/DeepAmes_Full_STL_4_keep_weights/results_TA1537_with_S9/artifacts/base/knn/scalers/knn_seed_6_skf_3_paras_0_K_3_scaler.joblib,6,3
knn_seed_6_skf_4_paras_0_K_3,knn,6_skf_4,484,19,22,35,0.927,0.873,0.614,0.962,0.648,0.957,0.631,0.59,/home/ubuntu/Desktop/DeepAmes_Full_STL_4_keep_weights/results_TA1537_with_S9/artifacts/base/knn/estimators/knn_seed_6_skf_4_paras_0_K_3.joblib,"{""n_neighbors"": 3}",knn,0,/home/ubuntu/Desktop/DeepAmes_Full_STL_4_keep_weights/results_TA1537_with_S9/artifacts/base/knn/scalers/knn_seed_6_skf_4_paras_0_K_3_scaler.joblib,6,4
knn_seed_7_skf_0_paras_0_K_3,knn,7_skf_0,483,20,23,34,0.923,0.857,0.596,0.96,0.63,0.955,0.613,0.57,/home/ubuntu/Desktop/DeepAmes_Full_STL_4_keep_weights/results_TA1537_with_S9/artifacts/base/knn/estimators/knn_seed_7_skf_0_paras_0_K_3.joblib,"{""n_neighbors"": 3}",knn,0,/home/ubuntu/Desktop/DeepAmes_Full_STL_4_keep_weights/results_TA1537_with_S9/artifacts/base/knn/scalers/knn_seed_7_skf_0_paras_0_K_3_scaler.joblib,7,0
knn_seed_7_skf_1_paras_0_K_3,knn,7_skf_1,479,24,28,29,0.907,0.845,0.509,0.952,0.547,0.945,0.527,0.476,/home/ubuntu/Desktop/DeepAmes_Full_STL_4_keep_weights/results_TA1537_with_S9/artifacts/base/knn/estimators/knn_seed_7_skf_1_paras_0_K_3.joblib,"{""n_neighbors"": 3}",knn,0,/home/ubuntu/Desktop/DeepAmes_Full_STL_4_keep_weights/results_TA1537_with_S9/artifacts/base/knn/scalers/knn_seed_7_skf_1_paras_0_K_3_scaler.joblib,7,1
knn_seed_7_skf_2_paras_0_K_3,knn,7_skf_2,486,17,24,33,0.927,0.868,0.579,0.966,0.66,0.953,0.617,0.578,/home/ubuntu/Desktop/DeepAmes_Full_STL_4_keep_weights/results_TA1537_with_S9/artifacts/base/knn/estimators/knn_seed_7_skf_2_paras_0_K_3.joblib,"{""n_neighbors"": 3}",knn,0,/home/ubuntu/Desktop/DeepAmes_Full_STL_4_keep_weights/results_TA1537_with_S9/artifacts/base/knn/scalers/knn_seed_7_skf_2_paras_0_K_3_scaler.joblib,7,2
knn_seed_7_skf_3_paras_0_K_3,knn,7_skf_3,480,23,25,32,0.914,0.879,0.561,0.954,0.582,0.95,0.571,0.524,/home/ubuntu/Desktop/DeepAmes_Full_STL_4_keep_weights/results_TA1537_with_S9/artifacts/base/knn/estimators/knn_seed_7_skf_3_paras_0_K_3.joblib,"{""n_neighbors"": 3}",knn,0,/home/ubuntu/Desktop/DeepAmes_Full_STL_4_keep_weights/results_TA1537_with_S9/artifacts/base/knn/scalers/knn_seed_7_skf_3_paras_0_K_3_scaler.joblib,7,3
knn_seed_7_skf_4_paras_0_K_3,knn,7_skf_4,485,18,24,33,0.925,0.857,0.579,0.964,0.647,0.953,0.611,0.571,/home/ubuntu/Desktop/DeepAmes_Full_STL_4_keep_weights/results_TA1537_with_S9/artifacts/base/knn/estimators/knn_seed_7_skf_4_paras_0_K_3.joblib,"{""n_neighbors"": 3}",knn,0,/home/ubuntu/Desktop/DeepAmes_Full_STL_4_keep_weights/results_TA1537_with_S9/artifacts/base/knn/scalers/knn_seed_7_skf_4_paras_0_K_3_scaler.joblib,7,4
knn_seed_8_skf_0_paras_0_K_3,knn,8_skf_0,474,29,24,33,0.905,0.85,0.579,0.942,0.532,0.952,0.555,0.502,/home/ubuntu/Desktop/DeepAmes_Full_STL_4_keep_weights/results_TA1537_with_S9/artifacts/base/knn/estimators/knn_seed_8_skf_0_paras_0_K_3.joblib,"{""n_neighbors"": 3}",knn,0,/home/ubuntu/Desktop/DeepAmes_Full_STL_4_keep_weights/results_TA1537_with_S9/artifacts/base/knn/scalers/knn_seed_8_skf_0_paras_0_K_3_scaler.joblib,8,0
knn_seed_8_skf_1_paras_0_K_3,knn,8_skf_1,484,19,24,33,0.923,0.885,0.579,0.962,0.635,0.953,0.606,0.564,/home/ubuntu/Desktop/DeepAmes_Full_STL_4_keep_weights/results_TA1537_with_S9/artifacts/base/knn/estimators/knn_seed_8_skf_1_paras_0_K_3.joblib,"{""n_neighbors"": 3}",knn,0,/home/ubuntu/Desktop/DeepAmes_Full_STL_4_keep_weights/results_TA1537_with_S9/artifacts/base/knn/scalers/knn_seed_8_skf_1_paras_0_K_3_scaler.joblib,8,1
knn_seed_8_skf_2_paras_0_K_3,knn,8_skf_2,480,23,27,30,0.911,0.836,0.526,0.954,0.566,0.947,0.545,0.496,/home/ubuntu/Desktop/DeepAmes_Full_STL_4_keep_weights/results_TA1537_with_S9/artifacts/base/knn/estimators/knn_seed_8_skf_2_paras_0_K_3.joblib,"{""n_neighbors"": 3}",knn,0,/home/ubuntu/Desktop/DeepAmes_Full_STL_4_keep_weights/results_TA1537_with_S9/artifacts/base/knn/scalers/knn_seed_8_skf_2_paras_0_K_3_scaler.joblib,8,2
knn_seed_8_skf_3_paras_0_K_3,knn,8_skf_3,481,22,24,33,0.918,0.848,0.579,0.956,0.6,0.952,0.589,0.544,/home/ubuntu/Desktop/DeepAmes_Full_STL_4_keep_weights/results_TA1537_with_S9/artifacts/base/knn/estimators/knn_seed_8_skf_3_paras_0_K_3.joblib,"{""n_neighbors"": 3}",knn,0,/home/ubuntu/Desktop/DeepAmes_Full_STL_4_keep_weights/results_TA1537_with_S9/artifacts/base/knn/scalers/knn_seed_8_skf_3_paras_0_K_3_scaler.joblib,8,3
knn_seed_8_skf_4_paras_0_K_3,knn,8_skf_4,482,21,24,33,0.92,0.861,0.579,0.958,0.611,0.953,0.595,0.55,/home/ubuntu/Desktop/DeepAmes_Full_STL_4_keep_weights/results_TA1537_with_S9/artifacts/base/knn/estimators/knn_seed_8_skf_4_paras_0_K_3.joblib,"{""n_neighbors"": 3}",knn,0,/home/ubuntu/Desktop/DeepAmes_Full_STL_4_keep_weights/results_TA1537_with_S9/artifacts/base/knn/scalers/knn_seed_8_skf_4_paras_0_K_3_scaler.joblib,8,4
knn_seed_9_skf_0_paras_0_K_3,knn,9_skf_0,480,23,20,37,0.923,0.88,0.649,0.954,0.617,0.96,0.632,0.59,/home/ubuntu/Desktop/DeepAmes_Full_STL_4_keep_weights/results_TA1537_with_S9/artifacts/base/knn/estimators/knn_seed_9_skf_0_paras_0_K_3.joblib,"{""n_neighbors"": 3}",knn,0,/home/ubuntu/Desktop/DeepAmes_Full_STL_4_keep_weights/results_TA1537_with_S9/artifacts/base/knn/scalers/knn_seed_9_skf_0_paras_0_K_3_scaler.joblib,9,0
knn_seed_9_skf_1_paras_0_K_3,knn,9_skf_1,486,17,25,32,0.925,0.849,0.561,0.966,0.653,0.951,0.604,0.565,/home/ubuntu/Desktop/DeepAmes_Full_STL_4_keep_weights/results_TA1537_with_S9/artifacts/base/knn/estimators/knn_seed_9_skf_1_paras_0_K_3.joblib,"{""n_neighbors"": 3}",knn,0,/home/ubuntu/Desktop/DeepAmes_Full_STL_4_keep_weights/results_TA1537_with_S9/artifacts/base/knn/scalers/knn_seed_9_skf_1_paras_0_K_3_scaler.joblib,9,1
knn_seed_9_skf_2_paras_0_K_3,knn,9_skf_2,477,26,27,30,0.905,0.852,0.526,0.948,0.536,0.946,0.531,0.478,/home/ubuntu/Desktop/DeepAmes_Full_STL_4_keep_weights/results_TA1537_with_S9/artifacts/base/knn/estimators/knn_seed_9_skf_2_paras_0_K_3.joblib,"{""n_neighbors"": 3}",knn,0,/home/ubuntu/Desktop/DeepAmes_Full_STL_4_keep_weights/results_TA1537_with_S9/artifacts/base/knn/scalers/knn_seed_9_skf_2_paras_0_K_3_scaler.joblib,9,2
knn_seed_9_skf_3_paras_0_K_3,knn,9_skf_3,484,19,26,31,0.92,0.847,0.544,0.962,0.62,0.949,0.579,0.537,/home/ubuntu/Desktop/DeepAmes_Full_STL_4_keep_weights/results_TA1537_with_S9/artifacts/base/knn/estimators/knn_seed_9_skf_3_paras_0_K_3.joblib,"{""n_neighbors"": 3}",knn,0,/home/ubuntu/Desktop/DeepAmes_Full_STL_4_keep_weights/results_TA1537_with_S9/artifacts/base/knn/scalers/knn_seed_9_skf_3_paras_0_K_3_scaler.joblib,9,3
knn_seed_9_skf_4_paras_0_K_3,knn,9_skf_4,480,23,23,34,0.918,0.863,0.596,0.954,0.596,0.954,0.596,0.551,/home/ubuntu/Desktop/DeepAmes_Full_STL_4_keep_weights/results_TA1537_with_S9/artifacts/base/knn/estimators/knn_seed_9_skf_4_paras_0_K_3.joblib,"{""n_neighbors"": 3}",knn,0,/home/ubuntu/Desktop/DeepAmes_Full_STL_4_keep_weights/results_TA1537_with_S9/artifacts/base/knn/scalers/knn_seed_9_skf_4_paras_0_K_3_scaler.joblib,9,4
knn_seed_10_skf_0_paras_0_K_3,knn,10_skf_0,483,20,24,33,0.921,0.848,0.579,0.96,0.623,0.953,0.6,0.557,/home/ubuntu/Desktop/DeepAmes_Full_STL_4_keep_weights/results_TA1537_with_S9/artifacts/base/knn/estimators/knn_seed_10_skf_0_paras_0_K_3.joblib,"{""n_neighbors"": 3}",knn,0,/home/ubuntu/Desktop/DeepAmes_Full_STL_4_keep_weights/results_TA1537_with_S9/artifacts/base/knn/scalers/knn_seed_10_skf_0_paras_0_K_3_scaler.joblib,10,0
knn_seed_10_skf_1_paras_0_K_3,knn,10_skf_1,486,17,24,33,0.927,0.877,0.579,0.966,0.66,0.953,0.617,0.578,/home/ubuntu/Desktop/DeepAmes_Full_STL_4_keep_weights/results_TA1537_with_S9/artifacts/base/knn/estimators/knn_seed_10_skf_1_paras_0_K_3.joblib,"{""n_neighbors"": 3}",knn,0,/home/ubuntu/Desktop/DeepAmes_Full_STL_4_keep_weights/results_TA1537_with_S9/artifacts/base/knn/scalers/knn_seed_10_skf_1_paras_0_K_3_scaler.joblib,10,1
knn_seed_10_skf_2_paras_0_K_3,knn,10_skf_2,481,22,27,30,0.912,0.852,0.526,0.956,0.577,0.947,0.55,0.503,/home/ubuntu/Desktop/DeepAmes_Full_STL_4_keep_weights/results_TA1537_with_S9/artifacts/base/knn/estimators/knn_seed_10_skf_2_paras_0_K_3.joblib,"{""n_neighbors"": 3}",knn,0,/home/ubuntu/Desktop/DeepAmes_Full_STL_4_keep_weights/results_TA1537_with_S9/artifacts/base/knn/scalers/knn_seed_10_skf_2_paras_0_K_3_scaler.joblib,10,2
knn_seed_10_skf_3_paras_0_K_3,knn,10_skf_3,481,22,24,33,0.918,0.868,0.579,0.956,0.6,0.952,0.589,0.544,/home/ubuntu/Desktop/DeepAmes_Full_STL_4_keep_weights/results_TA1537_with_S9/artifacts/base/knn/estimators/knn_seed_10_skf_3_paras_0_K_3.joblib,"{""n_neighbors"": 3}",knn,0,/home/ubuntu/Desktop/DeepAmes_Full_STL_4_keep_weights/results_TA1537_with_S9/artifacts/base/knn/scalers/knn_seed_10_skf_3_paras_0_K_3_scaler.joblib,10,3
knn_seed_10_skf_4_paras_0_K_3,knn,10_skf_4,480,23,26,31,0.912,0.854,0.544,0.954,0.574,0.949,0.559,0.51,/home/ubuntu/Desktop/DeepAmes_Full_STL_4_keep_weights/results_TA1537_with_S9/artifacts/base/knn/estimators/knn_seed_10_skf_4_paras_0_K_3.joblib,"{""n_neighbors"": 3}",knn,0,/home/ubuntu/Desktop/DeepAmes_Full_STL_4_keep_weights/results_TA1537_with_S9/artifacts/base/knn/scalers/knn_seed_10_skf_4_paras_0_K_3_scaler.joblib,10,4
knn_seed_11_skf_0_paras_0_K_3,knn,11_skf_0,482,21,25,32,0.918,0.863,0.561,0.958,0.604,0.951,0.582,0.537,/home/ubuntu/Desktop/DeepAmes_Full_STL_4_keep_weights/results_TA1537_with_S9/artifacts/base/knn/estimators/knn_seed_11_skf_0_paras_0_K_3.joblib,"{""n_neighbors"": 3}",knn,0,/home/ubuntu/Desktop/DeepAmes_Full_STL_4_keep_weights/results_TA1537_with_S9/artifacts/base/knn/scalers/knn_seed_11_skf_0_paras_0_K_3_scaler.joblib,11,0
knn_seed_11_skf_1_paras_0_K_3,knn,11_skf_1,480,23,23,34,0.918,0.867,0.596,0.954,0.596,0.954,0.596,0.551,/home/ubuntu/Desktop/DeepAmes_Full_STL_4_keep_weights/results_TA1537_with_S9/artifacts/base/knn/estimators/knn_seed_11_skf_1_paras_0_K_3.joblib,"{""n_neighbors"": 3}",knn,0,/home/ubuntu/Desktop/DeepAmes_Full_STL_4_keep_weights/results_TA1537_with_S9/artifacts/base/knn/scalers/knn_seed_11_skf_1_paras_0_K_3_scaler.joblib,11,1
knn_seed_11_skf_2_paras_0_K_3,knn,11_skf_2,480,23,20,37,0.923,0.861,0.649,0.954,0.617,0.96,0.632,0.59,/home/ubuntu/Desktop/DeepAmes_Full_STL_4_keep_weights/results_TA1537_with_S9/artifacts/base/knn/estimators/knn_seed_11_skf_2_paras_0_K_3.joblib,"{""n_neighbors"": 3}",knn,0,/home/ubuntu/Desktop/DeepAmes_Full_STL_4_keep_weights/results_TA1537_with_S9/artifacts/base/knn/scalers/knn_seed_11_skf_2_paras_0_K_3_scaler.joblib,11,2
knn_seed_11_skf_4_paras_0_K_3,knn,11_skf_4,486,17,25,32,0.925,0.84,0.561,0.966,0.653,0.951,0.604,0.565,/home/ubuntu/Desktop/DeepAmes_Full_STL_4_keep_weights/results_TA1537_with_S9/artifacts/base/knn/estimators/knn_seed_11_skf_4_paras_0_K_3.joblib,"{""n_neighbors"": 3}",knn,0,/home/ubuntu/Desktop/DeepAmes_Full_STL_4_keep_weights/results_TA1537_with_S9/artifacts/base/knn/scalers/knn_seed_11_skf_4_paras_0_K_3_scaler.joblib,11,4
knn_seed_12_skf_0_paras_0_K_3,knn,12_skf_0,483,20,24,33,0.921,0.868,0.579,0.96,0.623,0.953,0.6,0.557,/home/ubuntu/Desktop/DeepAmes_Full_STL_4_keep_weights/results_TA1537_with_S9/artifacts/base/knn/estimators/knn_seed_12_skf_0_paras_0_K_3.joblib,"{""n_neighbors"": 3}",knn,0,/home/ubuntu/Desktop/DeepAmes_Full_STL_4_keep_weights/results_TA1537_with_S9/artifacts/base/knn/scalers/knn_seed_12_skf_0_paras_0_K_3_scaler.joblib,12,0
knn_seed_12_skf_1_paras_0_K_3,knn,12_skf_1,483,20,23,34,0.923,0.841,0.596,0.96,0.63,0.955,0.613,0.57,/home/ubuntu/Desktop/DeepAmes_Full_STL_4_keep_weights/results_TA1537_with_S9/artifacts/base/knn/estimators/knn_seed_12_skf_1_paras_0_K_3.joblib,"{""n_neighbors"": 3}",knn,0,/home/ubuntu/Desktop/DeepAmes_Full_STL_4_keep_weights/results_TA1537_with_S9/artifacts/base/knn/scalers/knn_seed_12_skf_1_paras_0_K_3_scaler.joblib,12,1
knn_seed_12_skf_2_paras_0_K_3,knn,12_skf_2,482,21,26,31,0.916,0.836,0.544,0.958,0.596,0.949,0.569,0.523,/home/ubuntu/Desktop/DeepAmes_Full_STL_4_keep_weights/results_TA1537_with_S9/artifacts/base/knn/estimators/knn_seed_12_skf_2_paras_0_K_3.joblib,"{""n_neighbors"": 3}",knn,0,/home/ubuntu/Desktop/DeepAmes_Full_STL_4_keep_weights/results_TA1537_with_S9/artifacts/base/knn/scalers/knn_seed_12_skf_2_paras_0_K_3_scaler.joblib,12,2
knn_seed_12_skf_3_paras_0_K_3,knn,12_skf_3,480,23,23,34,0.918,0.875,0.596,0.954,0.596,0.954,0.596,0.551,/home/ubuntu/Desktop/DeepAmes_Full_STL_4_keep_weights/results_TA1537_with_S9/artifacts/base/knn/estimators/knn_seed_12_skf_3_paras_0_K_3.joblib,"{""n_neighbors"": 3}",knn,0,/home/ubuntu/Desktop/DeepAmes_Full_STL_4_keep_weights/results_TA1537_with_S9/artifacts/base/knn/scalers/knn_seed_12_skf_3_paras_0_K_3_scaler.joblib,12,3
knn_seed_12_skf_4_paras_0_K_3,knn,12_skf_4,485,18,25,32,0.923,0.851,0.561,0.964,0.64,0.951,0.598,0.557,/home/ubuntu/Desktop/DeepAmes_Full_STL_4_keep_weights/results_TA1537_with_S9/artifacts/base/knn/estimators/knn_seed_12_skf_4_paras_0_K_3.joblib,"{""n_neighbors"": 3}",knn,0,/home/ubuntu/Desktop/DeepAmes_Full_STL_4_keep_weights/results_TA1537_with_S9/artifacts/base/knn/scalers/knn_seed_12_skf_4_paras_0_K_3_scaler.joblib,12,4
knn_seed_13_skf_0_paras_0_K_3,knn,13_skf_0,483,20,25,32,0.92,0.839,0.561,0.96,0.615,0.951,0.587,0.543,/home/ubuntu/Desktop/DeepAmes_Full_STL_4_keep_weights/results_TA1537_with_S9/artifacts/base/knn/estimators/knn_seed_13_skf_0_paras_0_K_3.joblib,"{""n_neighbors"": 3}",knn,0,/home/ubuntu/Desktop/DeepAmes_Full_STL_4_keep_weights/results_TA1537_with_S9/artifacts/base/knn/scalers/knn_seed_13_skf_0_paras_0_K_3_scaler.joblib,13,0
knn_seed_13_skf_1_paras_0_K_3,knn,13_skf_1,482,21,22,35,0.923,0.851,0.614,0.958,0.625,0.956,0.619,0.577,/home/ubuntu/Desktop/DeepAmes_Full_STL_4_keep_weights/results_TA1537_with_S9/artifacts/base/knn/estimators/knn_seed_13_skf_1_paras_0_K_3.joblib,"{""n_neighbors"": 3}",knn,0,/home/ubuntu/Desktop/DeepAmes_Full_STL_4_keep_weights/results_TA1537_with_S9/artifacts/base/knn/scalers/knn_seed_13_skf_1_paras_0_K_3_scaler.joblib,13,1
knn_seed_13_skf_2_paras_0_K_3,knn,13_skf_2,485,18,24,33,0.925,0.866,0.579,0.964,0.647,0.953,0.611,0.571,/home/ubuntu/Desktop/DeepAmes_Full_STL_4_keep_weights/results_TA1537_with_S9/artifacts/base/knn/estimators/knn_seed_13_skf_2_paras_0_K_3.joblib,"{""n_neighbors"": 3}",knn,0,/home/ubuntu/Desktop/DeepAmes_Full_STL_4_keep_weights/results_TA1537_with_S9/artifacts/base/knn/scalers/knn_seed_13_skf_2_paras_0_K_3_scaler.joblib,13,2
knn_seed_13_skf_3_paras_0_K_3,knn,13_skf_3,480,23,22,35,0.92,0.874,0.614,0.954,0.603,0.956,0.609,0.564,/home/ubuntu/Desktop/DeepAmes_Full_STL_4_keep_weights/results_TA1537_with_S9/artifacts/base/knn/estimators/knn_seed_13_skf_3_paras_0_K_3.joblib,"{""n_neighbors"": 3}",knn,0,/home/ubuntu/Desktop/DeepAmes_Full_STL_4_keep_weights/results_TA1537_with_S9/artifacts/base/knn/scalers/knn_seed_13_skf_3_paras_0_K_3_scaler.joblib,13,3
knn_seed_13_skf_4_paras_0_K_3,knn,13_skf_4,479,24,25,32,0.912,0.829,0.561,0.952,0.571,0.95,0.566,0.518,/home/ubuntu/Desktop/DeepAmes_Full_STL_4_keep_weights/results_TA1537_with_S9/artifacts/base/knn/estimators/knn_seed_13_skf_4_paras_0_K_3.joblib,"{""n_neighbors"": 3}",knn,0,/home/ubuntu/Desktop/DeepAmes_Full_STL_4_keep_weights/results_TA1537_with_S9/artifacts/base/knn/scalers/knn_seed_13_skf_4_paras_0_K_3_scaler.joblib,13,4
knn_seed_14_skf_0_paras_0_K_3,knn,14_skf_0,484,19,27,30,0.918,0.838,0.526,0.962,0.612,0.947,0.566,0.523,/home/ubuntu/Desktop/DeepAmes_Full_STL_4_keep_weights/results_TA1537_with_S9/artifacts/base/knn/estimators/knn_seed_14_skf_0_paras_0_K_3.joblib,"{""n_neighbors"": 3}",knn,0,/home/ubuntu/Desktop/DeepAmes_Full_STL_4_keep_weights/results_TA1537_with_S9/artifacts/base/knn/scalers/knn_seed_14_skf_0_paras_0_K_3_scaler.joblib,14,0
knn_seed_14_skf_1_paras_0_K_3,knn,14_skf_1,481,22,23,34,0.92,0.865,0.596,0.956,0.607,0.954,0.602,0.557,/home/ubuntu/Desktop/DeepAmes_Full_STL_4_keep_weights/results_TA1537_with_S9/artifacts/base/knn/estimators/knn_seed_14_skf_1_paras_0_K_3.joblib,"{""n_neighbors"": 3}",knn,0,/home/ubuntu/Desktop/DeepAmes_Full_STL_4_keep_weights/results_TA1537_with_S9/artifacts/base/knn/scalers/knn_seed_14_skf_1_paras_0_K_3_scaler.joblib,14,1
knn_seed_14_skf_2_paras_0_K_3,knn,14_skf_2,478,25,23,34,0.914,0.854,0.596,0.95,0.576,0.954,0.586,0.539,/home/ubuntu/Desktop/DeepAmes_Full_STL_4_keep_weights/results_TA1537_with_S9/artifacts/base/knn/estimators/knn_seed_14_skf_2_paras_0_K_3.joblib,"{""n_neighbors"": 3}",knn,0,/home/ubuntu/Desktop/DeepAmes_Full_STL_4_keep_weights/results_TA1537_with_S9/artifacts/base/knn/scalers/knn_seed_14_skf_2_paras_0_K_3_scaler.joblib,14,2
knn_seed_14_skf_3_paras_0_K_3,knn,14_skf_3,478,25,22,35,0.916,0.868,0.614,0.95,0.583,0.956,0.598,0.552,/home/ubuntu/Desktop/DeepAmes_Full_STL_4_keep_weights/results_TA1537_with_S9/artifacts/base/knn/estimators/knn_seed_14_skf_3_paras_0_K_3.joblib,"{""n_neighbors"": 3}",knn,0,/home/ubuntu/Desktop/DeepAmes_Full_STL_4_keep_weights/results_TA1537_with_S9/artifacts/base/knn/scalers/knn_seed_14_skf_3_paras_0_K_3_scaler.joblib,14,3
knn_seed_14_skf_4_paras_0_K_3,knn,14_skf_4,484,19,28,29,0.916,0.846,0.509,0.962,0.604,0.945,0.552,0.509,/home/ubuntu/Desktop/DeepAmes_Full_STL_4_keep_weights/results_TA1537_with_S9/artifacts/base/knn/estimators/knn_seed_14_skf_4_paras_0_K_3.joblib,"{""n_neighbors"": 3}",knn,0,/home/ubuntu/Desktop/DeepAmes_Full_STL_4_keep_weights/results_TA1537_with_S9/artifacts/base/knn/scalers/knn_seed_14_skf_4_paras_0_K_3_scaler.joblib,14,4
knn_seed_15_skf_0_paras_0_K_3,knn,15_skf_0,481,22,27,30,0.912,0.847,0.526,0.956,0.577,0.947,0.55,0.503,/home/ubuntu/Desktop/DeepAmes_Full_STL_4_keep_weights/results_TA1537_with_S9/artifacts/base/knn/estimators/knn_seed_15_skf_0_paras_0_K_3.joblib,"{""n_neighbors"": 3}",knn,0,/home/ubuntu/Desktop/DeepAmes_Full_STL_4_keep_weights/results_TA1537_with_S9/artifacts/base/knn/scalers/knn_seed_15_skf_0_paras_0_K_3_scaler.joblib,15,0
knn_seed_15_skf_1_paras_0_K_3,knn,15_skf_1,486,17,24,33,0.927,0.86,0.579,0.966,0.66,0.953,0.617,0.578,/home/ubuntu/Desktop/DeepAmes_Full_STL_4_keep_weights/results_TA1537_with_S9/artifacts/base/knn/estimators/knn_seed_15_skf_1_paras_0_K_3.joblib,"{""n_neighbors"": 3}",knn,0,/home/ubuntu/Desktop/DeepAmes_Full_STL_4_keep_weights/results_TA1537_with_S9/artifacts/base/knn/scalers/knn_seed_15_skf_1_paras_0_K_3_scaler.joblib,15,1
knn_seed_15_skf_2_paras_0_K_3,knn,15_skf_2,485,18,20,37,0.932,0.872,0.649,0.964,0.673,0.96,0.661,0.623,/home/ubuntu/Desktop/DeepAmes_Full_STL_4_keep_weights/results_TA1537_with_S9/artifacts/base/knn/estimators/knn_seed_15_skf_2_paras_0_K_3.joblib,"{""n_neighbors"": 3}",knn,0,/home/ubuntu/Desktop/DeepAmes_Full_STL_4_keep_weights/results_TA1537_with_S9/artifacts/base/knn/scalers/knn_seed_15_skf_2_paras_0_K_3_scaler.joblib,15,2
knn_seed_15_skf_3_paras_0_K_3,knn,15_skf_3,480,23,24,33,0.916,0.868,0.579,0.954,0.589,0.952,0.584,0.537,/home/ubuntu/Desktop/DeepAmes_Full_STL_4_keep_weights/results_TA1537_with_S9/artifacts/base/knn/estimators/knn_seed_15_skf_3_paras_0_K_3.joblib,"{""n_neighbors"": 3}",knn,0,/home/ubuntu/Desktop/DeepAmes_Full_STL_4_keep_weights/results_TA1537_with_S9/artifacts/base/knn/scalers/knn_seed_15_skf_3_paras_0_K_3_scaler.joblib,15,3
knn_seed_15_skf_4_paras_0_K_3,knn,15_skf_4,482,21,26,31,0.916,0.87,0.544,0.958,0.596,0.949,0.569,0.523,/home/ubuntu/Desktop/DeepAmes_Full_STL_4_keep_weights/results_TA1537_with_S9/artifacts/base/knn/estimators/knn_seed_15_skf_4_paras_0_K_3.joblib,"{""n_neighbors"": 3}",knn,0,/home/ubuntu/Desktop/DeepAmes_Full_STL_4_keep_weights/results_TA1537_with_S9/artifacts/base/knn/scalers/knn_seed_15_skf_4_paras_0_K_3_scaler.joblib,15,4
knn_seed_16_skf_0_paras_0_K_3,knn,16_skf_0,486,17,28,29,0.92,0.821,0.509,0.966,0.63,0.946,0.563,0.523,/home/ubuntu/Desktop/DeepAmes_Full_STL_4_keep_weights/results_TA1537_with_S9/artifacts/base/knn/estimators/knn_seed_16_skf_0_paras_0_K_3.joblib,"{""n_neighbors"": 3}",knn,0,/home/ubuntu/Desktop/DeepAmes_Full_STL_4_keep_weights/results_TA1537_with_S9/artifacts/base/knn/scalers/knn_seed_16_skf_0_paras_0_K_3_scaler.joblib,16,0
knn_seed_16_skf_1_paras_0_K_3,knn,16_skf_1,482,21,25,32,0.918,0.876,0.561,0.958,0.604,0.951,0.582,0.537,/home/ubuntu/Desktop/DeepAmes_Full_STL_4_keep_weights/results_TA1537_with_S9/artifacts/base/knn/estimators/knn_seed_16_skf_1_paras_0_K_3.joblib,"{""n_neighbors"": 3}",knn,0,/home/ubuntu/Desktop/DeepAmes_Full_STL_4_keep_weights/results_TA1537_with_S9/artifacts/base/knn/scalers/knn_seed_16_skf_1_paras_0_K_3_scaler.joblib,16,1
knn_seed_16_skf_2_paras_0_K_3,knn,16_skf_2,482,21,22,35,0.923,0.869,0.614,0.958,0.625,0.956,0.619,0.577,/home/ubuntu/Desktop/DeepAmes_Full_STL_4_keep_weights/results_TA1537_with_S9/artifacts/base/knn/estimators/knn_seed_16_skf_2_paras_0_K_3.joblib,"{""n_neighbors"": 3}",knn,0,/home/ubuntu/Desktop/DeepAmes_Full_STL_4_keep_weights/results_TA1537_with_S9/artifacts/base/knn/scalers/knn_seed_16_skf_2_paras_0_K_3_scaler.joblib,16,2
knn_seed_16_skf_3_paras_0_K_3,knn,16_skf_3,482,21,23,34,0.921,0.864,0.596,0.958,0.618,0.954,0.607,0.564,/home/ubuntu/Desktop/DeepAmes_Full_STL_4_keep_weights/results_TA1537_with_S9/artifacts/base/knn/estimators/knn_seed_16_skf_3_paras_0_K_3.joblib,"{""n_neighbors"": 3}",knn,0,/home/ubuntu/Desktop/DeepAmes_Full_STL_4_keep_weights/results_TA1537_with_S9/artifacts/base/knn/scalers/knn_seed_16_skf_3_paras_0_K_3_scaler.joblib,16,3
knn_seed_16_skf_4_paras_0_K_3,knn,16_skf_4,481,22,26,31,0.914,0.862,0.544,0.956,0.585,0.949,0.564,0.517,/home/ubuntu/Desktop/DeepAmes_Full_STL_4_keep_weights/results_TA1537_with_S9/artifacts/base/knn/estimators/knn_seed_16_skf_4_paras_0_K_3.joblib,"{""n_neighbors"": 3}",knn,0,/home/ubuntu/Desktop/DeepAmes_Full_STL_4_keep_weights/results_TA1537_with_S9/artifacts/base/knn/scalers/knn_seed_16_skf_4_paras_0_K_3_scaler.joblib,16,4
knn_seed_17_skf_0_paras_0_K_3,knn,17_skf_0,484,19,25,32,0.921,0.866,0.561,0.962,0.627,0.951,0.593,0.55,/home/ubuntu/Desktop/DeepAmes_Full_STL_4_keep_weights/results_TA1537_with_S9/artifacts/base/knn/estimators/knn_seed_17_skf_0_paras_0_K_3.joblib,"{""n_neighbors"": 3}",knn,0,/home/ubuntu/Desktop/DeepAmes_Full_STL_4_keep_weights/results_TA1537_with_S9/artifacts/base/knn/scalers/knn_seed_17_skf_0_paras_0_K_3_scaler.joblib,17,0
knn_seed_17_skf_1_paras_0_K_3,knn,17_skf_1,481,22,25,32,0.916,0.849,0.561,0.956,0.593,0.951,0.577,0.53,/home/ubuntu/Desktop/DeepAmes_Full_STL_4_keep_weights/results_TA1537_with_S9/artifacts/base/knn/estimators/knn_seed_17_skf_1_paras_0_K_3.joblib,"{""n_neighbors"": 3}",knn,0,/home/ubuntu/Desktop/DeepAmes_Full_STL_4_keep_weights/results_TA1537_with_S9/artifacts/base/knn/scalers/knn_seed_17_skf_1_paras_0_K_3_scaler.joblib,17,1
knn_seed_17_skf_2_paras_0_K_3,knn,17_skf_2,482,21,23,34,0.921,0.875,0.596,0.958,0.618,0.954,0.607,0.564,/home/ubuntu/Desktop/DeepAmes_Full_STL_4_keep_weights/results_TA1537_with_S9/artifacts/base/knn/estimators/knn_seed_17_skf_2_paras_0_K_3.joblib,"{""n_neighbors"": 3}",knn,0,/home/ubuntu/Desktop/DeepAmes_Full_STL_4_keep_weights/results_TA1537_with_S9/artifacts/base/knn/scalers/knn_seed_17_skf_2_paras_0_K_3_scaler.joblib,17,2
knn_seed_17_skf_3_paras_0_K_3,knn,17_skf_3,488,15,27,30,0.925,0.84,0.526,0.97,0.667,0.948,0.588,0.552,/home/ubuntu/Desktop/DeepAmes_Full_STL_4_keep_weights/results_TA1537_with_S9/artifacts/base/knn/estimators/knn_seed_17_skf_3_paras_0_K_3.joblib,"{""n_neighbors"": 3}",knn,0,/home/ubuntu/Desktop/DeepAmes_Full_STL_4_keep_weights/results_TA1537_with_S9/artifacts/base/knn/scalers/knn_seed_17_skf_3_paras_0_K_3_scaler.joblib,17,3
knn_seed_17_skf_4_paras_0_K_3,knn,17_skf_4,480,23,24,33,0.916,0.867,0.579,0.954,0.589,0.952,0.584,0.537,/home/ubuntu/Desktop/DeepAmes_Full_STL_4_keep_weights/results_TA1537_with_S9/artifacts/base/knn/estimators/knn_seed_17_skf_4_paras_0_K_3.joblib,"{""n_neighbors"": 3}",knn,0,/home/ubuntu/Desktop/DeepAmes_Full_STL_4_keep_weights/results_TA1537_with_S9/artifacts/base/knn/scalers/knn_seed_17_skf_4_paras_0_K_3_scaler.joblib,17,4
knn_seed_18_skf_0_paras_0_K_3,knn,18_skf_0,482,21,21,36,0.925,0.867,0.632,0.958,0.632,0.958,0.632,0.59,/home/ubuntu/Desktop/DeepAmes_Full_STL_4_keep_weights/results_TA1537_with_S9/artifacts/base/knn/estimators/knn_seed_18_skf_0_paras_0_K_3.joblib,"{""n_neighbors"": 3}",knn,0,/home/ubuntu/Desktop/DeepAmes_Full_STL_4_keep_weights/results_TA1537_with_S9/artifacts/base/knn/scalers/knn_seed_18_skf_0_paras_0_K_3_scaler.joblib,18,0
knn_seed_18_skf_1_paras_0_K_3,knn,18_skf_1,486,17,24,33,0.927,0.851,0.579,0.966,0.66,0.953,0.617,0.578,/home/ubuntu/Desktop/DeepAmes_Full_STL_4_keep_weights/results_TA1537_with_S9/artifacts/base/knn/estimators/knn_seed_18_skf_1_paras_0_K_3.joblib,"{""n_neighbors"": 3}",knn,0,/home/ubuntu/Desktop/DeepAmes_Full_STL_4_keep_weights/results_TA1537_with_S9/artifacts/base/knn/scalers/knn_seed_18_skf_1_paras_0_K_3_scaler.joblib,18,1
knn_seed_18_skf_2_paras_0_K_3,knn,18_skf_2,488,15,24,33,0.93,0.869,0.579,0.97,0.688,0.953,0.629,0.593,/home/ubuntu/Desktop/DeepAmes_Full_STL_4_keep_weights/results_TA1537_with_S9/artifacts/base/knn/estimators/knn_seed_18_skf_2_paras_0_K_3.joblib,"{""n_neighbors"": 3}",knn,0,/home/ubuntu/Desktop/DeepAmes_Full_STL_4_keep_weights/results_TA1537_with_S9/artifacts/base/knn/scalers/knn_seed_18_skf_2_paras_0_K_3_scaler.joblib,18,2
knn_seed_18_skf_3_paras_0_K_3,knn,18_skf_3,480,23,27,30,0.911,0.86,0.526,0.954,0.566,0.947,0.545,0.496,/home/ubuntu/Desktop/DeepAmes_Full_STL_4_keep_weights/results_TA1537_with_S9/artifacts/base/knn/estimators/knn_seed_18_skf_3_paras_0_K_3.joblib,"{""n_neighbors"": 3}",knn,0,/home/ubuntu/Desktop/DeepAmes_Full_STL_4_keep_weights/results_TA1537_with_S9/artifacts/base/knn/scalers/knn_seed_18_skf_3_paras_0_K_3_scaler.joblib,18,3
knn_seed_19_skf_0_paras_0_K_3,knn,19_skf_0,489,14,24,33,0.932,0.861,0.579,0.972,0.702,0.953,0.635,0.601,/home/ubuntu/Desktop/DeepAmes_Full_STL_4_keep_weights/results_TA1537_with_S9/artifacts/base/knn/estimators/knn_seed_19_skf_0_paras_0_K_3.joblib,"{""n_neighbors"": 3}",knn,0,/home/ubuntu/Desktop/DeepAmes_Full_STL_4_keep_weights/results_TA1537_with_S9/artifacts/base/knn/scalers/knn_seed_19_skf_0_paras_0_K_3_scaler.joblib,19,0
knn_seed_19_skf_1_paras_0_K_3,knn,19_skf_1,483,20,26,31,0.918,0.846,0.544,0.96,0.608,0.949,0.574,0.53,/home/ubuntu/Desktop/DeepAmes_Full_STL_4_keep_weights/results_TA1537_with_S9/artifacts/base/knn/estimators/knn_seed_19_skf_1_paras_0_K_3.joblib,"{""n_neighbors"": 3}",knn,0,/home/ubuntu/Desktop/DeepAmes_Full_STL_4_keep_weights/results_TA1537_with_S9/artifacts/base/knn/scalers/knn_seed_19_skf_1_paras_0_K_3_scaler.joblib,19,1
knn_seed_19_skf_2_paras_0_K_3,knn,19_skf_2,485,18,26,31,0.921,0.831,0.544,0.964,0.633,0.949,0.585,0.544,/home/ubuntu/Desktop/DeepAmes_Full_STL_4_keep_weights/results_TA1537_with_S9/artifacts/base/knn/estimators/knn_seed_19_skf_2_paras_0_K_3.joblib,"{""n_neighbors"": 3}",knn,0,/home/ubuntu/Desktop/DeepAmes_Full_STL_4_keep_weights/results_TA1537_with_S9/artifacts/base/knn/scalers/knn_seed_19_skf_2_paras_0_K_3_scaler.joblib,19,2
knn_seed_19_skf_3_paras_0_K_3,knn,19_skf_3,483,20,23,34,0.923,0.877,0.596,0.96,0.63,0.955,0.613,0.57,/home/ubuntu/Desktop/DeepAmes_Full_STL_4_keep_weights/results_TA1537_with_S9/artifacts/base/knn/estimators/knn_seed_19_skf_3_paras_0_K_3.joblib,"{""n_neighbors"": 3}",knn,0,/home/ubuntu/Desktop/DeepAmes_Full_STL_4_keep_weights/results_TA1537_with_S9/artifacts/base/knn/scalers/knn_seed_19_skf_3_paras_0_K_3_scaler.joblib,19,3
knn_seed_19_skf_4_paras_0_K_3,knn,19_skf_4,477,26,25,32,0.909,0.878,0.561,0.948,0.552,0.95,0.557,0.506,/home/ubuntu/Desktop/DeepAmes_Full_STL_4_keep_weights/results_TA1537_with_S9/artifacts/base/knn/estimators/knn_seed_19_skf_4_paras_0_K_3.joblib,"{""n_neighbors"": 3}",knn,0,/home/ubuntu/Desktop/DeepAmes_Full_STL_4_keep_weights/results_TA1537_with_S9/artifacts/base/knn/scalers/knn_seed_19_skf_4_paras_0_K_3_scaler.joblib,19,4
