name,model,seed_x,TN,FP,FN,TP,Accuracy,AUC,Sensitivity,Specificity,PPV,NPV,F1,MCC,estimator_path,hyperparams,model_family,paras_id,scaler_path,seed_y,skf_fold
xgboost_seed_0_skf_0_paras_151_lr_0.01_n_900_depth_7_subsample_0.8_scale_pos_weight_6,xgboost,0_skf_0,125,9,14,4,0.849,0.808,0.222,0.933,0.308,0.899,0.258,0.179,/home/ubuntu/Desktop/DeepAmes_Full_STL_4_keep_weights/results_TA102_with_S9/artifacts/base/xgboost/estimators/xgboost_seed_0_skf_0_paras_151_lr_0.01_n_900_depth_7_subsample_0.8_scale_pos_weight_6.joblib,"{""learning_rate"": 0.01, ""max_depth"": 7, ""n_estimators"": 900, ""scale_pos_weight"": 6, ""subsample"": 0.8}",xgboost,151,/home/ubuntu/Desktop/DeepAmes_Full_STL_4_keep_weights/results_TA102_with_S9/artifacts/base/xgboost/scalers/xgboost_seed_0_skf_0_paras_151_lr_0.01_n_900_depth_7_subsample_0.8_scale_pos_weight_6_scaler.joblib,0,0
xgboost_seed_0_skf_1_paras_151_lr_0.01_n_900_depth_7_subsample_0.8_scale_pos_weight_6,xgboost,0_skf_1,125,9,14,4,0.849,0.823,0.222,0.933,0.308,0.899,0.258,0.179,/home/ubuntu/Desktop/DeepAmes_Full_STL_4_keep_weights/results_TA102_with_S9/artifacts/base/xgboost/estimators/xgboost_seed_0_skf_1_paras_151_lr_0.01_n_900_depth_7_subsample_0.8_scale_pos_weight_6.joblib,"{""learning_rate"": 0.01, ""max_depth"": 7, ""n_estimators"": 900, ""scale_pos_weight"": 6, ""subsample"": 0.8}",xgboost,151,/home/ubuntu/Desktop/DeepAmes_Full_STL_4_keep_weights/results_TA102_with_S9/artifacts/base/xgboost/scalers/xgboost_seed_0_skf_1_paras_151_lr_0.01_n_900_depth_7_subsample_0.8_scale_pos_weight_6_scaler.joblib,0,1
xgboost_seed_0_skf_2_paras_151_lr_0.01_n_900_depth_7_subsample_0.8_scale_pos_weight_6,xgboost,0_skf_2,125,9,15,3,0.842,0.82,0.167,0.933,0.25,0.893,0.2,0.119,/home/ubuntu/Desktop/DeepAmes_Full_STL_4_keep_weights/results_TA102_with_S9/artifacts/base/xgboost/estimators/xgboost_seed_0_skf_2_paras_151_lr_0.01_n_900_depth_7_subsample_0.8_scale_pos_weight_6.joblib,"{""learning_rate"": 0.01, ""max_depth"": 7, ""n_estimators"": 900, ""scale_pos_weight"": 6, ""subsample"": 0.8}",xgboost,151,/home/ubuntu/Desktop/DeepAmes_Full_STL_4_keep_weights/results_TA102_with_S9/artifacts/base/xgboost/scalers/xgboost_seed_0_skf_2_paras_151_lr_0.01_n_900_depth_7_subsample_0.8_scale_pos_weight_6_scaler.joblib,0,2
xgboost_seed_0_skf_3_paras_151_lr_0.01_n_900_depth_7_subsample_0.8_scale_pos_weight_6,xgboost,0_skf_3,123,11,13,5,0.842,0.794,0.278,0.918,0.312,0.904,0.294,0.206,/home/ubuntu/Desktop/DeepAmes_Full_STL_4_keep_weights/results_TA102_with_S9/artifacts/base/xgboost/estimators/xgboost_seed_0_skf_3_paras_151_lr_0.01_n_900_depth_7_subsample_0.8_scale_pos_weight_6.joblib,"{""learning_rate"": 0.01, ""max_depth"": 7, ""n_estimators"": 900, ""scale_pos_weight"": 6, ""subsample"": 0.8}",xgboost,151,/home/ubuntu/Desktop/DeepAmes_Full_STL_4_keep_weights/results_TA102_with_S9/artifacts/base/xgboost/scalers/xgboost_seed_0_skf_3_paras_151_lr_0.01_n_900_depth_7_subsample_0.8_scale_pos_weight_6_scaler.joblib,0,3
xgboost_seed_0_skf_4_paras_151_lr_0.01_n_900_depth_7_subsample_0.8_scale_pos_weight_6,xgboost,0_skf_4,124,10,14,4,0.842,0.778,0.222,0.925,0.286,0.899,0.25,0.165,/home/ubuntu/Desktop/DeepAmes_Full_STL_4_keep_weights/results_TA102_with_S9/artifacts/base/xgboost/estimators/xgboost_seed_0_skf_4_paras_151_lr_0.01_n_900_depth_7_subsample_0.8_scale_pos_weight_6.joblib,"{""learning_rate"": 0.01, ""max_depth"": 7, ""n_estimators"": 900, ""scale_pos_weight"": 6, ""subsample"": 0.8}",xgboost,151,/home/ubuntu/Desktop/DeepAmes_Full_STL_4_keep_weights/results_TA102_with_S9/artifacts/base/xgboost/scalers/xgboost_seed_0_skf_4_paras_151_lr_0.01_n_900_depth_7_subsample_0.8_scale_pos_weight_6_scaler.joblib,0,4
xgboost_seed_1_skf_0_paras_151_lr_0.01_n_900_depth_7_subsample_0.8_scale_pos_weight_6,xgboost,1_skf_0,124,10,13,5,0.849,0.767,0.278,0.925,0.333,0.905,0.303,0.22,/home/ubuntu/Desktop/DeepAmes_Full_STL_4_keep_weights/results_TA102_with_S9/artifacts/base/xgboost/estimators/xgboost_seed_1_skf_0_paras_151_lr_0.01_n_900_depth_7_subsample_0.8_scale_pos_weight_6.joblib,"{""learning_rate"": 0.01, ""max_depth"": 7, ""n_estimators"": 900, ""scale_pos_weight"": 6, ""subsample"": 0.8}",xgboost,151,/home/ubuntu/Desktop/DeepAmes_Full_STL_4_keep_weights/results_TA102_with_S9/artifacts/base/xgboost/scalers/xgboost_seed_1_skf_0_paras_151_lr_0.01_n_900_depth_7_subsample_0.8_scale_pos_weight_6_scaler.joblib,1,0
xgboost_seed_1_skf_1_paras_151_lr_0.01_n_900_depth_7_subsample_0.8_scale_pos_weight_6,xgboost,1_skf_1,125,9,15,3,0.842,0.856,0.167,0.933,0.25,0.893,0.2,0.119,/home/ubuntu/Desktop/DeepAmes_Full_STL_4_keep_weights/results_TA102_with_S9/artifacts/base/xgboost/estimators/xgboost_seed_1_skf_1_paras_151_lr_0.01_n_900_depth_7_subsample_0.8_scale_pos_weight_6.joblib,"{""learning_rate"": 0.01, ""max_depth"": 7, ""n_estimators"": 900, ""scale_pos_weight"": 6, ""subsample"": 0.8}",xgboost,151,/home/ubuntu/Desktop/DeepAmes_Full_STL_4_keep_weights/results_TA102_with_S9/artifacts/base/xgboost/scalers/xgboost_seed_1_skf_1_paras_151_lr_0.01_n_900_depth_7_subsample_0.8_scale_pos_weight_6_scaler.joblib,1,1
xgboost_seed_1_skf_3_paras_151_lr_0.01_n_900_depth_7_subsample_0.8_scale_pos_weight_6,xgboost,1_skf_3,127,7,16,2,0.849,0.764,0.111,0.948,0.222,0.888,0.148,0.081,/home/ubuntu/Desktop/DeepAmes_Full_STL_4_keep_weights/results_TA102_with_S9/artifacts/base/xgboost/estimators/xgboost_seed_1_skf_3_paras_151_lr_0.01_n_900_depth_7_subsample_0.8_scale_pos_weight_6.joblib,"{""learning_rate"": 0.01, ""max_depth"": 7, ""n_estimators"": 900, ""scale_pos_weight"": 6, ""subsample"": 0.8}",xgboost,151,/home/ubuntu/Desktop/DeepAmes_Full_STL_4_keep_weights/results_TA102_with_S9/artifacts/base/xgboost/scalers/xgboost_seed_1_skf_3_paras_151_lr_0.01_n_900_depth_7_subsample_0.8_scale_pos_weight_6_scaler.joblib,1,3
xgboost_seed_1_skf_4_paras_151_lr_0.01_n_900_depth_7_subsample_0.8_scale_pos_weight_6,xgboost,1_skf_4,128,6,14,4,0.868,0.81,0.222,0.955,0.4,0.901,0.286,0.231,/home/ubuntu/Desktop/DeepAmes_Full_STL_4_keep_weights/results_TA102_with_S9/artifacts/base/xgboost/estimators/xgboost_seed_1_skf_4_paras_151_lr_0.01_n_900_depth_7_subsample_0.8_scale_pos_weight_6.joblib,"{""learning_rate"": 0.01, ""max_depth"": 7, ""n_estimators"": 900, ""scale_pos_weight"": 6, ""subsample"": 0.8}",xgboost,151,/home/ubuntu/Desktop/DeepAmes_Full_STL_4_keep_weights/results_TA102_with_S9/artifacts/base/xgboost/scalers/xgboost_seed_1_skf_4_paras_151_lr_0.01_n_900_depth_7_subsample_0.8_scale_pos_weight_6_scaler.joblib,1,4
xgboost_seed_2_skf_0_paras_151_lr_0.01_n_900_depth_7_subsample_0.8_scale_pos_weight_6,xgboost,2_skf_0,125,9,14,4,0.849,0.789,0.222,0.933,0.308,0.899,0.258,0.179,/home/ubuntu/Desktop/DeepAmes_Full_STL_4_keep_weights/results_TA102_with_S9/artifacts/base/xgboost/estimators/xgboost_seed_2_skf_0_paras_151_lr_0.01_n_900_depth_7_subsample_0.8_scale_pos_weight_6.joblib,"{""learning_rate"": 0.01, ""max_depth"": 7, ""n_estimators"": 900, ""scale_pos_weight"": 6, ""subsample"": 0.8}",xgboost,151,/home/ubuntu/Desktop/DeepAmes_Full_STL_4_keep_weights/results_TA102_with_S9/artifacts/base/xgboost/scalers/xgboost_seed_2_skf_0_paras_151_lr_0.01_n_900_depth_7_subsample_0.8_scale_pos_weight_6_scaler.joblib,2,0
xgboost_seed_2_skf_1_paras_151_lr_0.01_n_900_depth_7_subsample_0.8_scale_pos_weight_6,xgboost,2_skf_1,126,8,14,4,0.855,0.832,0.222,0.94,0.333,0.9,0.267,0.195,/home/ubuntu/Desktop/DeepAmes_Full_STL_4_keep_weights/results_TA102_with_S9/artifacts/base/xgboost/estimators/xgboost_seed_2_skf_1_paras_151_lr_0.01_n_900_depth_7_subsample_0.8_scale_pos_weight_6.joblib,"{""learning_rate"": 0.01, ""max_depth"": 7, ""n_estimators"": 900, ""scale_pos_weight"": 6, ""subsample"": 0.8}",xgboost,151,/home/ubuntu/Desktop/DeepAmes_Full_STL_4_keep_weights/results_TA102_with_S9/artifacts/base/xgboost/scalers/xgboost_seed_2_skf_1_paras_151_lr_0.01_n_900_depth_7_subsample_0.8_scale_pos_weight_6_scaler.joblib,2,1
xgboost_seed_2_skf_2_paras_151_lr_0.01_n_900_depth_7_subsample_0.8_scale_pos_weight_6,xgboost,2_skf_2,126,8,16,2,0.842,0.775,0.111,0.94,0.2,0.887,0.143,0.067,/home/ubuntu/Desktop/DeepAmes_Full_STL_4_keep_weights/results_TA102_with_S9/artifacts/base/xgboost/estimators/xgboost_seed_2_skf_2_paras_151_lr_0.01_n_900_depth_7_subsample_0.8_scale_pos_weight_6.joblib,"{""learning_rate"": 0.01, ""max_depth"": 7, ""n_estimators"": 900, ""scale_pos_weight"": 6, ""subsample"": 0.8}",xgboost,151,/home/ubuntu/Desktop/DeepAmes_Full_STL_4_keep_weights/results_TA102_with_S9/artifacts/base/xgboost/scalers/xgboost_seed_2_skf_2_paras_151_lr_0.01_n_900_depth_7_subsample_0.8_scale_pos_weight_6_scaler.joblib,2,2
xgboost_seed_2_skf_3_paras_151_lr_0.01_n_900_depth_7_subsample_0.8_scale_pos_weight_6,xgboost,2_skf_3,125,9,12,6,0.862,0.795,0.333,0.933,0.4,0.912,0.364,0.288,/home/ubuntu/Desktop/DeepAmes_Full_STL_4_keep_weights/results_TA102_with_S9/artifacts/base/xgboost/estimators/xgboost_seed_2_skf_3_paras_151_lr_0.01_n_900_depth_7_subsample_0.8_scale_pos_weight_6.joblib,"{""learning_rate"": 0.01, ""max_depth"": 7, ""n_estimators"": 900, ""scale_pos_weight"": 6, ""subsample"": 0.8}",xgboost,151,/home/ubuntu/Desktop/DeepAmes_Full_STL_4_keep_weights/results_TA102_with_S9/artifacts/base/xgboost/scalers/xgboost_seed_2_skf_3_paras_151_lr_0.01_n_900_depth_7_subsample_0.8_scale_pos_weight_6_scaler.joblib,2,3
xgboost_seed_2_skf_4_paras_151_lr_0.01_n_900_depth_7_subsample_0.8_scale_pos_weight_6,xgboost,2_skf_4,125,9,15,3,0.842,0.806,0.167,0.933,0.25,0.893,0.2,0.119,/home/ubuntu/Desktop/DeepAmes_Full_STL_4_keep_weights/results_TA102_with_S9/artifacts/base/xgboost/estimators/xgboost_seed_2_skf_4_paras_151_lr_0.01_n_900_depth_7_subsample_0.8_scale_pos_weight_6.joblib,"{""learning_rate"": 0.01, ""max_depth"": 7, ""n_estimators"": 900, ""scale_pos_weight"": 6, ""subsample"": 0.8}",xgboost,151,/home/ubuntu/Desktop/DeepAmes_Full_STL_4_keep_weights/results_TA102_with_S9/artifacts/base/xgboost/scalers/xgboost_seed_2_skf_4_paras_151_lr_0.01_n_900_depth_7_subsample_0.8_scale_pos_weight_6_scaler.joblib,2,4
xgboost_seed_3_skf_0_paras_151_lr_0.01_n_900_depth_7_subsample_0.8_scale_pos_weight_6,xgboost,3_skf_0,127,7,15,3,0.855,0.813,0.167,0.948,0.3,0.894,0.214,0.149,/home/ubuntu/Desktop/DeepAmes_Full_STL_4_keep_weights/results_TA102_with_S9/artifacts/base/xgboost/estimators/xgboost_seed_3_skf_0_paras_151_lr_0.01_n_900_depth_7_subsample_0.8_scale_pos_weight_6.joblib,"{""learning_rate"": 0.01, ""max_depth"": 7, ""n_estimators"": 900, ""scale_pos_weight"": 6, ""subsample"": 0.8}",xgboost,151,/home/ubuntu/Desktop/DeepAmes_Full_STL_4_keep_weights/results_TA102_with_S9/artifacts/base/xgboost/scalers/xgboost_seed_3_skf_0_paras_151_lr_0.01_n_900_depth_7_subsample_0.8_scale_pos_weight_6_scaler.joblib,3,0
xgboost_seed_3_skf_1_paras_151_lr_0.01_n_900_depth_7_subsample_0.8_scale_pos_weight_6,xgboost,3_skf_1,129,5,15,3,0.868,0.774,0.167,0.963,0.375,0.896,0.231,0.187,/home/ubuntu/Desktop/DeepAmes_Full_STL_4_keep_weights/results_TA102_with_S9/artifacts/base/xgboost/estimators/xgboost_seed_3_skf_1_paras_151_lr_0.01_n_900_depth_7_subsample_0.8_scale_pos_weight_6.joblib,"{""learning_rate"": 0.01, ""max_depth"": 7, ""n_estimators"": 900, ""scale_pos_weight"": 6, ""subsample"": 0.8}",xgboost,151,/home/ubuntu/Desktop/DeepAmes_Full_STL_4_keep_weights/results_TA102_with_S9/artifacts/base/xgboost/scalers/xgboost_seed_3_skf_1_paras_151_lr_0.01_n_900_depth_7_subsample_0.8_scale_pos_weight_6_scaler.joblib,3,1
xgboost_seed_3_skf_2_paras_151_lr_0.01_n_900_depth_7_subsample_0.8_scale_pos_weight_6,xgboost,3_skf_2,122,12,14,4,0.829,0.798,0.222,0.91,0.25,0.897,0.235,0.14,/home/ubuntu/Desktop/DeepAmes_Full_STL_4_keep_weights/results_TA102_with_S9/artifacts/base/xgboost/estimators/xgboost_seed_3_skf_2_paras_151_lr_0.01_n_900_depth_7_subsample_0.8_scale_pos_weight_6.joblib,"{""learning_rate"": 0.01, ""max_depth"": 7, ""n_estimators"": 900, ""scale_pos_weight"": 6, ""subsample"": 0.8}",xgboost,151,/home/ubuntu/Desktop/DeepAmes_Full_STL_4_keep_weights/results_TA102_with_S9/artifacts/base/xgboost/scalers/xgboost_seed_3_skf_2_paras_151_lr_0.01_n_900_depth_7_subsample_0.8_scale_pos_weight_6_scaler.joblib,3,2
xgboost_seed_3_skf_3_paras_151_lr_0.01_n_900_depth_7_subsample_0.8_scale_pos_weight_6,xgboost,3_skf_3,127,7,13,5,0.868,0.846,0.278,0.948,0.417,0.907,0.333,0.27,/home/ubuntu/Desktop/DeepAmes_Full_STL_4_keep_weights/results_TA102_with_S9/artifacts/base/xgboost/estimators/xgboost_seed_3_skf_3_paras_151_lr_0.01_n_900_depth_7_subsample_0.8_scale_pos_weight_6.joblib,"{""learning_rate"": 0.01, ""max_depth"": 7, ""n_estimators"": 900, ""scale_pos_weight"": 6, ""subsample"": 0.8}",xgboost,151,/home/ubuntu/Desktop/DeepAmes_Full_STL_4_keep_weights/results_TA102_with_S9/artifacts/base/xgboost/scalers/xgboost_seed_3_skf_3_paras_151_lr_0.01_n_900_depth_7_subsample_0.8_scale_pos_weight_6_scaler.joblib,3,3
xgboost_seed_3_skf_4_paras_151_lr_0.01_n_900_depth_7_subsample_0.8_scale_pos_weight_6,xgboost,3_skf_4,121,13,13,5,0.829,0.802,0.278,0.903,0.278,0.903,0.278,0.181,/home/ubuntu/Desktop/DeepAmes_Full_STL_4_keep_weights/results_TA102_with_S9/artifacts/base/xgboost/estimators/xgboost_seed_3_skf_4_paras_151_lr_0.01_n_900_depth_7_subsample_0.8_scale_pos_weight_6.joblib,"{""learning_rate"": 0.01, ""max_depth"": 7, ""n_estimators"": 900, ""scale_pos_weight"": 6, ""subsample"": 0.8}",xgboost,151,/home/ubuntu/Desktop/DeepAmes_Full_STL_4_keep_weights/results_TA102_with_S9/artifacts/base/xgboost/scalers/xgboost_seed_3_skf_4_paras_151_lr_0.01_n_900_depth_7_subsample_0.8_scale_pos_weight_6_scaler.joblib,3,4
xgboost_seed_4_skf_0_paras_151_lr_0.01_n_900_depth_7_subsample_0.8_scale_pos_weight_6,xgboost,4_skf_0,124,10,14,4,0.842,0.813,0.222,0.925,0.286,0.899,0.25,0.165,/home/ubuntu/Desktop/DeepAmes_Full_STL_4_keep_weights/results_TA102_with_S9/artifacts/base/xgboost/estimators/xgboost_seed_4_skf_0_paras_151_lr_0.01_n_900_depth_7_subsample_0.8_scale_pos_weight_6.joblib,"{""learning_rate"": 0.01, ""max_depth"": 7, ""n_estimators"": 900, ""scale_pos_weight"": 6, ""subsample"": 0.8}",xgboost,151,/home/ubuntu/Desktop/DeepAmes_Full_STL_4_keep_weights/results_TA102_with_S9/artifacts/base/xgboost/scalers/xgboost_seed_4_skf_0_paras_151_lr_0.01_n_900_depth_7_subsample_0.8_scale_pos_weight_6_scaler.joblib,4,0
xgboost_seed_4_skf_1_paras_151_lr_0.01_n_900_depth_7_subsample_0.8_scale_pos_weight_6,xgboost,4_skf_1,122,12,13,5,0.836,0.778,0.278,0.91,0.294,0.904,0.286,0.193,/home/ubuntu/Desktop/DeepAmes_Full_STL_4_keep_weights/results_TA102_with_S9/artifacts/base/xgboost/estimators/xgboost_seed_4_skf_1_paras_151_lr_0.01_n_900_depth_7_subsample_0.8_scale_pos_weight_6.joblib,"{""learning_rate"": 0.01, ""max_depth"": 7, ""n_estimators"": 900, ""scale_pos_weight"": 6, ""subsample"": 0.8}",xgboost,151,/home/ubuntu/Desktop/DeepAmes_Full_STL_4_keep_weights/results_TA102_with_S9/artifacts/base/xgboost/scalers/xgboost_seed_4_skf_1_paras_151_lr_0.01_n_900_depth_7_subsample_0.8_scale_pos_weight_6_scaler.joblib,4,1
xgboost_seed_4_skf_2_paras_151_lr_0.01_n_900_depth_7_subsample_0.8_scale_pos_weight_6,xgboost,4_skf_2,124,10,15,3,0.836,0.768,0.167,0.925,0.231,0.892,0.194,0.106,/home/ubuntu/Desktop/DeepAmes_Full_STL_4_keep_weights/results_TA102_with_S9/artifacts/base/xgboost/estimators/xgboost_seed_4_skf_2_paras_151_lr_0.01_n_900_depth_7_subsample_0.8_scale_pos_weight_6.joblib,"{""learning_rate"": 0.01, ""max_depth"": 7, ""n_estimators"": 900, ""scale_pos_weight"": 6, ""subsample"": 0.8}",xgboost,151,/home/ubuntu/Desktop/DeepAmes_Full_STL_4_keep_weights/results_TA102_with_S9/artifacts/base/xgboost/scalers/xgboost_seed_4_skf_2_paras_151_lr_0.01_n_900_depth_7_subsample_0.8_scale_pos_weight_6_scaler.joblib,4,2
xgboost_seed_4_skf_3_paras_151_lr_0.01_n_900_depth_7_subsample_0.8_scale_pos_weight_6,xgboost,4_skf_3,126,8,16,2,0.842,0.782,0.111,0.94,0.2,0.887,0.143,0.067,/home/ubuntu/Desktop/DeepAmes_Full_STL_4_keep_weights/results_TA102_with_S9/artifacts/base/xgboost/estimators/xgboost_seed_4_skf_3_paras_151_lr_0.01_n_900_depth_7_subsample_0.8_scale_pos_weight_6.joblib,"{""learning_rate"": 0.01, ""max_depth"": 7, ""n_estimators"": 900, ""scale_pos_weight"": 6, ""subsample"": 0.8}",xgboost,151,/home/ubuntu/Desktop/DeepAmes_Full_STL_4_keep_weights/results_TA102_with_S9/artifacts/base/xgboost/scalers/xgboost_seed_4_skf_3_paras_151_lr_0.01_n_900_depth_7_subsample_0.8_scale_pos_weight_6_scaler.joblib,4,3
xgboost_seed_4_skf_4_paras_151_lr_0.01_n_900_depth_7_subsample_0.8_scale_pos_weight_6,xgboost,4_skf_4,128,6,16,2,0.855,0.835,0.111,0.955,0.25,0.889,0.154,0.096,/home/ubuntu/Desktop/DeepAmes_Full_STL_4_keep_weights/results_TA102_with_S9/artifacts/base/xgboost/estimators/xgboost_seed_4_skf_4_paras_151_lr_0.01_n_900_depth_7_subsample_0.8_scale_pos_weight_6.joblib,"{""learning_rate"": 0.01, ""max_depth"": 7, ""n_estimators"": 900, ""scale_pos_weight"": 6, ""subsample"": 0.8}",xgboost,151,/home/ubuntu/Desktop/DeepAmes_Full_STL_4_keep_weights/results_TA102_with_S9/artifacts/base/xgboost/scalers/xgboost_seed_4_skf_4_paras_151_lr_0.01_n_900_depth_7_subsample_0.8_scale_pos_weight_6_scaler.joblib,4,4
xgboost_seed_5_skf_0_paras_151_lr_0.01_n_900_depth_7_subsample_0.8_scale_pos_weight_6,xgboost,5_skf_0,126,8,16,2,0.842,0.816,0.111,0.94,0.2,0.887,0.143,0.067,/home/ubuntu/Desktop/DeepAmes_Full_STL_4_keep_weights/results_TA102_with_S9/artifacts/base/xgboost/estimators/xgboost_seed_5_skf_0_paras_151_lr_0.01_n_900_depth_7_subsample_0.8_scale_pos_weight_6.joblib,"{""learning_rate"": 0.01, ""max_depth"": 7, ""n_estimators"": 900, ""scale_pos_weight"": 6, ""subsample"": 0.8}",xgboost,151,/home/ubuntu/Desktop/DeepAmes_Full_STL_4_keep_weights/results_TA102_with_S9/artifacts/base/xgboost/scalers/xgboost_seed_5_skf_0_paras_151_lr_0.01_n_900_depth_7_subsample_0.8_scale_pos_weight_6_scaler.joblib,5,0
xgboost_seed_5_skf_1_paras_151_lr_0.01_n_900_depth_7_subsample_0.8_scale_pos_weight_6,xgboost,5_skf_1,126,8,14,4,0.855,0.808,0.222,0.94,0.333,0.9,0.267,0.195,/home/ubuntu/Desktop/DeepAmes_Full_STL_4_keep_weights/results_TA102_with_S9/artifacts/base/xgboost/estimators/xgboost_seed_5_skf_1_paras_151_lr_0.01_n_900_depth_7_subsample_0.8_scale_pos_weight_6.joblib,"{""learning_rate"": 0.01, ""max_depth"": 7, ""n_estimators"": 900, ""scale_pos_weight"": 6, ""subsample"": 0.8}",xgboost,151,/home/ubuntu/Desktop/DeepAmes_Full_STL_4_keep_weights/results_TA102_with_S9/artifacts/base/xgboost/scalers/xgboost_seed_5_skf_1_paras_151_lr_0.01_n_900_depth_7_subsample_0.8_scale_pos_weight_6_scaler.joblib,5,1
xgboost_seed_5_skf_2_paras_151_lr_0.01_n_900_depth_7_subsample_0.8_scale_pos_weight_6,xgboost,5_skf_2,126,8,14,4,0.855,0.794,0.222,0.94,0.333,0.9,0.267,0.195,/home/ubuntu/Desktop/DeepAmes_Full_STL_4_keep_weights/results_TA102_with_S9/artifacts/base/xgboost/estimators/xgboost_seed_5_skf_2_paras_151_lr_0.01_n_900_depth_7_subsample_0.8_scale_pos_weight_6.joblib,"{""learning_rate"": 0.01, ""max_depth"": 7, ""n_estimators"": 900, ""scale_pos_weight"": 6, ""subsample"": 0.8}",xgboost,151,/home/ubuntu/Desktop/DeepAmes_Full_STL_4_keep_weights/results_TA102_with_S9/artifacts/base/xgboost/scalers/xgboost_seed_5_skf_2_paras_151_lr_0.01_n_900_depth_7_subsample_0.8_scale_pos_weight_6_scaler.joblib,5,2
xgboost_seed_5_skf_3_paras_151_lr_0.01_n_900_depth_7_subsample_0.8_scale_pos_weight_6,xgboost,5_skf_3,125,9,14,4,0.849,0.779,0.222,0.933,0.308,0.899,0.258,0.179,/home/ubuntu/Desktop/DeepAmes_Full_STL_4_keep_weights/results_TA102_with_S9/artifacts/base/xgboost/estimators/xgboost_seed_5_skf_3_paras_151_lr_0.01_n_900_depth_7_subsample_0.8_scale_pos_weight_6.joblib,"{""learning_rate"": 0.01, ""max_depth"": 7, ""n_estimators"": 900, ""scale_pos_weight"": 6, ""subsample"": 0.8}",xgboost,151,/home/ubuntu/Desktop/DeepAmes_Full_STL_4_keep_weights/results_TA102_with_S9/artifacts/base/xgboost/scalers/xgboost_seed_5_skf_3_paras_151_lr_0.01_n_900_depth_7_subsample_0.8_scale_pos_weight_6_scaler.joblib,5,3
xgboost_seed_5_skf_4_paras_151_lr_0.01_n_900_depth_7_subsample_0.8_scale_pos_weight_6,xgboost,5_skf_4,122,12,13,5,0.836,0.806,0.278,0.91,0.294,0.904,0.286,0.193,/home/ubuntu/Desktop/DeepAmes_Full_STL_4_keep_weights/results_TA102_with_S9/artifacts/base/xgboost/estimators/xgboost_seed_5_skf_4_paras_151_lr_0.01_n_900_depth_7_subsample_0.8_scale_pos_weight_6.joblib,"{""learning_rate"": 0.01, ""max_depth"": 7, ""n_estimators"": 900, ""scale_pos_weight"": 6, ""subsample"": 0.8}",xgboost,151,/home/ubuntu/Desktop/DeepAmes_Full_STL_4_keep_weights/results_TA102_with_S9/artifacts/base/xgboost/scalers/xgboost_seed_5_skf_4_paras_151_lr_0.01_n_900_depth_7_subsample_0.8_scale_pos_weight_6_scaler.joblib,5,4
xgboost_seed_6_skf_0_paras_151_lr_0.01_n_900_depth_7_subsample_0.8_scale_pos_weight_6,xgboost,6_skf_0,129,5,16,2,0.862,0.789,0.111,0.963,0.286,0.89,0.16,0.114,/home/ubuntu/Desktop/DeepAmes_Full_STL_4_keep_weights/results_TA102_with_S9/artifacts/base/xgboost/estimators/xgboost_seed_6_skf_0_paras_151_lr_0.01_n_900_depth_7_subsample_0.8_scale_pos_weight_6.joblib,"{""learning_rate"": 0.01, ""max_depth"": 7, ""n_estimators"": 900, ""scale_pos_weight"": 6, ""subsample"": 0.8}",xgboost,151,/home/ubuntu/Desktop/DeepAmes_Full_STL_4_keep_weights/results_TA102_with_S9/artifacts/base/xgboost/scalers/xgboost_seed_6_skf_0_paras_151_lr_0.01_n_900_depth_7_subsample_0.8_scale_pos_weight_6_scaler.joblib,6,0
xgboost_seed_6_skf_1_paras_151_lr_0.01_n_900_depth_7_subsample_0.8_scale_pos_weight_6,xgboost,6_skf_1,126,8,13,5,0.862,0.812,0.278,0.94,0.385,0.906,0.323,0.252,/home/ubuntu/Desktop/DeepAmes_Full_STL_4_keep_weights/results_TA102_with_S9/artifacts/base/xgboost/estimators/xgboost_seed_6_skf_1_paras_151_lr_0.01_n_900_depth_7_subsample_0.8_scale_pos_weight_6.joblib,"{""learning_rate"": 0.01, ""max_depth"": 7, ""n_estimators"": 900, ""scale_pos_weight"": 6, ""subsample"": 0.8}",xgboost,151,/home/ubuntu/Desktop/DeepAmes_Full_STL_4_keep_weights/results_TA102_with_S9/artifacts/base/xgboost/scalers/xgboost_seed_6_skf_1_paras_151_lr_0.01_n_900_depth_7_subsample_0.8_scale_pos_weight_6_scaler.joblib,6,1
xgboost_seed_6_skf_2_paras_151_lr_0.01_n_900_depth_7_subsample_0.8_scale_pos_weight_6,xgboost,6_skf_2,123,11,15,3,0.829,0.769,0.167,0.918,0.214,0.891,0.188,0.095,/home/ubuntu/Desktop/DeepAmes_Full_STL_4_keep_weights/results_TA102_with_S9/artifacts/base/xgboost/estimators/xgboost_seed_6_skf_2_paras_151_lr_0.01_n_900_depth_7_subsample_0.8_scale_pos_weight_6.joblib,"{""learning_rate"": 0.01, ""max_depth"": 7, ""n_estimators"": 900, ""scale_pos_weight"": 6, ""subsample"": 0.8}",xgboost,151,/home/ubuntu/Desktop/DeepAmes_Full_STL_4_keep_weights/results_TA102_with_S9/artifacts/base/xgboost/scalers/xgboost_seed_6_skf_2_paras_151_lr_0.01_n_900_depth_7_subsample_0.8_scale_pos_weight_6_scaler.joblib,6,2
xgboost_seed_6_skf_3_paras_151_lr_0.01_n_900_depth_7_subsample_0.8_scale_pos_weight_6,xgboost,6_skf_3,126,8,15,3,0.849,0.827,0.167,0.94,0.273,0.894,0.207,0.133,/home/ubuntu/Desktop/DeepAmes_Full_STL_4_keep_weights/results_TA102_with_S9/artifacts/base/xgboost/estimators/xgboost_seed_6_skf_3_paras_151_lr_0.01_n_900_depth_7_subsample_0.8_scale_pos_weight_6.joblib,"{""learning_rate"": 0.01, ""max_depth"": 7, ""n_estimators"": 900, ""scale_pos_weight"": 6, ""subsample"": 0.8}",xgboost,151,/home/ubuntu/Desktop/DeepAmes_Full_STL_4_keep_weights/results_TA102_with_S9/artifacts/base/xgboost/scalers/xgboost_seed_6_skf_3_paras_151_lr_0.01_n_900_depth_7_subsample_0.8_scale_pos_weight_6_scaler.joblib,6,3
xgboost_seed_6_skf_4_paras_151_lr_0.01_n_900_depth_7_subsample_0.8_scale_pos_weight_6,xgboost,6_skf_4,123,11,13,5,0.842,0.826,0.278,0.918,0.312,0.904,0.294,0.206,/home/ubuntu/Desktop/DeepAmes_Full_STL_4_keep_weights/results_TA102_with_S9/artifacts/base/xgboost/estimators/xgboost_seed_6_skf_4_paras_151_lr_0.01_n_900_depth_7_subsample_0.8_scale_pos_weight_6.joblib,"{""learning_rate"": 0.01, ""max_depth"": 7, ""n_estimators"": 900, ""scale_pos_weight"": 6, ""subsample"": 0.8}",xgboost,151,/home/ubuntu/Desktop/DeepAmes_Full_STL_4_keep_weights/results_TA102_with_S9/artifacts/base/xgboost/scalers/xgboost_seed_6_skf_4_paras_151_lr_0.01_n_900_depth_7_subsample_0.8_scale_pos_weight_6_scaler.joblib,6,4
xgboost_seed_7_skf_0_paras_151_lr_0.01_n_900_depth_7_subsample_0.8_scale_pos_weight_6,xgboost,7_skf_0,127,7,16,2,0.849,0.803,0.111,0.948,0.222,0.888,0.148,0.081,/home/ubuntu/Desktop/DeepAmes_Full_STL_4_keep_weights/results_TA102_with_S9/artifacts/base/xgboost/estimators/xgboost_seed_7_skf_0_paras_151_lr_0.01_n_900_depth_7_subsample_0.8_scale_pos_weight_6.joblib,"{""learning_rate"": 0.01, ""max_depth"": 7, ""n_estimators"": 900, ""scale_pos_weight"": 6, ""subsample"": 0.8}",xgboost,151,/home/ubuntu/Desktop/DeepAmes_Full_STL_4_keep_weights/results_TA102_with_S9/artifacts/base/xgboost/scalers/xgboost_seed_7_skf_0_paras_151_lr_0.01_n_900_depth_7_subsample_0.8_scale_pos_weight_6_scaler.joblib,7,0
xgboost_seed_7_skf_1_paras_151_lr_0.01_n_900_depth_7_subsample_0.8_scale_pos_weight_6,xgboost,7_skf_1,124,10,14,4,0.842,0.801,0.222,0.925,0.286,0.899,0.25,0.165,/home/ubuntu/Desktop/DeepAmes_Full_STL_4_keep_weights/results_TA102_with_S9/artifacts/base/xgboost/estimators/xgboost_seed_7_skf_1_paras_151_lr_0.01_n_900_depth_7_subsample_0.8_scale_pos_weight_6.joblib,"{""learning_rate"": 0.01, ""max_depth"": 7, ""n_estimators"": 900, ""scale_pos_weight"": 6, ""subsample"": 0.8}",xgboost,151,/home/ubuntu/Desktop/DeepAmes_Full_STL_4_keep_weights/results_TA102_with_S9/artifacts/base/xgboost/scalers/xgboost_seed_7_skf_1_paras_151_lr_0.01_n_900_depth_7_subsample_0.8_scale_pos_weight_6_scaler.joblib,7,1
xgboost_seed_7_skf_2_paras_151_lr_0.01_n_900_depth_7_subsample_0.8_scale_pos_weight_6,xgboost,7_skf_2,123,11,12,6,0.849,0.8,0.333,0.918,0.353,0.911,0.343,0.258,/home/ubuntu/Desktop/DeepAmes_Full_STL_4_keep_weights/results_TA102_with_S9/artifacts/base/xgboost/estimators/xgboost_seed_7_skf_2_paras_151_lr_0.01_n_900_depth_7_subsample_0.8_scale_pos_weight_6.joblib,"{""learning_rate"": 0.01, ""max_depth"": 7, ""n_estimators"": 900, ""scale_pos_weight"": 6, ""subsample"": 0.8}",xgboost,151,/home/ubuntu/Desktop/DeepAmes_Full_STL_4_keep_weights/results_TA102_with_S9/artifacts/base/xgboost/scalers/xgboost_seed_7_skf_2_paras_151_lr_0.01_n_900_depth_7_subsample_0.8_scale_pos_weight_6_scaler.joblib,7,2
xgboost_seed_7_skf_3_paras_151_lr_0.01_n_900_depth_7_subsample_0.8_scale_pos_weight_6,xgboost,7_skf_3,128,6,15,3,0.862,0.813,0.167,0.955,0.333,0.895,0.222,0.167,/home/ubuntu/Desktop/DeepAmes_Full_STL_4_keep_weights/results_TA102_with_S9/artifacts/base/xgboost/estimators/xgboost_seed_7_skf_3_paras_151_lr_0.01_n_900_depth_7_subsample_0.8_scale_pos_weight_6.joblib,"{""learning_rate"": 0.01, ""max_depth"": 7, ""n_estimators"": 900, ""scale_pos_weight"": 6, ""subsample"": 0.8}",xgboost,151,/home/ubuntu/Desktop/DeepAmes_Full_STL_4_keep_weights/results_TA102_with_S9/artifacts/base/xgboost/scalers/xgboost_seed_7_skf_3_paras_151_lr_0.01_n_900_depth_7_subsample_0.8_scale_pos_weight_6_scaler.joblib,7,3
xgboost_seed_7_skf_4_paras_151_lr_0.01_n_900_depth_7_subsample_0.8_scale_pos_weight_6,xgboost,7_skf_4,123,11,14,4,0.836,0.77,0.222,0.918,0.267,0.898,0.242,0.152,/home/ubuntu/Desktop/DeepAmes_Full_STL_4_keep_weights/results_TA102_with_S9/artifacts/base/xgboost/estimators/xgboost_seed_7_skf_4_paras_151_lr_0.01_n_900_depth_7_subsample_0.8_scale_pos_weight_6.joblib,"{""learning_rate"": 0.01, ""max_depth"": 7, ""n_estimators"": 900, ""scale_pos_weight"": 6, ""subsample"": 0.8}",xgboost,151,/home/ubuntu/Desktop/DeepAmes_Full_STL_4_keep_weights/results_TA102_with_S9/artifacts/base/xgboost/scalers/xgboost_seed_7_skf_4_paras_151_lr_0.01_n_900_depth_7_subsample_0.8_scale_pos_weight_6_scaler.joblib,7,4
xgboost_seed_8_skf_0_paras_151_lr_0.01_n_900_depth_7_subsample_0.8_scale_pos_weight_6,xgboost,8_skf_0,126,8,15,3,0.849,0.779,0.167,0.94,0.273,0.894,0.207,0.133,/home/ubuntu/Desktop/DeepAmes_Full_STL_4_keep_weights/results_TA102_with_S9/artifacts/base/xgboost/estimators/xgboost_seed_8_skf_0_paras_151_lr_0.01_n_900_depth_7_subsample_0.8_scale_pos_weight_6.joblib,"{""learning_rate"": 0.01, ""max_depth"": 7, ""n_estimators"": 900, ""scale_pos_weight"": 6, ""subsample"": 0.8}",xgboost,151,/home/ubuntu/Desktop/DeepAmes_Full_STL_4_keep_weights/results_TA102_with_S9/artifacts/base/xgboost/scalers/xgboost_seed_8_skf_0_paras_151_lr_0.01_n_900_depth_7_subsample_0.8_scale_pos_weight_6_scaler.joblib,8,0
xgboost_seed_8_skf_1_paras_151_lr_0.01_n_900_depth_7_subsample_0.8_scale_pos_weight_6,xgboost,8_skf_1,125,9,15,3,0.842,0.79,0.167,0.933,0.25,0.893,0.2,0.119,/home/ubuntu/Desktop/DeepAmes_Full_STL_4_keep_weights/results_TA102_with_S9/artifacts/base/xgboost/estimators/xgboost_seed_8_skf_1_paras_151_lr_0.01_n_900_depth_7_subsample_0.8_scale_pos_weight_6.joblib,"{""learning_rate"": 0.01, ""max_depth"": 7, ""n_estimators"": 900, ""scale_pos_weight"": 6, ""subsample"": 0.8}",xgboost,151,/home/ubuntu/Desktop/DeepAmes_Full_STL_4_keep_weights/results_TA102_with_S9/artifacts/base/xgboost/scalers/xgboost_seed_8_skf_1_paras_151_lr_0.01_n_900_depth_7_subsample_0.8_scale_pos_weight_6_scaler.joblib,8,1
xgboost_seed_8_skf_2_paras_151_lr_0.01_n_900_depth_7_subsample_0.8_scale_pos_weight_6,xgboost,8_skf_2,128,6,13,5,0.875,0.821,0.278,0.955,0.455,0.908,0.345,0.291,/home/ubuntu/Desktop/DeepAmes_Full_STL_4_keep_weights/results_TA102_with_S9/artifacts/base/xgboost/estimators/xgboost_seed_8_skf_2_paras_151_lr_0.01_n_900_depth_7_subsample_0.8_scale_pos_weight_6.joblib,"{""learning_rate"": 0.01, ""max_depth"": 7, ""n_estimators"": 900, ""scale_pos_weight"": 6, ""subsample"": 0.8}",xgboost,151,/home/ubuntu/Desktop/DeepAmes_Full_STL_4_keep_weights/results_TA102_with_S9/artifacts/base/xgboost/scalers/xgboost_seed_8_skf_2_paras_151_lr_0.01_n_900_depth_7_subsample_0.8_scale_pos_weight_6_scaler.joblib,8,2
xgboost_seed_8_skf_3_paras_151_lr_0.01_n_900_depth_7_subsample_0.8_scale_pos_weight_6,xgboost,8_skf_3,124,10,15,3,0.836,0.826,0.167,0.925,0.231,0.892,0.194,0.106,/home/ubuntu/Desktop/DeepAmes_Full_STL_4_keep_weights/results_TA102_with_S9/artifacts/base/xgboost/estimators/xgboost_seed_8_skf_3_paras_151_lr_0.01_n_900_depth_7_subsample_0.8_scale_pos_weight_6.joblib,"{""learning_rate"": 0.01, ""max_depth"": 7, ""n_estimators"": 900, ""scale_pos_weight"": 6, ""subsample"": 0.8}",xgboost,151,/home/ubuntu/Desktop/DeepAmes_Full_STL_4_keep_weights/results_TA102_with_S9/artifacts/base/xgboost/scalers/xgboost_seed_8_skf_3_paras_151_lr_0.01_n_900_depth_7_subsample_0.8_scale_pos_weight_6_scaler.joblib,8,3
xgboost_seed_8_skf_4_paras_151_lr_0.01_n_900_depth_7_subsample_0.8_scale_pos_weight_6,xgboost,8_skf_4,123,11,14,4,0.836,0.815,0.222,0.918,0.267,0.898,0.242,0.152,/home/ubuntu/Desktop/DeepAmes_Full_STL_4_keep_weights/results_TA102_with_S9/artifacts/base/xgboost/estimators/xgboost_seed_8_skf_4_paras_151_lr_0.01_n_900_depth_7_subsample_0.8_scale_pos_weight_6.joblib,"{""learning_rate"": 0.01, ""max_depth"": 7, ""n_estimators"": 900, ""scale_pos_weight"": 6, ""subsample"": 0.8}",xgboost,151,/home/ubuntu/Desktop/DeepAmes_Full_STL_4_keep_weights/results_TA102_with_S9/artifacts/base/xgboost/scalers/xgboost_seed_8_skf_4_paras_151_lr_0.01_n_900_depth_7_subsample_0.8_scale_pos_weight_6_scaler.joblib,8,4
xgboost_seed_9_skf_0_paras_151_lr_0.01_n_900_depth_7_subsample_0.8_scale_pos_weight_6,xgboost,9_skf_0,126,8,16,2,0.842,0.826,0.111,0.94,0.2,0.887,0.143,0.067,/home/ubuntu/Desktop/DeepAmes_Full_STL_4_keep_weights/results_TA102_with_S9/artifacts/base/xgboost/estimators/xgboost_seed_9_skf_0_paras_151_lr_0.01_n_900_depth_7_subsample_0.8_scale_pos_weight_6.joblib,"{""learning_rate"": 0.01, ""max_depth"": 7, ""n_estimators"": 900, ""scale_pos_weight"": 6, ""subsample"": 0.8}",xgboost,151,/home/ubuntu/Desktop/DeepAmes_Full_STL_4_keep_weights/results_TA102_with_S9/artifacts/base/xgboost/scalers/xgboost_seed_9_skf_0_paras_151_lr_0.01_n_900_depth_7_subsample_0.8_scale_pos_weight_6_scaler.joblib,9,0
xgboost_seed_9_skf_1_paras_151_lr_0.01_n_900_depth_7_subsample_0.8_scale_pos_weight_6,xgboost,9_skf_1,126,8,12,6,0.868,0.83,0.333,0.94,0.429,0.913,0.375,0.306,/home/ubuntu/Desktop/DeepAmes_Full_STL_4_keep_weights/results_TA102_with_S9/artifacts/base/xgboost/estimators/xgboost_seed_9_skf_1_paras_151_lr_0.01_n_900_depth_7_subsample_0.8_scale_pos_weight_6.joblib,"{""learning_rate"": 0.01, ""max_depth"": 7, ""n_estimators"": 900, ""scale_pos_weight"": 6, ""subsample"": 0.8}",xgboost,151,/home/ubuntu/Desktop/DeepAmes_Full_STL_4_keep_weights/results_TA102_with_S9/artifacts/base/xgboost/scalers/xgboost_seed_9_skf_1_paras_151_lr_0.01_n_900_depth_7_subsample_0.8_scale_pos_weight_6_scaler.joblib,9,1
xgboost_seed_9_skf_2_paras_151_lr_0.01_n_900_depth_7_subsample_0.8_scale_pos_weight_6,xgboost,9_skf_2,127,7,14,4,0.862,0.769,0.222,0.948,0.364,0.901,0.276,0.212,/home/ubuntu/Desktop/DeepAmes_Full_STL_4_keep_weights/results_TA102_with_S9/artifacts/base/xgboost/estimators/xgboost_seed_9_skf_2_paras_151_lr_0.01_n_900_depth_7_subsample_0.8_scale_pos_weight_6.joblib,"{""learning_rate"": 0.01, ""max_depth"": 7, ""n_estimators"": 900, ""scale_pos_weight"": 6, ""subsample"": 0.8}",xgboost,151,/home/ubuntu/Desktop/DeepAmes_Full_STL_4_keep_weights/results_TA102_with_S9/artifacts/base/xgboost/scalers/xgboost_seed_9_skf_2_paras_151_lr_0.01_n_900_depth_7_subsample_0.8_scale_pos_weight_6_scaler.joblib,9,2
xgboost_seed_9_skf_3_paras_151_lr_0.01_n_900_depth_7_subsample_0.8_scale_pos_weight_6,xgboost,9_skf_3,125,9,14,4,0.849,0.747,0.222,0.933,0.308,0.899,0.258,0.179,/home/ubuntu/Desktop/DeepAmes_Full_STL_4_keep_weights/results_TA102_with_S9/artifacts/base/xgboost/estimators/xgboost_seed_9_skf_3_paras_151_lr_0.01_n_900_depth_7_subsample_0.8_scale_pos_weight_6.joblib,"{""learning_rate"": 0.01, ""max_depth"": 7, ""n_estimators"": 900, ""scale_pos_weight"": 6, ""subsample"": 0.8}",xgboost,151,/home/ubuntu/Desktop/DeepAmes_Full_STL_4_keep_weights/results_TA102_with_S9/artifacts/base/xgboost/scalers/xgboost_seed_9_skf_3_paras_151_lr_0.01_n_900_depth_7_subsample_0.8_scale_pos_weight_6_scaler.joblib,9,3
xgboost_seed_9_skf_4_paras_151_lr_0.01_n_900_depth_7_subsample_0.8_scale_pos_weight_6,xgboost,9_skf_4,125,9,15,3,0.842,0.837,0.167,0.933,0.25,0.893,0.2,0.119,/home/ubuntu/Desktop/DeepAmes_Full_STL_4_keep_weights/results_TA102_with_S9/artifacts/base/xgboost/estimators/xgboost_seed_9_skf_4_paras_151_lr_0.01_n_900_depth_7_subsample_0.8_scale_pos_weight_6.joblib,"{""learning_rate"": 0.01, ""max_depth"": 7, ""n_estimators"": 900, ""scale_pos_weight"": 6, ""subsample"": 0.8}",xgboost,151,/home/ubuntu/Desktop/DeepAmes_Full_STL_4_keep_weights/results_TA102_with_S9/artifacts/base/xgboost/scalers/xgboost_seed_9_skf_4_paras_151_lr_0.01_n_900_depth_7_subsample_0.8_scale_pos_weight_6_scaler.joblib,9,4
xgboost_seed_10_skf_0_paras_151_lr_0.01_n_900_depth_7_subsample_0.8_scale_pos_weight_6,xgboost,10_skf_0,125,9,14,4,0.849,0.811,0.222,0.933,0.308,0.899,0.258,0.179,/home/ubuntu/Desktop/DeepAmes_Full_STL_4_keep_weights/results_TA102_with_S9/artifacts/base/xgboost/estimators/xgboost_seed_10_skf_0_paras_151_lr_0.01_n_900_depth_7_subsample_0.8_scale_pos_weight_6.joblib,"{""learning_rate"": 0.01, ""max_depth"": 7, ""n_estimators"": 900, ""scale_pos_weight"": 6, ""subsample"": 0.8}",xgboost,151,/home/ubuntu/Desktop/DeepAmes_Full_STL_4_keep_weights/results_TA102_with_S9/artifacts/base/xgboost/scalers/xgboost_seed_10_skf_0_paras_151_lr_0.01_n_900_depth_7_subsample_0.8_scale_pos_weight_6_scaler.joblib,10,0
xgboost_seed_10_skf_1_paras_151_lr_0.01_n_900_depth_7_subsample_0.8_scale_pos_weight_6,xgboost,10_skf_1,124,10,14,4,0.842,0.804,0.222,0.925,0.286,0.899,0.25,0.165,/home/ubuntu/Desktop/DeepAmes_Full_STL_4_keep_weights/results_TA102_with_S9/artifacts/base/xgboost/estimators/xgboost_seed_10_skf_1_paras_151_lr_0.01_n_900_depth_7_subsample_0.8_scale_pos_weight_6.joblib,"{""learning_rate"": 0.01, ""max_depth"": 7, ""n_estimators"": 900, ""scale_pos_weight"": 6, ""subsample"": 0.8}",xgboost,151,/home/ubuntu/Desktop/DeepAmes_Full_STL_4_keep_weights/results_TA102_with_S9/artifacts/base/xgboost/scalers/xgboost_seed_10_skf_1_paras_151_lr_0.01_n_900_depth_7_subsample_0.8_scale_pos_weight_6_scaler.joblib,10,1
xgboost_seed_10_skf_2_paras_151_lr_0.01_n_900_depth_7_subsample_0.8_scale_pos_weight_6,xgboost,10_skf_2,122,12,13,5,0.836,0.791,0.278,0.91,0.294,0.904,0.286,0.193,/home/ubuntu/Desktop/DeepAmes_Full_STL_4_keep_weights/results_TA102_with_S9/artifacts/base/xgboost/estimators/xgboost_seed_10_skf_2_paras_151_lr_0.01_n_900_depth_7_subsample_0.8_scale_pos_weight_6.joblib,"{""learning_rate"": 0.01, ""max_depth"": 7, ""n_estimators"": 900, ""scale_pos_weight"": 6, ""subsample"": 0.8}",xgboost,151,/home/ubuntu/Desktop/DeepAmes_Full_STL_4_keep_weights/results_TA102_with_S9/artifacts/base/xgboost/scalers/xgboost_seed_10_skf_2_paras_151_lr_0.01_n_900_depth_7_subsample_0.8_scale_pos_weight_6_scaler.joblib,10,2
xgboost_seed_10_skf_3_paras_151_lr_0.01_n_900_depth_7_subsample_0.8_scale_pos_weight_6,xgboost,10_skf_3,126,8,13,5,0.862,0.82,0.278,0.94,0.385,0.906,0.323,0.252,/home/ubuntu/Desktop/DeepAmes_Full_STL_4_keep_weights/results_TA102_with_S9/artifacts/base/xgboost/estimators/xgboost_seed_10_skf_3_paras_151_lr_0.01_n_900_depth_7_subsample_0.8_scale_pos_weight_6.joblib,"{""learning_rate"": 0.01, ""max_depth"": 7, ""n_estimators"": 900, ""scale_pos_weight"": 6, ""subsample"": 0.8}",xgboost,151,/home/ubuntu/Desktop/DeepAmes_Full_STL_4_keep_weights/results_TA102_with_S9/artifacts/base/xgboost/scalers/xgboost_seed_10_skf_3_paras_151_lr_0.01_n_900_depth_7_subsample_0.8_scale_pos_weight_6_scaler.joblib,10,3
xgboost_seed_10_skf_4_paras_151_lr_0.01_n_900_depth_7_subsample_0.8_scale_pos_weight_6,xgboost,10_skf_4,127,7,16,2,0.849,0.811,0.111,0.948,0.222,0.888,0.148,0.081,/home/ubuntu/Desktop/DeepAmes_Full_STL_4_keep_weights/results_TA102_with_S9/artifacts/base/xgboost/estimators/xgboost_seed_10_skf_4_paras_151_lr_0.01_n_900_depth_7_subsample_0.8_scale_pos_weight_6.joblib,"{""learning_rate"": 0.01, ""max_depth"": 7, ""n_estimators"": 900, ""scale_pos_weight"": 6, ""subsample"": 0.8}",xgboost,151,/home/ubuntu/Desktop/DeepAmes_Full_STL_4_keep_weights/results_TA102_with_S9/artifacts/base/xgboost/scalers/xgboost_seed_10_skf_4_paras_151_lr_0.01_n_900_depth_7_subsample_0.8_scale_pos_weight_6_scaler.joblib,10,4
xgboost_seed_11_skf_0_paras_151_lr_0.01_n_900_depth_7_subsample_0.8_scale_pos_weight_6,xgboost,11_skf_0,124,10,15,3,0.836,0.796,0.167,0.925,0.231,0.892,0.194,0.106,/home/ubuntu/Desktop/DeepAmes_Full_STL_4_keep_weights/results_TA102_with_S9/artifacts/base/xgboost/estimators/xgboost_seed_11_skf_0_paras_151_lr_0.01_n_900_depth_7_subsample_0.8_scale_pos_weight_6.joblib,"{""learning_rate"": 0.01, ""max_depth"": 7, ""n_estimators"": 900, ""scale_pos_weight"": 6, ""subsample"": 0.8}",xgboost,151,/home/ubuntu/Desktop/DeepAmes_Full_STL_4_keep_weights/results_TA102_with_S9/artifacts/base/xgboost/scalers/xgboost_seed_11_skf_0_paras_151_lr_0.01_n_900_depth_7_subsample_0.8_scale_pos_weight_6_scaler.joblib,11,0
xgboost_seed_11_skf_1_paras_151_lr_0.01_n_900_depth_7_subsample_0.8_scale_pos_weight_6,xgboost,11_skf_1,123,11,15,3,0.829,0.809,0.167,0.918,0.214,0.891,0.188,0.095,/home/ubuntu/Desktop/DeepAmes_Full_STL_4_keep_weights/results_TA102_with_S9/artifacts/base/xgboost/estimators/xgboost_seed_11_skf_1_paras_151_lr_0.01_n_900_depth_7_subsample_0.8_scale_pos_weight_6.joblib,"{""learning_rate"": 0.01, ""max_depth"": 7, ""n_estimators"": 900, ""scale_pos_weight"": 6, ""subsample"": 0.8}",xgboost,151,/home/ubuntu/Desktop/DeepAmes_Full_STL_4_keep_weights/results_TA102_with_S9/artifacts/base/xgboost/scalers/xgboost_seed_11_skf_1_paras_151_lr_0.01_n_900_depth_7_subsample_0.8_scale_pos_weight_6_scaler.joblib,11,1
xgboost_seed_11_skf_2_paras_151_lr_0.01_n_900_depth_7_subsample_0.8_scale_pos_weight_6,xgboost,11_skf_2,123,11,13,5,0.842,0.797,0.278,0.918,0.312,0.904,0.294,0.206,/home/ubuntu/Desktop/DeepAmes_Full_STL_4_keep_weights/results_TA102_with_S9/artifacts/base/xgboost/estimators/xgboost_seed_11_skf_2_paras_151_lr_0.01_n_900_depth_7_subsample_0.8_scale_pos_weight_6.joblib,"{""learning_rate"": 0.01, ""max_depth"": 7, ""n_estimators"": 900, ""scale_pos_weight"": 6, ""subsample"": 0.8}",xgboost,151,/home/ubuntu/Desktop/DeepAmes_Full_STL_4_keep_weights/results_TA102_with_S9/artifacts/base/xgboost/scalers/xgboost_seed_11_skf_2_paras_151_lr_0.01_n_900_depth_7_subsample_0.8_scale_pos_weight_6_scaler.joblib,11,2
xgboost_seed_11_skf_3_paras_151_lr_0.01_n_900_depth_7_subsample_0.8_scale_pos_weight_6,xgboost,11_skf_3,128,6,14,4,0.868,0.82,0.222,0.955,0.4,0.901,0.286,0.231,/home/ubuntu/Desktop/DeepAmes_Full_STL_4_keep_weights/results_TA102_with_S9/artifacts/base/xgboost/estimators/xgboost_seed_11_skf_3_paras_151_lr_0.01_n_900_depth_7_subsample_0.8_scale_pos_weight_6.joblib,"{""learning_rate"": 0.01, ""max_depth"": 7, ""n_estimators"": 900, ""scale_pos_weight"": 6, ""subsample"": 0.8}",xgboost,151,/home/ubuntu/Desktop/DeepAmes_Full_STL_4_keep_weights/results_TA102_with_S9/artifacts/base/xgboost/scalers/xgboost_seed_11_skf_3_paras_151_lr_0.01_n_900_depth_7_subsample_0.8_scale_pos_weight_6_scaler.joblib,11,3
xgboost_seed_11_skf_4_paras_151_lr_0.01_n_900_depth_7_subsample_0.8_scale_pos_weight_6,xgboost,11_skf_4,128,6,15,3,0.862,0.808,0.167,0.955,0.333,0.895,0.222,0.167,/home/ubuntu/Desktop/DeepAmes_Full_STL_4_keep_weights/results_TA102_with_S9/artifacts/base/xgboost/estimators/xgboost_seed_11_skf_4_paras_151_lr_0.01_n_900_depth_7_subsample_0.8_scale_pos_weight_6.joblib,"{""learning_rate"": 0.01, ""max_depth"": 7, ""n_estimators"": 900, ""scale_pos_weight"": 6, ""subsample"": 0.8}",xgboost,151,/home/ubuntu/Desktop/DeepAmes_Full_STL_4_keep_weights/results_TA102_with_S9/artifacts/base/xgboost/scalers/xgboost_seed_11_skf_4_paras_151_lr_0.01_n_900_depth_7_subsample_0.8_scale_pos_weight_6_scaler.joblib,11,4
xgboost_seed_12_skf_0_paras_151_lr_0.01_n_900_depth_7_subsample_0.8_scale_pos_weight_6,xgboost,12_skf_0,125,9,14,4,0.849,0.796,0.222,0.933,0.308,0.899,0.258,0.179,/home/ubuntu/Desktop/DeepAmes_Full_STL_4_keep_weights/results_TA102_with_S9/artifacts/base/xgboost/estimators/xgboost_seed_12_skf_0_paras_151_lr_0.01_n_900_depth_7_subsample_0.8_scale_pos_weight_6.joblib,"{""learning_rate"": 0.01, ""max_depth"": 7, ""n_estimators"": 900, ""scale_pos_weight"": 6, ""subsample"": 0.8}",xgboost,151,/home/ubuntu/Desktop/DeepAmes_Full_STL_4_keep_weights/results_TA102_with_S9/artifacts/base/xgboost/scalers/xgboost_seed_12_skf_0_paras_151_lr_0.01_n_900_depth_7_subsample_0.8_scale_pos_weight_6_scaler.joblib,12,0
xgboost_seed_12_skf_1_paras_151_lr_0.01_n_900_depth_7_subsample_0.8_scale_pos_weight_6,xgboost,12_skf_1,127,7,14,4,0.862,0.804,0.222,0.948,0.364,0.901,0.276,0.212,/home/ubuntu/Desktop/DeepAmes_Full_STL_4_keep_weights/results_TA102_with_S9/artifacts/base/xgboost/estimators/xgboost_seed_12_skf_1_paras_151_lr_0.01_n_900_depth_7_subsample_0.8_scale_pos_weight_6.joblib,"{""learning_rate"": 0.01, ""max_depth"": 7, ""n_estimators"": 900, ""scale_pos_weight"": 6, ""subsample"": 0.8}",xgboost,151,/home/ubuntu/Desktop/DeepAmes_Full_STL_4_keep_weights/results_TA102_with_S9/artifacts/base/xgboost/scalers/xgboost_seed_12_skf_1_paras_151_lr_0.01_n_900_depth_7_subsample_0.8_scale_pos_weight_6_scaler.joblib,12,1
xgboost_seed_12_skf_2_paras_151_lr_0.01_n_900_depth_7_subsample_0.8_scale_pos_weight_6,xgboost,12_skf_2,125,9,15,3,0.842,0.773,0.167,0.933,0.25,0.893,0.2,0.119,/home/ubuntu/Desktop/DeepAmes_Full_STL_4_keep_weights/results_TA102_with_S9/artifacts/base/xgboost/estimators/xgboost_seed_12_skf_2_paras_151_lr_0.01_n_900_depth_7_subsample_0.8_scale_pos_weight_6.joblib,"{""learning_rate"": 0.01, ""max_depth"": 7, ""n_estimators"": 900, ""scale_pos_weight"": 6, ""subsample"": 0.8}",xgboost,151,/home/ubuntu/Desktop/DeepAmes_Full_STL_4_keep_weights/results_TA102_with_S9/artifacts/base/xgboost/scalers/xgboost_seed_12_skf_2_paras_151_lr_0.01_n_900_depth_7_subsample_0.8_scale_pos_weight_6_scaler.joblib,12,2
xgboost_seed_12_skf_3_paras_151_lr_0.01_n_900_depth_7_subsample_0.8_scale_pos_weight_6,xgboost,12_skf_3,124,10,15,3,0.836,0.82,0.167,0.925,0.231,0.892,0.194,0.106,/home/ubuntu/Desktop/DeepAmes_Full_STL_4_keep_weights/results_TA102_with_S9/artifacts/base/xgboost/estimators/xgboost_seed_12_skf_3_paras_151_lr_0.01_n_900_depth_7_subsample_0.8_scale_pos_weight_6.joblib,"{""learning_rate"": 0.01, ""max_depth"": 7, ""n_estimators"": 900, ""scale_pos_weight"": 6, ""subsample"": 0.8}",xgboost,151,/home/ubuntu/Desktop/DeepAmes_Full_STL_4_keep_weights/results_TA102_with_S9/artifacts/base/xgboost/scalers/xgboost_seed_12_skf_3_paras_151_lr_0.01_n_900_depth_7_subsample_0.8_scale_pos_weight_6_scaler.joblib,12,3
xgboost_seed_12_skf_4_paras_151_lr_0.01_n_900_depth_7_subsample_0.8_scale_pos_weight_6,xgboost,12_skf_4,125,9,14,4,0.849,0.83,0.222,0.933,0.308,0.899,0.258,0.179,/home/ubuntu/Desktop/DeepAmes_Full_STL_4_keep_weights/results_TA102_with_S9/artifacts/base/xgboost/estimators/xgboost_seed_12_skf_4_paras_151_lr_0.01_n_900_depth_7_subsample_0.8_scale_pos_weight_6.joblib,"{""learning_rate"": 0.01, ""max_depth"": 7, ""n_estimators"": 900, ""scale_pos_weight"": 6, ""subsample"": 0.8}",xgboost,151,/home/ubuntu/Desktop/DeepAmes_Full_STL_4_keep_weights/results_TA102_with_S9/artifacts/base/xgboost/scalers/xgboost_seed_12_skf_4_paras_151_lr_0.01_n_900_depth_7_subsample_0.8_scale_pos_weight_6_scaler.joblib,12,4
xgboost_seed_13_skf_0_paras_151_lr_0.01_n_900_depth_7_subsample_0.8_scale_pos_weight_6,xgboost,13_skf_0,124,10,15,3,0.836,0.811,0.167,0.925,0.231,0.892,0.194,0.106,/home/ubuntu/Desktop/DeepAmes_Full_STL_4_keep_weights/results_TA102_with_S9/artifacts/base/xgboost/estimators/xgboost_seed_13_skf_0_paras_151_lr_0.01_n_900_depth_7_subsample_0.8_scale_pos_weight_6.joblib,"{""learning_rate"": 0.01, ""max_depth"": 7, ""n_estimators"": 900, ""scale_pos_weight"": 6, ""subsample"": 0.8}",xgboost,151,/home/ubuntu/Desktop/DeepAmes_Full_STL_4_keep_weights/results_TA102_with_S9/artifacts/base/xgboost/scalers/xgboost_seed_13_skf_0_paras_151_lr_0.01_n_900_depth_7_subsample_0.8_scale_pos_weight_6_scaler.joblib,13,0
xgboost_seed_13_skf_1_paras_151_lr_0.01_n_900_depth_7_subsample_0.8_scale_pos_weight_6,xgboost,13_skf_1,125,9,15,3,0.842,0.825,0.167,0.933,0.25,0.893,0.2,0.119,/home/ubuntu/Desktop/DeepAmes_Full_STL_4_keep_weights/results_TA102_with_S9/artifacts/base/xgboost/estimators/xgboost_seed_13_skf_1_paras_151_lr_0.01_n_900_depth_7_subsample_0.8_scale_pos_weight_6.joblib,"{""learning_rate"": 0.01, ""max_depth"": 7, ""n_estimators"": 900, ""scale_pos_weight"": 6, ""subsample"": 0.8}",xgboost,151,/home/ubuntu/Desktop/DeepAmes_Full_STL_4_keep_weights/results_TA102_with_S9/artifacts/base/xgboost/scalers/xgboost_seed_13_skf_1_paras_151_lr_0.01_n_900_depth_7_subsample_0.8_scale_pos_weight_6_scaler.joblib,13,1
xgboost_seed_13_skf_2_paras_151_lr_0.01_n_900_depth_7_subsample_0.8_scale_pos_weight_6,xgboost,13_skf_2,126,8,14,4,0.855,0.768,0.222,0.94,0.333,0.9,0.267,0.195,/home/ubuntu/Desktop/DeepAmes_Full_STL_4_keep_weights/results_TA102_with_S9/artifacts/base/xgboost/estimators/xgboost_seed_13_skf_2_paras_151_lr_0.01_n_900_depth_7_subsample_0.8_scale_pos_weight_6.joblib,"{""learning_rate"": 0.01, ""max_depth"": 7, ""n_estimators"": 900, ""scale_pos_weight"": 6, ""subsample"": 0.8}",xgboost,151,/home/ubuntu/Desktop/DeepAmes_Full_STL_4_keep_weights/results_TA102_with_S9/artifacts/base/xgboost/scalers/xgboost_seed_13_skf_2_paras_151_lr_0.01_n_900_depth_7_subsample_0.8_scale_pos_weight_6_scaler.joblib,13,2
xgboost_seed_13_skf_3_paras_151_lr_0.01_n_900_depth_7_subsample_0.8_scale_pos_weight_6,xgboost,13_skf_3,126,8,14,4,0.855,0.796,0.222,0.94,0.333,0.9,0.267,0.195,/home/ubuntu/Desktop/DeepAmes_Full_STL_4_keep_weights/results_TA102_with_S9/artifacts/base/xgboost/estimators/xgboost_seed_13_skf_3_paras_151_lr_0.01_n_900_depth_7_subsample_0.8_scale_pos_weight_6.joblib,"{""learning_rate"": 0.01, ""max_depth"": 7, ""n_estimators"": 900, ""scale_pos_weight"": 6, ""subsample"": 0.8}",xgboost,151,/home/ubuntu/Desktop/DeepAmes_Full_STL_4_keep_weights/results_TA102_with_S9/artifacts/base/xgboost/scalers/xgboost_seed_13_skf_3_paras_151_lr_0.01_n_900_depth_7_subsample_0.8_scale_pos_weight_6_scaler.joblib,13,3
xgboost_seed_13_skf_4_paras_151_lr_0.01_n_900_depth_7_subsample_0.8_scale_pos_weight_6,xgboost,13_skf_4,123,11,15,3,0.829,0.825,0.167,0.918,0.214,0.891,0.188,0.095,/home/ubuntu/Desktop/DeepAmes_Full_STL_4_keep_weights/results_TA102_with_S9/artifacts/base/xgboost/estimators/xgboost_seed_13_skf_4_paras_151_lr_0.01_n_900_depth_7_subsample_0.8_scale_pos_weight_6.joblib,"{""learning_rate"": 0.01, ""max_depth"": 7, ""n_estimators"": 900, ""scale_pos_weight"": 6, ""subsample"": 0.8}",xgboost,151,/home/ubuntu/Desktop/DeepAmes_Full_STL_4_keep_weights/results_TA102_with_S9/artifacts/base/xgboost/scalers/xgboost_seed_13_skf_4_paras_151_lr_0.01_n_900_depth_7_subsample_0.8_scale_pos_weight_6_scaler.joblib,13,4
xgboost_seed_14_skf_0_paras_151_lr_0.01_n_900_depth_7_subsample_0.8_scale_pos_weight_6,xgboost,14_skf_0,125,9,15,3,0.842,0.824,0.167,0.933,0.25,0.893,0.2,0.119,/home/ubuntu/Desktop/DeepAmes_Full_STL_4_keep_weights/results_TA102_with_S9/artifacts/base/xgboost/estimators/xgboost_seed_14_skf_0_paras_151_lr_0.01_n_900_depth_7_subsample_0.8_scale_pos_weight_6.joblib,"{""learning_rate"": 0.01, ""max_depth"": 7, ""n_estimators"": 900, ""scale_pos_weight"": 6, ""subsample"": 0.8}",xgboost,151,/home/ubuntu/Desktop/DeepAmes_Full_STL_4_keep_weights/results_TA102_with_S9/artifacts/base/xgboost/scalers/xgboost_seed_14_skf_0_paras_151_lr_0.01_n_900_depth_7_subsample_0.8_scale_pos_weight_6_scaler.joblib,14,0
xgboost_seed_14_skf_1_paras_151_lr_0.01_n_900_depth_7_subsample_0.8_scale_pos_weight_6,xgboost,14_skf_1,127,7,16,2,0.849,0.74,0.111,0.948,0.222,0.888,0.148,0.081,/home/ubuntu/Desktop/DeepAmes_Full_STL_4_keep_weights/results_TA102_with_S9/artifacts/base/xgboost/estimators/xgboost_seed_14_skf_1_paras_151_lr_0.01_n_900_depth_7_subsample_0.8_scale_pos_weight_6.joblib,"{""learning_rate"": 0.01, ""max_depth"": 7, ""n_estimators"": 900, ""scale_pos_weight"": 6, ""subsample"": 0.8}",xgboost,151,/home/ubuntu/Desktop/DeepAmes_Full_STL_4_keep_weights/results_TA102_with_S9/artifacts/base/xgboost/scalers/xgboost_seed_14_skf_1_paras_151_lr_0.01_n_900_depth_7_subsample_0.8_scale_pos_weight_6_scaler.joblib,14,1
xgboost_seed_14_skf_2_paras_151_lr_0.01_n_900_depth_7_subsample_0.8_scale_pos_weight_6,xgboost,14_skf_2,126,8,12,6,0.868,0.801,0.333,0.94,0.429,0.913,0.375,0.306,/home/ubuntu/Desktop/DeepAmes_Full_STL_4_keep_weights/results_TA102_with_S9/artifacts/base/xgboost/estimators/xgboost_seed_14_skf_2_paras_151_lr_0.01_n_900_depth_7_subsample_0.8_scale_pos_weight_6.joblib,"{""learning_rate"": 0.01, ""max_depth"": 7, ""n_estimators"": 900, ""scale_pos_weight"": 6, ""subsample"": 0.8}",xgboost,151,/home/ubuntu/Desktop/DeepAmes_Full_STL_4_keep_weights/results_TA102_with_S9/artifacts/base/xgboost/scalers/xgboost_seed_14_skf_2_paras_151_lr_0.01_n_900_depth_7_subsample_0.8_scale_pos_weight_6_scaler.joblib,14,2
xgboost_seed_14_skf_3_paras_151_lr_0.01_n_900_depth_7_subsample_0.8_scale_pos_weight_6,xgboost,14_skf_3,126,8,15,3,0.849,0.817,0.167,0.94,0.273,0.894,0.207,0.133,/home/ubuntu/Desktop/DeepAmes_Full_STL_4_keep_weights/results_TA102_with_S9/artifacts/base/xgboost/estimators/xgboost_seed_14_skf_3_paras_151_lr_0.01_n_900_depth_7_subsample_0.8_scale_pos_weight_6.joblib,"{""learning_rate"": 0.01, ""max_depth"": 7, ""n_estimators"": 900, ""scale_pos_weight"": 6, ""subsample"": 0.8}",xgboost,151,/home/ubuntu/Desktop/DeepAmes_Full_STL_4_keep_weights/results_TA102_with_S9/artifacts/base/xgboost/scalers/xgboost_seed_14_skf_3_paras_151_lr_0.01_n_900_depth_7_subsample_0.8_scale_pos_weight_6_scaler.joblib,14,3
xgboost_seed_14_skf_4_paras_151_lr_0.01_n_900_depth_7_subsample_0.8_scale_pos_weight_6,xgboost,14_skf_4,124,10,13,5,0.849,0.843,0.278,0.925,0.333,0.905,0.303,0.22,/home/ubuntu/Desktop/DeepAmes_Full_STL_4_keep_weights/results_TA102_with_S9/artifacts/base/xgboost/estimators/xgboost_seed_14_skf_4_paras_151_lr_0.01_n_900_depth_7_subsample_0.8_scale_pos_weight_6.joblib,"{""learning_rate"": 0.01, ""max_depth"": 7, ""n_estimators"": 900, ""scale_pos_weight"": 6, ""subsample"": 0.8}",xgboost,151,/home/ubuntu/Desktop/DeepAmes_Full_STL_4_keep_weights/results_TA102_with_S9/artifacts/base/xgboost/scalers/xgboost_seed_14_skf_4_paras_151_lr_0.01_n_900_depth_7_subsample_0.8_scale_pos_weight_6_scaler.joblib,14,4
xgboost_seed_15_skf_0_paras_151_lr_0.01_n_900_depth_7_subsample_0.8_scale_pos_weight_6,xgboost,15_skf_0,122,12,14,4,0.829,0.799,0.222,0.91,0.25,0.897,0.235,0.14,/home/ubuntu/Desktop/DeepAmes_Full_STL_4_keep_weights/results_TA102_with_S9/artifacts/base/xgboost/estimators/xgboost_seed_15_skf_0_paras_151_lr_0.01_n_900_depth_7_subsample_0.8_scale_pos_weight_6.joblib,"{""learning_rate"": 0.01, ""max_depth"": 7, ""n_estimators"": 900, ""scale_pos_weight"": 6, ""subsample"": 0.8}",xgboost,151,/home/ubuntu/Desktop/DeepAmes_Full_STL_4_keep_weights/results_TA102_with_S9/artifacts/base/xgboost/scalers/xgboost_seed_15_skf_0_paras_151_lr_0.01_n_900_depth_7_subsample_0.8_scale_pos_weight_6_scaler.joblib,15,0
xgboost_seed_15_skf_1_paras_151_lr_0.01_n_900_depth_7_subsample_0.8_scale_pos_weight_6,xgboost,15_skf_1,123,11,14,4,0.836,0.781,0.222,0.918,0.267,0.898,0.242,0.152,/home/ubuntu/Desktop/DeepAmes_Full_STL_4_keep_weights/results_TA102_with_S9/artifacts/base/xgboost/estimators/xgboost_seed_15_skf_1_paras_151_lr_0.01_n_900_depth_7_subsample_0.8_scale_pos_weight_6.joblib,"{""learning_rate"": 0.01, ""max_depth"": 7, ""n_estimators"": 900, ""scale_pos_weight"": 6, ""subsample"": 0.8}",xgboost,151,/home/ubuntu/Desktop/DeepAmes_Full_STL_4_keep_weights/results_TA102_with_S9/artifacts/base/xgboost/scalers/xgboost_seed_15_skf_1_paras_151_lr_0.01_n_900_depth_7_subsample_0.8_scale_pos_weight_6_scaler.joblib,15,1
xgboost_seed_15_skf_2_paras_151_lr_0.01_n_900_depth_7_subsample_0.8_scale_pos_weight_6,xgboost,15_skf_2,126,8,14,4,0.855,0.803,0.222,0.94,0.333,0.9,0.267,0.195,/home/ubuntu/Desktop/DeepAmes_Full_STL_4_keep_weights/results_TA102_with_S9/artifacts/base/xgboost/estimators/xgboost_seed_15_skf_2_paras_151_lr_0.01_n_900_depth_7_subsample_0.8_scale_pos_weight_6.joblib,"{""learning_rate"": 0.01, ""max_depth"": 7, ""n_estimators"": 900, ""scale_pos_weight"": 6, ""subsample"": 0.8}",xgboost,151,/home/ubuntu/Desktop/DeepAmes_Full_STL_4_keep_weights/results_TA102_with_S9/artifacts/base/xgboost/scalers/xgboost_seed_15_skf_2_paras_151_lr_0.01_n_900_depth_7_subsample_0.8_scale_pos_weight_6_scaler.joblib,15,2
xgboost_seed_15_skf_3_paras_151_lr_0.01_n_900_depth_7_subsample_0.8_scale_pos_weight_6,xgboost,15_skf_3,127,7,15,3,0.855,0.793,0.167,0.948,0.3,0.894,0.214,0.149,/home/ubuntu/Desktop/DeepAmes_Full_STL_4_keep_weights/results_TA102_with_S9/artifacts/base/xgboost/estimators/xgboost_seed_15_skf_3_paras_151_lr_0.01_n_900_depth_7_subsample_0.8_scale_pos_weight_6.joblib,"{""learning_rate"": 0.01, ""max_depth"": 7, ""n_estimators"": 900, ""scale_pos_weight"": 6, ""subsample"": 0.8}",xgboost,151,/home/ubuntu/Desktop/DeepAmes_Full_STL_4_keep_weights/results_TA102_with_S9/artifacts/base/xgboost/scalers/xgboost_seed_15_skf_3_paras_151_lr_0.01_n_900_depth_7_subsample_0.8_scale_pos_weight_6_scaler.joblib,15,3
xgboost_seed_15_skf_4_paras_151_lr_0.01_n_900_depth_7_subsample_0.8_scale_pos_weight_6,xgboost,15_skf_4,127,7,12,6,0.875,0.814,0.333,0.948,0.462,0.914,0.387,0.325,/home/ubuntu/Desktop/DeepAmes_Full_STL_4_keep_weights/results_TA102_with_S9/artifacts/base/xgboost/estimators/xgboost_seed_15_skf_4_paras_151_lr_0.01_n_900_depth_7_subsample_0.8_scale_pos_weight_6.joblib,"{""learning_rate"": 0.01, ""max_depth"": 7, ""n_estimators"": 900, ""scale_pos_weight"": 6, ""subsample"": 0.8}",xgboost,151,/home/ubuntu/Desktop/DeepAmes_Full_STL_4_keep_weights/results_TA102_with_S9/artifacts/base/xgboost/scalers/xgboost_seed_15_skf_4_paras_151_lr_0.01_n_900_depth_7_subsample_0.8_scale_pos_weight_6_scaler.joblib,15,4
xgboost_seed_16_skf_0_paras_151_lr_0.01_n_900_depth_7_subsample_0.8_scale_pos_weight_6,xgboost,16_skf_0,125,9,14,4,0.849,0.811,0.222,0.933,0.308,0.899,0.258,0.179,/home/ubuntu/Desktop/DeepAmes_Full_STL_4_keep_weights/results_TA102_with_S9/artifacts/base/xgboost/estimators/xgboost_seed_16_skf_0_paras_151_lr_0.01_n_900_depth_7_subsample_0.8_scale_pos_weight_6.joblib,"{""learning_rate"": 0.01, ""max_depth"": 7, ""n_estimators"": 900, ""scale_pos_weight"": 6, ""subsample"": 0.8}",xgboost,151,/home/ubuntu/Desktop/DeepAmes_Full_STL_4_keep_weights/results_TA102_with_S9/artifacts/base/xgboost/scalers/xgboost_seed_16_skf_0_paras_151_lr_0.01_n_900_depth_7_subsample_0.8_scale_pos_weight_6_scaler.joblib,16,0
xgboost_seed_16_skf_1_paras_151_lr_0.01_n_900_depth_7_subsample_0.8_scale_pos_weight_6,xgboost,16_skf_1,126,8,15,3,0.849,0.799,0.167,0.94,0.273,0.894,0.207,0.133,/home/ubuntu/Desktop/DeepAmes_Full_STL_4_keep_weights/results_TA102_with_S9/artifacts/base/xgboost/estimators/xgboost_seed_16_skf_1_paras_151_lr_0.01_n_900_depth_7_subsample_0.8_scale_pos_weight_6.joblib,"{""learning_rate"": 0.01, ""max_depth"": 7, ""n_estimators"": 900, ""scale_pos_weight"": 6, ""subsample"": 0.8}",xgboost,151,/home/ubuntu/Desktop/DeepAmes_Full_STL_4_keep_weights/results_TA102_with_S9/artifacts/base/xgboost/scalers/xgboost_seed_16_skf_1_paras_151_lr_0.01_n_900_depth_7_subsample_0.8_scale_pos_weight_6_scaler.joblib,16,1
xgboost_seed_16_skf_2_paras_151_lr_0.01_n_900_depth_7_subsample_0.8_scale_pos_weight_6,xgboost,16_skf_2,124,10,14,4,0.842,0.801,0.222,0.925,0.286,0.899,0.25,0.165,/home/ubuntu/Desktop/DeepAmes_Full_STL_4_keep_weights/results_TA102_with_S9/artifacts/base/xgboost/estimators/xgboost_seed_16_skf_2_paras_151_lr_0.01_n_900_depth_7_subsample_0.8_scale_pos_weight_6.joblib,"{""learning_rate"": 0.01, ""max_depth"": 7, ""n_estimators"": 900, ""scale_pos_weight"": 6, ""subsample"": 0.8}",xgboost,151,/home/ubuntu/Desktop/DeepAmes_Full_STL_4_keep_weights/results_TA102_with_S9/artifacts/base/xgboost/scalers/xgboost_seed_16_skf_2_paras_151_lr_0.01_n_900_depth_7_subsample_0.8_scale_pos_weight_6_scaler.joblib,16,2
xgboost_seed_16_skf_3_paras_151_lr_0.01_n_900_depth_7_subsample_0.8_scale_pos_weight_6,xgboost,16_skf_3,125,9,15,3,0.842,0.814,0.167,0.933,0.25,0.893,0.2,0.119,/home/ubuntu/Desktop/DeepAmes_Full_STL_4_keep_weights/results_TA102_with_S9/artifacts/base/xgboost/estimators/xgboost_seed_16_skf_3_paras_151_lr_0.01_n_900_depth_7_subsample_0.8_scale_pos_weight_6.joblib,"{""learning_rate"": 0.01, ""max_depth"": 7, ""n_estimators"": 900, ""scale_pos_weight"": 6, ""subsample"": 0.8}",xgboost,151,/home/ubuntu/Desktop/DeepAmes_Full_STL_4_keep_weights/results_TA102_with_S9/artifacts/base/xgboost/scalers/xgboost_seed_16_skf_3_paras_151_lr_0.01_n_900_depth_7_subsample_0.8_scale_pos_weight_6_scaler.joblib,16,3
xgboost_seed_16_skf_4_paras_151_lr_0.01_n_900_depth_7_subsample_0.8_scale_pos_weight_6,xgboost,16_skf_4,126,8,15,3,0.849,0.821,0.167,0.94,0.273,0.894,0.207,0.133,/home/ubuntu/Desktop/DeepAmes_Full_STL_4_keep_weights/results_TA102_with_S9/artifacts/base/xgboost/estimators/xgboost_seed_16_skf_4_paras_151_lr_0.01_n_900_depth_7_subsample_0.8_scale_pos_weight_6.joblib,"{""learning_rate"": 0.01, ""max_depth"": 7, ""n_estimators"": 900, ""scale_pos_weight"": 6, ""subsample"": 0.8}",xgboost,151,/home/ubuntu/Desktop/DeepAmes_Full_STL_4_keep_weights/results_TA102_with_S9/artifacts/base/xgboost/scalers/xgboost_seed_16_skf_4_paras_151_lr_0.01_n_900_depth_7_subsample_0.8_scale_pos_weight_6_scaler.joblib,16,4
xgboost_seed_17_skf_1_paras_151_lr_0.01_n_900_depth_7_subsample_0.8_scale_pos_weight_6,xgboost,17_skf_1,124,10,13,5,0.849,0.799,0.278,0.925,0.333,0.905,0.303,0.22,/home/ubuntu/Desktop/DeepAmes_Full_STL_4_keep_weights/results_TA102_with_S9/artifacts/base/xgboost/estimators/xgboost_seed_17_skf_1_paras_151_lr_0.01_n_900_depth_7_subsample_0.8_scale_pos_weight_6.joblib,"{""learning_rate"": 0.01, ""max_depth"": 7, ""n_estimators"": 900, ""scale_pos_weight"": 6, ""subsample"": 0.8}",xgboost,151,/home/ubuntu/Desktop/DeepAmes_Full_STL_4_keep_weights/results_TA102_with_S9/artifacts/base/xgboost/scalers/xgboost_seed_17_skf_1_paras_151_lr_0.01_n_900_depth_7_subsample_0.8_scale_pos_weight_6_scaler.joblib,17,1
xgboost_seed_17_skf_2_paras_151_lr_0.01_n_900_depth_7_subsample_0.8_scale_pos_weight_6,xgboost,17_skf_2,125,9,15,3,0.842,0.802,0.167,0.933,0.25,0.893,0.2,0.119,/home/ubuntu/Desktop/DeepAmes_Full_STL_4_keep_weights/results_TA102_with_S9/artifacts/base/xgboost/estimators/xgboost_seed_17_skf_2_paras_151_lr_0.01_n_900_depth_7_subsample_0.8_scale_pos_weight_6.joblib,"{""learning_rate"": 0.01, ""max_depth"": 7, ""n_estimators"": 900, ""scale_pos_weight"": 6, ""subsample"": 0.8}",xgboost,151,/home/ubuntu/Desktop/DeepAmes_Full_STL_4_keep_weights/results_TA102_with_S9/artifacts/base/xgboost/scalers/xgboost_seed_17_skf_2_paras_151_lr_0.01_n_900_depth_7_subsample_0.8_scale_pos_weight_6_scaler.joblib,17,2
xgboost_seed_17_skf_3_paras_151_lr_0.01_n_900_depth_7_subsample_0.8_scale_pos_weight_6,xgboost,17_skf_3,123,11,15,3,0.829,0.812,0.167,0.918,0.214,0.891,0.188,0.095,/home/ubuntu/Desktop/DeepAmes_Full_STL_4_keep_weights/results_TA102_with_S9/artifacts/base/xgboost/estimators/xgboost_seed_17_skf_3_paras_151_lr_0.01_n_900_depth_7_subsample_0.8_scale_pos_weight_6.joblib,"{""learning_rate"": 0.01, ""max_depth"": 7, ""n_estimators"": 900, ""scale_pos_weight"": 6, ""subsample"": 0.8}",xgboost,151,/home/ubuntu/Desktop/DeepAmes_Full_STL_4_keep_weights/results_TA102_with_S9/artifacts/base/xgboost/scalers/xgboost_seed_17_skf_3_paras_151_lr_0.01_n_900_depth_7_subsample_0.8_scale_pos_weight_6_scaler.joblib,17,3
xgboost_seed_17_skf_4_paras_151_lr_0.01_n_900_depth_7_subsample_0.8_scale_pos_weight_6,xgboost,17_skf_4,126,8,14,4,0.855,0.794,0.222,0.94,0.333,0.9,0.267,0.195,/home/ubuntu/Desktop/DeepAmes_Full_STL_4_keep_weights/results_TA102_with_S9/artifacts/base/xgboost/estimators/xgboost_seed_17_skf_4_paras_151_lr_0.01_n_900_depth_7_subsample_0.8_scale_pos_weight_6.joblib,"{""learning_rate"": 0.01, ""max_depth"": 7, ""n_estimators"": 900, ""scale_pos_weight"": 6, ""subsample"": 0.8}",xgboost,151,/home/ubuntu/Desktop/DeepAmes_Full_STL_4_keep_weights/results_TA102_with_S9/artifacts/base/xgboost/scalers/xgboost_seed_17_skf_4_paras_151_lr_0.01_n_900_depth_7_subsample_0.8_scale_pos_weight_6_scaler.joblib,17,4
xgboost_seed_18_skf_0_paras_151_lr_0.01_n_900_depth_7_subsample_0.8_scale_pos_weight_6,xgboost,18_skf_0,126,8,13,5,0.862,0.837,0.278,0.94,0.385,0.906,0.323,0.252,/home/ubuntu/Desktop/DeepAmes_Full_STL_4_keep_weights/results_TA102_with_S9/artifacts/base/xgboost/estimators/xgboost_seed_18_skf_0_paras_151_lr_0.01_n_900_depth_7_subsample_0.8_scale_pos_weight_6.joblib,"{""learning_rate"": 0.01, ""max_depth"": 7, ""n_estimators"": 900, ""scale_pos_weight"": 6, ""subsample"": 0.8}",xgboost,151,/home/ubuntu/Desktop/DeepAmes_Full_STL_4_keep_weights/results_TA102_with_S9/artifacts/base/xgboost/scalers/xgboost_seed_18_skf_0_paras_151_lr_0.01_n_900_depth_7_subsample_0.8_scale_pos_weight_6_scaler.joblib,18,0
xgboost_seed_18_skf_1_paras_151_lr_0.01_n_900_depth_7_subsample_0.8_scale_pos_weight_6,xgboost,18_skf_1,128,6,15,3,0.862,0.815,0.167,0.955,0.333,0.895,0.222,0.167,/home/ubuntu/Desktop/DeepAmes_Full_STL_4_keep_weights/results_TA102_with_S9/artifacts/base/xgboost/estimators/xgboost_seed_18_skf_1_paras_151_lr_0.01_n_900_depth_7_subsample_0.8_scale_pos_weight_6.joblib,"{""learning_rate"": 0.01, ""max_depth"": 7, ""n_estimators"": 900, ""scale_pos_weight"": 6, ""subsample"": 0.8}",xgboost,151,/home/ubuntu/Desktop/DeepAmes_Full_STL_4_keep_weights/results_TA102_with_S9/artifacts/base/xgboost/scalers/xgboost_seed_18_skf_1_paras_151_lr_0.01_n_900_depth_7_subsample_0.8_scale_pos_weight_6_scaler.joblib,18,1
xgboost_seed_18_skf_2_paras_151_lr_0.01_n_900_depth_7_subsample_0.8_scale_pos_weight_6,xgboost,18_skf_2,128,6,15,3,0.862,0.8,0.167,0.955,0.333,0.895,0.222,0.167,/home/ubuntu/Desktop/DeepAmes_Full_STL_4_keep_weights/results_TA102_with_S9/artifacts/base/xgboost/estimators/xgboost_seed_18_skf_2_paras_151_lr_0.01_n_900_depth_7_subsample_0.8_scale_pos_weight_6.joblib,"{""learning_rate"": 0.01, ""max_depth"": 7, ""n_estimators"": 900, ""scale_pos_weight"": 6, ""subsample"": 0.8}",xgboost,151,/home/ubuntu/Desktop/DeepAmes_Full_STL_4_keep_weights/results_TA102_with_S9/artifacts/base/xgboost/scalers/xgboost_seed_18_skf_2_paras_151_lr_0.01_n_900_depth_7_subsample_0.8_scale_pos_weight_6_scaler.joblib,18,2
xgboost_seed_18_skf_3_paras_151_lr_0.01_n_900_depth_7_subsample_0.8_scale_pos_weight_6,xgboost,18_skf_3,124,10,13,5,0.849,0.83,0.278,0.925,0.333,0.905,0.303,0.22,/home/ubuntu/Desktop/DeepAmes_Full_STL_4_keep_weights/results_TA102_with_S9/artifacts/base/xgboost/estimators/xgboost_seed_18_skf_3_paras_151_lr_0.01_n_900_depth_7_subsample_0.8_scale_pos_weight_6.joblib,"{""learning_rate"": 0.01, ""max_depth"": 7, ""n_estimators"": 900, ""scale_pos_weight"": 6, ""subsample"": 0.8}",xgboost,151,/home/ubuntu/Desktop/DeepAmes_Full_STL_4_keep_weights/results_TA102_with_S9/artifacts/base/xgboost/scalers/xgboost_seed_18_skf_3_paras_151_lr_0.01_n_900_depth_7_subsample_0.8_scale_pos_weight_6_scaler.joblib,18,3
xgboost_seed_18_skf_4_paras_151_lr_0.01_n_900_depth_7_subsample_0.8_scale_pos_weight_6,xgboost,18_skf_4,122,12,14,4,0.829,0.783,0.222,0.91,0.25,0.897,0.235,0.14,/home/ubuntu/Desktop/DeepAmes_Full_STL_4_keep_weights/results_TA102_with_S9/artifacts/base/xgboost/estimators/xgboost_seed_18_skf_4_paras_151_lr_0.01_n_900_depth_7_subsample_0.8_scale_pos_weight_6.joblib,"{""learning_rate"": 0.01, ""max_depth"": 7, ""n_estimators"": 900, ""scale_pos_weight"": 6, ""subsample"": 0.8}",xgboost,151,/home/ubuntu/Desktop/DeepAmes_Full_STL_4_keep_weights/results_TA102_with_S9/artifacts/base/xgboost/scalers/xgboost_seed_18_skf_4_paras_151_lr_0.01_n_900_depth_7_subsample_0.8_scale_pos_weight_6_scaler.joblib,18,4
xgboost_seed_19_skf_0_paras_151_lr_0.01_n_900_depth_7_subsample_0.8_scale_pos_weight_6,xgboost,19_skf_0,123,11,15,3,0.829,0.775,0.167,0.918,0.214,0.891,0.188,0.095,/home/ubuntu/Desktop/DeepAmes_Full_STL_4_keep_weights/results_TA102_with_S9/artifacts/base/xgboost/estimators/xgboost_seed_19_skf_0_paras_151_lr_0.01_n_900_depth_7_subsample_0.8_scale_pos_weight_6.joblib,"{""learning_rate"": 0.01, ""max_depth"": 7, ""n_estimators"": 900, ""scale_pos_weight"": 6, ""subsample"": 0.8}",xgboost,151,/home/ubuntu/Desktop/DeepAmes_Full_STL_4_keep_weights/results_TA102_with_S9/artifacts/base/xgboost/scalers/xgboost_seed_19_skf_0_paras_151_lr_0.01_n_900_depth_7_subsample_0.8_scale_pos_weight_6_scaler.joblib,19,0
xgboost_seed_19_skf_1_paras_151_lr_0.01_n_900_depth_7_subsample_0.8_scale_pos_weight_6,xgboost,19_skf_1,125,9,14,4,0.849,0.808,0.222,0.933,0.308,0.899,0.258,0.179,/home/ubuntu/Desktop/DeepAmes_Full_STL_4_keep_weights/results_TA102_with_S9/artifacts/base/xgboost/estimators/xgboost_seed_19_skf_1_paras_151_lr_0.01_n_900_depth_7_subsample_0.8_scale_pos_weight_6.joblib,"{""learning_rate"": 0.01, ""max_depth"": 7, ""n_estimators"": 900, ""scale_pos_weight"": 6, ""subsample"": 0.8}",xgboost,151,/home/ubuntu/Desktop/DeepAmes_Full_STL_4_keep_weights/results_TA102_with_S9/artifacts/base/xgboost/scalers/xgboost_seed_19_skf_1_paras_151_lr_0.01_n_900_depth_7_subsample_0.8_scale_pos_weight_6_scaler.joblib,19,1
xgboost_seed_19_skf_2_paras_151_lr_0.01_n_900_depth_7_subsample_0.8_scale_pos_weight_6,xgboost,19_skf_2,121,13,13,5,0.829,0.799,0.278,0.903,0.278,0.903,0.278,0.181,/home/ubuntu/Desktop/DeepAmes_Full_STL_4_keep_weights/results_TA102_with_S9/artifacts/base/xgboost/estimators/xgboost_seed_19_skf_2_paras_151_lr_0.01_n_900_depth_7_subsample_0.8_scale_pos_weight_6.joblib,"{""learning_rate"": 0.01, ""max_depth"": 7, ""n_estimators"": 900, ""scale_pos_weight"": 6, ""subsample"": 0.8}",xgboost,151,/home/ubuntu/Desktop/DeepAmes_Full_STL_4_keep_weights/results_TA102_with_S9/artifacts/base/xgboost/scalers/xgboost_seed_19_skf_2_paras_151_lr_0.01_n_900_depth_7_subsample_0.8_scale_pos_weight_6_scaler.joblib,19,2
xgboost_seed_19_skf_3_paras_151_lr_0.01_n_900_depth_7_subsample_0.8_scale_pos_weight_6,xgboost,19_skf_3,127,7,16,2,0.849,0.771,0.111,0.948,0.222,0.888,0.148,0.081,/home/ubuntu/Desktop/DeepAmes_Full_STL_4_keep_weights/results_TA102_with_S9/artifacts/base/xgboost/estimators/xgboost_seed_19_skf_3_paras_151_lr_0.01_n_900_depth_7_subsample_0.8_scale_pos_weight_6.joblib,"{""learning_rate"": 0.01, ""max_depth"": 7, ""n_estimators"": 900, ""scale_pos_weight"": 6, ""subsample"": 0.8}",xgboost,151,/home/ubuntu/Desktop/DeepAmes_Full_STL_4_keep_weights/results_TA102_with_S9/artifacts/base/xgboost/scalers/xgboost_seed_19_skf_3_paras_151_lr_0.01_n_900_depth_7_subsample_0.8_scale_pos_weight_6_scaler.joblib,19,3
xgboost_seed_19_skf_4_paras_151_lr_0.01_n_900_depth_7_subsample_0.8_scale_pos_weight_6,xgboost,19_skf_4,124,10,12,6,0.855,0.857,0.333,0.925,0.375,0.912,0.353,0.272,/home/ubuntu/Desktop/DeepAmes_Full_STL_4_keep_weights/results_TA102_with_S9/artifacts/base/xgboost/estimators/xgboost_seed_19_skf_4_paras_151_lr_0.01_n_900_depth_7_subsample_0.8_scale_pos_weight_6.joblib,"{""learning_rate"": 0.01, ""max_depth"": 7, ""n_estimators"": 900, ""scale_pos_weight"": 6, ""subsample"": 0.8}",xgboost,151,/home/ubuntu/Desktop/DeepAmes_Full_STL_4_keep_weights/results_TA102_with_S9/artifacts/base/xgboost/scalers/xgboost_seed_19_skf_4_paras_151_lr_0.01_n_900_depth_7_subsample_0.8_scale_pos_weight_6_scaler.joblib,19,4
rf_seed_0_skf_0_paras_148_estimator_500_depth_None_minSample_70_random_1_weight_balanced,rf,0_skf_0,116,18,13,5,0.796,0.716,0.278,0.866,0.217,0.899,0.244,0.129,/home/ubuntu/Desktop/DeepAmes_Full_STL_4_keep_weights/results_TA102_with_S9/artifacts/base/rf/estimators/rf_seed_0_skf_0_paras_148_estimator_500_depth_None_minSample_70_random_1_weight_balanced.joblib,"{""bootstrap"": true, ""class_weight"": ""balanced"", ""max_depth"": null, ""max_features"": ""log2"", ""min_samples_split"": 70, ""n_estimators"": 500, ""random_state"": 1}",rf,148,/home/ubuntu/Desktop/DeepAmes_Full_STL_4_keep_weights/results_TA102_with_S9/artifacts/base/rf/scalers/rf_seed_0_skf_0_paras_148_estimator_500_depth_None_minSample_70_random_1_weight_balanced_scaler.joblib,0,0
rf_seed_0_skf_1_paras_148_estimator_500_depth_None_minSample_70_random_1_weight_balanced,rf,0_skf_1,118,16,14,4,0.803,0.694,0.222,0.881,0.2,0.894,0.211,0.098,/home/ubuntu/Desktop/DeepAmes_Full_STL_4_keep_weights/results_TA102_with_S9/artifacts/base/rf/estimators/rf_seed_0_skf_1_paras_148_estimator_500_depth_None_minSample_70_random_1_weight_balanced.joblib,"{""bootstrap"": true, ""class_weight"": ""balanced"", ""max_depth"": null, ""max_features"": ""log2"", ""min_samples_split"": 70, ""n_estimators"": 500, ""random_state"": 1}",rf,148,/home/ubuntu/Desktop/DeepAmes_Full_STL_4_keep_weights/results_TA102_with_S9/artifacts/base/rf/scalers/rf_seed_0_skf_1_paras_148_estimator_500_depth_None_minSample_70_random_1_weight_balanced_scaler.joblib,0,1
rf_seed_0_skf_3_paras_148_estimator_500_depth_None_minSample_70_random_1_weight_balanced,rf,0_skf_3,123,11,15,3,0.829,0.702,0.167,0.918,0.214,0.891,0.188,0.095,/home/ubuntu/Desktop/DeepAmes_Full_STL_4_keep_weights/results_TA102_with_S9/artifacts/base/rf/estimators/rf_seed_0_skf_3_paras_148_estimator_500_depth_None_minSample_70_random_1_weight_balanced.joblib,"{""bootstrap"": true, ""class_weight"": ""balanced"", ""max_depth"": null, ""max_features"": ""log2"", ""min_samples_split"": 70, ""n_estimators"": 500, ""random_state"": 1}",rf,148,/home/ubuntu/Desktop/DeepAmes_Full_STL_4_keep_weights/results_TA102_with_S9/artifacts/base/rf/scalers/rf_seed_0_skf_3_paras_148_estimator_500_depth_None_minSample_70_random_1_weight_balanced_scaler.joblib,0,3
rf_seed_0_skf_4_paras_148_estimator_500_depth_None_minSample_70_random_1_weight_balanced,rf,0_skf_4,119,15,10,8,0.836,0.776,0.444,0.888,0.348,0.922,0.39,0.3,/home/ubuntu/Desktop/DeepAmes_Full_STL_4_keep_weights/results_TA102_with_S9/artifacts/base/rf/estimators/rf_seed_0_skf_4_paras_148_estimator_500_depth_None_minSample_70_random_1_weight_balanced.joblib,"{""bootstrap"": true, ""class_weight"": ""balanced"", ""max_depth"": null, ""max_features"": ""log2"", ""min_samples_split"": 70, ""n_estimators"": 500, ""random_state"": 1}",rf,148,/home/ubuntu/Desktop/DeepAmes_Full_STL_4_keep_weights/results_TA102_with_S9/artifacts/base/rf/scalers/rf_seed_0_skf_4_paras_148_estimator_500_depth_None_minSample_70_random_1_weight_balanced_scaler.joblib,0,4
rf_seed_1_skf_0_paras_148_estimator_500_depth_None_minSample_70_random_1_weight_balanced,rf,1_skf_0,116,18,14,4,0.789,0.668,0.222,0.866,0.182,0.892,0.2,0.081,/home/ubuntu/Desktop/DeepAmes_Full_STL_4_keep_weights/results_TA102_with_S9/artifacts/base/rf/estimators/rf_seed_1_skf_0_paras_148_estimator_500_depth_None_minSample_70_random_1_weight_balanced.joblib,"{""bootstrap"": true, ""class_weight"": ""balanced"", ""max_depth"": null, ""max_features"": ""log2"", ""min_samples_split"": 70, ""n_estimators"": 500, ""random_state"": 1}",rf,148,/home/ubuntu/Desktop/DeepAmes_Full_STL_4_keep_weights/results_TA102_with_S9/artifacts/base/rf/scalers/rf_seed_1_skf_0_paras_148_estimator_500_depth_None_minSample_70_random_1_weight_balanced_scaler.joblib,1,0
rf_seed_1_skf_1_paras_148_estimator_500_depth_None_minSample_70_random_1_weight_balanced,rf,1_skf_1,118,16,13,5,0.809,0.679,0.278,0.881,0.238,0.901,0.256,0.148,/home/ubuntu/Desktop/DeepAmes_Full_STL_4_keep_weights/results_TA102_with_S9/artifacts/base/rf/estimators/rf_seed_1_skf_1_paras_148_estimator_500_depth_None_minSample_70_random_1_weight_balanced.joblib,"{""bootstrap"": true, ""class_weight"": ""balanced"", ""max_depth"": null, ""max_features"": ""log2"", ""min_samples_split"": 70, ""n_estimators"": 500, ""random_state"": 1}",rf,148,/home/ubuntu/Desktop/DeepAmes_Full_STL_4_keep_weights/results_TA102_with_S9/artifacts/base/rf/scalers/rf_seed_1_skf_1_paras_148_estimator_500_depth_None_minSample_70_random_1_weight_balanced_scaler.joblib,1,1
rf_seed_1_skf_2_paras_148_estimator_500_depth_None_minSample_70_random_1_weight_balanced,rf,1_skf_2,121,13,12,6,0.836,0.749,0.333,0.903,0.316,0.91,0.324,0.231,/home/ubuntu/Desktop/DeepAmes_Full_STL_4_keep_weights/results_TA102_with_S9/artifacts/base/rf/estimators/rf_seed_1_skf_2_paras_148_estimator_500_depth_None_minSample_70_random_1_weight_balanced.joblib,"{""bootstrap"": true, ""class_weight"": ""balanced"", ""max_depth"": null, ""max_features"": ""log2"", ""min_samples_split"": 70, ""n_estimators"": 500, ""random_state"": 1}",rf,148,/home/ubuntu/Desktop/DeepAmes_Full_STL_4_keep_weights/results_TA102_with_S9/artifacts/base/rf/scalers/rf_seed_1_skf_2_paras_148_estimator_500_depth_None_minSample_70_random_1_weight_balanced_scaler.joblib,1,2
rf_seed_1_skf_3_paras_148_estimator_500_depth_None_minSample_70_random_1_weight_balanced,rf,1_skf_3,122,12,14,4,0.829,0.727,0.222,0.91,0.25,0.897,0.235,0.14,/home/ubuntu/Desktop/DeepAmes_Full_STL_4_keep_weights/results_TA102_with_S9/artifacts/base/rf/estimators/rf_seed_1_skf_3_paras_148_estimator_500_depth_None_minSample_70_random_1_weight_balanced.joblib,"{""bootstrap"": true, ""class_weight"": ""balanced"", ""max_depth"": null, ""max_features"": ""log2"", ""min_samples_split"": 70, ""n_estimators"": 500, ""random_state"": 1}",rf,148,/home/ubuntu/Desktop/DeepAmes_Full_STL_4_keep_weights/results_TA102_with_S9/artifacts/base/rf/scalers/rf_seed_1_skf_3_paras_148_estimator_500_depth_None_minSample_70_random_1_weight_balanced_scaler.joblib,1,3
rf_seed_1_skf_4_paras_148_estimator_500_depth_None_minSample_70_random_1_weight_balanced,rf,1_skf_4,118,16,11,7,0.822,0.745,0.389,0.881,0.304,0.915,0.341,0.243,/home/ubuntu/Desktop/DeepAmes_Full_STL_4_keep_weights/results_TA102_with_S9/artifacts/base/rf/estimators/rf_seed_1_skf_4_paras_148_estimator_500_depth_None_minSample_70_random_1_weight_balanced.joblib,"{""bootstrap"": true, ""class_weight"": ""balanced"", ""max_depth"": null, ""max_features"": ""log2"", ""min_samples_split"": 70, ""n_estimators"": 500, ""random_state"": 1}",rf,148,/home/ubuntu/Desktop/DeepAmes_Full_STL_4_keep_weights/results_TA102_with_S9/artifacts/base/rf/scalers/rf_seed_1_skf_4_paras_148_estimator_500_depth_None_minSample_70_random_1_weight_balanced_scaler.joblib,1,4
rf_seed_2_skf_0_paras_148_estimator_500_depth_None_minSample_70_random_1_weight_balanced,rf,2_skf_0,117,17,14,4,0.796,0.697,0.222,0.873,0.19,0.893,0.205,0.089,/home/ubuntu/Desktop/DeepAmes_Full_STL_4_keep_weights/results_TA102_with_S9/artifacts/base/rf/estimators/rf_seed_2_skf_0_paras_148_estimator_500_depth_None_minSample_70_random_1_weight_balanced.joblib,"{""bootstrap"": true, ""class_weight"": ""balanced"", ""max_depth"": null, ""max_features"": ""log2"", ""min_samples_split"": 70, ""n_estimators"": 500, ""random_state"": 1}",rf,148,/home/ubuntu/Desktop/DeepAmes_Full_STL_4_keep_weights/results_TA102_with_S9/artifacts/base/rf/scalers/rf_seed_2_skf_0_paras_148_estimator_500_depth_None_minSample_70_random_1_weight_balanced_scaler.joblib,2,0
rf_seed_2_skf_1_paras_148_estimator_500_depth_None_minSample_70_random_1_weight_balanced,rf,2_skf_1,120,14,13,5,0.822,0.735,0.278,0.896,0.263,0.902,0.27,0.169,/home/ubuntu/Desktop/DeepAmes_Full_STL_4_keep_weights/results_TA102_with_S9/artifacts/base/rf/estimators/rf_seed_2_skf_1_paras_148_estimator_500_depth_None_minSample_70_random_1_weight_balanced.joblib,"{""bootstrap"": true, ""class_weight"": ""balanced"", ""max_depth"": null, ""max_features"": ""log2"", ""min_samples_split"": 70, ""n_estimators"": 500, ""random_state"": 1}",rf,148,/home/ubuntu/Desktop/DeepAmes_Full_STL_4_keep_weights/results_TA102_with_S9/artifacts/base/rf/scalers/rf_seed_2_skf_1_paras_148_estimator_500_depth_None_minSample_70_random_1_weight_balanced_scaler.joblib,2,1
rf_seed_2_skf_2_paras_148_estimator_500_depth_None_minSample_70_random_1_weight_balanced,rf,2_skf_2,122,12,15,3,0.822,0.709,0.167,0.91,0.2,0.891,0.182,0.084,/home/ubuntu/Desktop/DeepAmes_Full_STL_4_keep_weights/results_TA102_with_S9/artifacts/base/rf/estimators/rf_seed_2_skf_2_paras_148_estimator_500_depth_None_minSample_70_random_1_weight_balanced.joblib,"{""bootstrap"": true, ""class_weight"": ""balanced"", ""max_depth"": null, ""max_features"": ""log2"", ""min_samples_split"": 70, ""n_estimators"": 500, ""random_state"": 1}",rf,148,/home/ubuntu/Desktop/DeepAmes_Full_STL_4_keep_weights/results_TA102_with_S9/artifacts/base/rf/scalers/rf_seed_2_skf_2_paras_148_estimator_500_depth_None_minSample_70_random_1_weight_balanced_scaler.joblib,2,2
rf_seed_2_skf_3_paras_148_estimator_500_depth_None_minSample_70_random_1_weight_balanced,rf,2_skf_3,121,13,11,7,0.842,0.717,0.389,0.903,0.35,0.917,0.368,0.279,/home/ubuntu/Desktop/DeepAmes_Full_STL_4_keep_weights/results_TA102_with_S9/artifacts/base/rf/estimators/rf_seed_2_skf_3_paras_148_estimator_500_depth_None_minSample_70_random_1_weight_balanced.joblib,"{""bootstrap"": true, ""class_weight"": ""balanced"", ""max_depth"": null, ""max_features"": ""log2"", ""min_samples_split"": 70, ""n_estimators"": 500, ""random_state"": 1}",rf,148,/home/ubuntu/Desktop/DeepAmes_Full_STL_4_keep_weights/results_TA102_with_S9/artifacts/base/rf/scalers/rf_seed_2_skf_3_paras_148_estimator_500_depth_None_minSample_70_random_1_weight_balanced_scaler.joblib,2,3
rf_seed_2_skf_4_paras_148_estimator_500_depth_None_minSample_70_random_1_weight_balanced,rf,2_skf_4,124,10,12,6,0.855,0.775,0.333,0.925,0.375,0.912,0.353,0.272,/home/ubuntu/Desktop/DeepAmes_Full_STL_4_keep_weights/results_TA102_with_S9/artifacts/base/rf/estimators/rf_seed_2_skf_4_paras_148_estimator_500_depth_None_minSample_70_random_1_weight_balanced.joblib,"{""bootstrap"": true, ""class_weight"": ""balanced"", ""max_depth"": null, ""max_features"": ""log2"", ""min_samples_split"": 70, ""n_estimators"": 500, ""random_state"": 1}",rf,148,/home/ubuntu/Desktop/DeepAmes_Full_STL_4_keep_weights/results_TA102_with_S9/artifacts/base/rf/scalers/rf_seed_2_skf_4_paras_148_estimator_500_depth_None_minSample_70_random_1_weight_balanced_scaler.joblib,2,4
rf_seed_3_skf_1_paras_148_estimator_500_depth_None_minSample_70_random_1_weight_balanced,rf,3_skf_1,118,16,14,4,0.803,0.688,0.222,0.881,0.2,0.894,0.211,0.098,/home/ubuntu/Desktop/DeepAmes_Full_STL_4_keep_weights/results_TA102_with_S9/artifacts/base/rf/estimators/rf_seed_3_skf_1_paras_148_estimator_500_depth_None_minSample_70_random_1_weight_balanced.joblib,"{""bootstrap"": true, ""class_weight"": ""balanced"", ""max_depth"": null, ""max_features"": ""log2"", ""min_samples_split"": 70, ""n_estimators"": 500, ""random_state"": 1}",rf,148,/home/ubuntu/Desktop/DeepAmes_Full_STL_4_keep_weights/results_TA102_with_S9/artifacts/base/rf/scalers/rf_seed_3_skf_1_paras_148_estimator_500_depth_None_minSample_70_random_1_weight_balanced_scaler.joblib,3,1
rf_seed_3_skf_2_paras_148_estimator_500_depth_None_minSample_70_random_1_weight_balanced,rf,3_skf_2,117,17,12,6,0.809,0.734,0.333,0.873,0.261,0.907,0.293,0.186,/home/ubuntu/Desktop/DeepAmes_Full_STL_4_keep_weights/results_TA102_with_S9/artifacts/base/rf/estimators/rf_seed_3_skf_2_paras_148_estimator_500_depth_None_minSample_70_random_1_weight_balanced.joblib,"{""bootstrap"": true, ""class_weight"": ""balanced"", ""max_depth"": null, ""max_features"": ""log2"", ""min_samples_split"": 70, ""n_estimators"": 500, ""random_state"": 1}",rf,148,/home/ubuntu/Desktop/DeepAmes_Full_STL_4_keep_weights/results_TA102_with_S9/artifacts/base/rf/scalers/rf_seed_3_skf_2_paras_148_estimator_500_depth_None_minSample_70_random_1_weight_balanced_scaler.joblib,3,2
rf_seed_3_skf_3_paras_148_estimator_500_depth_None_minSample_70_random_1_weight_balanced,rf,3_skf_3,121,13,12,6,0.836,0.754,0.333,0.903,0.316,0.91,0.324,0.231,/home/ubuntu/Desktop/DeepAmes_Full_STL_4_keep_weights/results_TA102_with_S9/artifacts/base/rf/estimators/rf_seed_3_skf_3_paras_148_estimator_500_depth_None_minSample_70_random_1_weight_balanced.joblib,"{""bootstrap"": true, ""class_weight"": ""balanced"", ""max_depth"": null, ""max_features"": ""log2"", ""min_samples_split"": 70, ""n_estimators"": 500, ""random_state"": 1}",rf,148,/home/ubuntu/Desktop/DeepAmes_Full_STL_4_keep_weights/results_TA102_with_S9/artifacts/base/rf/scalers/rf_seed_3_skf_3_paras_148_estimator_500_depth_None_minSample_70_random_1_weight_balanced_scaler.joblib,3,3
rf_seed_3_skf_4_paras_148_estimator_500_depth_None_minSample_70_random_1_weight_balanced,rf,3_skf_4,119,15,14,4,0.809,0.718,0.222,0.888,0.211,0.895,0.216,0.108,/home/ubuntu/Desktop/DeepAmes_Full_STL_4_keep_weights/results_TA102_with_S9/artifacts/base/rf/estimators/rf_seed_3_skf_4_paras_148_estimator_500_depth_None_minSample_70_random_1_weight_balanced.joblib,"{""bootstrap"": true, ""class_weight"": ""balanced"", ""max_depth"": null, ""max_features"": ""log2"", ""min_samples_split"": 70, ""n_estimators"": 500, ""random_state"": 1}",rf,148,/home/ubuntu/Desktop/DeepAmes_Full_STL_4_keep_weights/results_TA102_with_S9/artifacts/base/rf/scalers/rf_seed_3_skf_4_paras_148_estimator_500_depth_None_minSample_70_random_1_weight_balanced_scaler.joblib,3,4
rf_seed_4_skf_1_paras_148_estimator_500_depth_None_minSample_70_random_1_weight_balanced,rf,4_skf_1,116,18,14,4,0.789,0.671,0.222,0.866,0.182,0.892,0.2,0.081,/home/ubuntu/Desktop/DeepAmes_Full_STL_4_keep_weights/results_TA102_with_S9/artifacts/base/rf/estimators/rf_seed_4_skf_1_paras_148_estimator_500_depth_None_minSample_70_random_1_weight_balanced.joblib,"{""bootstrap"": true, ""class_weight"": ""balanced"", ""max_depth"": null, ""max_features"": ""log2"", ""min_samples_split"": 70, ""n_estimators"": 500, ""random_state"": 1}",rf,148,/home/ubuntu/Desktop/DeepAmes_Full_STL_4_keep_weights/results_TA102_with_S9/artifacts/base/rf/scalers/rf_seed_4_skf_1_paras_148_estimator_500_depth_None_minSample_70_random_1_weight_balanced_scaler.joblib,4,1
rf_seed_4_skf_2_paras_148_estimator_500_depth_None_minSample_70_random_1_weight_balanced,rf,4_skf_2,117,17,14,4,0.796,0.752,0.222,0.873,0.19,0.893,0.205,0.089,/home/ubuntu/Desktop/DeepAmes_Full_STL_4_keep_weights/results_TA102_with_S9/artifacts/base/rf/estimators/rf_seed_4_skf_2_paras_148_estimator_500_depth_None_minSample_70_random_1_weight_balanced.joblib,"{""bootstrap"": true, ""class_weight"": ""balanced"", ""max_depth"": null, ""max_features"": ""log2"", ""min_samples_split"": 70, ""n_estimators"": 500, ""random_state"": 1}",rf,148,/home/ubuntu/Desktop/DeepAmes_Full_STL_4_keep_weights/results_TA102_with_S9/artifacts/base/rf/scalers/rf_seed_4_skf_2_paras_148_estimator_500_depth_None_minSample_70_random_1_weight_balanced_scaler.joblib,4,2
rf_seed_4_skf_3_paras_148_estimator_500_depth_None_minSample_70_random_1_weight_balanced,rf,4_skf_3,120,14,14,4,0.816,0.752,0.222,0.896,0.222,0.896,0.222,0.118,/home/ubuntu/Desktop/DeepAmes_Full_STL_4_keep_weights/results_TA102_with_S9/artifacts/base/rf/estimators/rf_seed_4_skf_3_paras_148_estimator_500_depth_None_minSample_70_random_1_weight_balanced.joblib,"{""bootstrap"": true, ""class_weight"": ""balanced"", ""max_depth"": null, ""max_features"": ""log2"", ""min_samples_split"": 70, ""n_estimators"": 500, ""random_state"": 1}",rf,148,/home/ubuntu/Desktop/DeepAmes_Full_STL_4_keep_weights/results_TA102_with_S9/artifacts/base/rf/scalers/rf_seed_4_skf_3_paras_148_estimator_500_depth_None_minSample_70_random_1_weight_balanced_scaler.joblib,4,3
rf_seed_4_skf_4_paras_148_estimator_500_depth_None_minSample_70_random_1_weight_balanced,rf,4_skf_4,122,12,11,7,0.849,0.724,0.389,0.91,0.368,0.917,0.378,0.292,/home/ubuntu/Desktop/DeepAmes_Full_STL_4_keep_weights/results_TA102_with_S9/artifacts/base/rf/estimators/rf_seed_4_skf_4_paras_148_estimator_500_depth_None_minSample_70_random_1_weight_balanced.joblib,"{""bootstrap"": true, ""class_weight"": ""balanced"", ""max_depth"": null, ""max_features"": ""log2"", ""min_samples_split"": 70, ""n_estimators"": 500, ""random_state"": 1}",rf,148,/home/ubuntu/Desktop/DeepAmes_Full_STL_4_keep_weights/results_TA102_with_S9/artifacts/base/rf/scalers/rf_seed_4_skf_4_paras_148_estimator_500_depth_None_minSample_70_random_1_weight_balanced_scaler.joblib,4,4
rf_seed_5_skf_0_paras_148_estimator_500_depth_None_minSample_70_random_1_weight_balanced,rf,5_skf_0,114,20,14,4,0.776,0.677,0.222,0.851,0.167,0.891,0.19,0.065,/home/ubuntu/Desktop/DeepAmes_Full_STL_4_keep_weights/results_TA102_with_S9/artifacts/base/rf/estimators/rf_seed_5_skf_0_paras_148_estimator_500_depth_None_minSample_70_random_1_weight_balanced.joblib,"{""bootstrap"": true, ""class_weight"": ""balanced"", ""max_depth"": null, ""max_features"": ""log2"", ""min_samples_split"": 70, ""n_estimators"": 500, ""random_state"": 1}",rf,148,/home/ubuntu/Desktop/DeepAmes_Full_STL_4_keep_weights/results_TA102_with_S9/artifacts/base/rf/scalers/rf_seed_5_skf_0_paras_148_estimator_500_depth_None_minSample_70_random_1_weight_balanced_scaler.joblib,5,0
rf_seed_5_skf_1_paras_148_estimator_500_depth_None_minSample_70_random_1_weight_balanced,rf,5_skf_1,117,17,14,4,0.796,0.732,0.222,0.873,0.19,0.893,0.205,0.089,/home/ubuntu/Desktop/DeepAmes_Full_STL_4_keep_weights/results_TA102_with_S9/artifacts/base/rf/estimators/rf_seed_5_skf_1_paras_148_estimator_500_depth_None_minSample_70_random_1_weight_balanced.joblib,"{""bootstrap"": true, ""class_weight"": ""balanced"", ""max_depth"": null, ""max_features"": ""log2"", ""min_samples_split"": 70, ""n_estimators"": 500, ""random_state"": 1}",rf,148,/home/ubuntu/Desktop/DeepAmes_Full_STL_4_keep_weights/results_TA102_with_S9/artifacts/base/rf/scalers/rf_seed_5_skf_1_paras_148_estimator_500_depth_None_minSample_70_random_1_weight_balanced_scaler.joblib,5,1
rf_seed_5_skf_2_paras_148_estimator_500_depth_None_minSample_70_random_1_weight_balanced,rf,5_skf_2,120,14,13,5,0.822,0.709,0.278,0.896,0.263,0.902,0.27,0.169,/home/ubuntu/Desktop/DeepAmes_Full_STL_4_keep_weights/results_TA102_with_S9/artifacts/base/rf/estimators/rf_seed_5_skf_2_paras_148_estimator_500_depth_None_minSample_70_random_1_weight_balanced.joblib,"{""bootstrap"": true, ""class_weight"": ""balanced"", ""max_depth"": null, ""max_features"": ""log2"", ""min_samples_split"": 70, ""n_estimators"": 500, ""random_state"": 1}",rf,148,/home/ubuntu/Desktop/DeepAmes_Full_STL_4_keep_weights/results_TA102_with_S9/artifacts/base/rf/scalers/rf_seed_5_skf_2_paras_148_estimator_500_depth_None_minSample_70_random_1_weight_balanced_scaler.joblib,5,2
rf_seed_5_skf_3_paras_148_estimator_500_depth_None_minSample_70_random_1_weight_balanced,rf,5_skf_3,119,15,11,7,0.829,0.717,0.389,0.888,0.318,0.915,0.35,0.254,/home/ubuntu/Desktop/DeepAmes_Full_STL_4_keep_weights/results_TA102_with_S9/artifacts/base/rf/estimators/rf_seed_5_skf_3_paras_148_estimator_500_depth_None_minSample_70_random_1_weight_balanced.joblib,"{""bootstrap"": true, ""class_weight"": ""balanced"", ""max_depth"": null, ""max_features"": ""log2"", ""min_samples_split"": 70, ""n_estimators"": 500, ""random_state"": 1}",rf,148,/home/ubuntu/Desktop/DeepAmes_Full_STL_4_keep_weights/results_TA102_with_S9/artifacts/base/rf/scalers/rf_seed_5_skf_3_paras_148_estimator_500_depth_None_minSample_70_random_1_weight_balanced_scaler.joblib,5,3
rf_seed_5_skf_4_paras_148_estimator_500_depth_None_minSample_70_random_1_weight_balanced,rf,5_skf_4,119,15,11,7,0.829,0.738,0.389,0.888,0.318,0.915,0.35,0.254,/home/ubuntu/Desktop/DeepAmes_Full_STL_4_keep_weights/results_TA102_with_S9/artifacts/base/rf/estimators/rf_seed_5_skf_4_paras_148_estimator_500_depth_None_minSample_70_random_1_weight_balanced.joblib,"{""bootstrap"": true, ""class_weight"": ""balanced"", ""max_depth"": null, ""max_features"": ""log2"", ""min_samples_split"": 70, ""n_estimators"": 500, ""random_state"": 1}",rf,148,/home/ubuntu/Desktop/DeepAmes_Full_STL_4_keep_weights/results_TA102_with_S9/artifacts/base/rf/scalers/rf_seed_5_skf_4_paras_148_estimator_500_depth_None_minSample_70_random_1_weight_balanced_scaler.joblib,5,4
rf_seed_6_skf_1_paras_148_estimator_500_depth_None_minSample_70_random_1_weight_balanced,rf,6_skf_1,118,16,14,4,0.803,0.697,0.222,0.881,0.2,0.894,0.211,0.098,/home/ubuntu/Desktop/DeepAmes_Full_STL_4_keep_weights/results_TA102_with_S9/artifacts/base/rf/estimators/rf_seed_6_skf_1_paras_148_estimator_500_depth_None_minSample_70_random_1_weight_balanced.joblib,"{""bootstrap"": true, ""class_weight"": ""balanced"", ""max_depth"": null, ""max_features"": ""log2"", ""min_samples_split"": 70, ""n_estimators"": 500, ""random_state"": 1}",rf,148,/home/ubuntu/Desktop/DeepAmes_Full_STL_4_keep_weights/results_TA102_with_S9/artifacts/base/rf/scalers/rf_seed_6_skf_1_paras_148_estimator_500_depth_None_minSample_70_random_1_weight_balanced_scaler.joblib,6,1
rf_seed_6_skf_2_paras_148_estimator_500_depth_None_minSample_70_random_1_weight_balanced,rf,6_skf_2,115,19,14,4,0.783,0.728,0.222,0.858,0.174,0.891,0.195,0.073,/home/ubuntu/Desktop/DeepAmes_Full_STL_4_keep_weights/results_TA102_with_S9/artifacts/base/rf/estimators/rf_seed_6_skf_2_paras_148_estimator_500_depth_None_minSample_70_random_1_weight_balanced.joblib,"{""bootstrap"": true, ""class_weight"": ""balanced"", ""max_depth"": null, ""max_features"": ""log2"", ""min_samples_split"": 70, ""n_estimators"": 500, ""random_state"": 1}",rf,148,/home/ubuntu/Desktop/DeepAmes_Full_STL_4_keep_weights/results_TA102_with_S9/artifacts/base/rf/scalers/rf_seed_6_skf_2_paras_148_estimator_500_depth_None_minSample_70_random_1_weight_balanced_scaler.joblib,6,2
rf_seed_6_skf_3_paras_148_estimator_500_depth_None_minSample_70_random_1_weight_balanced,rf,6_skf_3,122,12,11,7,0.849,0.748,0.389,0.91,0.368,0.917,0.378,0.292,/home/ubuntu/Desktop/DeepAmes_Full_STL_4_keep_weights/results_TA102_with_S9/artifacts/base/rf/estimators/rf_seed_6_skf_3_paras_148_estimator_500_depth_None_minSample_70_random_1_weight_balanced.joblib,"{""bootstrap"": true, ""class_weight"": ""balanced"", ""max_depth"": null, ""max_features"": ""log2"", ""min_samples_split"": 70, ""n_estimators"": 500, ""random_state"": 1}",rf,148,/home/ubuntu/Desktop/DeepAmes_Full_STL_4_keep_weights/results_TA102_with_S9/artifacts/base/rf/scalers/rf_seed_6_skf_3_paras_148_estimator_500_depth_None_minSample_70_random_1_weight_balanced_scaler.joblib,6,3
rf_seed_6_skf_4_paras_148_estimator_500_depth_None_minSample_70_random_1_weight_balanced,rf,6_skf_4,121,13,13,5,0.829,0.754,0.278,0.903,0.278,0.903,0.278,0.181,/home/ubuntu/Desktop/DeepAmes_Full_STL_4_keep_weights/results_TA102_with_S9/artifacts/base/rf/estimators/rf_seed_6_skf_4_paras_148_estimator_500_depth_None_minSample_70_random_1_weight_balanced.joblib,"{""bootstrap"": true, ""class_weight"": ""balanced"", ""max_depth"": null, ""max_features"": ""log2"", ""min_samples_split"": 70, ""n_estimators"": 500, ""random_state"": 1}",rf,148,/home/ubuntu/Desktop/DeepAmes_Full_STL_4_keep_weights/results_TA102_with_S9/artifacts/base/rf/scalers/rf_seed_6_skf_4_paras_148_estimator_500_depth_None_minSample_70_random_1_weight_balanced_scaler.joblib,6,4
rf_seed_7_skf_1_paras_148_estimator_500_depth_None_minSample_70_random_1_weight_balanced,rf,7_skf_1,123,11,12,6,0.849,0.765,0.333,0.918,0.353,0.911,0.343,0.258,/home/ubuntu/Desktop/DeepAmes_Full_STL_4_keep_weights/results_TA102_with_S9/artifacts/base/rf/estimators/rf_seed_7_skf_1_paras_148_estimator_500_depth_None_minSample_70_random_1_weight_balanced.joblib,"{""bootstrap"": true, ""class_weight"": ""balanced"", ""max_depth"": null, ""max_features"": ""log2"", ""min_samples_split"": 70, ""n_estimators"": 500, ""random_state"": 1}",rf,148,/home/ubuntu/Desktop/DeepAmes_Full_STL_4_keep_weights/results_TA102_with_S9/artifacts/base/rf/scalers/rf_seed_7_skf_1_paras_148_estimator_500_depth_None_minSample_70_random_1_weight_balanced_scaler.joblib,7,1
rf_seed_7_skf_2_paras_148_estimator_500_depth_None_minSample_70_random_1_weight_balanced,rf,7_skf_2,122,12,15,3,0.822,0.685,0.167,0.91,0.2,0.891,0.182,0.084,/home/ubuntu/Desktop/DeepAmes_Full_STL_4_keep_weights/results_TA102_with_S9/artifacts/base/rf/estimators/rf_seed_7_skf_2_paras_148_estimator_500_depth_None_minSample_70_random_1_weight_balanced.joblib,"{""bootstrap"": true, ""class_weight"": ""balanced"", ""max_depth"": null, ""max_features"": ""log2"", ""min_samples_split"": 70, ""n_estimators"": 500, ""random_state"": 1}",rf,148,/home/ubuntu/Desktop/DeepAmes_Full_STL_4_keep_weights/results_TA102_with_S9/artifacts/base/rf/scalers/rf_seed_7_skf_2_paras_148_estimator_500_depth_None_minSample_70_random_1_weight_balanced_scaler.joblib,7,2
rf_seed_7_skf_3_paras_148_estimator_500_depth_None_minSample_70_random_1_weight_balanced,rf,7_skf_3,116,18,13,5,0.796,0.718,0.278,0.866,0.217,0.899,0.244,0.129,/home/ubuntu/Desktop/DeepAmes_Full_STL_4_keep_weights/results_TA102_with_S9/artifacts/base/rf/estimators/rf_seed_7_skf_3_paras_148_estimator_500_depth_None_minSample_70_random_1_weight_balanced.joblib,"{""bootstrap"": true, ""class_weight"": ""balanced"", ""max_depth"": null, ""max_features"": ""log2"", ""min_samples_split"": 70, ""n_estimators"": 500, ""random_state"": 1}",rf,148,/home/ubuntu/Desktop/DeepAmes_Full_STL_4_keep_weights/results_TA102_with_S9/artifacts/base/rf/scalers/rf_seed_7_skf_3_paras_148_estimator_500_depth_None_minSample_70_random_1_weight_balanced_scaler.joblib,7,3
rf_seed_7_skf_4_paras_148_estimator_500_depth_None_minSample_70_random_1_weight_balanced,rf,7_skf_4,118,16,14,4,0.803,0.688,0.222,0.881,0.2,0.894,0.211,0.098,/home/ubuntu/Desktop/DeepAmes_Full_STL_4_keep_weights/results_TA102_with_S9/artifacts/base/rf/estimators/rf_seed_7_skf_4_paras_148_estimator_500_depth_None_minSample_70_random_1_weight_balanced.joblib,"{""bootstrap"": true, ""class_weight"": ""balanced"", ""max_depth"": null, ""max_features"": ""log2"", ""min_samples_split"": 70, ""n_estimators"": 500, ""random_state"": 1}",rf,148,/home/ubuntu/Desktop/DeepAmes_Full_STL_4_keep_weights/results_TA102_with_S9/artifacts/base/rf/scalers/rf_seed_7_skf_4_paras_148_estimator_500_depth_None_minSample_70_random_1_weight_balanced_scaler.joblib,7,4
rf_seed_8_skf_0_paras_148_estimator_500_depth_None_minSample_70_random_1_weight_balanced,rf,8_skf_0,116,18,14,4,0.789,0.694,0.222,0.866,0.182,0.892,0.2,0.081,/home/ubuntu/Desktop/DeepAmes_Full_STL_4_keep_weights/results_TA102_with_S9/artifacts/base/rf/estimators/rf_seed_8_skf_0_paras_148_estimator_500_depth_None_minSample_70_random_1_weight_balanced.joblib,"{""bootstrap"": true, ""class_weight"": ""balanced"", ""max_depth"": null, ""max_features"": ""log2"", ""min_samples_split"": 70, ""n_estimators"": 500, ""random_state"": 1}",rf,148,/home/ubuntu/Desktop/DeepAmes_Full_STL_4_keep_weights/results_TA102_with_S9/artifacts/base/rf/scalers/rf_seed_8_skf_0_paras_148_estimator_500_depth_None_minSample_70_random_1_weight_balanced_scaler.joblib,8,0
rf_seed_8_skf_1_paras_148_estimator_500_depth_None_minSample_70_random_1_weight_balanced,rf,8_skf_1,121,13,13,5,0.829,0.732,0.278,0.903,0.278,0.903,0.278,0.181,/home/ubuntu/Desktop/DeepAmes_Full_STL_4_keep_weights/results_TA102_with_S9/artifacts/base/rf/estimators/rf_seed_8_skf_1_paras_148_estimator_500_depth_None_minSample_70_random_1_weight_balanced.joblib,"{""bootstrap"": true, ""class_weight"": ""balanced"", ""max_depth"": null, ""max_features"": ""log2"", ""min_samples_split"": 70, ""n_estimators"": 500, ""random_state"": 1}",rf,148,/home/ubuntu/Desktop/DeepAmes_Full_STL_4_keep_weights/results_TA102_with_S9/artifacts/base/rf/scalers/rf_seed_8_skf_1_paras_148_estimator_500_depth_None_minSample_70_random_1_weight_balanced_scaler.joblib,8,1
rf_seed_8_skf_2_paras_148_estimator_500_depth_None_minSample_70_random_1_weight_balanced,rf,8_skf_2,120,14,14,4,0.816,0.734,0.222,0.896,0.222,0.896,0.222,0.118,/home/ubuntu/Desktop/DeepAmes_Full_STL_4_keep_weights/results_TA102_with_S9/artifacts/base/rf/estimators/rf_seed_8_skf_2_paras_148_estimator_500_depth_None_minSample_70_random_1_weight_balanced.joblib,"{""bootstrap"": true, ""class_weight"": ""balanced"", ""max_depth"": null, ""max_features"": ""log2"", ""min_samples_split"": 70, ""n_estimators"": 500, ""random_state"": 1}",rf,148,/home/ubuntu/Desktop/DeepAmes_Full_STL_4_keep_weights/results_TA102_with_S9/artifacts/base/rf/scalers/rf_seed_8_skf_2_paras_148_estimator_500_depth_None_minSample_70_random_1_weight_balanced_scaler.joblib,8,2
rf_seed_8_skf_3_paras_148_estimator_500_depth_None_minSample_70_random_1_weight_balanced,rf,8_skf_3,118,16,11,7,0.822,0.765,0.389,0.881,0.304,0.915,0.341,0.243,/home/ubuntu/Desktop/DeepAmes_Full_STL_4_keep_weights/results_TA102_with_S9/artifacts/base/rf/estimators/rf_seed_8_skf_3_paras_148_estimator_500_depth_None_minSample_70_random_1_weight_balanced.joblib,"{""bootstrap"": true, ""class_weight"": ""balanced"", ""max_depth"": null, ""max_features"": ""log2"", ""min_samples_split"": 70, ""n_estimators"": 500, ""random_state"": 1}",rf,148,/home/ubuntu/Desktop/DeepAmes_Full_STL_4_keep_weights/results_TA102_with_S9/artifacts/base/rf/scalers/rf_seed_8_skf_3_paras_148_estimator_500_depth_None_minSample_70_random_1_weight_balanced_scaler.joblib,8,3
rf_seed_8_skf_4_paras_148_estimator_500_depth_None_minSample_70_random_1_weight_balanced,rf,8_skf_4,119,15,14,4,0.809,0.733,0.222,0.888,0.211,0.895,0.216,0.108,/home/ubuntu/Desktop/DeepAmes_Full_STL_4_keep_weights/results_TA102_with_S9/artifacts/base/rf/estimators/rf_seed_8_skf_4_paras_148_estimator_500_depth_None_minSample_70_random_1_weight_balanced.joblib,"{""bootstrap"": true, ""class_weight"": ""balanced"", ""max_depth"": null, ""max_features"": ""log2"", ""min_samples_split"": 70, ""n_estimators"": 500, ""random_state"": 1}",rf,148,/home/ubuntu/Desktop/DeepAmes_Full_STL_4_keep_weights/results_TA102_with_S9/artifacts/base/rf/scalers/rf_seed_8_skf_4_paras_148_estimator_500_depth_None_minSample_70_random_1_weight_balanced_scaler.joblib,8,4
rf_seed_9_skf_0_paras_148_estimator_500_depth_None_minSample_70_random_1_weight_balanced,rf,9_skf_0,121,13,15,3,0.816,0.759,0.167,0.903,0.188,0.89,0.176,0.073,/home/ubuntu/Desktop/DeepAmes_Full_STL_4_keep_weights/results_TA102_with_S9/artifacts/base/rf/estimators/rf_seed_9_skf_0_paras_148_estimator_500_depth_None_minSample_70_random_1_weight_balanced.joblib,"{""bootstrap"": true, ""class_weight"": ""balanced"", ""max_depth"": null, ""max_features"": ""log2"", ""min_samples_split"": 70, ""n_estimators"": 500, ""random_state"": 1}",rf,148,/home/ubuntu/Desktop/DeepAmes_Full_STL_4_keep_weights/results_TA102_with_S9/artifacts/base/rf/scalers/rf_seed_9_skf_0_paras_148_estimator_500_depth_None_minSample_70_random_1_weight_balanced_scaler.joblib,9,0
rf_seed_9_skf_1_paras_148_estimator_500_depth_None_minSample_70_random_1_weight_balanced,rf,9_skf_1,117,17,14,4,0.796,0.728,0.222,0.873,0.19,0.893,0.205,0.089,/home/ubuntu/Desktop/DeepAmes_Full_STL_4_keep_weights/results_TA102_with_S9/artifacts/base/rf/estimators/rf_seed_9_skf_1_paras_148_estimator_500_depth_None_minSample_70_random_1_weight_balanced.joblib,"{""bootstrap"": true, ""class_weight"": ""balanced"", ""max_depth"": null, ""max_features"": ""log2"", ""min_samples_split"": 70, ""n_estimators"": 500, ""random_state"": 1}",rf,148,/home/ubuntu/Desktop/DeepAmes_Full_STL_4_keep_weights/results_TA102_with_S9/artifacts/base/rf/scalers/rf_seed_9_skf_1_paras_148_estimator_500_depth_None_minSample_70_random_1_weight_balanced_scaler.joblib,9,1
rf_seed_9_skf_2_paras_148_estimator_500_depth_None_minSample_70_random_1_weight_balanced,rf,9_skf_2,117,17,12,6,0.809,0.659,0.333,0.873,0.261,0.907,0.293,0.186,/home/ubuntu/Desktop/DeepAmes_Full_STL_4_keep_weights/results_TA102_with_S9/artifacts/base/rf/estimators/rf_seed_9_skf_2_paras_148_estimator_500_depth_None_minSample_70_random_1_weight_balanced.joblib,"{""bootstrap"": true, ""class_weight"": ""balanced"", ""max_depth"": null, ""max_features"": ""log2"", ""min_samples_split"": 70, ""n_estimators"": 500, ""random_state"": 1}",rf,148,/home/ubuntu/Desktop/DeepAmes_Full_STL_4_keep_weights/results_TA102_with_S9/artifacts/base/rf/scalers/rf_seed_9_skf_2_paras_148_estimator_500_depth_None_minSample_70_random_1_weight_balanced_scaler.joblib,9,2
rf_seed_9_skf_4_paras_148_estimator_500_depth_None_minSample_70_random_1_weight_balanced,rf,9_skf_4,119,15,14,4,0.809,0.727,0.222,0.888,0.211,0.895,0.216,0.108,/home/ubuntu/Desktop/DeepAmes_Full_STL_4_keep_weights/results_TA102_with_S9/artifacts/base/rf/estimators/rf_seed_9_skf_4_paras_148_estimator_500_depth_None_minSample_70_random_1_weight_balanced.joblib,"{""bootstrap"": true, ""class_weight"": ""balanced"", ""max_depth"": null, ""max_features"": ""log2"", ""min_samples_split"": 70, ""n_estimators"": 500, ""random_state"": 1}",rf,148,/home/ubuntu/Desktop/DeepAmes_Full_STL_4_keep_weights/results_TA102_with_S9/artifacts/base/rf/scalers/rf_seed_9_skf_4_paras_148_estimator_500_depth_None_minSample_70_random_1_weight_balanced_scaler.joblib,9,4
rf_seed_10_skf_0_paras_148_estimator_500_depth_None_minSample_70_random_1_weight_balanced,rf,10_skf_0,115,19,11,7,0.803,0.744,0.389,0.858,0.269,0.913,0.318,0.212,/home/ubuntu/Desktop/DeepAmes_Full_STL_4_keep_weights/results_TA102_with_S9/artifacts/base/rf/estimators/rf_seed_10_skf_0_paras_148_estimator_500_depth_None_minSample_70_random_1_weight_balanced.joblib,"{""bootstrap"": true, ""class_weight"": ""balanced"", ""max_depth"": null, ""max_features"": ""log2"", ""min_samples_split"": 70, ""n_estimators"": 500, ""random_state"": 1}",rf,148,/home/ubuntu/Desktop/DeepAmes_Full_STL_4_keep_weights/results_TA102_with_S9/artifacts/base/rf/scalers/rf_seed_10_skf_0_paras_148_estimator_500_depth_None_minSample_70_random_1_weight_balanced_scaler.joblib,10,0
rf_seed_10_skf_1_paras_148_estimator_500_depth_None_minSample_70_random_1_weight_balanced,rf,10_skf_1,120,14,14,4,0.816,0.728,0.222,0.896,0.222,0.896,0.222,0.118,/home/ubuntu/Desktop/DeepAmes_Full_STL_4_keep_weights/results_TA102_with_S9/artifacts/base/rf/estimators/rf_seed_10_skf_1_paras_148_estimator_500_depth_None_minSample_70_random_1_weight_balanced.joblib,"{""bootstrap"": true, ""class_weight"": ""balanced"", ""max_depth"": null, ""max_features"": ""log2"", ""min_samples_split"": 70, ""n_estimators"": 500, ""random_state"": 1}",rf,148,/home/ubuntu/Desktop/DeepAmes_Full_STL_4_keep_weights/results_TA102_with_S9/artifacts/base/rf/scalers/rf_seed_10_skf_1_paras_148_estimator_500_depth_None_minSample_70_random_1_weight_balanced_scaler.joblib,10,1
rf_seed_10_skf_3_paras_148_estimator_500_depth_None_minSample_70_random_1_weight_balanced,rf,10_skf_3,121,13,15,3,0.816,0.748,0.167,0.903,0.188,0.89,0.176,0.073,/home/ubuntu/Desktop/DeepAmes_Full_STL_4_keep_weights/results_TA102_with_S9/artifacts/base/rf/estimators/rf_seed_10_skf_3_paras_148_estimator_500_depth_None_minSample_70_random_1_weight_balanced.joblib,"{""bootstrap"": true, ""class_weight"": ""balanced"", ""max_depth"": null, ""max_features"": ""log2"", ""min_samples_split"": 70, ""n_estimators"": 500, ""random_state"": 1}",rf,148,/home/ubuntu/Desktop/DeepAmes_Full_STL_4_keep_weights/results_TA102_with_S9/artifacts/base/rf/scalers/rf_seed_10_skf_3_paras_148_estimator_500_depth_None_minSample_70_random_1_weight_balanced_scaler.joblib,10,3
rf_seed_10_skf_4_paras_148_estimator_500_depth_None_minSample_70_random_1_weight_balanced,rf,10_skf_4,124,10,13,5,0.849,0.745,0.278,0.925,0.333,0.905,0.303,0.22,/home/ubuntu/Desktop/DeepAmes_Full_STL_4_keep_weights/results_TA102_with_S9/artifacts/base/rf/estimators/rf_seed_10_skf_4_paras_148_estimator_500_depth_None_minSample_70_random_1_weight_balanced.joblib,"{""bootstrap"": true, ""class_weight"": ""balanced"", ""max_depth"": null, ""max_features"": ""log2"", ""min_samples_split"": 70, ""n_estimators"": 500, ""random_state"": 1}",rf,148,/home/ubuntu/Desktop/DeepAmes_Full_STL_4_keep_weights/results_TA102_with_S9/artifacts/base/rf/scalers/rf_seed_10_skf_4_paras_148_estimator_500_depth_None_minSample_70_random_1_weight_balanced_scaler.joblib,10,4
rf_seed_11_skf_0_paras_148_estimator_500_depth_None_minSample_70_random_1_weight_balanced,rf,11_skf_0,115,19,12,6,0.796,0.731,0.333,0.858,0.24,0.906,0.279,0.167,/home/ubuntu/Desktop/DeepAmes_Full_STL_4_keep_weights/results_TA102_with_S9/artifacts/base/rf/estimators/rf_seed_11_skf_0_paras_148_estimator_500_depth_None_minSample_70_random_1_weight_balanced.joblib,"{""bootstrap"": true, ""class_weight"": ""balanced"", ""max_depth"": null, ""max_features"": ""log2"", ""min_samples_split"": 70, ""n_estimators"": 500, ""random_state"": 1}",rf,148,/home/ubuntu/Desktop/DeepAmes_Full_STL_4_keep_weights/results_TA102_with_S9/artifacts/base/rf/scalers/rf_seed_11_skf_0_paras_148_estimator_500_depth_None_minSample_70_random_1_weight_balanced_scaler.joblib,11,0
rf_seed_11_skf_1_paras_148_estimator_500_depth_None_minSample_70_random_1_weight_balanced,rf,11_skf_1,115,19,12,6,0.796,0.706,0.333,0.858,0.24,0.906,0.279,0.167,/home/ubuntu/Desktop/DeepAmes_Full_STL_4_keep_weights/results_TA102_with_S9/artifacts/base/rf/estimators/rf_seed_11_skf_1_paras_148_estimator_500_depth_None_minSample_70_random_1_weight_balanced.joblib,"{""bootstrap"": true, ""class_weight"": ""balanced"", ""max_depth"": null, ""max_features"": ""log2"", ""min_samples_split"": 70, ""n_estimators"": 500, ""random_state"": 1}",rf,148,/home/ubuntu/Desktop/DeepAmes_Full_STL_4_keep_weights/results_TA102_with_S9/artifacts/base/rf/scalers/rf_seed_11_skf_1_paras_148_estimator_500_depth_None_minSample_70_random_1_weight_balanced_scaler.joblib,11,1
rf_seed_11_skf_2_paras_148_estimator_500_depth_None_minSample_70_random_1_weight_balanced,rf,11_skf_2,123,11,15,3,0.829,0.733,0.167,0.918,0.214,0.891,0.188,0.095,/home/ubuntu/Desktop/DeepAmes_Full_STL_4_keep_weights/results_TA102_with_S9/artifacts/base/rf/estimators/rf_seed_11_skf_2_paras_148_estimator_500_depth_None_minSample_70_random_1_weight_balanced.joblib,"{""bootstrap"": true, ""class_weight"": ""balanced"", ""max_depth"": null, ""max_features"": ""log2"", ""min_samples_split"": 70, ""n_estimators"": 500, ""random_state"": 1}",rf,148,/home/ubuntu/Desktop/DeepAmes_Full_STL_4_keep_weights/results_TA102_with_S9/artifacts/base/rf/scalers/rf_seed_11_skf_2_paras_148_estimator_500_depth_None_minSample_70_random_1_weight_balanced_scaler.joblib,11,2
rf_seed_11_skf_3_paras_148_estimator_500_depth_None_minSample_70_random_1_weight_balanced,rf,11_skf_3,120,14,13,5,0.822,0.734,0.278,0.896,0.263,0.902,0.27,0.169,/home/ubuntu/Desktop/DeepAmes_Full_STL_4_keep_weights/results_TA102_with_S9/artifacts/base/rf/estimators/rf_seed_11_skf_3_paras_148_estimator_500_depth_None_minSample_70_random_1_weight_balanced.joblib,"{""bootstrap"": true, ""class_weight"": ""balanced"", ""max_depth"": null, ""max_features"": ""log2"", ""min_samples_split"": 70, ""n_estimators"": 500, ""random_state"": 1}",rf,148,/home/ubuntu/Desktop/DeepAmes_Full_STL_4_keep_weights/results_TA102_with_S9/artifacts/base/rf/scalers/rf_seed_11_skf_3_paras_148_estimator_500_depth_None_minSample_70_random_1_weight_balanced_scaler.joblib,11,3
rf_seed_11_skf_4_paras_148_estimator_500_depth_None_minSample_70_random_1_weight_balanced,rf,11_skf_4,121,13,12,6,0.836,0.723,0.333,0.903,0.316,0.91,0.324,0.231,/home/ubuntu/Desktop/DeepAmes_Full_STL_4_keep_weights/results_TA102_with_S9/artifacts/base/rf/estimators/rf_seed_11_skf_4_paras_148_estimator_500_depth_None_minSample_70_random_1_weight_balanced.joblib,"{""bootstrap"": true, ""class_weight"": ""balanced"", ""max_depth"": null, ""max_features"": ""log2"", ""min_samples_split"": 70, ""n_estimators"": 500, ""random_state"": 1}",rf,148,/home/ubuntu/Desktop/DeepAmes_Full_STL_4_keep_weights/results_TA102_with_S9/artifacts/base/rf/scalers/rf_seed_11_skf_4_paras_148_estimator_500_depth_None_minSample_70_random_1_weight_balanced_scaler.joblib,11,4
rf_seed_12_skf_0_paras_148_estimator_500_depth_None_minSample_70_random_1_weight_balanced,rf,12_skf_0,117,17,14,4,0.796,0.675,0.222,0.873,0.19,0.893,0.205,0.089,/home/ubuntu/Desktop/DeepAmes_Full_STL_4_keep_weights/results_TA102_with_S9/artifacts/base/rf/estimators/rf_seed_12_skf_0_paras_148_estimator_500_depth_None_minSample_70_random_1_weight_balanced.joblib,"{""bootstrap"": true, ""class_weight"": ""balanced"", ""max_depth"": null, ""max_features"": ""log2"", ""min_samples_split"": 70, ""n_estimators"": 500, ""random_state"": 1}",rf,148,/home/ubuntu/Desktop/DeepAmes_Full_STL_4_keep_weights/results_TA102_with_S9/artifacts/base/rf/scalers/rf_seed_12_skf_0_paras_148_estimator_500_depth_None_minSample_70_random_1_weight_balanced_scaler.joblib,12,0
rf_seed_12_skf_1_paras_148_estimator_500_depth_None_minSample_70_random_1_weight_balanced,rf,12_skf_1,119,15,14,4,0.809,0.721,0.222,0.888,0.211,0.895,0.216,0.108,/home/ubuntu/Desktop/DeepAmes_Full_STL_4_keep_weights/results_TA102_with_S9/artifacts/base/rf/estimators/rf_seed_12_skf_1_paras_148_estimator_500_depth_None_minSample_70_random_1_weight_balanced.joblib,"{""bootstrap"": true, ""class_weight"": ""balanced"", ""max_depth"": null, ""max_features"": ""log2"", ""min_samples_split"": 70, ""n_estimators"": 500, ""random_state"": 1}",rf,148,/home/ubuntu/Desktop/DeepAmes_Full_STL_4_keep_weights/results_TA102_with_S9/artifacts/base/rf/scalers/rf_seed_12_skf_1_paras_148_estimator_500_depth_None_minSample_70_random_1_weight_balanced_scaler.joblib,12,1
rf_seed_12_skf_2_paras_148_estimator_500_depth_None_minSample_70_random_1_weight_balanced,rf,12_skf_2,118,16,11,7,0.822,0.723,0.389,0.881,0.304,0.915,0.341,0.243,/home/ubuntu/Desktop/DeepAmes_Full_STL_4_keep_weights/results_TA102_with_S9/artifacts/base/rf/estimators/rf_seed_12_skf_2_paras_148_estimator_500_depth_None_minSample_70_random_1_weight_balanced.joblib,"{""bootstrap"": true, ""class_weight"": ""balanced"", ""max_depth"": null, ""max_features"": ""log2"", ""min_samples_split"": 70, ""n_estimators"": 500, ""random_state"": 1}",rf,148,/home/ubuntu/Desktop/DeepAmes_Full_STL_4_keep_weights/results_TA102_with_S9/artifacts/base/rf/scalers/rf_seed_12_skf_2_paras_148_estimator_500_depth_None_minSample_70_random_1_weight_balanced_scaler.joblib,12,2
rf_seed_12_skf_4_paras_148_estimator_500_depth_None_minSample_70_random_1_weight_balanced,rf,12_skf_4,123,11,11,7,0.855,0.769,0.389,0.918,0.389,0.918,0.389,0.307,/home/ubuntu/Desktop/DeepAmes_Full_STL_4_keep_weights/results_TA102_with_S9/artifacts/base/rf/estimators/rf_seed_12_skf_4_paras_148_estimator_500_depth_None_minSample_70_random_1_weight_balanced.joblib,"{""bootstrap"": true, ""class_weight"": ""balanced"", ""max_depth"": null, ""max_features"": ""log2"", ""min_samples_split"": 70, ""n_estimators"": 500, ""random_state"": 1}",rf,148,/home/ubuntu/Desktop/DeepAmes_Full_STL_4_keep_weights/results_TA102_with_S9/artifacts/base/rf/scalers/rf_seed_12_skf_4_paras_148_estimator_500_depth_None_minSample_70_random_1_weight_balanced_scaler.joblib,12,4
rf_seed_13_skf_0_paras_148_estimator_500_depth_None_minSample_70_random_1_weight_balanced,rf,13_skf_0,119,15,14,4,0.809,0.702,0.222,0.888,0.211,0.895,0.216,0.108,/home/ubuntu/Desktop/DeepAmes_Full_STL_4_keep_weights/results_TA102_with_S9/artifacts/base/rf/estimators/rf_seed_13_skf_0_paras_148_estimator_500_depth_None_minSample_70_random_1_weight_balanced.joblib,"{""bootstrap"": true, ""class_weight"": ""balanced"", ""max_depth"": null, ""max_features"": ""log2"", ""min_samples_split"": 70, ""n_estimators"": 500, ""random_state"": 1}",rf,148,/home/ubuntu/Desktop/DeepAmes_Full_STL_4_keep_weights/results_TA102_with_S9/artifacts/base/rf/scalers/rf_seed_13_skf_0_paras_148_estimator_500_depth_None_minSample_70_random_1_weight_balanced_scaler.joblib,13,0
rf_seed_13_skf_1_paras_148_estimator_500_depth_None_minSample_70_random_1_weight_balanced,rf,13_skf_1,117,17,11,7,0.816,0.709,0.389,0.873,0.292,0.914,0.333,0.232,/home/ubuntu/Desktop/DeepAmes_Full_STL_4_keep_weights/results_TA102_with_S9/artifacts/base/rf/estimators/rf_seed_13_skf_1_paras_148_estimator_500_depth_None_minSample_70_random_1_weight_balanced.joblib,"{""bootstrap"": true, ""class_weight"": ""balanced"", ""max_depth"": null, ""max_features"": ""log2"", ""min_samples_split"": 70, ""n_estimators"": 500, ""random_state"": 1}",rf,148,/home/ubuntu/Desktop/DeepAmes_Full_STL_4_keep_weights/results_TA102_with_S9/artifacts/base/rf/scalers/rf_seed_13_skf_1_paras_148_estimator_500_depth_None_minSample_70_random_1_weight_balanced_scaler.joblib,13,1
rf_seed_13_skf_2_paras_148_estimator_500_depth_None_minSample_70_random_1_weight_balanced,rf,13_skf_2,116,18,11,7,0.809,0.714,0.389,0.866,0.28,0.913,0.326,0.222,/home/ubuntu/Desktop/DeepAmes_Full_STL_4_keep_weights/results_TA102_with_S9/artifacts/base/rf/estimators/rf_seed_13_skf_2_paras_148_estimator_500_depth_None_minSample_70_random_1_weight_balanced.joblib,"{""bootstrap"": true, ""class_weight"": ""balanced"", ""max_depth"": null, ""max_features"": ""log2"", ""min_samples_split"": 70, ""n_estimators"": 500, ""random_state"": 1}",rf,148,/home/ubuntu/Desktop/DeepAmes_Full_STL_4_keep_weights/results_TA102_with_S9/artifacts/base/rf/scalers/rf_seed_13_skf_2_paras_148_estimator_500_depth_None_minSample_70_random_1_weight_balanced_scaler.joblib,13,2
rf_seed_13_skf_3_paras_148_estimator_500_depth_None_minSample_70_random_1_weight_balanced,rf,13_skf_3,122,12,15,3,0.822,0.731,0.167,0.91,0.2,0.891,0.182,0.084,/home/ubuntu/Desktop/DeepAmes_Full_STL_4_keep_weights/results_TA102_with_S9/artifacts/base/rf/estimators/rf_seed_13_skf_3_paras_148_estimator_500_depth_None_minSample_70_random_1_weight_balanced.joblib,"{""bootstrap"": true, ""class_weight"": ""balanced"", ""max_depth"": null, ""max_features"": ""log2"", ""min_samples_split"": 70, ""n_estimators"": 500, ""random_state"": 1}",rf,148,/home/ubuntu/Desktop/DeepAmes_Full_STL_4_keep_weights/results_TA102_with_S9/artifacts/base/rf/scalers/rf_seed_13_skf_3_paras_148_estimator_500_depth_None_minSample_70_random_1_weight_balanced_scaler.joblib,13,3
rf_seed_13_skf_4_paras_148_estimator_500_depth_None_minSample_70_random_1_weight_balanced,rf,13_skf_4,123,11,14,4,0.836,0.75,0.222,0.918,0.267,0.898,0.242,0.152,/home/ubuntu/Desktop/DeepAmes_Full_STL_4_keep_weights/results_TA102_with_S9/artifacts/base/rf/estimators/rf_seed_13_skf_4_paras_148_estimator_500_depth_None_minSample_70_random_1_weight_balanced.joblib,"{""bootstrap"": true, ""class_weight"": ""balanced"", ""max_depth"": null, ""max_features"": ""log2"", ""min_samples_split"": 70, ""n_estimators"": 500, ""random_state"": 1}",rf,148,/home/ubuntu/Desktop/DeepAmes_Full_STL_4_keep_weights/results_TA102_with_S9/artifacts/base/rf/scalers/rf_seed_13_skf_4_paras_148_estimator_500_depth_None_minSample_70_random_1_weight_balanced_scaler.joblib,13,4
rf_seed_14_skf_0_paras_148_estimator_500_depth_None_minSample_70_random_1_weight_balanced,rf,14_skf_0,120,14,12,6,0.829,0.724,0.333,0.896,0.3,0.909,0.316,0.219,/home/ubuntu/Desktop/DeepAmes_Full_STL_4_keep_weights/results_TA102_with_S9/artifacts/base/rf/estimators/rf_seed_14_skf_0_paras_148_estimator_500_depth_None_minSample_70_random_1_weight_balanced.joblib,"{""bootstrap"": true, ""class_weight"": ""balanced"", ""max_depth"": null, ""max_features"": ""log2"", ""min_samples_split"": 70, ""n_estimators"": 500, ""random_state"": 1}",rf,148,/home/ubuntu/Desktop/DeepAmes_Full_STL_4_keep_weights/results_TA102_with_S9/artifacts/base/rf/scalers/rf_seed_14_skf_0_paras_148_estimator_500_depth_None_minSample_70_random_1_weight_balanced_scaler.joblib,14,0
rf_seed_14_skf_1_paras_148_estimator_500_depth_None_minSample_70_random_1_weight_balanced,rf,14_skf_1,116,18,13,5,0.796,0.688,0.278,0.866,0.217,0.899,0.244,0.129,/home/ubuntu/Desktop/DeepAmes_Full_STL_4_keep_weights/results_TA102_with_S9/artifacts/base/rf/estimators/rf_seed_14_skf_1_paras_148_estimator_500_depth_None_minSample_70_random_1_weight_balanced.joblib,"{""bootstrap"": true, ""class_weight"": ""balanced"", ""max_depth"": null, ""max_features"": ""log2"", ""min_samples_split"": 70, ""n_estimators"": 500, ""random_state"": 1}",rf,148,/home/ubuntu/Desktop/DeepAmes_Full_STL_4_keep_weights/results_TA102_with_S9/artifacts/base/rf/scalers/rf_seed_14_skf_1_paras_148_estimator_500_depth_None_minSample_70_random_1_weight_balanced_scaler.joblib,14,1
rf_seed_14_skf_2_paras_148_estimator_500_depth_None_minSample_70_random_1_weight_balanced,rf,14_skf_2,119,15,12,6,0.822,0.713,0.333,0.888,0.286,0.908,0.308,0.207,/home/ubuntu/Desktop/DeepAmes_Full_STL_4_keep_weights/results_TA102_with_S9/artifacts/base/rf/estimators/rf_seed_14_skf_2_paras_148_estimator_500_depth_None_minSample_70_random_1_weight_balanced.joblib,"{""bootstrap"": true, ""class_weight"": ""balanced"", ""max_depth"": null, ""max_features"": ""log2"", ""min_samples_split"": 70, ""n_estimators"": 500, ""random_state"": 1}",rf,148,/home/ubuntu/Desktop/DeepAmes_Full_STL_4_keep_weights/results_TA102_with_S9/artifacts/base/rf/scalers/rf_seed_14_skf_2_paras_148_estimator_500_depth_None_minSample_70_random_1_weight_balanced_scaler.joblib,14,2
rf_seed_14_skf_3_paras_148_estimator_500_depth_None_minSample_70_random_1_weight_balanced,rf,14_skf_3,121,13,14,4,0.822,0.7,0.222,0.903,0.235,0.896,0.229,0.128,/home/ubuntu/Desktop/DeepAmes_Full_STL_4_keep_weights/results_TA102_with_S9/artifacts/base/rf/estimators/rf_seed_14_skf_3_paras_148_estimator_500_depth_None_minSample_70_random_1_weight_balanced.joblib,"{""bootstrap"": true, ""class_weight"": ""balanced"", ""max_depth"": null, ""max_features"": ""log2"", ""min_samples_split"": 70, ""n_estimators"": 500, ""random_state"": 1}",rf,148,/home/ubuntu/Desktop/DeepAmes_Full_STL_4_keep_weights/results_TA102_with_S9/artifacts/base/rf/scalers/rf_seed_14_skf_3_paras_148_estimator_500_depth_None_minSample_70_random_1_weight_balanced_scaler.joblib,14,3
rf_seed_14_skf_4_paras_148_estimator_500_depth_None_minSample_70_random_1_weight_balanced,rf,14_skf_4,123,11,14,4,0.836,0.757,0.222,0.918,0.267,0.898,0.242,0.152,/home/ubuntu/Desktop/DeepAmes_Full_STL_4_keep_weights/results_TA102_with_S9/artifacts/base/rf/estimators/rf_seed_14_skf_4_paras_148_estimator_500_depth_None_minSample_70_random_1_weight_balanced.joblib,"{""bootstrap"": true, ""class_weight"": ""balanced"", ""max_depth"": null, ""max_features"": ""log2"", ""min_samples_split"": 70, ""n_estimators"": 500, ""random_state"": 1}",rf,148,/home/ubuntu/Desktop/DeepAmes_Full_STL_4_keep_weights/results_TA102_with_S9/artifacts/base/rf/scalers/rf_seed_14_skf_4_paras_148_estimator_500_depth_None_minSample_70_random_1_weight_balanced_scaler.joblib,14,4
rf_seed_15_skf_0_paras_148_estimator_500_depth_None_minSample_70_random_1_weight_balanced,rf,15_skf_0,117,17,13,5,0.803,0.728,0.278,0.873,0.227,0.9,0.25,0.139,/home/ubuntu/Desktop/DeepAmes_Full_STL_4_keep_weights/results_TA102_with_S9/artifacts/base/rf/estimators/rf_seed_15_skf_0_paras_148_estimator_500_depth_None_minSample_70_random_1_weight_balanced.joblib,"{""bootstrap"": true, ""class_weight"": ""balanced"", ""max_depth"": null, ""max_features"": ""log2"", ""min_samples_split"": 70, ""n_estimators"": 500, ""random_state"": 1}",rf,148,/home/ubuntu/Desktop/DeepAmes_Full_STL_4_keep_weights/results_TA102_with_S9/artifacts/base/rf/scalers/rf_seed_15_skf_0_paras_148_estimator_500_depth_None_minSample_70_random_1_weight_balanced_scaler.joblib,15,0
rf_seed_15_skf_1_paras_148_estimator_500_depth_None_minSample_70_random_1_weight_balanced,rf,15_skf_1,118,16,14,4,0.803,0.727,0.222,0.881,0.2,0.894,0.211,0.098,/home/ubuntu/Desktop/DeepAmes_Full_STL_4_keep_weights/results_TA102_with_S9/artifacts/base/rf/estimators/rf_seed_15_skf_1_paras_148_estimator_500_depth_None_minSample_70_random_1_weight_balanced.joblib,"{""bootstrap"": true, ""class_weight"": ""balanced"", ""max_depth"": null, ""max_features"": ""log2"", ""min_samples_split"": 70, ""n_estimators"": 500, ""random_state"": 1}",rf,148,/home/ubuntu/Desktop/DeepAmes_Full_STL_4_keep_weights/results_TA102_with_S9/artifacts/base/rf/scalers/rf_seed_15_skf_1_paras_148_estimator_500_depth_None_minSample_70_random_1_weight_balanced_scaler.joblib,15,1
rf_seed_15_skf_2_paras_148_estimator_500_depth_None_minSample_70_random_1_weight_balanced,rf,15_skf_2,125,9,14,4,0.849,0.755,0.222,0.933,0.308,0.899,0.258,0.179,/home/ubuntu/Desktop/DeepAmes_Full_STL_4_keep_weights/results_TA102_with_S9/artifacts/base/rf/estimators/rf_seed_15_skf_2_paras_148_estimator_500_depth_None_minSample_70_random_1_weight_balanced.joblib,"{""bootstrap"": true, ""class_weight"": ""balanced"", ""max_depth"": null, ""max_features"": ""log2"", ""min_samples_split"": 70, ""n_estimators"": 500, ""random_state"": 1}",rf,148,/home/ubuntu/Desktop/DeepAmes_Full_STL_4_keep_weights/results_TA102_with_S9/artifacts/base/rf/scalers/rf_seed_15_skf_2_paras_148_estimator_500_depth_None_minSample_70_random_1_weight_balanced_scaler.joblib,15,2
rf_seed_15_skf_3_paras_148_estimator_500_depth_None_minSample_70_random_1_weight_balanced,rf,15_skf_3,117,17,14,4,0.796,0.687,0.222,0.873,0.19,0.893,0.205,0.089,/home/ubuntu/Desktop/DeepAmes_Full_STL_4_keep_weights/results_TA102_with_S9/artifacts/base/rf/estimators/rf_seed_15_skf_3_paras_148_estimator_500_depth_None_minSample_70_random_1_weight_balanced.joblib,"{""bootstrap"": true, ""class_weight"": ""balanced"", ""max_depth"": null, ""max_features"": ""log2"", ""min_samples_split"": 70, ""n_estimators"": 500, ""random_state"": 1}",rf,148,/home/ubuntu/Desktop/DeepAmes_Full_STL_4_keep_weights/results_TA102_with_S9/artifacts/base/rf/scalers/rf_seed_15_skf_3_paras_148_estimator_500_depth_None_minSample_70_random_1_weight_balanced_scaler.joblib,15,3
rf_seed_15_skf_4_paras_148_estimator_500_depth_None_minSample_70_random_1_weight_balanced,rf,15_skf_4,122,12,12,6,0.842,0.72,0.333,0.91,0.333,0.91,0.333,0.244,/home/ubuntu/Desktop/DeepAmes_Full_STL_4_keep_weights/results_TA102_with_S9/artifacts/base/rf/estimators/rf_seed_15_skf_4_paras_148_estimator_500_depth_None_minSample_70_random_1_weight_balanced.joblib,"{""bootstrap"": true, ""class_weight"": ""balanced"", ""max_depth"": null, ""max_features"": ""log2"", ""min_samples_split"": 70, ""n_estimators"": 500, ""random_state"": 1}",rf,148,/home/ubuntu/Desktop/DeepAmes_Full_STL_4_keep_weights/results_TA102_with_S9/artifacts/base/rf/scalers/rf_seed_15_skf_4_paras_148_estimator_500_depth_None_minSample_70_random_1_weight_balanced_scaler.joblib,15,4
rf_seed_16_skf_0_paras_148_estimator_500_depth_None_minSample_70_random_1_weight_balanced,rf,16_skf_0,120,14,14,4,0.816,0.723,0.222,0.896,0.222,0.896,0.222,0.118,/home/ubuntu/Desktop/DeepAmes_Full_STL_4_keep_weights/results_TA102_with_S9/artifacts/base/rf/estimators/rf_seed_16_skf_0_paras_148_estimator_500_depth_None_minSample_70_random_1_weight_balanced.joblib,"{""bootstrap"": true, ""class_weight"": ""balanced"", ""max_depth"": null, ""max_features"": ""log2"", ""min_samples_split"": 70, ""n_estimators"": 500, ""random_state"": 1}",rf,148,/home/ubuntu/Desktop/DeepAmes_Full_STL_4_keep_weights/results_TA102_with_S9/artifacts/base/rf/scalers/rf_seed_16_skf_0_paras_148_estimator_500_depth_None_minSample_70_random_1_weight_balanced_scaler.joblib,16,0
rf_seed_16_skf_1_paras_148_estimator_500_depth_None_minSample_70_random_1_weight_balanced,rf,16_skf_1,116,18,11,7,0.809,0.713,0.389,0.866,0.28,0.913,0.326,0.222,/home/ubuntu/Desktop/DeepAmes_Full_STL_4_keep_weights/results_TA102_with_S9/artifacts/base/rf/estimators/rf_seed_16_skf_1_paras_148_estimator_500_depth_None_minSample_70_random_1_weight_balanced.joblib,"{""bootstrap"": true, ""class_weight"": ""balanced"", ""max_depth"": null, ""max_features"": ""log2"", ""min_samples_split"": 70, ""n_estimators"": 500, ""random_state"": 1}",rf,148,/home/ubuntu/Desktop/DeepAmes_Full_STL_4_keep_weights/results_TA102_with_S9/artifacts/base/rf/scalers/rf_seed_16_skf_1_paras_148_estimator_500_depth_None_minSample_70_random_1_weight_balanced_scaler.joblib,16,1
rf_seed_16_skf_3_paras_148_estimator_500_depth_None_minSample_70_random_1_weight_balanced,rf,16_skf_3,118,16,14,4,0.803,0.694,0.222,0.881,0.2,0.894,0.211,0.098,/home/ubuntu/Desktop/DeepAmes_Full_STL_4_keep_weights/results_TA102_with_S9/artifacts/base/rf/estimators/rf_seed_16_skf_3_paras_148_estimator_500_depth_None_minSample_70_random_1_weight_balanced.joblib,"{""bootstrap"": true, ""class_weight"": ""balanced"", ""max_depth"": null, ""max_features"": ""log2"", ""min_samples_split"": 70, ""n_estimators"": 500, ""random_state"": 1}",rf,148,/home/ubuntu/Desktop/DeepAmes_Full_STL_4_keep_weights/results_TA102_with_S9/artifacts/base/rf/scalers/rf_seed_16_skf_3_paras_148_estimator_500_depth_None_minSample_70_random_1_weight_balanced_scaler.joblib,16,3
rf_seed_16_skf_4_paras_148_estimator_500_depth_None_minSample_70_random_1_weight_balanced,rf,16_skf_4,121,13,12,6,0.836,0.756,0.333,0.903,0.316,0.91,0.324,0.231,/home/ubuntu/Desktop/DeepAmes_Full_STL_4_keep_weights/results_TA102_with_S9/artifacts/base/rf/estimators/rf_seed_16_skf_4_paras_148_estimator_500_depth_None_minSample_70_random_1_weight_balanced.joblib,"{""bootstrap"": true, ""class_weight"": ""balanced"", ""max_depth"": null, ""max_features"": ""log2"", ""min_samples_split"": 70, ""n_estimators"": 500, ""random_state"": 1}",rf,148,/home/ubuntu/Desktop/DeepAmes_Full_STL_4_keep_weights/results_TA102_with_S9/artifacts/base/rf/scalers/rf_seed_16_skf_4_paras_148_estimator_500_depth_None_minSample_70_random_1_weight_balanced_scaler.joblib,16,4
rf_seed_17_skf_0_paras_148_estimator_500_depth_None_minSample_70_random_1_weight_balanced,rf,17_skf_0,117,17,14,4,0.796,0.72,0.222,0.873,0.19,0.893,0.205,0.089,/home/ubuntu/Desktop/DeepAmes_Full_STL_4_keep_weights/results_TA102_with_S9/artifacts/base/rf/estimators/rf_seed_17_skf_0_paras_148_estimator_500_depth_None_minSample_70_random_1_weight_balanced.joblib,"{""bootstrap"": true, ""class_weight"": ""balanced"", ""max_depth"": null, ""max_features"": ""log2"", ""min_samples_split"": 70, ""n_estimators"": 500, ""random_state"": 1}",rf,148,/home/ubuntu/Desktop/DeepAmes_Full_STL_4_keep_weights/results_TA102_with_S9/artifacts/base/rf/scalers/rf_seed_17_skf_0_paras_148_estimator_500_depth_None_minSample_70_random_1_weight_balanced_scaler.joblib,17,0
rf_seed_17_skf_1_paras_148_estimator_500_depth_None_minSample_70_random_1_weight_balanced,rf,17_skf_1,118,16,12,6,0.816,0.747,0.333,0.881,0.273,0.908,0.3,0.196,/home/ubuntu/Desktop/DeepAmes_Full_STL_4_keep_weights/results_TA102_with_S9/artifacts/base/rf/estimators/rf_seed_17_skf_1_paras_148_estimator_500_depth_None_minSample_70_random_1_weight_balanced.joblib,"{""bootstrap"": true, ""class_weight"": ""balanced"", ""max_depth"": null, ""max_features"": ""log2"", ""min_samples_split"": 70, ""n_estimators"": 500, ""random_state"": 1}",rf,148,/home/ubuntu/Desktop/DeepAmes_Full_STL_4_keep_weights/results_TA102_with_S9/artifacts/base/rf/scalers/rf_seed_17_skf_1_paras_148_estimator_500_depth_None_minSample_70_random_1_weight_balanced_scaler.joblib,17,1
rf_seed_17_skf_3_paras_148_estimator_500_depth_None_minSample_70_random_1_weight_balanced,rf,17_skf_3,120,14,11,7,0.836,0.711,0.389,0.896,0.333,0.916,0.359,0.266,/home/ubuntu/Desktop/DeepAmes_Full_STL_4_keep_weights/results_TA102_with_S9/artifacts/base/rf/estimators/rf_seed_17_skf_3_paras_148_estimator_500_depth_None_minSample_70_random_1_weight_balanced.joblib,"{""bootstrap"": true, ""class_weight"": ""balanced"", ""max_depth"": null, ""max_features"": ""log2"", ""min_samples_split"": 70, ""n_estimators"": 500, ""random_state"": 1}",rf,148,/home/ubuntu/Desktop/DeepAmes_Full_STL_4_keep_weights/results_TA102_with_S9/artifacts/base/rf/scalers/rf_seed_17_skf_3_paras_148_estimator_500_depth_None_minSample_70_random_1_weight_balanced_scaler.joblib,17,3
rf_seed_17_skf_4_paras_148_estimator_500_depth_None_minSample_70_random_1_weight_balanced,rf,17_skf_4,124,10,13,5,0.849,0.727,0.278,0.925,0.333,0.905,0.303,0.22,/home/ubuntu/Desktop/DeepAmes_Full_STL_4_keep_weights/results_TA102_with_S9/artifacts/base/rf/estimators/rf_seed_17_skf_4_paras_148_estimator_500_depth_None_minSample_70_random_1_weight_balanced.joblib,"{""bootstrap"": true, ""class_weight"": ""balanced"", ""max_depth"": null, ""max_features"": ""log2"", ""min_samples_split"": 70, ""n_estimators"": 500, ""random_state"": 1}",rf,148,/home/ubuntu/Desktop/DeepAmes_Full_STL_4_keep_weights/results_TA102_with_S9/artifacts/base/rf/scalers/rf_seed_17_skf_4_paras_148_estimator_500_depth_None_minSample_70_random_1_weight_balanced_scaler.joblib,17,4
rf_seed_18_skf_0_paras_148_estimator_500_depth_None_minSample_70_random_1_weight_balanced,rf,18_skf_0,115,19,11,7,0.803,0.738,0.389,0.858,0.269,0.913,0.318,0.212,/home/ubuntu/Desktop/DeepAmes_Full_STL_4_keep_weights/results_TA102_with_S9/artifacts/base/rf/estimators/rf_seed_18_skf_0_paras_148_estimator_500_depth_None_minSample_70_random_1_weight_balanced.joblib,"{""bootstrap"": true, ""class_weight"": ""balanced"", ""max_depth"": null, ""max_features"": ""log2"", ""min_samples_split"": 70, ""n_estimators"": 500, ""random_state"": 1}",rf,148,/home/ubuntu/Desktop/DeepAmes_Full_STL_4_keep_weights/results_TA102_with_S9/artifacts/base/rf/scalers/rf_seed_18_skf_0_paras_148_estimator_500_depth_None_minSample_70_random_1_weight_balanced_scaler.joblib,18,0
rf_seed_18_skf_1_paras_148_estimator_500_depth_None_minSample_70_random_1_weight_balanced,rf,18_skf_1,116,18,14,4,0.789,0.659,0.222,0.866,0.182,0.892,0.2,0.081,/home/ubuntu/Desktop/DeepAmes_Full_STL_4_keep_weights/results_TA102_with_S9/artifacts/base/rf/estimators/rf_seed_18_skf_1_paras_148_estimator_500_depth_None_minSample_70_random_1_weight_balanced.joblib,"{""bootstrap"": true, ""class_weight"": ""balanced"", ""max_depth"": null, ""max_features"": ""log2"", ""min_samples_split"": 70, ""n_estimators"": 500, ""random_state"": 1}",rf,148,/home/ubuntu/Desktop/DeepAmes_Full_STL_4_keep_weights/results_TA102_with_S9/artifacts/base/rf/scalers/rf_seed_18_skf_1_paras_148_estimator_500_depth_None_minSample_70_random_1_weight_balanced_scaler.joblib,18,1
rf_seed_18_skf_2_paras_148_estimator_500_depth_None_minSample_70_random_1_weight_balanced,rf,18_skf_2,117,17,13,5,0.803,0.672,0.278,0.873,0.227,0.9,0.25,0.139,/home/ubuntu/Desktop/DeepAmes_Full_STL_4_keep_weights/results_TA102_with_S9/artifacts/base/rf/estimators/rf_seed_18_skf_2_paras_148_estimator_500_depth_None_minSample_70_random_1_weight_balanced.joblib,"{""bootstrap"": true, ""class_weight"": ""balanced"", ""max_depth"": null, ""max_features"": ""log2"", ""min_samples_split"": 70, ""n_estimators"": 500, ""random_state"": 1}",rf,148,/home/ubuntu/Desktop/DeepAmes_Full_STL_4_keep_weights/results_TA102_with_S9/artifacts/base/rf/scalers/rf_seed_18_skf_2_paras_148_estimator_500_depth_None_minSample_70_random_1_weight_balanced_scaler.joblib,18,2
rf_seed_18_skf_3_paras_148_estimator_500_depth_None_minSample_70_random_1_weight_balanced,rf,18_skf_3,120,14,10,8,0.842,0.764,0.444,0.896,0.364,0.923,0.4,0.312,/home/ubuntu/Desktop/DeepAmes_Full_STL_4_keep_weights/results_TA102_with_S9/artifacts/base/rf/estimators/rf_seed_18_skf_3_paras_148_estimator_500_depth_None_minSample_70_random_1_weight_balanced.joblib,"{""bootstrap"": true, ""class_weight"": ""balanced"", ""max_depth"": null, ""max_features"": ""log2"", ""min_samples_split"": 70, ""n_estimators"": 500, ""random_state"": 1}",rf,148,/home/ubuntu/Desktop/DeepAmes_Full_STL_4_keep_weights/results_TA102_with_S9/artifacts/base/rf/scalers/rf_seed_18_skf_3_paras_148_estimator_500_depth_None_minSample_70_random_1_weight_balanced_scaler.joblib,18,3
rf_seed_18_skf_4_paras_148_estimator_500_depth_None_minSample_70_random_1_weight_balanced,rf,18_skf_4,120,14,11,7,0.836,0.753,0.389,0.896,0.333,0.916,0.359,0.266,/home/ubuntu/Desktop/DeepAmes_Full_STL_4_keep_weights/results_TA102_with_S9/artifacts/base/rf/estimators/rf_seed_18_skf_4_paras_148_estimator_500_depth_None_minSample_70_random_1_weight_balanced.joblib,"{""bootstrap"": true, ""class_weight"": ""balanced"", ""max_depth"": null, ""max_features"": ""log2"", ""min_samples_split"": 70, ""n_estimators"": 500, ""random_state"": 1}",rf,148,/home/ubuntu/Desktop/DeepAmes_Full_STL_4_keep_weights/results_TA102_with_S9/artifacts/base/rf/scalers/rf_seed_18_skf_4_paras_148_estimator_500_depth_None_minSample_70_random_1_weight_balanced_scaler.joblib,18,4
rf_seed_19_skf_0_paras_148_estimator_500_depth_None_minSample_70_random_1_weight_balanced,rf,19_skf_0,114,20,11,7,0.796,0.686,0.389,0.851,0.259,0.912,0.311,0.203,/home/ubuntu/Desktop/DeepAmes_Full_STL_4_keep_weights/results_TA102_with_S9/artifacts/base/rf/estimators/rf_seed_19_skf_0_paras_148_estimator_500_depth_None_minSample_70_random_1_weight_balanced.joblib,"{""bootstrap"": true, ""class_weight"": ""balanced"", ""max_depth"": null, ""max_features"": ""log2"", ""min_samples_split"": 70, ""n_estimators"": 500, ""random_state"": 1}",rf,148,/home/ubuntu/Desktop/DeepAmes_Full_STL_4_keep_weights/results_TA102_with_S9/artifacts/base/rf/scalers/rf_seed_19_skf_0_paras_148_estimator_500_depth_None_minSample_70_random_1_weight_balanced_scaler.joblib,19,0
rf_seed_19_skf_1_paras_148_estimator_500_depth_None_minSample_70_random_1_weight_balanced,rf,19_skf_1,120,14,14,4,0.816,0.715,0.222,0.896,0.222,0.896,0.222,0.118,/home/ubuntu/Desktop/DeepAmes_Full_STL_4_keep_weights/results_TA102_with_S9/artifacts/base/rf/estimators/rf_seed_19_skf_1_paras_148_estimator_500_depth_None_minSample_70_random_1_weight_balanced.joblib,"{""bootstrap"": true, ""class_weight"": ""balanced"", ""max_depth"": null, ""max_features"": ""log2"", ""min_samples_split"": 70, ""n_estimators"": 500, ""random_state"": 1}",rf,148,/home/ubuntu/Desktop/DeepAmes_Full_STL_4_keep_weights/results_TA102_with_S9/artifacts/base/rf/scalers/rf_seed_19_skf_1_paras_148_estimator_500_depth_None_minSample_70_random_1_weight_balanced_scaler.joblib,19,1
rf_seed_19_skf_3_paras_148_estimator_500_depth_None_minSample_70_random_1_weight_balanced,rf,19_skf_3,114,20,14,4,0.776,0.698,0.222,0.851,0.167,0.891,0.19,0.065,/home/ubuntu/Desktop/DeepAmes_Full_STL_4_keep_weights/results_TA102_with_S9/artifacts/base/rf/estimators/rf_seed_19_skf_3_paras_148_estimator_500_depth_None_minSample_70_random_1_weight_balanced.joblib,"{""bootstrap"": true, ""class_weight"": ""balanced"", ""max_depth"": null, ""max_features"": ""log2"", ""min_samples_split"": 70, ""n_estimators"": 500, ""random_state"": 1}",rf,148,/home/ubuntu/Desktop/DeepAmes_Full_STL_4_keep_weights/results_TA102_with_S9/artifacts/base/rf/scalers/rf_seed_19_skf_3_paras_148_estimator_500_depth_None_minSample_70_random_1_weight_balanced_scaler.joblib,19,3
rf_seed_19_skf_4_paras_148_estimator_500_depth_None_minSample_70_random_1_weight_balanced,rf,19_skf_4,122,12,11,7,0.849,0.772,0.389,0.91,0.368,0.917,0.378,0.292,/home/ubuntu/Desktop/DeepAmes_Full_STL_4_keep_weights/results_TA102_with_S9/artifacts/base/rf/estimators/rf_seed_19_skf_4_paras_148_estimator_500_depth_None_minSample_70_random_1_weight_balanced.joblib,"{""bootstrap"": true, ""class_weight"": ""balanced"", ""max_depth"": null, ""max_features"": ""log2"", ""min_samples_split"": 70, ""n_estimators"": 500, ""random_state"": 1}",rf,148,/home/ubuntu/Desktop/DeepAmes_Full_STL_4_keep_weights/results_TA102_with_S9/artifacts/base/rf/scalers/rf_seed_19_skf_4_paras_148_estimator_500_depth_None_minSample_70_random_1_weight_balanced_scaler.joblib,19,4
svm_seed_0_skf_0_paras_19_kernel_rbf_C_1_gamma_1,svm,0_skf_0,133,1,17,1,0.882,0.849,0.056,0.993,0.5,0.887,0.1,0.136,/home/ubuntu/Desktop/DeepAmes_Full_STL_4_keep_weights/results_TA102_with_S9/artifacts/base/svm/estimators/svm_seed_0_skf_0_paras_19_kernel_rbf_C_1_gamma_1.joblib,"{""C"": 1, ""class_weight"": ""balanced"", ""gamma"": 1, ""kernel"": ""rbf"", ""probability"": true, ""random_state"": 1}",svm,19,/home/ubuntu/Desktop/DeepAmes_Full_STL_4_keep_weights/results_TA102_with_S9/artifacts/base/svm/scalers/svm_seed_0_skf_0_paras_19_kernel_rbf_C_1_gamma_1_scaler.joblib,0,0
svm_seed_0_skf_1_paras_19_kernel_rbf_C_1_gamma_1,svm,0_skf_1,131,3,15,3,0.882,0.846,0.167,0.978,0.5,0.897,0.25,0.239,/home/ubuntu/Desktop/DeepAmes_Full_STL_4_keep_weights/results_TA102_with_S9/artifacts/base/svm/estimators/svm_seed_0_skf_1_paras_19_kernel_rbf_C_1_gamma_1.joblib,"{""C"": 1, ""class_weight"": ""balanced"", ""gamma"": 1, ""kernel"": ""rbf"", ""probability"": true, ""random_state"": 1}",svm,19,/home/ubuntu/Desktop/DeepAmes_Full_STL_4_keep_weights/results_TA102_with_S9/artifacts/base/svm/scalers/svm_seed_0_skf_1_paras_19_kernel_rbf_C_1_gamma_1_scaler.joblib,0,1
svm_seed_0_skf_2_paras_19_kernel_rbf_C_1_gamma_1,svm,0_skf_2,131,3,15,3,0.882,0.833,0.167,0.978,0.5,0.897,0.25,0.239,/home/ubuntu/Desktop/DeepAmes_Full_STL_4_keep_weights/results_TA102_with_S9/artifacts/base/svm/estimators/svm_seed_0_skf_2_paras_19_kernel_rbf_C_1_gamma_1.joblib,"{""C"": 1, ""class_weight"": ""balanced"", ""gamma"": 1, ""kernel"": ""rbf"", ""probability"": true, ""random_state"": 1}",svm,19,/home/ubuntu/Desktop/DeepAmes_Full_STL_4_keep_weights/results_TA102_with_S9/artifacts/base/svm/scalers/svm_seed_0_skf_2_paras_19_kernel_rbf_C_1_gamma_1_scaler.joblib,0,2
svm_seed_0_skf_3_paras_19_kernel_rbf_C_1_gamma_1,svm,0_skf_3,131,3,15,3,0.882,0.781,0.167,0.978,0.5,0.897,0.25,0.239,/home/ubuntu/Desktop/DeepAmes_Full_STL_4_keep_weights/results_TA102_with_S9/artifacts/base/svm/estimators/svm_seed_0_skf_3_paras_19_kernel_rbf_C_1_gamma_1.joblib,"{""C"": 1, ""class_weight"": ""balanced"", ""gamma"": 1, ""kernel"": ""rbf"", ""probability"": true, ""random_state"": 1}",svm,19,/home/ubuntu/Desktop/DeepAmes_Full_STL_4_keep_weights/results_TA102_with_S9/artifacts/base/svm/scalers/svm_seed_0_skf_3_paras_19_kernel_rbf_C_1_gamma_1_scaler.joblib,0,3
svm_seed_1_skf_0_paras_19_kernel_rbf_C_1_gamma_1,svm,1_skf_0,132,2,16,2,0.882,0.784,0.111,0.985,0.5,0.892,0.182,0.194,/home/ubuntu/Desktop/DeepAmes_Full_STL_4_keep_weights/results_TA102_with_S9/artifacts/base/svm/estimators/svm_seed_1_skf_0_paras_19_kernel_rbf_C_1_gamma_1.joblib,"{""C"": 1, ""class_weight"": ""balanced"", ""gamma"": 1, ""kernel"": ""rbf"", ""probability"": true, ""random_state"": 1}",svm,19,/home/ubuntu/Desktop/DeepAmes_Full_STL_4_keep_weights/results_TA102_with_S9/artifacts/base/svm/scalers/svm_seed_1_skf_0_paras_19_kernel_rbf_C_1_gamma_1_scaler.joblib,1,0
svm_seed_1_skf_1_paras_19_kernel_rbf_C_1_gamma_1,svm,1_skf_1,132,2,16,2,0.882,0.84,0.111,0.985,0.5,0.892,0.182,0.194,/home/ubuntu/Desktop/DeepAmes_Full_STL_4_keep_weights/results_TA102_with_S9/artifacts/base/svm/estimators/svm_seed_1_skf_1_paras_19_kernel_rbf_C_1_gamma_1.joblib,"{""C"": 1, ""class_weight"": ""balanced"", ""gamma"": 1, ""kernel"": ""rbf"", ""probability"": true, ""random_state"": 1}",svm,19,/home/ubuntu/Desktop/DeepAmes_Full_STL_4_keep_weights/results_TA102_with_S9/artifacts/base/svm/scalers/svm_seed_1_skf_1_paras_19_kernel_rbf_C_1_gamma_1_scaler.joblib,1,1
svm_seed_1_skf_2_paras_19_kernel_rbf_C_1_gamma_1,svm,1_skf_2,131,3,16,2,0.875,0.846,0.111,0.978,0.4,0.891,0.174,0.161,/home/ubuntu/Desktop/DeepAmes_Full_STL_4_keep_weights/results_TA102_with_S9/artifacts/base/svm/estimators/svm_seed_1_skf_2_paras_19_kernel_rbf_C_1_gamma_1.joblib,"{""C"": 1, ""class_weight"": ""balanced"", ""gamma"": 1, ""kernel"": ""rbf"", ""probability"": true, ""random_state"": 1}",svm,19,/home/ubuntu/Desktop/DeepAmes_Full_STL_4_keep_weights/results_TA102_with_S9/artifacts/base/svm/scalers/svm_seed_1_skf_2_paras_19_kernel_rbf_C_1_gamma_1_scaler.joblib,1,2
svm_seed_1_skf_3_paras_19_kernel_rbf_C_1_gamma_1,svm,1_skf_3,133,1,16,2,0.888,0.836,0.111,0.993,0.667,0.893,0.19,0.241,/home/ubuntu/Desktop/DeepAmes_Full_STL_4_keep_weights/results_TA102_with_S9/artifacts/base/svm/estimators/svm_seed_1_skf_3_paras_19_kernel_rbf_C_1_gamma_1.joblib,"{""C"": 1, ""class_weight"": ""balanced"", ""gamma"": 1, ""kernel"": ""rbf"", ""probability"": true, ""random_state"": 1}",svm,19,/home/ubuntu/Desktop/DeepAmes_Full_STL_4_keep_weights/results_TA102_with_S9/artifacts/base/svm/scalers/svm_seed_1_skf_3_paras_19_kernel_rbf_C_1_gamma_1_scaler.joblib,1,3
svm_seed_1_skf_4_paras_19_kernel_rbf_C_1_gamma_1,svm,1_skf_4,130,4,16,2,0.868,0.83,0.111,0.97,0.333,0.89,0.167,0.135,/home/ubuntu/Desktop/DeepAmes_Full_STL_4_keep_weights/results_TA102_with_S9/artifacts/base/svm/estimators/svm_seed_1_skf_4_paras_19_kernel_rbf_C_1_gamma_1.joblib,"{""C"": 1, ""class_weight"": ""balanced"", ""gamma"": 1, ""kernel"": ""rbf"", ""probability"": true, ""random_state"": 1}",svm,19,/home/ubuntu/Desktop/DeepAmes_Full_STL_4_keep_weights/results_TA102_with_S9/artifacts/base/svm/scalers/svm_seed_1_skf_4_paras_19_kernel_rbf_C_1_gamma_1_scaler.joblib,1,4
svm_seed_2_skf_0_paras_19_kernel_rbf_C_1_gamma_1,svm,2_skf_0,132,2,15,3,0.888,0.791,0.167,0.985,0.6,0.898,0.261,0.275,/home/ubuntu/Desktop/DeepAmes_Full_STL_4_keep_weights/results_TA102_with_S9/artifacts/base/svm/estimators/svm_seed_2_skf_0_paras_19_kernel_rbf_C_1_gamma_1.joblib,"{""C"": 1, ""class_weight"": ""balanced"", ""gamma"": 1, ""kernel"": ""rbf"", ""probability"": true, ""random_state"": 1}",svm,19,/home/ubuntu/Desktop/DeepAmes_Full_STL_4_keep_weights/results_TA102_with_S9/artifacts/base/svm/scalers/svm_seed_2_skf_0_paras_19_kernel_rbf_C_1_gamma_1_scaler.joblib,2,0
svm_seed_2_skf_1_paras_19_kernel_rbf_C_1_gamma_1,svm,2_skf_1,133,1,16,2,0.888,0.849,0.111,0.993,0.667,0.893,0.19,0.241,/home/ubuntu/Desktop/DeepAmes_Full_STL_4_keep_weights/results_TA102_with_S9/artifacts/base/svm/estimators/svm_seed_2_skf_1_paras_19_kernel_rbf_C_1_gamma_1.joblib,"{""C"": 1, ""class_weight"": ""balanced"", ""gamma"": 1, ""kernel"": ""rbf"", ""probability"": true, ""random_state"": 1}",svm,19,/home/ubuntu/Desktop/DeepAmes_Full_STL_4_keep_weights/results_TA102_with_S9/artifacts/base/svm/scalers/svm_seed_2_skf_1_paras_19_kernel_rbf_C_1_gamma_1_scaler.joblib,2,1
svm_seed_2_skf_2_paras_19_kernel_rbf_C_1_gamma_1,svm,2_skf_2,132,2,16,2,0.882,0.802,0.111,0.985,0.5,0.892,0.182,0.194,/home/ubuntu/Desktop/DeepAmes_Full_STL_4_keep_weights/results_TA102_with_S9/artifacts/base/svm/estimators/svm_seed_2_skf_2_paras_19_kernel_rbf_C_1_gamma_1.joblib,"{""C"": 1, ""class_weight"": ""balanced"", ""gamma"": 1, ""kernel"": ""rbf"", ""probability"": true, ""random_state"": 1}",svm,19,/home/ubuntu/Desktop/DeepAmes_Full_STL_4_keep_weights/results_TA102_with_S9/artifacts/base/svm/scalers/svm_seed_2_skf_2_paras_19_kernel_rbf_C_1_gamma_1_scaler.joblib,2,2
svm_seed_2_skf_3_paras_19_kernel_rbf_C_1_gamma_1,svm,2_skf_3,130,4,16,2,0.868,0.863,0.111,0.97,0.333,0.89,0.167,0.135,/home/ubuntu/Desktop/DeepAmes_Full_STL_4_keep_weights/results_TA102_with_S9/artifacts/base/svm/estimators/svm_seed_2_skf_3_paras_19_kernel_rbf_C_1_gamma_1.joblib,"{""C"": 1, ""class_weight"": ""balanced"", ""gamma"": 1, ""kernel"": ""rbf"", ""probability"": true, ""random_state"": 1}",svm,19,/home/ubuntu/Desktop/DeepAmes_Full_STL_4_keep_weights/results_TA102_with_S9/artifacts/base/svm/scalers/svm_seed_2_skf_3_paras_19_kernel_rbf_C_1_gamma_1_scaler.joblib,2,3
svm_seed_2_skf_4_paras_19_kernel_rbf_C_1_gamma_1,svm,2_skf_4,132,2,16,2,0.882,0.838,0.111,0.985,0.5,0.892,0.182,0.194,/home/ubuntu/Desktop/DeepAmes_Full_STL_4_keep_weights/results_TA102_with_S9/artifacts/base/svm/estimators/svm_seed_2_skf_4_paras_19_kernel_rbf_C_1_gamma_1.joblib,"{""C"": 1, ""class_weight"": ""balanced"", ""gamma"": 1, ""kernel"": ""rbf"", ""probability"": true, ""random_state"": 1}",svm,19,/home/ubuntu/Desktop/DeepAmes_Full_STL_4_keep_weights/results_TA102_with_S9/artifacts/base/svm/scalers/svm_seed_2_skf_4_paras_19_kernel_rbf_C_1_gamma_1_scaler.joblib,2,4
svm_seed_3_skf_0_paras_19_kernel_rbf_C_1_gamma_1,svm,3_skf_0,132,2,16,2,0.882,0.832,0.111,0.985,0.5,0.892,0.182,0.194,/home/ubuntu/Desktop/DeepAmes_Full_STL_4_keep_weights/results_TA102_with_S9/artifacts/base/svm/estimators/svm_seed_3_skf_0_paras_19_kernel_rbf_C_1_gamma_1.joblib,"{""C"": 1, ""class_weight"": ""balanced"", ""gamma"": 1, ""kernel"": ""rbf"", ""probability"": true, ""random_state"": 1}",svm,19,/home/ubuntu/Desktop/DeepAmes_Full_STL_4_keep_weights/results_TA102_with_S9/artifacts/base/svm/scalers/svm_seed_3_skf_0_paras_19_kernel_rbf_C_1_gamma_1_scaler.joblib,3,0
svm_seed_3_skf_1_paras_19_kernel_rbf_C_1_gamma_1,svm,3_skf_1,132,2,17,1,0.875,0.825,0.056,0.985,0.333,0.886,0.095,0.094,/home/ubuntu/Desktop/DeepAmes_Full_STL_4_keep_weights/results_TA102_with_S9/artifacts/base/svm/estimators/svm_seed_3_skf_1_paras_19_kernel_rbf_C_1_gamma_1.joblib,"{""C"": 1, ""class_weight"": ""balanced"", ""gamma"": 1, ""kernel"": ""rbf"", ""probability"": true, ""random_state"": 1}",svm,19,/home/ubuntu/Desktop/DeepAmes_Full_STL_4_keep_weights/results_TA102_with_S9/artifacts/base/svm/scalers/svm_seed_3_skf_1_paras_19_kernel_rbf_C_1_gamma_1_scaler.joblib,3,1
svm_seed_3_skf_2_paras_19_kernel_rbf_C_1_gamma_1,svm,3_skf_2,130,4,15,3,0.875,0.871,0.167,0.97,0.429,0.897,0.24,0.211,/home/ubuntu/Desktop/DeepAmes_Full_STL_4_keep_weights/results_TA102_with_S9/artifacts/base/svm/estimators/svm_seed_3_skf_2_paras_19_kernel_rbf_C_1_gamma_1.joblib,"{""C"": 1, ""class_weight"": ""balanced"", ""gamma"": 1, ""kernel"": ""rbf"", ""probability"": true, ""random_state"": 1}",svm,19,/home/ubuntu/Desktop/DeepAmes_Full_STL_4_keep_weights/results_TA102_with_S9/artifacts/base/svm/scalers/svm_seed_3_skf_2_paras_19_kernel_rbf_C_1_gamma_1_scaler.joblib,3,2
svm_seed_3_skf_3_paras_19_kernel_rbf_C_1_gamma_1,svm,3_skf_3,131,3,15,3,0.882,0.819,0.167,0.978,0.5,0.897,0.25,0.239,/home/ubuntu/Desktop/DeepAmes_Full_STL_4_keep_weights/results_TA102_with_S9/artifacts/base/svm/estimators/svm_seed_3_skf_3_paras_19_kernel_rbf_C_1_gamma_1.joblib,"{""C"": 1, ""class_weight"": ""balanced"", ""gamma"": 1, ""kernel"": ""rbf"", ""probability"": true, ""random_state"": 1}",svm,19,/home/ubuntu/Desktop/DeepAmes_Full_STL_4_keep_weights/results_TA102_with_S9/artifacts/base/svm/scalers/svm_seed_3_skf_3_paras_19_kernel_rbf_C_1_gamma_1_scaler.joblib,3,3
svm_seed_3_skf_4_paras_19_kernel_rbf_C_1_gamma_1,svm,3_skf_4,130,4,15,3,0.875,0.799,0.167,0.97,0.429,0.897,0.24,0.211,/home/ubuntu/Desktop/DeepAmes_Full_STL_4_keep_weights/results_TA102_with_S9/artifacts/base/svm/estimators/svm_seed_3_skf_4_paras_19_kernel_rbf_C_1_gamma_1.joblib,"{""C"": 1, ""class_weight"": ""balanced"", ""gamma"": 1, ""kernel"": ""rbf"", ""probability"": true, ""random_state"": 1}",svm,19,/home/ubuntu/Desktop/DeepAmes_Full_STL_4_keep_weights/results_TA102_with_S9/artifacts/base/svm/scalers/svm_seed_3_skf_4_paras_19_kernel_rbf_C_1_gamma_1_scaler.joblib,3,4
svm_seed_4_skf_0_paras_19_kernel_rbf_C_1_gamma_1,svm,4_skf_0,131,3,15,3,0.882,0.841,0.167,0.978,0.5,0.897,0.25,0.239,/home/ubuntu/Desktop/DeepAmes_Full_STL_4_keep_weights/results_TA102_with_S9/artifacts/base/svm/estimators/svm_seed_4_skf_0_paras_19_kernel_rbf_C_1_gamma_1.joblib,"{""C"": 1, ""class_weight"": ""balanced"", ""gamma"": 1, ""kernel"": ""rbf"", ""probability"": true, ""random_state"": 1}",svm,19,/home/ubuntu/Desktop/DeepAmes_Full_STL_4_keep_weights/results_TA102_with_S9/artifacts/base/svm/scalers/svm_seed_4_skf_0_paras_19_kernel_rbf_C_1_gamma_1_scaler.joblib,4,0
svm_seed_4_skf_1_paras_19_kernel_rbf_C_1_gamma_1,svm,4_skf_1,129,5,15,3,0.868,0.789,0.167,0.963,0.375,0.896,0.231,0.187,/home/ubuntu/Desktop/DeepAmes_Full_STL_4_keep_weights/results_TA102_with_S9/artifacts/base/svm/estimators/svm_seed_4_skf_1_paras_19_kernel_rbf_C_1_gamma_1.joblib,"{""C"": 1, ""class_weight"": ""balanced"", ""gamma"": 1, ""kernel"": ""rbf"", ""probability"": true, ""random_state"": 1}",svm,19,/home/ubuntu/Desktop/DeepAmes_Full_STL_4_keep_weights/results_TA102_with_S9/artifacts/base/svm/scalers/svm_seed_4_skf_1_paras_19_kernel_rbf_C_1_gamma_1_scaler.joblib,4,1
svm_seed_4_skf_2_paras_19_kernel_rbf_C_1_gamma_1,svm,4_skf_2,131,3,16,2,0.875,0.83,0.111,0.978,0.4,0.891,0.174,0.161,/home/ubuntu/Desktop/DeepAmes_Full_STL_4_keep_weights/results_TA102_with_S9/artifacts/base/svm/estimators/svm_seed_4_skf_2_paras_19_kernel_rbf_C_1_gamma_1.joblib,"{""C"": 1, ""class_weight"": ""balanced"", ""gamma"": 1, ""kernel"": ""rbf"", ""probability"": true, ""random_state"": 1}",svm,19,/home/ubuntu/Desktop/DeepAmes_Full_STL_4_keep_weights/results_TA102_with_S9/artifacts/base/svm/scalers/svm_seed_4_skf_2_paras_19_kernel_rbf_C_1_gamma_1_scaler.joblib,4,2
svm_seed_4_skf_3_paras_19_kernel_rbf_C_1_gamma_1,svm,4_skf_3,132,2,16,2,0.882,0.839,0.111,0.985,0.5,0.892,0.182,0.194,/home/ubuntu/Desktop/DeepAmes_Full_STL_4_keep_weights/results_TA102_with_S9/artifacts/base/svm/estimators/svm_seed_4_skf_3_paras_19_kernel_rbf_C_1_gamma_1.joblib,"{""C"": 1, ""class_weight"": ""balanced"", ""gamma"": 1, ""kernel"": ""rbf"", ""probability"": true, ""random_state"": 1}",svm,19,/home/ubuntu/Desktop/DeepAmes_Full_STL_4_keep_weights/results_TA102_with_S9/artifacts/base/svm/scalers/svm_seed_4_skf_3_paras_19_kernel_rbf_C_1_gamma_1_scaler.joblib,4,3
svm_seed_4_skf_4_paras_19_kernel_rbf_C_1_gamma_1,svm,4_skf_4,133,1,16,2,0.888,0.836,0.111,0.993,0.667,0.893,0.19,0.241,/home/ubuntu/Desktop/DeepAmes_Full_STL_4_keep_weights/results_TA102_with_S9/artifacts/base/svm/estimators/svm_seed_4_skf_4_paras_19_kernel_rbf_C_1_gamma_1.joblib,"{""C"": 1, ""class_weight"": ""balanced"", ""gamma"": 1, ""kernel"": ""rbf"", ""probability"": true, ""random_state"": 1}",svm,19,/home/ubuntu/Desktop/DeepAmes_Full_STL_4_keep_weights/results_TA102_with_S9/artifacts/base/svm/scalers/svm_seed_4_skf_4_paras_19_kernel_rbf_C_1_gamma_1_scaler.joblib,4,4
svm_seed_5_skf_0_paras_19_kernel_rbf_C_1_gamma_1,svm,5_skf_0,132,2,16,2,0.882,0.797,0.111,0.985,0.5,0.892,0.182,0.194,/home/ubuntu/Desktop/DeepAmes_Full_STL_4_keep_weights/results_TA102_with_S9/artifacts/base/svm/estimators/svm_seed_5_skf_0_paras_19_kernel_rbf_C_1_gamma_1.joblib,"{""C"": 1, ""class_weight"": ""balanced"", ""gamma"": 1, ""kernel"": ""rbf"", ""probability"": true, ""random_state"": 1}",svm,19,/home/ubuntu/Desktop/DeepAmes_Full_STL_4_keep_weights/results_TA102_with_S9/artifacts/base/svm/scalers/svm_seed_5_skf_0_paras_19_kernel_rbf_C_1_gamma_1_scaler.joblib,5,0
svm_seed_5_skf_1_paras_19_kernel_rbf_C_1_gamma_1,svm,5_skf_1,132,2,16,2,0.882,0.837,0.111,0.985,0.5,0.892,0.182,0.194,/home/ubuntu/Desktop/DeepAmes_Full_STL_4_keep_weights/results_TA102_with_S9/artifacts/base/svm/estimators/svm_seed_5_skf_1_paras_19_kernel_rbf_C_1_gamma_1.joblib,"{""C"": 1, ""class_weight"": ""balanced"", ""gamma"": 1, ""kernel"": ""rbf"", ""probability"": true, ""random_state"": 1}",svm,19,/home/ubuntu/Desktop/DeepAmes_Full_STL_4_keep_weights/results_TA102_with_S9/artifacts/base/svm/scalers/svm_seed_5_skf_1_paras_19_kernel_rbf_C_1_gamma_1_scaler.joblib,5,1
svm_seed_5_skf_2_paras_19_kernel_rbf_C_1_gamma_1,svm,5_skf_2,131,3,15,3,0.882,0.821,0.167,0.978,0.5,0.897,0.25,0.239,/home/ubuntu/Desktop/DeepAmes_Full_STL_4_keep_weights/results_TA102_with_S9/artifacts/base/svm/estimators/svm_seed_5_skf_2_paras_19_kernel_rbf_C_1_gamma_1.joblib,"{""C"": 1, ""class_weight"": ""balanced"", ""gamma"": 1, ""kernel"": ""rbf"", ""probability"": true, ""random_state"": 1}",svm,19,/home/ubuntu/Desktop/DeepAmes_Full_STL_4_keep_weights/results_TA102_with_S9/artifacts/base/svm/scalers/svm_seed_5_skf_2_paras_19_kernel_rbf_C_1_gamma_1_scaler.joblib,5,2
svm_seed_5_skf_3_paras_19_kernel_rbf_C_1_gamma_1,svm,5_skf_3,132,2,16,2,0.882,0.814,0.111,0.985,0.5,0.892,0.182,0.194,/home/ubuntu/Desktop/DeepAmes_Full_STL_4_keep_weights/results_TA102_with_S9/artifacts/base/svm/estimators/svm_seed_5_skf_3_paras_19_kernel_rbf_C_1_gamma_1.joblib,"{""C"": 1, ""class_weight"": ""balanced"", ""gamma"": 1, ""kernel"": ""rbf"", ""probability"": true, ""random_state"": 1}",svm,19,/home/ubuntu/Desktop/DeepAmes_Full_STL_4_keep_weights/results_TA102_with_S9/artifacts/base/svm/scalers/svm_seed_5_skf_3_paras_19_kernel_rbf_C_1_gamma_1_scaler.joblib,5,3
svm_seed_5_skf_4_paras_19_kernel_rbf_C_1_gamma_1,svm,5_skf_4,130,4,16,2,0.868,0.822,0.111,0.97,0.333,0.89,0.167,0.135,/home/ubuntu/Desktop/DeepAmes_Full_STL_4_keep_weights/results_TA102_with_S9/artifacts/base/svm/estimators/svm_seed_5_skf_4_paras_19_kernel_rbf_C_1_gamma_1.joblib,"{""C"": 1, ""class_weight"": ""balanced"", ""gamma"": 1, ""kernel"": ""rbf"", ""probability"": true, ""random_state"": 1}",svm,19,/home/ubuntu/Desktop/DeepAmes_Full_STL_4_keep_weights/results_TA102_with_S9/artifacts/base/svm/scalers/svm_seed_5_skf_4_paras_19_kernel_rbf_C_1_gamma_1_scaler.joblib,5,4
svm_seed_6_skf_0_paras_19_kernel_rbf_C_1_gamma_1,svm,6_skf_0,131,3,16,2,0.875,0.824,0.111,0.978,0.4,0.891,0.174,0.161,/home/ubuntu/Desktop/DeepAmes_Full_STL_4_keep_weights/results_TA102_with_S9/artifacts/base/svm/estimators/svm_seed_6_skf_0_paras_19_kernel_rbf_C_1_gamma_1.joblib,"{""C"": 1, ""class_weight"": ""balanced"", ""gamma"": 1, ""kernel"": ""rbf"", ""probability"": true, ""random_state"": 1}",svm,19,/home/ubuntu/Desktop/DeepAmes_Full_STL_4_keep_weights/results_TA102_with_S9/artifacts/base/svm/scalers/svm_seed_6_skf_0_paras_19_kernel_rbf_C_1_gamma_1_scaler.joblib,6,0
svm_seed_6_skf_1_paras_19_kernel_rbf_C_1_gamma_1,svm,6_skf_1,131,3,15,3,0.882,0.818,0.167,0.978,0.5,0.897,0.25,0.239,/home/ubuntu/Desktop/DeepAmes_Full_STL_4_keep_weights/results_TA102_with_S9/artifacts/base/svm/estimators/svm_seed_6_skf_1_paras_19_kernel_rbf_C_1_gamma_1.joblib,"{""C"": 1, ""class_weight"": ""balanced"", ""gamma"": 1, ""kernel"": ""rbf"", ""probability"": true, ""random_state"": 1}",svm,19,/home/ubuntu/Desktop/DeepAmes_Full_STL_4_keep_weights/results_TA102_with_S9/artifacts/base/svm/scalers/svm_seed_6_skf_1_paras_19_kernel_rbf_C_1_gamma_1_scaler.joblib,6,1
svm_seed_6_skf_2_paras_19_kernel_rbf_C_1_gamma_1,svm,6_skf_2,133,1,17,1,0.882,0.812,0.056,0.993,0.5,0.887,0.1,0.136,/home/ubuntu/Desktop/DeepAmes_Full_STL_4_keep_weights/results_TA102_with_S9/artifacts/base/svm/estimators/svm_seed_6_skf_2_paras_19_kernel_rbf_C_1_gamma_1.joblib,"{""C"": 1, ""class_weight"": ""balanced"", ""gamma"": 1, ""kernel"": ""rbf"", ""probability"": true, ""random_state"": 1}",svm,19,/home/ubuntu/Desktop/DeepAmes_Full_STL_4_keep_weights/results_TA102_with_S9/artifacts/base/svm/scalers/svm_seed_6_skf_2_paras_19_kernel_rbf_C_1_gamma_1_scaler.joblib,6,2
svm_seed_6_skf_3_paras_19_kernel_rbf_C_1_gamma_1,svm,6_skf_3,132,2,17,1,0.875,0.808,0.056,0.985,0.333,0.886,0.095,0.094,/home/ubuntu/Desktop/DeepAmes_Full_STL_4_keep_weights/results_TA102_with_S9/artifacts/base/svm/estimators/svm_seed_6_skf_3_paras_19_kernel_rbf_C_1_gamma_1.joblib,"{""C"": 1, ""class_weight"": ""balanced"", ""gamma"": 1, ""kernel"": ""rbf"", ""probability"": true, ""random_state"": 1}",svm,19,/home/ubuntu/Desktop/DeepAmes_Full_STL_4_keep_weights/results_TA102_with_S9/artifacts/base/svm/scalers/svm_seed_6_skf_3_paras_19_kernel_rbf_C_1_gamma_1_scaler.joblib,6,3
svm_seed_6_skf_4_paras_19_kernel_rbf_C_1_gamma_1,svm,6_skf_4,133,1,16,2,0.888,0.854,0.111,0.993,0.667,0.893,0.19,0.241,/home/ubuntu/Desktop/DeepAmes_Full_STL_4_keep_weights/results_TA102_with_S9/artifacts/base/svm/estimators/svm_seed_6_skf_4_paras_19_kernel_rbf_C_1_gamma_1.joblib,"{""C"": 1, ""class_weight"": ""balanced"", ""gamma"": 1, ""kernel"": ""rbf"", ""probability"": true, ""random_state"": 1}",svm,19,/home/ubuntu/Desktop/DeepAmes_Full_STL_4_keep_weights/results_TA102_with_S9/artifacts/base/svm/scalers/svm_seed_6_skf_4_paras_19_kernel_rbf_C_1_gamma_1_scaler.joblib,6,4
svm_seed_7_skf_0_paras_19_kernel_rbf_C_1_gamma_1,svm,7_skf_0,131,3,16,2,0.875,0.847,0.111,0.978,0.4,0.891,0.174,0.161,/home/ubuntu/Desktop/DeepAmes_Full_STL_4_keep_weights/results_TA102_with_S9/artifacts/base/svm/estimators/svm_seed_7_skf_0_paras_19_kernel_rbf_C_1_gamma_1.joblib,"{""C"": 1, ""class_weight"": ""balanced"", ""gamma"": 1, ""kernel"": ""rbf"", ""probability"": true, ""random_state"": 1}",svm,19,/home/ubuntu/Desktop/DeepAmes_Full_STL_4_keep_weights/results_TA102_with_S9/artifacts/base/svm/scalers/svm_seed_7_skf_0_paras_19_kernel_rbf_C_1_gamma_1_scaler.joblib,7,0
svm_seed_7_skf_1_paras_19_kernel_rbf_C_1_gamma_1,svm,7_skf_1,131,3,16,2,0.875,0.851,0.111,0.978,0.4,0.891,0.174,0.161,/home/ubuntu/Desktop/DeepAmes_Full_STL_4_keep_weights/results_TA102_with_S9/artifacts/base/svm/estimators/svm_seed_7_skf_1_paras_19_kernel_rbf_C_1_gamma_1.joblib,"{""C"": 1, ""class_weight"": ""balanced"", ""gamma"": 1, ""kernel"": ""rbf"", ""probability"": true, ""random_state"": 1}",svm,19,/home/ubuntu/Desktop/DeepAmes_Full_STL_4_keep_weights/results_TA102_with_S9/artifacts/base/svm/scalers/svm_seed_7_skf_1_paras_19_kernel_rbf_C_1_gamma_1_scaler.joblib,7,1
svm_seed_7_skf_2_paras_19_kernel_rbf_C_1_gamma_1,svm,7_skf_2,129,5,16,2,0.862,0.775,0.111,0.963,0.286,0.89,0.16,0.114,/home/ubuntu/Desktop/DeepAmes_Full_STL_4_keep_weights/results_TA102_with_S9/artifacts/base/svm/estimators/svm_seed_7_skf_2_paras_19_kernel_rbf_C_1_gamma_1.joblib,"{""C"": 1, ""class_weight"": ""balanced"", ""gamma"": 1, ""kernel"": ""rbf"", ""probability"": true, ""random_state"": 1}",svm,19,/home/ubuntu/Desktop/DeepAmes_Full_STL_4_keep_weights/results_TA102_with_S9/artifacts/base/svm/scalers/svm_seed_7_skf_2_paras_19_kernel_rbf_C_1_gamma_1_scaler.joblib,7,2
svm_seed_7_skf_3_paras_19_kernel_rbf_C_1_gamma_1,svm,7_skf_3,132,2,16,2,0.882,0.822,0.111,0.985,0.5,0.892,0.182,0.194,/home/ubuntu/Desktop/DeepAmes_Full_STL_4_keep_weights/results_TA102_with_S9/artifacts/base/svm/estimators/svm_seed_7_skf_3_paras_19_kernel_rbf_C_1_gamma_1.joblib,"{""C"": 1, ""class_weight"": ""balanced"", ""gamma"": 1, ""kernel"": ""rbf"", ""probability"": true, ""random_state"": 1}",svm,19,/home/ubuntu/Desktop/DeepAmes_Full_STL_4_keep_weights/results_TA102_with_S9/artifacts/base/svm/scalers/svm_seed_7_skf_3_paras_19_kernel_rbf_C_1_gamma_1_scaler.joblib,7,3
svm_seed_7_skf_4_paras_19_kernel_rbf_C_1_gamma_1,svm,7_skf_4,132,2,15,3,0.888,0.84,0.167,0.985,0.6,0.898,0.261,0.275,/home/ubuntu/Desktop/DeepAmes_Full_STL_4_keep_weights/results_TA102_with_S9/artifacts/base/svm/estimators/svm_seed_7_skf_4_paras_19_kernel_rbf_C_1_gamma_1.joblib,"{""C"": 1, ""class_weight"": ""balanced"", ""gamma"": 1, ""kernel"": ""rbf"", ""probability"": true, ""random_state"": 1}",svm,19,/home/ubuntu/Desktop/DeepAmes_Full_STL_4_keep_weights/results_TA102_with_S9/artifacts/base/svm/scalers/svm_seed_7_skf_4_paras_19_kernel_rbf_C_1_gamma_1_scaler.joblib,7,4
svm_seed_8_skf_0_paras_19_kernel_rbf_C_1_gamma_1,svm,8_skf_0,133,1,17,1,0.882,0.817,0.056,0.993,0.5,0.887,0.1,0.136,/home/ubuntu/Desktop/DeepAmes_Full_STL_4_keep_weights/results_TA102_with_S9/artifacts/base/svm/estimators/svm_seed_8_skf_0_paras_19_kernel_rbf_C_1_gamma_1.joblib,"{""C"": 1, ""class_weight"": ""balanced"", ""gamma"": 1, ""kernel"": ""rbf"", ""probability"": true, ""random_state"": 1}",svm,19,/home/ubuntu/Desktop/DeepAmes_Full_STL_4_keep_weights/results_TA102_with_S9/artifacts/base/svm/scalers/svm_seed_8_skf_0_paras_19_kernel_rbf_C_1_gamma_1_scaler.joblib,8,0
svm_seed_8_skf_1_paras_19_kernel_rbf_C_1_gamma_1,svm,8_skf_1,133,1,17,1,0.882,0.819,0.056,0.993,0.5,0.887,0.1,0.136,/home/ubuntu/Desktop/DeepAmes_Full_STL_4_keep_weights/results_TA102_with_S9/artifacts/base/svm/estimators/svm_seed_8_skf_1_paras_19_kernel_rbf_C_1_gamma_1.joblib,"{""C"": 1, ""class_weight"": ""balanced"", ""gamma"": 1, ""kernel"": ""rbf"", ""probability"": true, ""random_state"": 1}",svm,19,/home/ubuntu/Desktop/DeepAmes_Full_STL_4_keep_weights/results_TA102_with_S9/artifacts/base/svm/scalers/svm_seed_8_skf_1_paras_19_kernel_rbf_C_1_gamma_1_scaler.joblib,8,1
svm_seed_8_skf_2_paras_19_kernel_rbf_C_1_gamma_1,svm,8_skf_2,131,3,16,2,0.875,0.851,0.111,0.978,0.4,0.891,0.174,0.161,/home/ubuntu/Desktop/DeepAmes_Full_STL_4_keep_weights/results_TA102_with_S9/artifacts/base/svm/estimators/svm_seed_8_skf_2_paras_19_kernel_rbf_C_1_gamma_1.joblib,"{""C"": 1, ""class_weight"": ""balanced"", ""gamma"": 1, ""kernel"": ""rbf"", ""probability"": true, ""random_state"": 1}",svm,19,/home/ubuntu/Desktop/DeepAmes_Full_STL_4_keep_weights/results_TA102_with_S9/artifacts/base/svm/scalers/svm_seed_8_skf_2_paras_19_kernel_rbf_C_1_gamma_1_scaler.joblib,8,2
svm_seed_8_skf_3_paras_19_kernel_rbf_C_1_gamma_1,svm,8_skf_3,131,3,16,2,0.875,0.837,0.111,0.978,0.4,0.891,0.174,0.161,/home/ubuntu/Desktop/DeepAmes_Full_STL_4_keep_weights/results_TA102_with_S9/artifacts/base/svm/estimators/svm_seed_8_skf_3_paras_19_kernel_rbf_C_1_gamma_1.joblib,"{""C"": 1, ""class_weight"": ""balanced"", ""gamma"": 1, ""kernel"": ""rbf"", ""probability"": true, ""random_state"": 1}",svm,19,/home/ubuntu/Desktop/DeepAmes_Full_STL_4_keep_weights/results_TA102_with_S9/artifacts/base/svm/scalers/svm_seed_8_skf_3_paras_19_kernel_rbf_C_1_gamma_1_scaler.joblib,8,3
svm_seed_8_skf_4_paras_19_kernel_rbf_C_1_gamma_1,svm,8_skf_4,132,2,15,3,0.888,0.847,0.167,0.985,0.6,0.898,0.261,0.275,/home/ubuntu/Desktop/DeepAmes_Full_STL_4_keep_weights/results_TA102_with_S9/artifacts/base/svm/estimators/svm_seed_8_skf_4_paras_19_kernel_rbf_C_1_gamma_1.joblib,"{""C"": 1, ""class_weight"": ""balanced"", ""gamma"": 1, ""kernel"": ""rbf"", ""probability"": true, ""random_state"": 1}",svm,19,/home/ubuntu/Desktop/DeepAmes_Full_STL_4_keep_weights/results_TA102_with_S9/artifacts/base/svm/scalers/svm_seed_8_skf_4_paras_19_kernel_rbf_C_1_gamma_1_scaler.joblib,8,4
svm_seed_9_skf_0_paras_19_kernel_rbf_C_1_gamma_1,svm,9_skf_0,132,2,17,1,0.875,0.854,0.056,0.985,0.333,0.886,0.095,0.094,/home/ubuntu/Desktop/DeepAmes_Full_STL_4_keep_weights/results_TA102_with_S9/artifacts/base/svm/estimators/svm_seed_9_skf_0_paras_19_kernel_rbf_C_1_gamma_1.joblib,"{""C"": 1, ""class_weight"": ""balanced"", ""gamma"": 1, ""kernel"": ""rbf"", ""probability"": true, ""random_state"": 1}",svm,19,/home/ubuntu/Desktop/DeepAmes_Full_STL_4_keep_weights/results_TA102_with_S9/artifacts/base/svm/scalers/svm_seed_9_skf_0_paras_19_kernel_rbf_C_1_gamma_1_scaler.joblib,9,0
svm_seed_9_skf_1_paras_19_kernel_rbf_C_1_gamma_1,svm,9_skf_1,132,2,15,3,0.888,0.825,0.167,0.985,0.6,0.898,0.261,0.275,/home/ubuntu/Desktop/DeepAmes_Full_STL_4_keep_weights/results_TA102_with_S9/artifacts/base/svm/estimators/svm_seed_9_skf_1_paras_19_kernel_rbf_C_1_gamma_1.joblib,"{""C"": 1, ""class_weight"": ""balanced"", ""gamma"": 1, ""kernel"": ""rbf"", ""probability"": true, ""random_state"": 1}",svm,19,/home/ubuntu/Desktop/DeepAmes_Full_STL_4_keep_weights/results_TA102_with_S9/artifacts/base/svm/scalers/svm_seed_9_skf_1_paras_19_kernel_rbf_C_1_gamma_1_scaler.joblib,9,1
svm_seed_9_skf_2_paras_19_kernel_rbf_C_1_gamma_1,svm,9_skf_2,132,2,15,3,0.888,0.825,0.167,0.985,0.6,0.898,0.261,0.275,/home/ubuntu/Desktop/DeepAmes_Full_STL_4_keep_weights/results_TA102_with_S9/artifacts/base/svm/estimators/svm_seed_9_skf_2_paras_19_kernel_rbf_C_1_gamma_1.joblib,"{""C"": 1, ""class_weight"": ""balanced"", ""gamma"": 1, ""kernel"": ""rbf"", ""probability"": true, ""random_state"": 1}",svm,19,/home/ubuntu/Desktop/DeepAmes_Full_STL_4_keep_weights/results_TA102_with_S9/artifacts/base/svm/scalers/svm_seed_9_skf_2_paras_19_kernel_rbf_C_1_gamma_1_scaler.joblib,9,2
svm_seed_9_skf_3_paras_19_kernel_rbf_C_1_gamma_1,svm,9_skf_3,128,6,16,2,0.855,0.807,0.111,0.955,0.25,0.889,0.154,0.096,/home/ubuntu/Desktop/DeepAmes_Full_STL_4_keep_weights/results_TA102_with_S9/artifacts/base/svm/estimators/svm_seed_9_skf_3_paras_19_kernel_rbf_C_1_gamma_1.joblib,"{""C"": 1, ""class_weight"": ""balanced"", ""gamma"": 1, ""kernel"": ""rbf"", ""probability"": true, ""random_state"": 1}",svm,19,/home/ubuntu/Desktop/DeepAmes_Full_STL_4_keep_weights/results_TA102_with_S9/artifacts/base/svm/scalers/svm_seed_9_skf_3_paras_19_kernel_rbf_C_1_gamma_1_scaler.joblib,9,3
svm_seed_9_skf_4_paras_19_kernel_rbf_C_1_gamma_1,svm,9_skf_4,134,0,17,1,0.888,0.816,0.056,1.0,1.0,0.887,0.105,0.222,/home/ubuntu/Desktop/DeepAmes_Full_STL_4_keep_weights/results_TA102_with_S9/artifacts/base/svm/estimators/svm_seed_9_skf_4_paras_19_kernel_rbf_C_1_gamma_1.joblib,"{""C"": 1, ""class_weight"": ""balanced"", ""gamma"": 1, ""kernel"": ""rbf"", ""probability"": true, ""random_state"": 1}",svm,19,/home/ubuntu/Desktop/DeepAmes_Full_STL_4_keep_weights/results_TA102_with_S9/artifacts/base/svm/scalers/svm_seed_9_skf_4_paras_19_kernel_rbf_C_1_gamma_1_scaler.joblib,9,4
svm_seed_10_skf_0_paras_19_kernel_rbf_C_1_gamma_1,svm,10_skf_0,131,3,15,3,0.882,0.81,0.167,0.978,0.5,0.897,0.25,0.239,/home/ubuntu/Desktop/DeepAmes_Full_STL_4_keep_weights/results_TA102_with_S9/artifacts/base/svm/estimators/svm_seed_10_skf_0_paras_19_kernel_rbf_C_1_gamma_1.joblib,"{""C"": 1, ""class_weight"": ""balanced"", ""gamma"": 1, ""kernel"": ""rbf"", ""probability"": true, ""random_state"": 1}",svm,19,/home/ubuntu/Desktop/DeepAmes_Full_STL_4_keep_weights/results_TA102_with_S9/artifacts/base/svm/scalers/svm_seed_10_skf_0_paras_19_kernel_rbf_C_1_gamma_1_scaler.joblib,10,0
svm_seed_10_skf_1_paras_19_kernel_rbf_C_1_gamma_1,svm,10_skf_1,131,3,15,3,0.882,0.839,0.167,0.978,0.5,0.897,0.25,0.239,/home/ubuntu/Desktop/DeepAmes_Full_STL_4_keep_weights/results_TA102_with_S9/artifacts/base/svm/estimators/svm_seed_10_skf_1_paras_19_kernel_rbf_C_1_gamma_1.joblib,"{""C"": 1, ""class_weight"": ""balanced"", ""gamma"": 1, ""kernel"": ""rbf"", ""probability"": true, ""random_state"": 1}",svm,19,/home/ubuntu/Desktop/DeepAmes_Full_STL_4_keep_weights/results_TA102_with_S9/artifacts/base/svm/scalers/svm_seed_10_skf_1_paras_19_kernel_rbf_C_1_gamma_1_scaler.joblib,10,1
svm_seed_10_skf_2_paras_19_kernel_rbf_C_1_gamma_1,svm,10_skf_2,134,0,15,3,0.901,0.838,0.167,1.0,1.0,0.899,0.286,0.387,/home/ubuntu/Desktop/DeepAmes_Full_STL_4_keep_weights/results_TA102_with_S9/artifacts/base/svm/estimators/svm_seed_10_skf_2_paras_19_kernel_rbf_C_1_gamma_1.joblib,"{""C"": 1, ""class_weight"": ""balanced"", ""gamma"": 1, ""kernel"": ""rbf"", ""probability"": true, ""random_state"": 1}",svm,19,/home/ubuntu/Desktop/DeepAmes_Full_STL_4_keep_weights/results_TA102_with_S9/artifacts/base/svm/scalers/svm_seed_10_skf_2_paras_19_kernel_rbf_C_1_gamma_1_scaler.joblib,10,2
svm_seed_10_skf_3_paras_19_kernel_rbf_C_1_gamma_1,svm,10_skf_3,130,4,16,2,0.868,0.837,0.111,0.97,0.333,0.89,0.167,0.135,/home/ubuntu/Desktop/DeepAmes_Full_STL_4_keep_weights/results_TA102_with_S9/artifacts/base/svm/estimators/svm_seed_10_skf_3_paras_19_kernel_rbf_C_1_gamma_1.joblib,"{""C"": 1, ""class_weight"": ""balanced"", ""gamma"": 1, ""kernel"": ""rbf"", ""probability"": true, ""random_state"": 1}",svm,19,/home/ubuntu/Desktop/DeepAmes_Full_STL_4_keep_weights/results_TA102_with_S9/artifacts/base/svm/scalers/svm_seed_10_skf_3_paras_19_kernel_rbf_C_1_gamma_1_scaler.joblib,10,3
svm_seed_10_skf_4_paras_19_kernel_rbf_C_1_gamma_1,svm,10_skf_4,132,2,17,1,0.875,0.773,0.056,0.985,0.333,0.886,0.095,0.094,/home/ubuntu/Desktop/DeepAmes_Full_STL_4_keep_weights/results_TA102_with_S9/artifacts/base/svm/estimators/svm_seed_10_skf_4_paras_19_kernel_rbf_C_1_gamma_1.joblib,"{""C"": 1, ""class_weight"": ""balanced"", ""gamma"": 1, ""kernel"": ""rbf"", ""probability"": true, ""random_state"": 1}",svm,19,/home/ubuntu/Desktop/DeepAmes_Full_STL_4_keep_weights/results_TA102_with_S9/artifacts/base/svm/scalers/svm_seed_10_skf_4_paras_19_kernel_rbf_C_1_gamma_1_scaler.joblib,10,4
svm_seed_11_skf_0_paras_19_kernel_rbf_C_1_gamma_1,svm,11_skf_0,131,3,16,2,0.875,0.829,0.111,0.978,0.4,0.891,0.174,0.161,/home/ubuntu/Desktop/DeepAmes_Full_STL_4_keep_weights/results_TA102_with_S9/artifacts/base/svm/estimators/svm_seed_11_skf_0_paras_19_kernel_rbf_C_1_gamma_1.joblib,"{""C"": 1, ""class_weight"": ""balanced"", ""gamma"": 1, ""kernel"": ""rbf"", ""probability"": true, ""random_state"": 1}",svm,19,/home/ubuntu/Desktop/DeepAmes_Full_STL_4_keep_weights/results_TA102_with_S9/artifacts/base/svm/scalers/svm_seed_11_skf_0_paras_19_kernel_rbf_C_1_gamma_1_scaler.joblib,11,0
svm_seed_11_skf_1_paras_19_kernel_rbf_C_1_gamma_1,svm,11_skf_1,132,2,15,3,0.888,0.83,0.167,0.985,0.6,0.898,0.261,0.275,/home/ubuntu/Desktop/DeepAmes_Full_STL_4_keep_weights/results_TA102_with_S9/artifacts/base/svm/estimators/svm_seed_11_skf_1_paras_19_kernel_rbf_C_1_gamma_1.joblib,"{""C"": 1, ""class_weight"": ""balanced"", ""gamma"": 1, ""kernel"": ""rbf"", ""probability"": true, ""random_state"": 1}",svm,19,/home/ubuntu/Desktop/DeepAmes_Full_STL_4_keep_weights/results_TA102_with_S9/artifacts/base/svm/scalers/svm_seed_11_skf_1_paras_19_kernel_rbf_C_1_gamma_1_scaler.joblib,11,1
svm_seed_11_skf_2_paras_19_kernel_rbf_C_1_gamma_1,svm,11_skf_2,131,3,16,2,0.875,0.807,0.111,0.978,0.4,0.891,0.174,0.161,/home/ubuntu/Desktop/DeepAmes_Full_STL_4_keep_weights/results_TA102_with_S9/artifacts/base/svm/estimators/svm_seed_11_skf_2_paras_19_kernel_rbf_C_1_gamma_1.joblib,"{""C"": 1, ""class_weight"": ""balanced"", ""gamma"": 1, ""kernel"": ""rbf"", ""probability"": true, ""random_state"": 1}",svm,19,/home/ubuntu/Desktop/DeepAmes_Full_STL_4_keep_weights/results_TA102_with_S9/artifacts/base/svm/scalers/svm_seed_11_skf_2_paras_19_kernel_rbf_C_1_gamma_1_scaler.joblib,11,2
svm_seed_11_skf_3_paras_19_kernel_rbf_C_1_gamma_1,svm,11_skf_3,133,1,16,2,0.888,0.838,0.111,0.993,0.667,0.893,0.19,0.241,/home/ubuntu/Desktop/DeepAmes_Full_STL_4_keep_weights/results_TA102_with_S9/artifacts/base/svm/estimators/svm_seed_11_skf_3_paras_19_kernel_rbf_C_1_gamma_1.joblib,"{""C"": 1, ""class_weight"": ""balanced"", ""gamma"": 1, ""kernel"": ""rbf"", ""probability"": true, ""random_state"": 1}",svm,19,/home/ubuntu/Desktop/DeepAmes_Full_STL_4_keep_weights/results_TA102_with_S9/artifacts/base/svm/scalers/svm_seed_11_skf_3_paras_19_kernel_rbf_C_1_gamma_1_scaler.joblib,11,3
svm_seed_11_skf_4_paras_19_kernel_rbf_C_1_gamma_1,svm,11_skf_4,133,1,16,2,0.888,0.827,0.111,0.993,0.667,0.893,0.19,0.241,/home/ubuntu/Desktop/DeepAmes_Full_STL_4_keep_weights/results_TA102_with_S9/artifacts/base/svm/estimators/svm_seed_11_skf_4_paras_19_kernel_rbf_C_1_gamma_1.joblib,"{""C"": 1, ""class_weight"": ""balanced"", ""gamma"": 1, ""kernel"": ""rbf"", ""probability"": true, ""random_state"": 1}",svm,19,/home/ubuntu/Desktop/DeepAmes_Full_STL_4_keep_weights/results_TA102_with_S9/artifacts/base/svm/scalers/svm_seed_11_skf_4_paras_19_kernel_rbf_C_1_gamma_1_scaler.joblib,11,4
svm_seed_12_skf_0_paras_19_kernel_rbf_C_1_gamma_1,svm,12_skf_0,131,3,15,3,0.882,0.829,0.167,0.978,0.5,0.897,0.25,0.239,/home/ubuntu/Desktop/DeepAmes_Full_STL_4_keep_weights/results_TA102_with_S9/artifacts/base/svm/estimators/svm_seed_12_skf_0_paras_19_kernel_rbf_C_1_gamma_1.joblib,"{""C"": 1, ""class_weight"": ""balanced"", ""gamma"": 1, ""kernel"": ""rbf"", ""probability"": true, ""random_state"": 1}",svm,19,/home/ubuntu/Desktop/DeepAmes_Full_STL_4_keep_weights/results_TA102_with_S9/artifacts/base/svm/scalers/svm_seed_12_skf_0_paras_19_kernel_rbf_C_1_gamma_1_scaler.joblib,12,0
svm_seed_12_skf_1_paras_19_kernel_rbf_C_1_gamma_1,svm,12_skf_1,133,1,16,2,0.888,0.848,0.111,0.993,0.667,0.893,0.19,0.241,/home/ubuntu/Desktop/DeepAmes_Full_STL_4_keep_weights/results_TA102_with_S9/artifacts/base/svm/estimators/svm_seed_12_skf_1_paras_19_kernel_rbf_C_1_gamma_1.joblib,"{""C"": 1, ""class_weight"": ""balanced"", ""gamma"": 1, ""kernel"": ""rbf"", ""probability"": true, ""random_state"": 1}",svm,19,/home/ubuntu/Desktop/DeepAmes_Full_STL_4_keep_weights/results_TA102_with_S9/artifacts/base/svm/scalers/svm_seed_12_skf_1_paras_19_kernel_rbf_C_1_gamma_1_scaler.joblib,12,1
svm_seed_12_skf_2_paras_19_kernel_rbf_C_1_gamma_1,svm,12_skf_2,132,2,16,2,0.882,0.803,0.111,0.985,0.5,0.892,0.182,0.194,/home/ubuntu/Desktop/DeepAmes_Full_STL_4_keep_weights/results_TA102_with_S9/artifacts/base/svm/estimators/svm_seed_12_skf_2_paras_19_kernel_rbf_C_1_gamma_1.joblib,"{""C"": 1, ""class_weight"": ""balanced"", ""gamma"": 1, ""kernel"": ""rbf"", ""probability"": true, ""random_state"": 1}",svm,19,/home/ubuntu/Desktop/DeepAmes_Full_STL_4_keep_weights/results_TA102_with_S9/artifacts/base/svm/scalers/svm_seed_12_skf_2_paras_19_kernel_rbf_C_1_gamma_1_scaler.joblib,12,2
svm_seed_12_skf_3_paras_19_kernel_rbf_C_1_gamma_1,svm,12_skf_3,132,2,17,1,0.875,0.838,0.056,0.985,0.333,0.886,0.095,0.094,/home/ubuntu/Desktop/DeepAmes_Full_STL_4_keep_weights/results_TA102_with_S9/artifacts/base/svm/estimators/svm_seed_12_skf_3_paras_19_kernel_rbf_C_1_gamma_1.joblib,"{""C"": 1, ""class_weight"": ""balanced"", ""gamma"": 1, ""kernel"": ""rbf"", ""probability"": true, ""random_state"": 1}",svm,19,/home/ubuntu/Desktop/DeepAmes_Full_STL_4_keep_weights/results_TA102_with_S9/artifacts/base/svm/scalers/svm_seed_12_skf_3_paras_19_kernel_rbf_C_1_gamma_1_scaler.joblib,12,3
svm_seed_12_skf_4_paras_19_kernel_rbf_C_1_gamma_1,svm,12_skf_4,131,3,16,2,0.875,0.826,0.111,0.978,0.4,0.891,0.174,0.161,/home/ubuntu/Desktop/DeepAmes_Full_STL_4_keep_weights/results_TA102_with_S9/artifacts/base/svm/estimators/svm_seed_12_skf_4_paras_19_kernel_rbf_C_1_gamma_1.joblib,"{""C"": 1, ""class_weight"": ""balanced"", ""gamma"": 1, ""kernel"": ""rbf"", ""probability"": true, ""random_state"": 1}",svm,19,/home/ubuntu/Desktop/DeepAmes_Full_STL_4_keep_weights/results_TA102_with_S9/artifacts/base/svm/scalers/svm_seed_12_skf_4_paras_19_kernel_rbf_C_1_gamma_1_scaler.joblib,12,4
svm_seed_13_skf_0_paras_19_kernel_rbf_C_1_gamma_1,svm,13_skf_0,132,2,15,3,0.888,0.834,0.167,0.985,0.6,0.898,0.261,0.275,/home/ubuntu/Desktop/DeepAmes_Full_STL_4_keep_weights/results_TA102_with_S9/artifacts/base/svm/estimators/svm_seed_13_skf_0_paras_19_kernel_rbf_C_1_gamma_1.joblib,"{""C"": 1, ""class_weight"": ""balanced"", ""gamma"": 1, ""kernel"": ""rbf"", ""probability"": true, ""random_state"": 1}",svm,19,/home/ubuntu/Desktop/DeepAmes_Full_STL_4_keep_weights/results_TA102_with_S9/artifacts/base/svm/scalers/svm_seed_13_skf_0_paras_19_kernel_rbf_C_1_gamma_1_scaler.joblib,13,0
svm_seed_13_skf_1_paras_19_kernel_rbf_C_1_gamma_1,svm,13_skf_1,132,2,16,2,0.882,0.838,0.111,0.985,0.5,0.892,0.182,0.194,/home/ubuntu/Desktop/DeepAmes_Full_STL_4_keep_weights/results_TA102_with_S9/artifacts/base/svm/estimators/svm_seed_13_skf_1_paras_19_kernel_rbf_C_1_gamma_1.joblib,"{""C"": 1, ""class_weight"": ""balanced"", ""gamma"": 1, ""kernel"": ""rbf"", ""probability"": true, ""random_state"": 1}",svm,19,/home/ubuntu/Desktop/DeepAmes_Full_STL_4_keep_weights/results_TA102_with_S9/artifacts/base/svm/scalers/svm_seed_13_skf_1_paras_19_kernel_rbf_C_1_gamma_1_scaler.joblib,13,1
svm_seed_13_skf_2_paras_19_kernel_rbf_C_1_gamma_1,svm,13_skf_2,132,2,16,2,0.882,0.823,0.111,0.985,0.5,0.892,0.182,0.194,/home/ubuntu/Desktop/DeepAmes_Full_STL_4_keep_weights/results_TA102_with_S9/artifacts/base/svm/estimators/svm_seed_13_skf_2_paras_19_kernel_rbf_C_1_gamma_1.joblib,"{""C"": 1, ""class_weight"": ""balanced"", ""gamma"": 1, ""kernel"": ""rbf"", ""probability"": true, ""random_state"": 1}",svm,19,/home/ubuntu/Desktop/DeepAmes_Full_STL_4_keep_weights/results_TA102_with_S9/artifacts/base/svm/scalers/svm_seed_13_skf_2_paras_19_kernel_rbf_C_1_gamma_1_scaler.joblib,13,2
svm_seed_13_skf_3_paras_19_kernel_rbf_C_1_gamma_1,svm,13_skf_3,133,1,16,2,0.888,0.825,0.111,0.993,0.667,0.893,0.19,0.241,/home/ubuntu/Desktop/DeepAmes_Full_STL_4_keep_weights/results_TA102_with_S9/artifacts/base/svm/estimators/svm_seed_13_skf_3_paras_19_kernel_rbf_C_1_gamma_1.joblib,"{""C"": 1, ""class_weight"": ""balanced"", ""gamma"": 1, ""kernel"": ""rbf"", ""probability"": true, ""random_state"": 1}",svm,19,/home/ubuntu/Desktop/DeepAmes_Full_STL_4_keep_weights/results_TA102_with_S9/artifacts/base/svm/scalers/svm_seed_13_skf_3_paras_19_kernel_rbf_C_1_gamma_1_scaler.joblib,13,3
svm_seed_13_skf_4_paras_19_kernel_rbf_C_1_gamma_1,svm,13_skf_4,130,4,16,2,0.868,0.837,0.111,0.97,0.333,0.89,0.167,0.135,/home/ubuntu/Desktop/DeepAmes_Full_STL_4_keep_weights/results_TA102_with_S9/artifacts/base/svm/estimators/svm_seed_13_skf_4_paras_19_kernel_rbf_C_1_gamma_1.joblib,"{""C"": 1, ""class_weight"": ""balanced"", ""gamma"": 1, ""kernel"": ""rbf"", ""probability"": true, ""random_state"": 1}",svm,19,/home/ubuntu/Desktop/DeepAmes_Full_STL_4_keep_weights/results_TA102_with_S9/artifacts/base/svm/scalers/svm_seed_13_skf_4_paras_19_kernel_rbf_C_1_gamma_1_scaler.joblib,13,4
svm_seed_14_skf_0_paras_19_kernel_rbf_C_1_gamma_1,svm,14_skf_0,132,2,16,2,0.882,0.806,0.111,0.985,0.5,0.892,0.182,0.194,/home/ubuntu/Desktop/DeepAmes_Full_STL_4_keep_weights/results_TA102_with_S9/artifacts/base/svm/estimators/svm_seed_14_skf_0_paras_19_kernel_rbf_C_1_gamma_1.joblib,"{""C"": 1, ""class_weight"": ""balanced"", ""gamma"": 1, ""kernel"": ""rbf"", ""probability"": true, ""random_state"": 1}",svm,19,/home/ubuntu/Desktop/DeepAmes_Full_STL_4_keep_weights/results_TA102_with_S9/artifacts/base/svm/scalers/svm_seed_14_skf_0_paras_19_kernel_rbf_C_1_gamma_1_scaler.joblib,14,0
svm_seed_14_skf_1_paras_19_kernel_rbf_C_1_gamma_1,svm,14_skf_1,132,2,16,2,0.882,0.784,0.111,0.985,0.5,0.892,0.182,0.194,/home/ubuntu/Desktop/DeepAmes_Full_STL_4_keep_weights/results_TA102_with_S9/artifacts/base/svm/estimators/svm_seed_14_skf_1_paras_19_kernel_rbf_C_1_gamma_1.joblib,"{""C"": 1, ""class_weight"": ""balanced"", ""gamma"": 1, ""kernel"": ""rbf"", ""probability"": true, ""random_state"": 1}",svm,19,/home/ubuntu/Desktop/DeepAmes_Full_STL_4_keep_weights/results_TA102_with_S9/artifacts/base/svm/scalers/svm_seed_14_skf_1_paras_19_kernel_rbf_C_1_gamma_1_scaler.joblib,14,1
svm_seed_14_skf_2_paras_19_kernel_rbf_C_1_gamma_1,svm,14_skf_2,134,0,16,2,0.895,0.85,0.111,1.0,1.0,0.893,0.2,0.315,/home/ubuntu/Desktop/DeepAmes_Full_STL_4_keep_weights/results_TA102_with_S9/artifacts/base/svm/estimators/svm_seed_14_skf_2_paras_19_kernel_rbf_C_1_gamma_1.joblib,"{""C"": 1, ""class_weight"": ""balanced"", ""gamma"": 1, ""kernel"": ""rbf"", ""probability"": true, ""random_state"": 1}",svm,19,/home/ubuntu/Desktop/DeepAmes_Full_STL_4_keep_weights/results_TA102_with_S9/artifacts/base/svm/scalers/svm_seed_14_skf_2_paras_19_kernel_rbf_C_1_gamma_1_scaler.joblib,14,2
svm_seed_14_skf_3_paras_19_kernel_rbf_C_1_gamma_1,svm,14_skf_3,132,2,17,1,0.875,0.839,0.056,0.985,0.333,0.886,0.095,0.094,/home/ubuntu/Desktop/DeepAmes_Full_STL_4_keep_weights/results_TA102_with_S9/artifacts/base/svm/estimators/svm_seed_14_skf_3_paras_19_kernel_rbf_C_1_gamma_1.joblib,"{""C"": 1, ""class_weight"": ""balanced"", ""gamma"": 1, ""kernel"": ""rbf"", ""probability"": true, ""random_state"": 1}",svm,19,/home/ubuntu/Desktop/DeepAmes_Full_STL_4_keep_weights/results_TA102_with_S9/artifacts/base/svm/scalers/svm_seed_14_skf_3_paras_19_kernel_rbf_C_1_gamma_1_scaler.joblib,14,3
svm_seed_14_skf_4_paras_19_kernel_rbf_C_1_gamma_1,svm,14_skf_4,129,5,15,3,0.868,0.844,0.167,0.963,0.375,0.896,0.231,0.187,/home/ubuntu/Desktop/DeepAmes_Full_STL_4_keep_weights/results_TA102_with_S9/artifacts/base/svm/estimators/svm_seed_14_skf_4_paras_19_kernel_rbf_C_1_gamma_1.joblib,"{""C"": 1, ""class_weight"": ""balanced"", ""gamma"": 1, ""kernel"": ""rbf"", ""probability"": true, ""random_state"": 1}",svm,19,/home/ubuntu/Desktop/DeepAmes_Full_STL_4_keep_weights/results_TA102_with_S9/artifacts/base/svm/scalers/svm_seed_14_skf_4_paras_19_kernel_rbf_C_1_gamma_1_scaler.joblib,14,4
svm_seed_15_skf_0_paras_19_kernel_rbf_C_1_gamma_1,svm,15_skf_0,130,4,15,3,0.875,0.834,0.167,0.97,0.429,0.897,0.24,0.211,/home/ubuntu/Desktop/DeepAmes_Full_STL_4_keep_weights/results_TA102_with_S9/artifacts/base/svm/estimators/svm_seed_15_skf_0_paras_19_kernel_rbf_C_1_gamma_1.joblib,"{""C"": 1, ""class_weight"": ""balanced"", ""gamma"": 1, ""kernel"": ""rbf"", ""probability"": true, ""random_state"": 1}",svm,19,/home/ubuntu/Desktop/DeepAmes_Full_STL_4_keep_weights/results_TA102_with_S9/artifacts/base/svm/scalers/svm_seed_15_skf_0_paras_19_kernel_rbf_C_1_gamma_1_scaler.joblib,15,0
svm_seed_15_skf_1_paras_19_kernel_rbf_C_1_gamma_1,svm,15_skf_1,131,3,16,2,0.875,0.782,0.111,0.978,0.4,0.891,0.174,0.161,/home/ubuntu/Desktop/DeepAmes_Full_STL_4_keep_weights/results_TA102_with_S9/artifacts/base/svm/estimators/svm_seed_15_skf_1_paras_19_kernel_rbf_C_1_gamma_1.joblib,"{""C"": 1, ""class_weight"": ""balanced"", ""gamma"": 1, ""kernel"": ""rbf"", ""probability"": true, ""random_state"": 1}",svm,19,/home/ubuntu/Desktop/DeepAmes_Full_STL_4_keep_weights/results_TA102_with_S9/artifacts/base/svm/scalers/svm_seed_15_skf_1_paras_19_kernel_rbf_C_1_gamma_1_scaler.joblib,15,1
svm_seed_15_skf_2_paras_19_kernel_rbf_C_1_gamma_1,svm,15_skf_2,132,2,17,1,0.875,0.828,0.056,0.985,0.333,0.886,0.095,0.094,/home/ubuntu/Desktop/DeepAmes_Full_STL_4_keep_weights/results_TA102_with_S9/artifacts/base/svm/estimators/svm_seed_15_skf_2_paras_19_kernel_rbf_C_1_gamma_1.joblib,"{""C"": 1, ""class_weight"": ""balanced"", ""gamma"": 1, ""kernel"": ""rbf"", ""probability"": true, ""random_state"": 1}",svm,19,/home/ubuntu/Desktop/DeepAmes_Full_STL_4_keep_weights/results_TA102_with_S9/artifacts/base/svm/scalers/svm_seed_15_skf_2_paras_19_kernel_rbf_C_1_gamma_1_scaler.joblib,15,2
svm_seed_15_skf_3_paras_19_kernel_rbf_C_1_gamma_1,svm,15_skf_3,132,2,15,3,0.888,0.794,0.167,0.985,0.6,0.898,0.261,0.275,/home/ubuntu/Desktop/DeepAmes_Full_STL_4_keep_weights/results_TA102_with_S9/artifacts/base/svm/estimators/svm_seed_15_skf_3_paras_19_kernel_rbf_C_1_gamma_1.joblib,"{""C"": 1, ""class_weight"": ""balanced"", ""gamma"": 1, ""kernel"": ""rbf"", ""probability"": true, ""random_state"": 1}",svm,19,/home/ubuntu/Desktop/DeepAmes_Full_STL_4_keep_weights/results_TA102_with_S9/artifacts/base/svm/scalers/svm_seed_15_skf_3_paras_19_kernel_rbf_C_1_gamma_1_scaler.joblib,15,3
svm_seed_15_skf_4_paras_19_kernel_rbf_C_1_gamma_1,svm,15_skf_4,132,2,16,2,0.882,0.824,0.111,0.985,0.5,0.892,0.182,0.194,/home/ubuntu/Desktop/DeepAmes_Full_STL_4_keep_weights/results_TA102_with_S9/artifacts/base/svm/estimators/svm_seed_15_skf_4_paras_19_kernel_rbf_C_1_gamma_1.joblib,"{""C"": 1, ""class_weight"": ""balanced"", ""gamma"": 1, ""kernel"": ""rbf"", ""probability"": true, ""random_state"": 1}",svm,19,/home/ubuntu/Desktop/DeepAmes_Full_STL_4_keep_weights/results_TA102_with_S9/artifacts/base/svm/scalers/svm_seed_15_skf_4_paras_19_kernel_rbf_C_1_gamma_1_scaler.joblib,15,4
svm_seed_16_skf_0_paras_19_kernel_rbf_C_1_gamma_1,svm,16_skf_0,129,5,15,3,0.868,0.852,0.167,0.963,0.375,0.896,0.231,0.187,/home/ubuntu/Desktop/DeepAmes_Full_STL_4_keep_weights/results_TA102_with_S9/artifacts/base/svm/estimators/svm_seed_16_skf_0_paras_19_kernel_rbf_C_1_gamma_1.joblib,"{""C"": 1, ""class_weight"": ""balanced"", ""gamma"": 1, ""kernel"": ""rbf"", ""probability"": true, ""random_state"": 1}",svm,19,/home/ubuntu/Desktop/DeepAmes_Full_STL_4_keep_weights/results_TA102_with_S9/artifacts/base/svm/scalers/svm_seed_16_skf_0_paras_19_kernel_rbf_C_1_gamma_1_scaler.joblib,16,0
svm_seed_16_skf_1_paras_19_kernel_rbf_C_1_gamma_1,svm,16_skf_1,131,3,15,3,0.882,0.815,0.167,0.978,0.5,0.897,0.25,0.239,/home/ubuntu/Desktop/DeepAmes_Full_STL_4_keep_weights/results_TA102_with_S9/artifacts/base/svm/estimators/svm_seed_16_skf_1_paras_19_kernel_rbf_C_1_gamma_1.joblib,"{""C"": 1, ""class_weight"": ""balanced"", ""gamma"": 1, ""kernel"": ""rbf"", ""probability"": true, ""random_state"": 1}",svm,19,/home/ubuntu/Desktop/DeepAmes_Full_STL_4_keep_weights/results_TA102_with_S9/artifacts/base/svm/scalers/svm_seed_16_skf_1_paras_19_kernel_rbf_C_1_gamma_1_scaler.joblib,16,1
svm_seed_16_skf_2_paras_19_kernel_rbf_C_1_gamma_1,svm,16_skf_2,130,4,15,3,0.875,0.837,0.167,0.97,0.429,0.897,0.24,0.211,/home/ubuntu/Desktop/DeepAmes_Full_STL_4_keep_weights/results_TA102_with_S9/artifacts/base/svm/estimators/svm_seed_16_skf_2_paras_19_kernel_rbf_C_1_gamma_1.joblib,"{""C"": 1, ""class_weight"": ""balanced"", ""gamma"": 1, ""kernel"": ""rbf"", ""probability"": true, ""random_state"": 1}",svm,19,/home/ubuntu/Desktop/DeepAmes_Full_STL_4_keep_weights/results_TA102_with_S9/artifacts/base/svm/scalers/svm_seed_16_skf_2_paras_19_kernel_rbf_C_1_gamma_1_scaler.joblib,16,2
svm_seed_17_skf_0_paras_19_kernel_rbf_C_1_gamma_1,svm,17_skf_0,132,2,16,2,0.882,0.852,0.111,0.985,0.5,0.892,0.182,0.194,/home/ubuntu/Desktop/DeepAmes_Full_STL_4_keep_weights/results_TA102_with_S9/artifacts/base/svm/estimators/svm_seed_17_skf_0_paras_19_kernel_rbf_C_1_gamma_1.joblib,"{""C"": 1, ""class_weight"": ""balanced"", ""gamma"": 1, ""kernel"": ""rbf"", ""probability"": true, ""random_state"": 1}",svm,19,/home/ubuntu/Desktop/DeepAmes_Full_STL_4_keep_weights/results_TA102_with_S9/artifacts/base/svm/scalers/svm_seed_17_skf_0_paras_19_kernel_rbf_C_1_gamma_1_scaler.joblib,17,0
svm_seed_17_skf_1_paras_19_kernel_rbf_C_1_gamma_1,svm,17_skf_1,132,2,16,2,0.882,0.812,0.111,0.985,0.5,0.892,0.182,0.194,/home/ubuntu/Desktop/DeepAmes_Full_STL_4_keep_weights/results_TA102_with_S9/artifacts/base/svm/estimators/svm_seed_17_skf_1_paras_19_kernel_rbf_C_1_gamma_1.joblib,"{""C"": 1, ""class_weight"": ""balanced"", ""gamma"": 1, ""kernel"": ""rbf"", ""probability"": true, ""random_state"": 1}",svm,19,/home/ubuntu/Desktop/DeepAmes_Full_STL_4_keep_weights/results_TA102_with_S9/artifacts/base/svm/scalers/svm_seed_17_skf_1_paras_19_kernel_rbf_C_1_gamma_1_scaler.joblib,17,1
svm_seed_17_skf_2_paras_19_kernel_rbf_C_1_gamma_1,svm,17_skf_2,133,1,17,1,0.882,0.789,0.056,0.993,0.5,0.887,0.1,0.136,/home/ubuntu/Desktop/DeepAmes_Full_STL_4_keep_weights/results_TA102_with_S9/artifacts/base/svm/estimators/svm_seed_17_skf_2_paras_19_kernel_rbf_C_1_gamma_1.joblib,"{""C"": 1, ""class_weight"": ""balanced"", ""gamma"": 1, ""kernel"": ""rbf"", ""probability"": true, ""random_state"": 1}",svm,19,/home/ubuntu/Desktop/DeepAmes_Full_STL_4_keep_weights/results_TA102_with_S9/artifacts/base/svm/scalers/svm_seed_17_skf_2_paras_19_kernel_rbf_C_1_gamma_1_scaler.joblib,17,2
svm_seed_17_skf_3_paras_19_kernel_rbf_C_1_gamma_1,svm,17_skf_3,131,3,16,2,0.875,0.84,0.111,0.978,0.4,0.891,0.174,0.161,/home/ubuntu/Desktop/DeepAmes_Full_STL_4_keep_weights/results_TA102_with_S9/artifacts/base/svm/estimators/svm_seed_17_skf_3_paras_19_kernel_rbf_C_1_gamma_1.joblib,"{""C"": 1, ""class_weight"": ""balanced"", ""gamma"": 1, ""kernel"": ""rbf"", ""probability"": true, ""random_state"": 1}",svm,19,/home/ubuntu/Desktop/DeepAmes_Full_STL_4_keep_weights/results_TA102_with_S9/artifacts/base/svm/scalers/svm_seed_17_skf_3_paras_19_kernel_rbf_C_1_gamma_1_scaler.joblib,17,3
svm_seed_17_skf_4_paras_19_kernel_rbf_C_1_gamma_1,svm,17_skf_4,131,3,15,3,0.882,0.852,0.167,0.978,0.5,0.897,0.25,0.239,/home/ubuntu/Desktop/DeepAmes_Full_STL_4_keep_weights/results_TA102_with_S9/artifacts/base/svm/estimators/svm_seed_17_skf_4_paras_19_kernel_rbf_C_1_gamma_1.joblib,"{""C"": 1, ""class_weight"": ""balanced"", ""gamma"": 1, ""kernel"": ""rbf"", ""probability"": true, ""random_state"": 1}",svm,19,/home/ubuntu/Desktop/DeepAmes_Full_STL_4_keep_weights/results_TA102_with_S9/artifacts/base/svm/scalers/svm_seed_17_skf_4_paras_19_kernel_rbf_C_1_gamma_1_scaler.joblib,17,4
svm_seed_18_skf_0_paras_19_kernel_rbf_C_1_gamma_1,svm,18_skf_0,130,4,15,3,0.875,0.833,0.167,0.97,0.429,0.897,0.24,0.211,/home/ubuntu/Desktop/DeepAmes_Full_STL_4_keep_weights/results_TA102_with_S9/artifacts/base/svm/estimators/svm_seed_18_skf_0_paras_19_kernel_rbf_C_1_gamma_1.joblib,"{""C"": 1, ""class_weight"": ""balanced"", ""gamma"": 1, ""kernel"": ""rbf"", ""probability"": true, ""random_state"": 1}",svm,19,/home/ubuntu/Desktop/DeepAmes_Full_STL_4_keep_weights/results_TA102_with_S9/artifacts/base/svm/scalers/svm_seed_18_skf_0_paras_19_kernel_rbf_C_1_gamma_1_scaler.joblib,18,0
svm_seed_18_skf_1_paras_19_kernel_rbf_C_1_gamma_1,svm,18_skf_1,132,2,15,3,0.888,0.846,0.167,0.985,0.6,0.898,0.261,0.275,/home/ubuntu/Desktop/DeepAmes_Full_STL_4_keep_weights/results_TA102_with_S9/artifacts/base/svm/estimators/svm_seed_18_skf_1_paras_19_kernel_rbf_C_1_gamma_1.joblib,"{""C"": 1, ""class_weight"": ""balanced"", ""gamma"": 1, ""kernel"": ""rbf"", ""probability"": true, ""random_state"": 1}",svm,19,/home/ubuntu/Desktop/DeepAmes_Full_STL_4_keep_weights/results_TA102_with_S9/artifacts/base/svm/scalers/svm_seed_18_skf_1_paras_19_kernel_rbf_C_1_gamma_1_scaler.joblib,18,1
svm_seed_18_skf_2_paras_19_kernel_rbf_C_1_gamma_1,svm,18_skf_2,133,1,17,1,0.882,0.812,0.056,0.993,0.5,0.887,0.1,0.136,/home/ubuntu/Desktop/DeepAmes_Full_STL_4_keep_weights/results_TA102_with_S9/artifacts/base/svm/estimators/svm_seed_18_skf_2_paras_19_kernel_rbf_C_1_gamma_1.joblib,"{""C"": 1, ""class_weight"": ""balanced"", ""gamma"": 1, ""kernel"": ""rbf"", ""probability"": true, ""random_state"": 1}",svm,19,/home/ubuntu/Desktop/DeepAmes_Full_STL_4_keep_weights/results_TA102_with_S9/artifacts/base/svm/scalers/svm_seed_18_skf_2_paras_19_kernel_rbf_C_1_gamma_1_scaler.joblib,18,2
svm_seed_18_skf_3_paras_19_kernel_rbf_C_1_gamma_1,svm,18_skf_3,130,4,15,3,0.875,0.826,0.167,0.97,0.429,0.897,0.24,0.211,/home/ubuntu/Desktop/DeepAmes_Full_STL_4_keep_weights/results_TA102_with_S9/artifacts/base/svm/estimators/svm_seed_18_skf_3_paras_19_kernel_rbf_C_1_gamma_1.joblib,"{""C"": 1, ""class_weight"": ""balanced"", ""gamma"": 1, ""kernel"": ""rbf"", ""probability"": true, ""random_state"": 1}",svm,19,/home/ubuntu/Desktop/DeepAmes_Full_STL_4_keep_weights/results_TA102_with_S9/artifacts/base/svm/scalers/svm_seed_18_skf_3_paras_19_kernel_rbf_C_1_gamma_1_scaler.joblib,18,3
svm_seed_18_skf_4_paras_19_kernel_rbf_C_1_gamma_1,svm,18_skf_4,133,1,16,2,0.888,0.806,0.111,0.993,0.667,0.893,0.19,0.241,/home/ubuntu/Desktop/DeepAmes_Full_STL_4_keep_weights/results_TA102_with_S9/artifacts/base/svm/estimators/svm_seed_18_skf_4_paras_19_kernel_rbf_C_1_gamma_1.joblib,"{""C"": 1, ""class_weight"": ""balanced"", ""gamma"": 1, ""kernel"": ""rbf"", ""probability"": true, ""random_state"": 1}",svm,19,/home/ubuntu/Desktop/DeepAmes_Full_STL_4_keep_weights/results_TA102_with_S9/artifacts/base/svm/scalers/svm_seed_18_skf_4_paras_19_kernel_rbf_C_1_gamma_1_scaler.joblib,18,4
svm_seed_19_skf_0_paras_19_kernel_rbf_C_1_gamma_1,svm,19_skf_0,130,4,16,2,0.868,0.837,0.111,0.97,0.333,0.89,0.167,0.135,/home/ubuntu/Desktop/DeepAmes_Full_STL_4_keep_weights/results_TA102_with_S9/artifacts/base/svm/estimators/svm_seed_19_skf_0_paras_19_kernel_rbf_C_1_gamma_1.joblib,"{""C"": 1, ""class_weight"": ""balanced"", ""gamma"": 1, ""kernel"": ""rbf"", ""probability"": true, ""random_state"": 1}",svm,19,/home/ubuntu/Desktop/DeepAmes_Full_STL_4_keep_weights/results_TA102_with_S9/artifacts/base/svm/scalers/svm_seed_19_skf_0_paras_19_kernel_rbf_C_1_gamma_1_scaler.joblib,19,0
svm_seed_19_skf_1_paras_19_kernel_rbf_C_1_gamma_1,svm,19_skf_1,132,2,16,2,0.882,0.822,0.111,0.985,0.5,0.892,0.182,0.194,/home/ubuntu/Desktop/DeepAmes_Full_STL_4_keep_weights/results_TA102_with_S9/artifacts/base/svm/estimators/svm_seed_19_skf_1_paras_19_kernel_rbf_C_1_gamma_1.joblib,"{""C"": 1, ""class_weight"": ""balanced"", ""gamma"": 1, ""kernel"": ""rbf"", ""probability"": true, ""random_state"": 1}",svm,19,/home/ubuntu/Desktop/DeepAmes_Full_STL_4_keep_weights/results_TA102_with_S9/artifacts/base/svm/scalers/svm_seed_19_skf_1_paras_19_kernel_rbf_C_1_gamma_1_scaler.joblib,19,1
svm_seed_19_skf_2_paras_19_kernel_rbf_C_1_gamma_1,svm,19_skf_2,130,4,16,2,0.868,0.796,0.111,0.97,0.333,0.89,0.167,0.135,/home/ubuntu/Desktop/DeepAmes_Full_STL_4_keep_weights/results_TA102_with_S9/artifacts/base/svm/estimators/svm_seed_19_skf_2_paras_19_kernel_rbf_C_1_gamma_1.joblib,"{""C"": 1, ""class_weight"": ""balanced"", ""gamma"": 1, ""kernel"": ""rbf"", ""probability"": true, ""random_state"": 1}",svm,19,/home/ubuntu/Desktop/DeepAmes_Full_STL_4_keep_weights/results_TA102_with_S9/artifacts/base/svm/scalers/svm_seed_19_skf_2_paras_19_kernel_rbf_C_1_gamma_1_scaler.joblib,19,2
svm_seed_19_skf_3_paras_19_kernel_rbf_C_1_gamma_1,svm,19_skf_3,132,2,17,1,0.875,0.792,0.056,0.985,0.333,0.886,0.095,0.094,/home/ubuntu/Desktop/DeepAmes_Full_STL_4_keep_weights/results_TA102_with_S9/artifacts/base/svm/estimators/svm_seed_19_skf_3_paras_19_kernel_rbf_C_1_gamma_1.joblib,"{""C"": 1, ""class_weight"": ""balanced"", ""gamma"": 1, ""kernel"": ""rbf"", ""probability"": true, ""random_state"": 1}",svm,19,/home/ubuntu/Desktop/DeepAmes_Full_STL_4_keep_weights/results_TA102_with_S9/artifacts/base/svm/scalers/svm_seed_19_skf_3_paras_19_kernel_rbf_C_1_gamma_1_scaler.joblib,19,3
svm_seed_19_skf_4_paras_19_kernel_rbf_C_1_gamma_1,svm,19_skf_4,132,2,15,3,0.888,0.855,0.167,0.985,0.6,0.898,0.261,0.275,/home/ubuntu/Desktop/DeepAmes_Full_STL_4_keep_weights/results_TA102_with_S9/artifacts/base/svm/estimators/svm_seed_19_skf_4_paras_19_kernel_rbf_C_1_gamma_1.joblib,"{""C"": 1, ""class_weight"": ""balanced"", ""gamma"": 1, ""kernel"": ""rbf"", ""probability"": true, ""random_state"": 1}",svm,19,/home/ubuntu/Desktop/DeepAmes_Full_STL_4_keep_weights/results_TA102_with_S9/artifacts/base/svm/scalers/svm_seed_19_skf_4_paras_19_kernel_rbf_C_1_gamma_1_scaler.joblib,19,4
lr_seed_0_skf_1_paras_22_C_100_weight_None_solver_lbfgs,lr,0_skf_1,125,9,11,7,0.868,0.803,0.389,0.933,0.438,0.919,0.412,0.339,/home/ubuntu/Desktop/DeepAmes_Full_STL_4_keep_weights/results_TA102_with_S9/artifacts/base/lr/estimators/lr_seed_0_skf_1_paras_22_C_100_weight_None_solver_lbfgs.joblib,"{""C"": 100, ""class_weight"": null, ""max_iter"": 300, ""random_state"": 1, ""solver"": ""lbfgs""}",lr,22,/home/ubuntu/Desktop/DeepAmes_Full_STL_4_keep_weights/results_TA102_with_S9/artifacts/base/lr/scalers/lr_seed_0_skf_1_paras_22_C_100_weight_None_solver_lbfgs_scaler.joblib,0,1
lr_seed_0_skf_2_paras_22_C_100_weight_None_solver_lbfgs,lr,0_skf_2,124,10,10,8,0.868,0.755,0.444,0.925,0.444,0.925,0.444,0.37,/home/ubuntu/Desktop/DeepAmes_Full_STL_4_keep_weights/results_TA102_with_S9/artifacts/base/lr/estimators/lr_seed_0_skf_2_paras_22_C_100_weight_None_solver_lbfgs.joblib,"{""C"": 100, ""class_weight"": null, ""max_iter"": 300, ""random_state"": 1, ""solver"": ""lbfgs""}",lr,22,/home/ubuntu/Desktop/DeepAmes_Full_STL_4_keep_weights/results_TA102_with_S9/artifacts/base/lr/scalers/lr_seed_0_skf_2_paras_22_C_100_weight_None_solver_lbfgs_scaler.joblib,0,2
lr_seed_0_skf_3_paras_22_C_100_weight_None_solver_lbfgs,lr,0_skf_3,127,7,11,7,0.882,0.715,0.389,0.948,0.5,0.92,0.438,0.376,/home/ubuntu/Desktop/DeepAmes_Full_STL_4_keep_weights/results_TA102_with_S9/artifacts/base/lr/estimators/lr_seed_0_skf_3_paras_22_C_100_weight_None_solver_lbfgs.joblib,"{""C"": 100, ""class_weight"": null, ""max_iter"": 300, ""random_state"": 1, ""solver"": ""lbfgs""}",lr,22,/home/ubuntu/Desktop/DeepAmes_Full_STL_4_keep_weights/results_TA102_with_S9/artifacts/base/lr/scalers/lr_seed_0_skf_3_paras_22_C_100_weight_None_solver_lbfgs_scaler.joblib,0,3
lr_seed_0_skf_4_paras_22_C_100_weight_None_solver_lbfgs,lr,0_skf_4,128,6,14,4,0.868,0.689,0.222,0.955,0.4,0.901,0.286,0.231,/home/ubuntu/Desktop/DeepAmes_Full_STL_4_keep_weights/results_TA102_with_S9/artifacts/base/lr/estimators/lr_seed_0_skf_4_paras_22_C_100_weight_None_solver_lbfgs.joblib,"{""C"": 100, ""class_weight"": null, ""max_iter"": 300, ""random_state"": 1, ""solver"": ""lbfgs""}",lr,22,/home/ubuntu/Desktop/DeepAmes_Full_STL_4_keep_weights/results_TA102_with_S9/artifacts/base/lr/scalers/lr_seed_0_skf_4_paras_22_C_100_weight_None_solver_lbfgs_scaler.joblib,0,4
lr_seed_1_skf_0_paras_22_C_100_weight_None_solver_lbfgs,lr,1_skf_0,124,10,9,9,0.875,0.807,0.5,0.925,0.474,0.932,0.486,0.416,/home/ubuntu/Desktop/DeepAmes_Full_STL_4_keep_weights/results_TA102_with_S9/artifacts/base/lr/estimators/lr_seed_1_skf_0_paras_22_C_100_weight_None_solver_lbfgs.joblib,"{""C"": 100, ""class_weight"": null, ""max_iter"": 300, ""random_state"": 1, ""solver"": ""lbfgs""}",lr,22,/home/ubuntu/Desktop/DeepAmes_Full_STL_4_keep_weights/results_TA102_with_S9/artifacts/base/lr/scalers/lr_seed_1_skf_0_paras_22_C_100_weight_None_solver_lbfgs_scaler.joblib,1,0
lr_seed_1_skf_1_paras_22_C_100_weight_None_solver_lbfgs,lr,1_skf_1,124,10,9,9,0.875,0.718,0.5,0.925,0.474,0.932,0.486,0.416,/home/ubuntu/Desktop/DeepAmes_Full_STL_4_keep_weights/results_TA102_with_S9/artifacts/base/lr/estimators/lr_seed_1_skf_1_paras_22_C_100_weight_None_solver_lbfgs.joblib,"{""C"": 100, ""class_weight"": null, ""max_iter"": 300, ""random_state"": 1, ""solver"": ""lbfgs""}",lr,22,/home/ubuntu/Desktop/DeepAmes_Full_STL_4_keep_weights/results_TA102_with_S9/artifacts/base/lr/scalers/lr_seed_1_skf_1_paras_22_C_100_weight_None_solver_lbfgs_scaler.joblib,1,1
lr_seed_1_skf_2_paras_22_C_100_weight_None_solver_lbfgs,lr,1_skf_2,123,11,10,8,0.862,0.726,0.444,0.918,0.421,0.925,0.432,0.354,/home/ubuntu/Desktop/DeepAmes_Full_STL_4_keep_weights/results_TA102_with_S9/artifacts/base/lr/estimators/lr_seed_1_skf_2_paras_22_C_100_weight_None_solver_lbfgs.joblib,"{""C"": 100, ""class_weight"": null, ""max_iter"": 300, ""random_state"": 1, ""solver"": ""lbfgs""}",lr,22,/home/ubuntu/Desktop/DeepAmes_Full_STL_4_keep_weights/results_TA102_with_S9/artifacts/base/lr/scalers/lr_seed_1_skf_2_paras_22_C_100_weight_None_solver_lbfgs_scaler.joblib,1,2
lr_seed_1_skf_3_paras_22_C_100_weight_None_solver_lbfgs,lr,1_skf_3,130,4,13,5,0.888,0.759,0.278,0.97,0.556,0.909,0.37,0.339,/home/ubuntu/Desktop/DeepAmes_Full_STL_4_keep_weights/results_TA102_with_S9/artifacts/base/lr/estimators/lr_seed_1_skf_3_paras_22_C_100_weight_None_solver_lbfgs.joblib,"{""C"": 100, ""class_weight"": null, ""max_iter"": 300, ""random_state"": 1, ""solver"": ""lbfgs""}",lr,22,/home/ubuntu/Desktop/DeepAmes_Full_STL_4_keep_weights/results_TA102_with_S9/artifacts/base/lr/scalers/lr_seed_1_skf_3_paras_22_C_100_weight_None_solver_lbfgs_scaler.joblib,1,3
lr_seed_1_skf_4_paras_22_C_100_weight_None_solver_lbfgs,lr,1_skf_4,127,7,11,7,0.882,0.772,0.389,0.948,0.5,0.92,0.438,0.376,/home/ubuntu/Desktop/DeepAmes_Full_STL_4_keep_weights/results_TA102_with_S9/artifacts/base/lr/estimators/lr_seed_1_skf_4_paras_22_C_100_weight_None_solver_lbfgs.joblib,"{""C"": 100, ""class_weight"": null, ""max_iter"": 300, ""random_state"": 1, ""solver"": ""lbfgs""}",lr,22,/home/ubuntu/Desktop/DeepAmes_Full_STL_4_keep_weights/results_TA102_with_S9/artifacts/base/lr/scalers/lr_seed_1_skf_4_paras_22_C_100_weight_None_solver_lbfgs_scaler.joblib,1,4
lr_seed_2_skf_0_paras_22_C_100_weight_None_solver_lbfgs,lr,2_skf_0,128,6,11,7,0.888,0.755,0.389,0.955,0.538,0.921,0.452,0.398,/home/ubuntu/Desktop/DeepAmes_Full_STL_4_keep_weights/results_TA102_with_S9/artifacts/base/lr/estimators/lr_seed_2_skf_0_paras_22_C_100_weight_None_solver_lbfgs.joblib,"{""C"": 100, ""class_weight"": null, ""max_iter"": 300, ""random_state"": 1, ""solver"": ""lbfgs""}",lr,22,/home/ubuntu/Desktop/DeepAmes_Full_STL_4_keep_weights/results_TA102_with_S9/artifacts/base/lr/scalers/lr_seed_2_skf_0_paras_22_C_100_weight_None_solver_lbfgs_scaler.joblib,2,0
lr_seed_2_skf_2_paras_22_C_100_weight_None_solver_lbfgs,lr,2_skf_2,125,9,13,5,0.855,0.752,0.278,0.933,0.357,0.906,0.313,0.235,/home/ubuntu/Desktop/DeepAmes_Full_STL_4_keep_weights/results_TA102_with_S9/artifacts/base/lr/estimators/lr_seed_2_skf_2_paras_22_C_100_weight_None_solver_lbfgs.joblib,"{""C"": 100, ""class_weight"": null, ""max_iter"": 300, ""random_state"": 1, ""solver"": ""lbfgs""}",lr,22,/home/ubuntu/Desktop/DeepAmes_Full_STL_4_keep_weights/results_TA102_with_S9/artifacts/base/lr/scalers/lr_seed_2_skf_2_paras_22_C_100_weight_None_solver_lbfgs_scaler.joblib,2,2
lr_seed_2_skf_4_paras_22_C_100_weight_None_solver_lbfgs,lr,2_skf_4,129,5,13,5,0.882,0.764,0.278,0.963,0.5,0.908,0.357,0.313,/home/ubuntu/Desktop/DeepAmes_Full_STL_4_keep_weights/results_TA102_with_S9/artifacts/base/lr/estimators/lr_seed_2_skf_4_paras_22_C_100_weight_None_solver_lbfgs.joblib,"{""C"": 100, ""class_weight"": null, ""max_iter"": 300, ""random_state"": 1, ""solver"": ""lbfgs""}",lr,22,/home/ubuntu/Desktop/DeepAmes_Full_STL_4_keep_weights/results_TA102_with_S9/artifacts/base/lr/scalers/lr_seed_2_skf_4_paras_22_C_100_weight_None_solver_lbfgs_scaler.joblib,2,4
lr_seed_3_skf_0_paras_22_C_100_weight_None_solver_lbfgs,lr,3_skf_0,127,7,12,6,0.875,0.733,0.333,0.948,0.462,0.914,0.387,0.325,/home/ubuntu/Desktop/DeepAmes_Full_STL_4_keep_weights/results_TA102_with_S9/artifacts/base/lr/estimators/lr_seed_3_skf_0_paras_22_C_100_weight_None_solver_lbfgs.joblib,"{""C"": 100, ""class_weight"": null, ""max_iter"": 300, ""random_state"": 1, ""solver"": ""lbfgs""}",lr,22,/home/ubuntu/Desktop/DeepAmes_Full_STL_4_keep_weights/results_TA102_with_S9/artifacts/base/lr/scalers/lr_seed_3_skf_0_paras_22_C_100_weight_None_solver_lbfgs_scaler.joblib,3,0
lr_seed_3_skf_1_paras_22_C_100_weight_None_solver_lbfgs,lr,3_skf_1,128,6,13,5,0.875,0.783,0.278,0.955,0.455,0.908,0.345,0.291,/home/ubuntu/Desktop/DeepAmes_Full_STL_4_keep_weights/results_TA102_with_S9/artifacts/base/lr/estimators/lr_seed_3_skf_1_paras_22_C_100_weight_None_solver_lbfgs.joblib,"{""C"": 100, ""class_weight"": null, ""max_iter"": 300, ""random_state"": 1, ""solver"": ""lbfgs""}",lr,22,/home/ubuntu/Desktop/DeepAmes_Full_STL_4_keep_weights/results_TA102_with_S9/artifacts/base/lr/scalers/lr_seed_3_skf_1_paras_22_C_100_weight_None_solver_lbfgs_scaler.joblib,3,1
lr_seed_3_skf_2_paras_22_C_100_weight_None_solver_lbfgs,lr,3_skf_2,127,7,11,7,0.882,0.772,0.389,0.948,0.5,0.92,0.438,0.376,/home/ubuntu/Desktop/DeepAmes_Full_STL_4_keep_weights/results_TA102_with_S9/artifacts/base/lr/estimators/lr_seed_3_skf_2_paras_22_C_100_weight_None_solver_lbfgs.joblib,"{""C"": 100, ""class_weight"": null, ""max_iter"": 300, ""random_state"": 1, ""solver"": ""lbfgs""}",lr,22,/home/ubuntu/Desktop/DeepAmes_Full_STL_4_keep_weights/results_TA102_with_S9/artifacts/base/lr/scalers/lr_seed_3_skf_2_paras_22_C_100_weight_None_solver_lbfgs_scaler.joblib,3,2
lr_seed_3_skf_3_paras_22_C_100_weight_None_solver_lbfgs,lr,3_skf_3,126,8,10,8,0.882,0.752,0.444,0.94,0.5,0.926,0.471,0.405,/home/ubuntu/Desktop/DeepAmes_Full_STL_4_keep_weights/results_TA102_with_S9/artifacts/base/lr/estimators/lr_seed_3_skf_3_paras_22_C_100_weight_None_solver_lbfgs.joblib,"{""C"": 100, ""class_weight"": null, ""max_iter"": 300, ""random_state"": 1, ""solver"": ""lbfgs""}",lr,22,/home/ubuntu/Desktop/DeepAmes_Full_STL_4_keep_weights/results_TA102_with_S9/artifacts/base/lr/scalers/lr_seed_3_skf_3_paras_22_C_100_weight_None_solver_lbfgs_scaler.joblib,3,3
lr_seed_4_skf_0_paras_22_C_100_weight_None_solver_lbfgs,lr,4_skf_0,125,9,10,8,0.875,0.808,0.444,0.933,0.471,0.926,0.457,0.387,/home/ubuntu/Desktop/DeepAmes_Full_STL_4_keep_weights/results_TA102_with_S9/artifacts/base/lr/estimators/lr_seed_4_skf_0_paras_22_C_100_weight_None_solver_lbfgs.joblib,"{""C"": 100, ""class_weight"": null, ""max_iter"": 300, ""random_state"": 1, ""solver"": ""lbfgs""}",lr,22,/home/ubuntu/Desktop/DeepAmes_Full_STL_4_keep_weights/results_TA102_with_S9/artifacts/base/lr/scalers/lr_seed_4_skf_0_paras_22_C_100_weight_None_solver_lbfgs_scaler.joblib,4,0
lr_seed_4_skf_1_paras_22_C_100_weight_None_solver_lbfgs,lr,4_skf_1,126,8,10,8,0.882,0.754,0.444,0.94,0.5,0.926,0.471,0.405,/home/ubuntu/Desktop/DeepAmes_Full_STL_4_keep_weights/results_TA102_with_S9/artifacts/base/lr/estimators/lr_seed_4_skf_1_paras_22_C_100_weight_None_solver_lbfgs.joblib,"{""C"": 100, ""class_weight"": null, ""max_iter"": 300, ""random_state"": 1, ""solver"": ""lbfgs""}",lr,22,/home/ubuntu/Desktop/DeepAmes_Full_STL_4_keep_weights/results_TA102_with_S9/artifacts/base/lr/scalers/lr_seed_4_skf_1_paras_22_C_100_weight_None_solver_lbfgs_scaler.joblib,4,1
lr_seed_4_skf_2_paras_22_C_100_weight_None_solver_lbfgs,lr,4_skf_2,126,8,11,7,0.875,0.77,0.389,0.94,0.467,0.92,0.424,0.357,/home/ubuntu/Desktop/DeepAmes_Full_STL_4_keep_weights/results_TA102_with_S9/artifacts/base/lr/estimators/lr_seed_4_skf_2_paras_22_C_100_weight_None_solver_lbfgs.joblib,"{""C"": 100, ""class_weight"": null, ""max_iter"": 300, ""random_state"": 1, ""solver"": ""lbfgs""}",lr,22,/home/ubuntu/Desktop/DeepAmes_Full_STL_4_keep_weights/results_TA102_with_S9/artifacts/base/lr/scalers/lr_seed_4_skf_2_paras_22_C_100_weight_None_solver_lbfgs_scaler.joblib,4,2
lr_seed_4_skf_3_paras_22_C_100_weight_None_solver_lbfgs,lr,4_skf_3,128,6,12,6,0.882,0.718,0.333,0.955,0.5,0.914,0.4,0.346,/home/ubuntu/Desktop/DeepAmes_Full_STL_4_keep_weights/results_TA102_with_S9/artifacts/base/lr/estimators/lr_seed_4_skf_3_paras_22_C_100_weight_None_solver_lbfgs.joblib,"{""C"": 100, ""class_weight"": null, ""max_iter"": 300, ""random_state"": 1, ""solver"": ""lbfgs""}",lr,22,/home/ubuntu/Desktop/DeepAmes_Full_STL_4_keep_weights/results_TA102_with_S9/artifacts/base/lr/scalers/lr_seed_4_skf_3_paras_22_C_100_weight_None_solver_lbfgs_scaler.joblib,4,3
lr_seed_4_skf_4_paras_22_C_100_weight_None_solver_lbfgs,lr,4_skf_4,132,2,13,5,0.901,0.751,0.278,0.985,0.714,0.91,0.4,0.405,/home/ubuntu/Desktop/DeepAmes_Full_STL_4_keep_weights/results_TA102_with_S9/artifacts/base/lr/estimators/lr_seed_4_skf_4_paras_22_C_100_weight_None_solver_lbfgs.joblib,"{""C"": 100, ""class_weight"": null, ""max_iter"": 300, ""random_state"": 1, ""solver"": ""lbfgs""}",lr,22,/home/ubuntu/Desktop/DeepAmes_Full_STL_4_keep_weights/results_TA102_with_S9/artifacts/base/lr/scalers/lr_seed_4_skf_4_paras_22_C_100_weight_None_solver_lbfgs_scaler.joblib,4,4
lr_seed_5_skf_0_paras_22_C_100_weight_None_solver_lbfgs,lr,5_skf_0,127,7,11,7,0.882,0.757,0.389,0.948,0.5,0.92,0.438,0.376,/home/ubuntu/Desktop/DeepAmes_Full_STL_4_keep_weights/results_TA102_with_S9/artifacts/base/lr/estimators/lr_seed_5_skf_0_paras_22_C_100_weight_None_solver_lbfgs.joblib,"{""C"": 100, ""class_weight"": null, ""max_iter"": 300, ""random_state"": 1, ""solver"": ""lbfgs""}",lr,22,/home/ubuntu/Desktop/DeepAmes_Full_STL_4_keep_weights/results_TA102_with_S9/artifacts/base/lr/scalers/lr_seed_5_skf_0_paras_22_C_100_weight_None_solver_lbfgs_scaler.joblib,5,0
lr_seed_5_skf_1_paras_22_C_100_weight_None_solver_lbfgs,lr,5_skf_1,124,10,11,7,0.862,0.752,0.389,0.925,0.412,0.919,0.4,0.322,/home/ubuntu/Desktop/DeepAmes_Full_STL_4_keep_weights/results_TA102_with_S9/artifacts/base/lr/estimators/lr_seed_5_skf_1_paras_22_C_100_weight_None_solver_lbfgs.joblib,"{""C"": 100, ""class_weight"": null, ""max_iter"": 300, ""random_state"": 1, ""solver"": ""lbfgs""}",lr,22,/home/ubuntu/Desktop/DeepAmes_Full_STL_4_keep_weights/results_TA102_with_S9/artifacts/base/lr/scalers/lr_seed_5_skf_1_paras_22_C_100_weight_None_solver_lbfgs_scaler.joblib,5,1
lr_seed_5_skf_2_paras_22_C_100_weight_None_solver_lbfgs,lr,5_skf_2,126,8,11,7,0.875,0.732,0.389,0.94,0.467,0.92,0.424,0.357,/home/ubuntu/Desktop/DeepAmes_Full_STL_4_keep_weights/results_TA102_with_S9/artifacts/base/lr/estimators/lr_seed_5_skf_2_paras_22_C_100_weight_None_solver_lbfgs.joblib,"{""C"": 100, ""class_weight"": null, ""max_iter"": 300, ""random_state"": 1, ""solver"": ""lbfgs""}",lr,22,/home/ubuntu/Desktop/DeepAmes_Full_STL_4_keep_weights/results_TA102_with_S9/artifacts/base/lr/scalers/lr_seed_5_skf_2_paras_22_C_100_weight_None_solver_lbfgs_scaler.joblib,5,2
lr_seed_5_skf_3_paras_22_C_100_weight_None_solver_lbfgs,lr,5_skf_3,129,5,11,7,0.895,0.769,0.389,0.963,0.583,0.921,0.467,0.421,/home/ubuntu/Desktop/DeepAmes_Full_STL_4_keep_weights/results_TA102_with_S9/artifacts/base/lr/estimators/lr_seed_5_skf_3_paras_22_C_100_weight_None_solver_lbfgs.joblib,"{""C"": 100, ""class_weight"": null, ""max_iter"": 300, ""random_state"": 1, ""solver"": ""lbfgs""}",lr,22,/home/ubuntu/Desktop/DeepAmes_Full_STL_4_keep_weights/results_TA102_with_S9/artifacts/base/lr/scalers/lr_seed_5_skf_3_paras_22_C_100_weight_None_solver_lbfgs_scaler.joblib,5,3
lr_seed_5_skf_4_paras_22_C_100_weight_None_solver_lbfgs,lr,5_skf_4,126,8,12,6,0.868,0.787,0.333,0.94,0.429,0.913,0.375,0.306,/home/ubuntu/Desktop/DeepAmes_Full_STL_4_keep_weights/results_TA102_with_S9/artifacts/base/lr/estimators/lr_seed_5_skf_4_paras_22_C_100_weight_None_solver_lbfgs.joblib,"{""C"": 100, ""class_weight"": null, ""max_iter"": 300, ""random_state"": 1, ""solver"": ""lbfgs""}",lr,22,/home/ubuntu/Desktop/DeepAmes_Full_STL_4_keep_weights/results_TA102_with_S9/artifacts/base/lr/scalers/lr_seed_5_skf_4_paras_22_C_100_weight_None_solver_lbfgs_scaler.joblib,5,4
lr_seed_6_skf_0_paras_22_C_100_weight_None_solver_lbfgs,lr,6_skf_0,127,7,11,7,0.882,0.753,0.389,0.948,0.5,0.92,0.438,0.376,/home/ubuntu/Desktop/DeepAmes_Full_STL_4_keep_weights/results_TA102_with_S9/artifacts/base/lr/estimators/lr_seed_6_skf_0_paras_22_C_100_weight_None_solver_lbfgs.joblib,"{""C"": 100, ""class_weight"": null, ""max_iter"": 300, ""random_state"": 1, ""solver"": ""lbfgs""}",lr,22,/home/ubuntu/Desktop/DeepAmes_Full_STL_4_keep_weights/results_TA102_with_S9/artifacts/base/lr/scalers/lr_seed_6_skf_0_paras_22_C_100_weight_None_solver_lbfgs_scaler.joblib,6,0
lr_seed_6_skf_1_paras_22_C_100_weight_None_solver_lbfgs,lr,6_skf_1,126,8,10,8,0.882,0.731,0.444,0.94,0.5,0.926,0.471,0.405,/home/ubuntu/Desktop/DeepAmes_Full_STL_4_keep_weights/results_TA102_with_S9/artifacts/base/lr/estimators/lr_seed_6_skf_1_paras_22_C_100_weight_None_solver_lbfgs.joblib,"{""C"": 100, ""class_weight"": null, ""max_iter"": 300, ""random_state"": 1, ""solver"": ""lbfgs""}",lr,22,/home/ubuntu/Desktop/DeepAmes_Full_STL_4_keep_weights/results_TA102_with_S9/artifacts/base/lr/scalers/lr_seed_6_skf_1_paras_22_C_100_weight_None_solver_lbfgs_scaler.joblib,6,1
lr_seed_6_skf_2_paras_22_C_100_weight_None_solver_lbfgs,lr,6_skf_2,129,5,11,7,0.895,0.769,0.389,0.963,0.583,0.921,0.467,0.421,/home/ubuntu/Desktop/DeepAmes_Full_STL_4_keep_weights/results_TA102_with_S9/artifacts/base/lr/estimators/lr_seed_6_skf_2_paras_22_C_100_weight_None_solver_lbfgs.joblib,"{""C"": 100, ""class_weight"": null, ""max_iter"": 300, ""random_state"": 1, ""solver"": ""lbfgs""}",lr,22,/home/ubuntu/Desktop/DeepAmes_Full_STL_4_keep_weights/results_TA102_with_S9/artifacts/base/lr/scalers/lr_seed_6_skf_2_paras_22_C_100_weight_None_solver_lbfgs_scaler.joblib,6,2
lr_seed_6_skf_3_paras_22_C_100_weight_None_solver_lbfgs,lr,6_skf_3,129,5,12,6,0.888,0.782,0.333,0.963,0.545,0.915,0.414,0.369,/home/ubuntu/Desktop/DeepAmes_Full_STL_4_keep_weights/results_TA102_with_S9/artifacts/base/lr/estimators/lr_seed_6_skf_3_paras_22_C_100_weight_None_solver_lbfgs.joblib,"{""C"": 100, ""class_weight"": null, ""max_iter"": 300, ""random_state"": 1, ""solver"": ""lbfgs""}",lr,22,/home/ubuntu/Desktop/DeepAmes_Full_STL_4_keep_weights/results_TA102_with_S9/artifacts/base/lr/scalers/lr_seed_6_skf_3_paras_22_C_100_weight_None_solver_lbfgs_scaler.joblib,6,3
lr_seed_7_skf_1_paras_22_C_100_weight_None_solver_lbfgs,lr,7_skf_1,126,8,13,5,0.862,0.732,0.278,0.94,0.385,0.906,0.323,0.252,/home/ubuntu/Desktop/DeepAmes_Full_STL_4_keep_weights/results_TA102_with_S9/artifacts/base/lr/estimators/lr_seed_7_skf_1_paras_22_C_100_weight_None_solver_lbfgs.joblib,"{""C"": 100, ""class_weight"": null, ""max_iter"": 300, ""random_state"": 1, ""solver"": ""lbfgs""}",lr,22,/home/ubuntu/Desktop/DeepAmes_Full_STL_4_keep_weights/results_TA102_with_S9/artifacts/base/lr/scalers/lr_seed_7_skf_1_paras_22_C_100_weight_None_solver_lbfgs_scaler.joblib,7,1
lr_seed_7_skf_2_paras_22_C_100_weight_None_solver_lbfgs,lr,7_skf_2,128,6,11,7,0.888,0.714,0.389,0.955,0.538,0.921,0.452,0.398,/home/ubuntu/Desktop/DeepAmes_Full_STL_4_keep_weights/results_TA102_with_S9/artifacts/base/lr/estimators/lr_seed_7_skf_2_paras_22_C_100_weight_None_solver_lbfgs.joblib,"{""C"": 100, ""class_weight"": null, ""max_iter"": 300, ""random_state"": 1, ""solver"": ""lbfgs""}",lr,22,/home/ubuntu/Desktop/DeepAmes_Full_STL_4_keep_weights/results_TA102_with_S9/artifacts/base/lr/scalers/lr_seed_7_skf_2_paras_22_C_100_weight_None_solver_lbfgs_scaler.joblib,7,2
lr_seed_7_skf_4_paras_22_C_100_weight_None_solver_lbfgs,lr,7_skf_4,127,7,11,7,0.882,0.767,0.389,0.948,0.5,0.92,0.438,0.376,/home/ubuntu/Desktop/DeepAmes_Full_STL_4_keep_weights/results_TA102_with_S9/artifacts/base/lr/estimators/lr_seed_7_skf_4_paras_22_C_100_weight_None_solver_lbfgs.joblib,"{""C"": 100, ""class_weight"": null, ""max_iter"": 300, ""random_state"": 1, ""solver"": ""lbfgs""}",lr,22,/home/ubuntu/Desktop/DeepAmes_Full_STL_4_keep_weights/results_TA102_with_S9/artifacts/base/lr/scalers/lr_seed_7_skf_4_paras_22_C_100_weight_None_solver_lbfgs_scaler.joblib,7,4
lr_seed_8_skf_0_paras_22_C_100_weight_None_solver_lbfgs,lr,8_skf_0,125,9,11,7,0.868,0.775,0.389,0.933,0.438,0.919,0.412,0.339,/home/ubuntu/Desktop/DeepAmes_Full_STL_4_keep_weights/results_TA102_with_S9/artifacts/base/lr/estimators/lr_seed_8_skf_0_paras_22_C_100_weight_None_solver_lbfgs.joblib,"{""C"": 100, ""class_weight"": null, ""max_iter"": 300, ""random_state"": 1, ""solver"": ""lbfgs""}",lr,22,/home/ubuntu/Desktop/DeepAmes_Full_STL_4_keep_weights/results_TA102_with_S9/artifacts/base/lr/scalers/lr_seed_8_skf_0_paras_22_C_100_weight_None_solver_lbfgs_scaler.joblib,8,0
lr_seed_8_skf_1_paras_22_C_100_weight_None_solver_lbfgs,lr,8_skf_1,127,7,13,5,0.868,0.748,0.278,0.948,0.417,0.907,0.333,0.27,/home/ubuntu/Desktop/DeepAmes_Full_STL_4_keep_weights/results_TA102_with_S9/artifacts/base/lr/estimators/lr_seed_8_skf_1_paras_22_C_100_weight_None_solver_lbfgs.joblib,"{""C"": 100, ""class_weight"": null, ""max_iter"": 300, ""random_state"": 1, ""solver"": ""lbfgs""}",lr,22,/home/ubuntu/Desktop/DeepAmes_Full_STL_4_keep_weights/results_TA102_with_S9/artifacts/base/lr/scalers/lr_seed_8_skf_1_paras_22_C_100_weight_None_solver_lbfgs_scaler.joblib,8,1
lr_seed_8_skf_2_paras_22_C_100_weight_None_solver_lbfgs,lr,8_skf_2,126,8,11,7,0.875,0.756,0.389,0.94,0.467,0.92,0.424,0.357,/home/ubuntu/Desktop/DeepAmes_Full_STL_4_keep_weights/results_TA102_with_S9/artifacts/base/lr/estimators/lr_seed_8_skf_2_paras_22_C_100_weight_None_solver_lbfgs.joblib,"{""C"": 100, ""class_weight"": null, ""max_iter"": 300, ""random_state"": 1, ""solver"": ""lbfgs""}",lr,22,/home/ubuntu/Desktop/DeepAmes_Full_STL_4_keep_weights/results_TA102_with_S9/artifacts/base/lr/scalers/lr_seed_8_skf_2_paras_22_C_100_weight_None_solver_lbfgs_scaler.joblib,8,2
lr_seed_8_skf_3_paras_22_C_100_weight_None_solver_lbfgs,lr,8_skf_3,129,5,11,7,0.895,0.752,0.389,0.963,0.583,0.921,0.467,0.421,/home/ubuntu/Desktop/DeepAmes_Full_STL_4_keep_weights/results_TA102_with_S9/artifacts/base/lr/estimators/lr_seed_8_skf_3_paras_22_C_100_weight_None_solver_lbfgs.joblib,"{""C"": 100, ""class_weight"": null, ""max_iter"": 300, ""random_state"": 1, ""solver"": ""lbfgs""}",lr,22,/home/ubuntu/Desktop/DeepAmes_Full_STL_4_keep_weights/results_TA102_with_S9/artifacts/base/lr/scalers/lr_seed_8_skf_3_paras_22_C_100_weight_None_solver_lbfgs_scaler.joblib,8,3
lr_seed_8_skf_4_paras_22_C_100_weight_None_solver_lbfgs,lr,8_skf_4,127,7,11,7,0.882,0.791,0.389,0.948,0.5,0.92,0.438,0.376,/home/ubuntu/Desktop/DeepAmes_Full_STL_4_keep_weights/results_TA102_with_S9/artifacts/base/lr/estimators/lr_seed_8_skf_4_paras_22_C_100_weight_None_solver_lbfgs.joblib,"{""C"": 100, ""class_weight"": null, ""max_iter"": 300, ""random_state"": 1, ""solver"": ""lbfgs""}",lr,22,/home/ubuntu/Desktop/DeepAmes_Full_STL_4_keep_weights/results_TA102_with_S9/artifacts/base/lr/scalers/lr_seed_8_skf_4_paras_22_C_100_weight_None_solver_lbfgs_scaler.joblib,8,4
lr_seed_9_skf_0_paras_22_C_100_weight_None_solver_lbfgs,lr,9_skf_0,125,9,12,6,0.862,0.772,0.333,0.933,0.4,0.912,0.364,0.288,/home/ubuntu/Desktop/DeepAmes_Full_STL_4_keep_weights/results_TA102_with_S9/artifacts/base/lr/estimators/lr_seed_9_skf_0_paras_22_C_100_weight_None_solver_lbfgs.joblib,"{""C"": 100, ""class_weight"": null, ""max_iter"": 300, ""random_state"": 1, ""solver"": ""lbfgs""}",lr,22,/home/ubuntu/Desktop/DeepAmes_Full_STL_4_keep_weights/results_TA102_with_S9/artifacts/base/lr/scalers/lr_seed_9_skf_0_paras_22_C_100_weight_None_solver_lbfgs_scaler.joblib,9,0
lr_seed_9_skf_2_paras_22_C_100_weight_None_solver_lbfgs,lr,9_skf_2,126,8,11,7,0.875,0.79,0.389,0.94,0.467,0.92,0.424,0.357,/home/ubuntu/Desktop/DeepAmes_Full_STL_4_keep_weights/results_TA102_with_S9/artifacts/base/lr/estimators/lr_seed_9_skf_2_paras_22_C_100_weight_None_solver_lbfgs.joblib,"{""C"": 100, ""class_weight"": null, ""max_iter"": 300, ""random_state"": 1, ""solver"": ""lbfgs""}",lr,22,/home/ubuntu/Desktop/DeepAmes_Full_STL_4_keep_weights/results_TA102_with_S9/artifacts/base/lr/scalers/lr_seed_9_skf_2_paras_22_C_100_weight_None_solver_lbfgs_scaler.joblib,9,2
lr_seed_9_skf_3_paras_22_C_100_weight_None_solver_lbfgs,lr,9_skf_3,125,9,11,7,0.868,0.776,0.389,0.933,0.438,0.919,0.412,0.339,/home/ubuntu/Desktop/DeepAmes_Full_STL_4_keep_weights/results_TA102_with_S9/artifacts/base/lr/estimators/lr_seed_9_skf_3_paras_22_C_100_weight_None_solver_lbfgs.joblib,"{""C"": 100, ""class_weight"": null, ""max_iter"": 300, ""random_state"": 1, ""solver"": ""lbfgs""}",lr,22,/home/ubuntu/Desktop/DeepAmes_Full_STL_4_keep_weights/results_TA102_with_S9/artifacts/base/lr/scalers/lr_seed_9_skf_3_paras_22_C_100_weight_None_solver_lbfgs_scaler.joblib,9,3
lr_seed_10_skf_1_paras_22_C_100_weight_None_solver_lbfgs,lr,10_skf_1,127,7,12,6,0.875,0.761,0.333,0.948,0.462,0.914,0.387,0.325,/home/ubuntu/Desktop/DeepAmes_Full_STL_4_keep_weights/results_TA102_with_S9/artifacts/base/lr/estimators/lr_seed_10_skf_1_paras_22_C_100_weight_None_solver_lbfgs.joblib,"{""C"": 100, ""class_weight"": null, ""max_iter"": 300, ""random_state"": 1, ""solver"": ""lbfgs""}",lr,22,/home/ubuntu/Desktop/DeepAmes_Full_STL_4_keep_weights/results_TA102_with_S9/artifacts/base/lr/scalers/lr_seed_10_skf_1_paras_22_C_100_weight_None_solver_lbfgs_scaler.joblib,10,1
lr_seed_10_skf_3_paras_22_C_100_weight_None_solver_lbfgs,lr,10_skf_3,127,7,11,7,0.882,0.765,0.389,0.948,0.5,0.92,0.438,0.376,/home/ubuntu/Desktop/DeepAmes_Full_STL_4_keep_weights/results_TA102_with_S9/artifacts/base/lr/estimators/lr_seed_10_skf_3_paras_22_C_100_weight_None_solver_lbfgs.joblib,"{""C"": 100, ""class_weight"": null, ""max_iter"": 300, ""random_state"": 1, ""solver"": ""lbfgs""}",lr,22,/home/ubuntu/Desktop/DeepAmes_Full_STL_4_keep_weights/results_TA102_with_S9/artifacts/base/lr/scalers/lr_seed_10_skf_3_paras_22_C_100_weight_None_solver_lbfgs_scaler.joblib,10,3
lr_seed_10_skf_4_paras_22_C_100_weight_None_solver_lbfgs,lr,10_skf_4,127,7,13,5,0.868,0.709,0.278,0.948,0.417,0.907,0.333,0.27,/home/ubuntu/Desktop/DeepAmes_Full_STL_4_keep_weights/results_TA102_with_S9/artifacts/base/lr/estimators/lr_seed_10_skf_4_paras_22_C_100_weight_None_solver_lbfgs.joblib,"{""C"": 100, ""class_weight"": null, ""max_iter"": 300, ""random_state"": 1, ""solver"": ""lbfgs""}",lr,22,/home/ubuntu/Desktop/DeepAmes_Full_STL_4_keep_weights/results_TA102_with_S9/artifacts/base/lr/scalers/lr_seed_10_skf_4_paras_22_C_100_weight_None_solver_lbfgs_scaler.joblib,10,4
lr_seed_11_skf_0_paras_22_C_100_weight_None_solver_lbfgs,lr,11_skf_0,129,5,11,7,0.895,0.813,0.389,0.963,0.583,0.921,0.467,0.421,/home/ubuntu/Desktop/DeepAmes_Full_STL_4_keep_weights/results_TA102_with_S9/artifacts/base/lr/estimators/lr_seed_11_skf_0_paras_22_C_100_weight_None_solver_lbfgs.joblib,"{""C"": 100, ""class_weight"": null, ""max_iter"": 300, ""random_state"": 1, ""solver"": ""lbfgs""}",lr,22,/home/ubuntu/Desktop/DeepAmes_Full_STL_4_keep_weights/results_TA102_with_S9/artifacts/base/lr/scalers/lr_seed_11_skf_0_paras_22_C_100_weight_None_solver_lbfgs_scaler.joblib,11,0
lr_seed_11_skf_1_paras_22_C_100_weight_None_solver_lbfgs,lr,11_skf_1,123,11,11,7,0.855,0.693,0.389,0.918,0.389,0.918,0.389,0.307,/home/ubuntu/Desktop/DeepAmes_Full_STL_4_keep_weights/results_TA102_with_S9/artifacts/base/lr/estimators/lr_seed_11_skf_1_paras_22_C_100_weight_None_solver_lbfgs.joblib,"{""C"": 100, ""class_weight"": null, ""max_iter"": 300, ""random_state"": 1, ""solver"": ""lbfgs""}",lr,22,/home/ubuntu/Desktop/DeepAmes_Full_STL_4_keep_weights/results_TA102_with_S9/artifacts/base/lr/scalers/lr_seed_11_skf_1_paras_22_C_100_weight_None_solver_lbfgs_scaler.joblib,11,1
lr_seed_11_skf_2_paras_22_C_100_weight_None_solver_lbfgs,lr,11_skf_2,125,9,13,5,0.855,0.744,0.278,0.933,0.357,0.906,0.313,0.235,/home/ubuntu/Desktop/DeepAmes_Full_STL_4_keep_weights/results_TA102_with_S9/artifacts/base/lr/estimators/lr_seed_11_skf_2_paras_22_C_100_weight_None_solver_lbfgs.joblib,"{""C"": 100, ""class_weight"": null, ""max_iter"": 300, ""random_state"": 1, ""solver"": ""lbfgs""}",lr,22,/home/ubuntu/Desktop/DeepAmes_Full_STL_4_keep_weights/results_TA102_with_S9/artifacts/base/lr/scalers/lr_seed_11_skf_2_paras_22_C_100_weight_None_solver_lbfgs_scaler.joblib,11,2
lr_seed_12_skf_1_paras_22_C_100_weight_None_solver_lbfgs,lr,12_skf_1,126,8,10,8,0.882,0.789,0.444,0.94,0.5,0.926,0.471,0.405,/home/ubuntu/Desktop/DeepAmes_Full_STL_4_keep_weights/results_TA102_with_S9/artifacts/base/lr/estimators/lr_seed_12_skf_1_paras_22_C_100_weight_None_solver_lbfgs.joblib,"{""C"": 100, ""class_weight"": null, ""max_iter"": 300, ""random_state"": 1, ""solver"": ""lbfgs""}",lr,22,/home/ubuntu/Desktop/DeepAmes_Full_STL_4_keep_weights/results_TA102_with_S9/artifacts/base/lr/scalers/lr_seed_12_skf_1_paras_22_C_100_weight_None_solver_lbfgs_scaler.joblib,12,1
lr_seed_12_skf_2_paras_22_C_100_weight_None_solver_lbfgs,lr,12_skf_2,127,7,11,7,0.882,0.737,0.389,0.948,0.5,0.92,0.438,0.376,/home/ubuntu/Desktop/DeepAmes_Full_STL_4_keep_weights/results_TA102_with_S9/artifacts/base/lr/estimators/lr_seed_12_skf_2_paras_22_C_100_weight_None_solver_lbfgs.joblib,"{""C"": 100, ""class_weight"": null, ""max_iter"": 300, ""random_state"": 1, ""solver"": ""lbfgs""}",lr,22,/home/ubuntu/Desktop/DeepAmes_Full_STL_4_keep_weights/results_TA102_with_S9/artifacts/base/lr/scalers/lr_seed_12_skf_2_paras_22_C_100_weight_None_solver_lbfgs_scaler.joblib,12,2
lr_seed_12_skf_3_paras_22_C_100_weight_None_solver_lbfgs,lr,12_skf_3,126,8,12,6,0.868,0.776,0.333,0.94,0.429,0.913,0.375,0.306,/home/ubuntu/Desktop/DeepAmes_Full_STL_4_keep_weights/results_TA102_with_S9/artifacts/base/lr/estimators/lr_seed_12_skf_3_paras_22_C_100_weight_None_solver_lbfgs.joblib,"{""C"": 100, ""class_weight"": null, ""max_iter"": 300, ""random_state"": 1, ""solver"": ""lbfgs""}",lr,22,/home/ubuntu/Desktop/DeepAmes_Full_STL_4_keep_weights/results_TA102_with_S9/artifacts/base/lr/scalers/lr_seed_12_skf_3_paras_22_C_100_weight_None_solver_lbfgs_scaler.joblib,12,3
lr_seed_12_skf_4_paras_22_C_100_weight_None_solver_lbfgs,lr,12_skf_4,124,10,10,8,0.868,0.787,0.444,0.925,0.444,0.925,0.444,0.37,/home/ubuntu/Desktop/DeepAmes_Full_STL_4_keep_weights/results_TA102_with_S9/artifacts/base/lr/estimators/lr_seed_12_skf_4_paras_22_C_100_weight_None_solver_lbfgs.joblib,"{""C"": 100, ""class_weight"": null, ""max_iter"": 300, ""random_state"": 1, ""solver"": ""lbfgs""}",lr,22,/home/ubuntu/Desktop/DeepAmes_Full_STL_4_keep_weights/results_TA102_with_S9/artifacts/base/lr/scalers/lr_seed_12_skf_4_paras_22_C_100_weight_None_solver_lbfgs_scaler.joblib,12,4
lr_seed_13_skf_0_paras_22_C_100_weight_None_solver_lbfgs,lr,13_skf_0,125,9,11,7,0.868,0.759,0.389,0.933,0.438,0.919,0.412,0.339,/home/ubuntu/Desktop/DeepAmes_Full_STL_4_keep_weights/results_TA102_with_S9/artifacts/base/lr/estimators/lr_seed_13_skf_0_paras_22_C_100_weight_None_solver_lbfgs.joblib,"{""C"": 100, ""class_weight"": null, ""max_iter"": 300, ""random_state"": 1, ""solver"": ""lbfgs""}",lr,22,/home/ubuntu/Desktop/DeepAmes_Full_STL_4_keep_weights/results_TA102_with_S9/artifacts/base/lr/scalers/lr_seed_13_skf_0_paras_22_C_100_weight_None_solver_lbfgs_scaler.joblib,13,0
lr_seed_13_skf_2_paras_22_C_100_weight_None_solver_lbfgs,lr,13_skf_2,125,9,11,7,0.868,0.769,0.389,0.933,0.438,0.919,0.412,0.339,/home/ubuntu/Desktop/DeepAmes_Full_STL_4_keep_weights/results_TA102_with_S9/artifacts/base/lr/estimators/lr_seed_13_skf_2_paras_22_C_100_weight_None_solver_lbfgs.joblib,"{""C"": 100, ""class_weight"": null, ""max_iter"": 300, ""random_state"": 1, ""solver"": ""lbfgs""}",lr,22,/home/ubuntu/Desktop/DeepAmes_Full_STL_4_keep_weights/results_TA102_with_S9/artifacts/base/lr/scalers/lr_seed_13_skf_2_paras_22_C_100_weight_None_solver_lbfgs_scaler.joblib,13,2
lr_seed_13_skf_3_paras_22_C_100_weight_None_solver_lbfgs,lr,13_skf_3,130,4,12,6,0.895,0.741,0.333,0.97,0.6,0.915,0.429,0.396,/home/ubuntu/Desktop/DeepAmes_Full_STL_4_keep_weights/results_TA102_with_S9/artifacts/base/lr/estimators/lr_seed_13_skf_3_paras_22_C_100_weight_None_solver_lbfgs.joblib,"{""C"": 100, ""class_weight"": null, ""max_iter"": 300, ""random_state"": 1, ""solver"": ""lbfgs""}",lr,22,/home/ubuntu/Desktop/DeepAmes_Full_STL_4_keep_weights/results_TA102_with_S9/artifacts/base/lr/scalers/lr_seed_13_skf_3_paras_22_C_100_weight_None_solver_lbfgs_scaler.joblib,13,3
lr_seed_13_skf_4_paras_22_C_100_weight_None_solver_lbfgs,lr,13_skf_4,129,5,11,7,0.895,0.719,0.389,0.963,0.583,0.921,0.467,0.421,/home/ubuntu/Desktop/DeepAmes_Full_STL_4_keep_weights/results_TA102_with_S9/artifacts/base/lr/estimators/lr_seed_13_skf_4_paras_22_C_100_weight_None_solver_lbfgs.joblib,"{""C"": 100, ""class_weight"": null, ""max_iter"": 300, ""random_state"": 1, ""solver"": ""lbfgs""}",lr,22,/home/ubuntu/Desktop/DeepAmes_Full_STL_4_keep_weights/results_TA102_with_S9/artifacts/base/lr/scalers/lr_seed_13_skf_4_paras_22_C_100_weight_None_solver_lbfgs_scaler.joblib,13,4
lr_seed_14_skf_0_paras_22_C_100_weight_None_solver_lbfgs,lr,14_skf_0,128,6,12,6,0.882,0.764,0.333,0.955,0.5,0.914,0.4,0.346,/home/ubuntu/Desktop/DeepAmes_Full_STL_4_keep_weights/results_TA102_with_S9/artifacts/base/lr/estimators/lr_seed_14_skf_0_paras_22_C_100_weight_None_solver_lbfgs.joblib,"{""C"": 100, ""class_weight"": null, ""max_iter"": 300, ""random_state"": 1, ""solver"": ""lbfgs""}",lr,22,/home/ubuntu/Desktop/DeepAmes_Full_STL_4_keep_weights/results_TA102_with_S9/artifacts/base/lr/scalers/lr_seed_14_skf_0_paras_22_C_100_weight_None_solver_lbfgs_scaler.joblib,14,0
lr_seed_14_skf_3_paras_22_C_100_weight_None_solver_lbfgs,lr,14_skf_3,126,8,10,8,0.882,0.799,0.444,0.94,0.5,0.926,0.471,0.405,/home/ubuntu/Desktop/DeepAmes_Full_STL_4_keep_weights/results_TA102_with_S9/artifacts/base/lr/estimators/lr_seed_14_skf_3_paras_22_C_100_weight_None_solver_lbfgs.joblib,"{""C"": 100, ""class_weight"": null, ""max_iter"": 300, ""random_state"": 1, ""solver"": ""lbfgs""}",lr,22,/home/ubuntu/Desktop/DeepAmes_Full_STL_4_keep_weights/results_TA102_with_S9/artifacts/base/lr/scalers/lr_seed_14_skf_3_paras_22_C_100_weight_None_solver_lbfgs_scaler.joblib,14,3
lr_seed_15_skf_0_paras_22_C_100_weight_None_solver_lbfgs,lr,15_skf_0,127,7,11,7,0.882,0.768,0.389,0.948,0.5,0.92,0.438,0.376,/home/ubuntu/Desktop/DeepAmes_Full_STL_4_keep_weights/results_TA102_with_S9/artifacts/base/lr/estimators/lr_seed_15_skf_0_paras_22_C_100_weight_None_solver_lbfgs.joblib,"{""C"": 100, ""class_weight"": null, ""max_iter"": 300, ""random_state"": 1, ""solver"": ""lbfgs""}",lr,22,/home/ubuntu/Desktop/DeepAmes_Full_STL_4_keep_weights/results_TA102_with_S9/artifacts/base/lr/scalers/lr_seed_15_skf_0_paras_22_C_100_weight_None_solver_lbfgs_scaler.joblib,15,0
lr_seed_15_skf_1_paras_22_C_100_weight_None_solver_lbfgs,lr,15_skf_1,126,8,10,8,0.882,0.789,0.444,0.94,0.5,0.926,0.471,0.405,/home/ubuntu/Desktop/DeepAmes_Full_STL_4_keep_weights/results_TA102_with_S9/artifacts/base/lr/estimators/lr_seed_15_skf_1_paras_22_C_100_weight_None_solver_lbfgs.joblib,"{""C"": 100, ""class_weight"": null, ""max_iter"": 300, ""random_state"": 1, ""solver"": ""lbfgs""}",lr,22,/home/ubuntu/Desktop/DeepAmes_Full_STL_4_keep_weights/results_TA102_with_S9/artifacts/base/lr/scalers/lr_seed_15_skf_1_paras_22_C_100_weight_None_solver_lbfgs_scaler.joblib,15,1
lr_seed_15_skf_2_paras_22_C_100_weight_None_solver_lbfgs,lr,15_skf_2,128,6,13,5,0.875,0.717,0.278,0.955,0.455,0.908,0.345,0.291,/home/ubuntu/Desktop/DeepAmes_Full_STL_4_keep_weights/results_TA102_with_S9/artifacts/base/lr/estimators/lr_seed_15_skf_2_paras_22_C_100_weight_None_solver_lbfgs.joblib,"{""C"": 100, ""class_weight"": null, ""max_iter"": 300, ""random_state"": 1, ""solver"": ""lbfgs""}",lr,22,/home/ubuntu/Desktop/DeepAmes_Full_STL_4_keep_weights/results_TA102_with_S9/artifacts/base/lr/scalers/lr_seed_15_skf_2_paras_22_C_100_weight_None_solver_lbfgs_scaler.joblib,15,2
lr_seed_15_skf_3_paras_22_C_100_weight_None_solver_lbfgs,lr,15_skf_3,128,6,11,7,0.888,0.706,0.389,0.955,0.538,0.921,0.452,0.398,/home/ubuntu/Desktop/DeepAmes_Full_STL_4_keep_weights/results_TA102_with_S9/artifacts/base/lr/estimators/lr_seed_15_skf_3_paras_22_C_100_weight_None_solver_lbfgs.joblib,"{""C"": 100, ""class_weight"": null, ""max_iter"": 300, ""random_state"": 1, ""solver"": ""lbfgs""}",lr,22,/home/ubuntu/Desktop/DeepAmes_Full_STL_4_keep_weights/results_TA102_with_S9/artifacts/base/lr/scalers/lr_seed_15_skf_3_paras_22_C_100_weight_None_solver_lbfgs_scaler.joblib,15,3
lr_seed_16_skf_2_paras_22_C_100_weight_None_solver_lbfgs,lr,16_skf_2,124,10,10,8,0.868,0.772,0.444,0.925,0.444,0.925,0.444,0.37,/home/ubuntu/Desktop/DeepAmes_Full_STL_4_keep_weights/results_TA102_with_S9/artifacts/base/lr/estimators/lr_seed_16_skf_2_paras_22_C_100_weight_None_solver_lbfgs.joblib,"{""C"": 100, ""class_weight"": null, ""max_iter"": 300, ""random_state"": 1, ""solver"": ""lbfgs""}",lr,22,/home/ubuntu/Desktop/DeepAmes_Full_STL_4_keep_weights/results_TA102_with_S9/artifacts/base/lr/scalers/lr_seed_16_skf_2_paras_22_C_100_weight_None_solver_lbfgs_scaler.joblib,16,2
lr_seed_16_skf_4_paras_22_C_100_weight_None_solver_lbfgs,lr,16_skf_4,125,9,13,5,0.855,0.751,0.278,0.933,0.357,0.906,0.313,0.235,/home/ubuntu/Desktop/DeepAmes_Full_STL_4_keep_weights/results_TA102_with_S9/artifacts/base/lr/estimators/lr_seed_16_skf_4_paras_22_C_100_weight_None_solver_lbfgs.joblib,"{""C"": 100, ""class_weight"": null, ""max_iter"": 300, ""random_state"": 1, ""solver"": ""lbfgs""}",lr,22,/home/ubuntu/Desktop/DeepAmes_Full_STL_4_keep_weights/results_TA102_with_S9/artifacts/base/lr/scalers/lr_seed_16_skf_4_paras_22_C_100_weight_None_solver_lbfgs_scaler.joblib,16,4
lr_seed_17_skf_1_paras_22_C_100_weight_None_solver_lbfgs,lr,17_skf_1,127,7,11,7,0.882,0.776,0.389,0.948,0.5,0.92,0.438,0.376,/home/ubuntu/Desktop/DeepAmes_Full_STL_4_keep_weights/results_TA102_with_S9/artifacts/base/lr/estimators/lr_seed_17_skf_1_paras_22_C_100_weight_None_solver_lbfgs.joblib,"{""C"": 100, ""class_weight"": null, ""max_iter"": 300, ""random_state"": 1, ""solver"": ""lbfgs""}",lr,22,/home/ubuntu/Desktop/DeepAmes_Full_STL_4_keep_weights/results_TA102_with_S9/artifacts/base/lr/scalers/lr_seed_17_skf_1_paras_22_C_100_weight_None_solver_lbfgs_scaler.joblib,17,1
lr_seed_17_skf_3_paras_22_C_100_weight_None_solver_lbfgs,lr,17_skf_3,127,7,13,5,0.868,0.772,0.278,0.948,0.417,0.907,0.333,0.27,/home/ubuntu/Desktop/DeepAmes_Full_STL_4_keep_weights/results_TA102_with_S9/artifacts/base/lr/estimators/lr_seed_17_skf_3_paras_22_C_100_weight_None_solver_lbfgs.joblib,"{""C"": 100, ""class_weight"": null, ""max_iter"": 300, ""random_state"": 1, ""solver"": ""lbfgs""}",lr,22,/home/ubuntu/Desktop/DeepAmes_Full_STL_4_keep_weights/results_TA102_with_S9/artifacts/base/lr/scalers/lr_seed_17_skf_3_paras_22_C_100_weight_None_solver_lbfgs_scaler.joblib,17,3
lr_seed_17_skf_4_paras_22_C_100_weight_None_solver_lbfgs,lr,17_skf_4,127,7,12,6,0.875,0.743,0.333,0.948,0.462,0.914,0.387,0.325,/home/ubuntu/Desktop/DeepAmes_Full_STL_4_keep_weights/results_TA102_with_S9/artifacts/base/lr/estimators/lr_seed_17_skf_4_paras_22_C_100_weight_None_solver_lbfgs.joblib,"{""C"": 100, ""class_weight"": null, ""max_iter"": 300, ""random_state"": 1, ""solver"": ""lbfgs""}",lr,22,/home/ubuntu/Desktop/DeepAmes_Full_STL_4_keep_weights/results_TA102_with_S9/artifacts/base/lr/scalers/lr_seed_17_skf_4_paras_22_C_100_weight_None_solver_lbfgs_scaler.joblib,17,4
lr_seed_18_skf_0_paras_22_C_100_weight_None_solver_lbfgs,lr,18_skf_0,126,8,10,8,0.882,0.816,0.444,0.94,0.5,0.926,0.471,0.405,/home/ubuntu/Desktop/DeepAmes_Full_STL_4_keep_weights/results_TA102_with_S9/artifacts/base/lr/estimators/lr_seed_18_skf_0_paras_22_C_100_weight_None_solver_lbfgs.joblib,"{""C"": 100, ""class_weight"": null, ""max_iter"": 300, ""random_state"": 1, ""solver"": ""lbfgs""}",lr,22,/home/ubuntu/Desktop/DeepAmes_Full_STL_4_keep_weights/results_TA102_with_S9/artifacts/base/lr/scalers/lr_seed_18_skf_0_paras_22_C_100_weight_None_solver_lbfgs_scaler.joblib,18,0
lr_seed_18_skf_2_paras_22_C_100_weight_None_solver_lbfgs,lr,18_skf_2,128,6,12,6,0.882,0.707,0.333,0.955,0.5,0.914,0.4,0.346,/home/ubuntu/Desktop/DeepAmes_Full_STL_4_keep_weights/results_TA102_with_S9/artifacts/base/lr/estimators/lr_seed_18_skf_2_paras_22_C_100_weight_None_solver_lbfgs.joblib,"{""C"": 100, ""class_weight"": null, ""max_iter"": 300, ""random_state"": 1, ""solver"": ""lbfgs""}",lr,22,/home/ubuntu/Desktop/DeepAmes_Full_STL_4_keep_weights/results_TA102_with_S9/artifacts/base/lr/scalers/lr_seed_18_skf_2_paras_22_C_100_weight_None_solver_lbfgs_scaler.joblib,18,2
lr_seed_18_skf_3_paras_22_C_100_weight_None_solver_lbfgs,lr,18_skf_3,128,6,11,7,0.888,0.755,0.389,0.955,0.538,0.921,0.452,0.398,/home/ubuntu/Desktop/DeepAmes_Full_STL_4_keep_weights/results_TA102_with_S9/artifacts/base/lr/estimators/lr_seed_18_skf_3_paras_22_C_100_weight_None_solver_lbfgs.joblib,"{""C"": 100, ""class_weight"": null, ""max_iter"": 300, ""random_state"": 1, ""solver"": ""lbfgs""}",lr,22,/home/ubuntu/Desktop/DeepAmes_Full_STL_4_keep_weights/results_TA102_with_S9/artifacts/base/lr/scalers/lr_seed_18_skf_3_paras_22_C_100_weight_None_solver_lbfgs_scaler.joblib,18,3
lr_seed_18_skf_4_paras_22_C_100_weight_None_solver_lbfgs,lr,18_skf_4,129,5,13,5,0.882,0.723,0.278,0.963,0.5,0.908,0.357,0.313,/home/ubuntu/Desktop/DeepAmes_Full_STL_4_keep_weights/results_TA102_with_S9/artifacts/base/lr/estimators/lr_seed_18_skf_4_paras_22_C_100_weight_None_solver_lbfgs.joblib,"{""C"": 100, ""class_weight"": null, ""max_iter"": 300, ""random_state"": 1, ""solver"": ""lbfgs""}",lr,22,/home/ubuntu/Desktop/DeepAmes_Full_STL_4_keep_weights/results_TA102_with_S9/artifacts/base/lr/scalers/lr_seed_18_skf_4_paras_22_C_100_weight_None_solver_lbfgs_scaler.joblib,18,4
lr_seed_19_skf_0_paras_22_C_100_weight_None_solver_lbfgs,lr,19_skf_0,126,8,11,7,0.875,0.797,0.389,0.94,0.467,0.92,0.424,0.357,/home/ubuntu/Desktop/DeepAmes_Full_STL_4_keep_weights/results_TA102_with_S9/artifacts/base/lr/estimators/lr_seed_19_skf_0_paras_22_C_100_weight_None_solver_lbfgs.joblib,"{""C"": 100, ""class_weight"": null, ""max_iter"": 300, ""random_state"": 1, ""solver"": ""lbfgs""}",lr,22,/home/ubuntu/Desktop/DeepAmes_Full_STL_4_keep_weights/results_TA102_with_S9/artifacts/base/lr/scalers/lr_seed_19_skf_0_paras_22_C_100_weight_None_solver_lbfgs_scaler.joblib,19,0
lr_seed_19_skf_3_paras_22_C_100_weight_None_solver_lbfgs,lr,19_skf_3,126,8,12,6,0.868,0.709,0.333,0.94,0.429,0.913,0.375,0.306,/home/ubuntu/Desktop/DeepAmes_Full_STL_4_keep_weights/results_TA102_with_S9/artifacts/base/lr/estimators/lr_seed_19_skf_3_paras_22_C_100_weight_None_solver_lbfgs.joblib,"{""C"": 100, ""class_weight"": null, ""max_iter"": 300, ""random_state"": 1, ""solver"": ""lbfgs""}",lr,22,/home/ubuntu/Desktop/DeepAmes_Full_STL_4_keep_weights/results_TA102_with_S9/artifacts/base/lr/scalers/lr_seed_19_skf_3_paras_22_C_100_weight_None_solver_lbfgs_scaler.joblib,19,3
lr_seed_19_skf_4_paras_22_C_100_weight_None_solver_lbfgs,lr,19_skf_4,125,9,10,8,0.875,0.78,0.444,0.933,0.471,0.926,0.457,0.387,/home/ubuntu/Desktop/DeepAmes_Full_STL_4_keep_weights/results_TA102_with_S9/artifacts/base/lr/estimators/lr_seed_19_skf_4_paras_22_C_100_weight_None_solver_lbfgs.joblib,"{""C"": 100, ""class_weight"": null, ""max_iter"": 300, ""random_state"": 1, ""solver"": ""lbfgs""}",lr,22,/home/ubuntu/Desktop/DeepAmes_Full_STL_4_keep_weights/results_TA102_with_S9/artifacts/base/lr/scalers/lr_seed_19_skf_4_paras_22_C_100_weight_None_solver_lbfgs_scaler.joblib,19,4
knn_seed_0_skf_0_paras_0_K_3,knn,0_skf_0,127,7,12,6,0.875,0.804,0.333,0.948,0.462,0.914,0.387,0.325,/home/ubuntu/Desktop/DeepAmes_Full_STL_4_keep_weights/results_TA102_with_S9/artifacts/base/knn/estimators/knn_seed_0_skf_0_paras_0_K_3.joblib,"{""n_neighbors"": 3}",knn,0,/home/ubuntu/Desktop/DeepAmes_Full_STL_4_keep_weights/results_TA102_with_S9/artifacts/base/knn/scalers/knn_seed_0_skf_0_paras_0_K_3_scaler.joblib,0,0
knn_seed_0_skf_1_paras_0_K_3,knn,0_skf_1,123,11,15,3,0.829,0.75,0.167,0.918,0.214,0.891,0.188,0.095,/home/ubuntu/Desktop/DeepAmes_Full_STL_4_keep_weights/results_TA102_with_S9/artifacts/base/knn/estimators/knn_seed_0_skf_1_paras_0_K_3.joblib,"{""n_neighbors"": 3}",knn,0,/home/ubuntu/Desktop/DeepAmes_Full_STL_4_keep_weights/results_TA102_with_S9/artifacts/base/knn/scalers/knn_seed_0_skf_1_paras_0_K_3_scaler.joblib,0,1
knn_seed_0_skf_3_paras_0_K_3,knn,0_skf_3,123,11,14,4,0.836,0.746,0.222,0.918,0.267,0.898,0.242,0.152,/home/ubuntu/Desktop/DeepAmes_Full_STL_4_keep_weights/results_TA102_with_S9/artifacts/base/knn/estimators/knn_seed_0_skf_3_paras_0_K_3.joblib,"{""n_neighbors"": 3}",knn,0,/home/ubuntu/Desktop/DeepAmes_Full_STL_4_keep_weights/results_TA102_with_S9/artifacts/base/knn/scalers/knn_seed_0_skf_3_paras_0_K_3_scaler.joblib,0,3
knn_seed_0_skf_4_paras_0_K_3,knn,0_skf_4,126,8,14,4,0.855,0.786,0.222,0.94,0.333,0.9,0.267,0.195,/home/ubuntu/Desktop/DeepAmes_Full_STL_4_keep_weights/results_TA102_with_S9/artifacts/base/knn/estimators/knn_seed_0_skf_4_paras_0_K_3.joblib,"{""n_neighbors"": 3}",knn,0,/home/ubuntu/Desktop/DeepAmes_Full_STL_4_keep_weights/results_TA102_with_S9/artifacts/base/knn/scalers/knn_seed_0_skf_4_paras_0_K_3_scaler.joblib,0,4
knn_seed_1_skf_0_paras_0_K_3,knn,1_skf_0,123,11,12,6,0.849,0.76,0.333,0.918,0.353,0.911,0.343,0.258,/home/ubuntu/Desktop/DeepAmes_Full_STL_4_keep_weights/results_TA102_with_S9/artifacts/base/knn/estimators/knn_seed_1_skf_0_paras_0_K_3.joblib,"{""n_neighbors"": 3}",knn,0,/home/ubuntu/Desktop/DeepAmes_Full_STL_4_keep_weights/results_TA102_with_S9/artifacts/base/knn/scalers/knn_seed_1_skf_0_paras_0_K_3_scaler.joblib,1,0
knn_seed_1_skf_1_paras_0_K_3,knn,1_skf_1,129,5,13,5,0.882,0.767,0.278,0.963,0.5,0.908,0.357,0.313,/home/ubuntu/Desktop/DeepAmes_Full_STL_4_keep_weights/results_TA102_with_S9/artifacts/base/knn/estimators/knn_seed_1_skf_1_paras_0_K_3.joblib,"{""n_neighbors"": 3}",knn,0,/home/ubuntu/Desktop/DeepAmes_Full_STL_4_keep_weights/results_TA102_with_S9/artifacts/base/knn/scalers/knn_seed_1_skf_1_paras_0_K_3_scaler.joblib,1,1
knn_seed_1_skf_4_paras_0_K_3,knn,1_skf_4,123,11,14,4,0.836,0.78,0.222,0.918,0.267,0.898,0.242,0.152,/home/ubuntu/Desktop/DeepAmes_Full_STL_4_keep_weights/results_TA102_with_S9/artifacts/base/knn/estimators/knn_seed_1_skf_4_paras_0_K_3.joblib,"{""n_neighbors"": 3}",knn,0,/home/ubuntu/Desktop/DeepAmes_Full_STL_4_keep_weights/results_TA102_with_S9/artifacts/base/knn/scalers/knn_seed_1_skf_4_paras_0_K_3_scaler.joblib,1,4
knn_seed_2_skf_0_paras_0_K_3,knn,2_skf_0,120,14,13,5,0.822,0.757,0.278,0.896,0.263,0.902,0.27,0.169,/home/ubuntu/Desktop/DeepAmes_Full_STL_4_keep_weights/results_TA102_with_S9/artifacts/base/knn/estimators/knn_seed_2_skf_0_paras_0_K_3.joblib,"{""n_neighbors"": 3}",knn,0,/home/ubuntu/Desktop/DeepAmes_Full_STL_4_keep_weights/results_TA102_with_S9/artifacts/base/knn/scalers/knn_seed_2_skf_0_paras_0_K_3_scaler.joblib,2,0
knn_seed_2_skf_1_paras_0_K_3,knn,2_skf_1,126,8,15,3,0.849,0.754,0.167,0.94,0.273,0.894,0.207,0.133,/home/ubuntu/Desktop/DeepAmes_Full_STL_4_keep_weights/results_TA102_with_S9/artifacts/base/knn/estimators/knn_seed_2_skf_1_paras_0_K_3.joblib,"{""n_neighbors"": 3}",knn,0,/home/ubuntu/Desktop/DeepAmes_Full_STL_4_keep_weights/results_TA102_with_S9/artifacts/base/knn/scalers/knn_seed_2_skf_1_paras_0_K_3_scaler.joblib,2,1
knn_seed_2_skf_3_paras_0_K_3,knn,2_skf_3,128,6,14,4,0.868,0.839,0.222,0.955,0.4,0.901,0.286,0.231,/home/ubuntu/Desktop/DeepAmes_Full_STL_4_keep_weights/results_TA102_with_S9/artifacts/base/knn/estimators/knn_seed_2_skf_3_paras_0_K_3.joblib,"{""n_neighbors"": 3}",knn,0,/home/ubuntu/Desktop/DeepAmes_Full_STL_4_keep_weights/results_TA102_with_S9/artifacts/base/knn/scalers/knn_seed_2_skf_3_paras_0_K_3_scaler.joblib,2,3
knn_seed_2_skf_4_paras_0_K_3,knn,2_skf_4,127,7,14,4,0.862,0.74,0.222,0.948,0.364,0.901,0.276,0.212,/home/ubuntu/Desktop/DeepAmes_Full_STL_4_keep_weights/results_TA102_with_S9/artifacts/base/knn/estimators/knn_seed_2_skf_4_paras_0_K_3.joblib,"{""n_neighbors"": 3}",knn,0,/home/ubuntu/Desktop/DeepAmes_Full_STL_4_keep_weights/results_TA102_with_S9/artifacts/base/knn/scalers/knn_seed_2_skf_4_paras_0_K_3_scaler.joblib,2,4
knn_seed_3_skf_0_paras_0_K_3,knn,3_skf_0,127,7,13,5,0.868,0.765,0.278,0.948,0.417,0.907,0.333,0.27,/home/ubuntu/Desktop/DeepAmes_Full_STL_4_keep_weights/results_TA102_with_S9/artifacts/base/knn/estimators/knn_seed_3_skf_0_paras_0_K_3.joblib,"{""n_neighbors"": 3}",knn,0,/home/ubuntu/Desktop/DeepAmes_Full_STL_4_keep_weights/results_TA102_with_S9/artifacts/base/knn/scalers/knn_seed_3_skf_0_paras_0_K_3_scaler.joblib,3,0
knn_seed_3_skf_1_paras_0_K_3,knn,3_skf_1,123,11,14,4,0.836,0.758,0.222,0.918,0.267,0.898,0.242,0.152,/home/ubuntu/Desktop/DeepAmes_Full_STL_4_keep_weights/results_TA102_with_S9/artifacts/base/knn/estimators/knn_seed_3_skf_1_paras_0_K_3.joblib,"{""n_neighbors"": 3}",knn,0,/home/ubuntu/Desktop/DeepAmes_Full_STL_4_keep_weights/results_TA102_with_S9/artifacts/base/knn/scalers/knn_seed_3_skf_1_paras_0_K_3_scaler.joblib,3,1
knn_seed_3_skf_2_paras_0_K_3,knn,3_skf_2,125,9,15,3,0.842,0.765,0.167,0.933,0.25,0.893,0.2,0.119,/home/ubuntu/Desktop/DeepAmes_Full_STL_4_keep_weights/results_TA102_with_S9/artifacts/base/knn/estimators/knn_seed_3_skf_2_paras_0_K_3.joblib,"{""n_neighbors"": 3}",knn,0,/home/ubuntu/Desktop/DeepAmes_Full_STL_4_keep_weights/results_TA102_with_S9/artifacts/base/knn/scalers/knn_seed_3_skf_2_paras_0_K_3_scaler.joblib,3,2
knn_seed_3_skf_3_paras_0_K_3,knn,3_skf_3,130,4,14,4,0.882,0.748,0.222,0.97,0.5,0.903,0.308,0.278,/home/ubuntu/Desktop/DeepAmes_Full_STL_4_keep_weights/results_TA102_with_S9/artifacts/base/knn/estimators/knn_seed_3_skf_3_paras_0_K_3.joblib,"{""n_neighbors"": 3}",knn,0,/home/ubuntu/Desktop/DeepAmes_Full_STL_4_keep_weights/results_TA102_with_S9/artifacts/base/knn/scalers/knn_seed_3_skf_3_paras_0_K_3_scaler.joblib,3,3
knn_seed_3_skf_4_paras_0_K_3,knn,3_skf_4,124,10,14,4,0.842,0.788,0.222,0.925,0.286,0.899,0.25,0.165,/home/ubuntu/Desktop/DeepAmes_Full_STL_4_keep_weights/results_TA102_with_S9/artifacts/base/knn/estimators/knn_seed_3_skf_4_paras_0_K_3.joblib,"{""n_neighbors"": 3}",knn,0,/home/ubuntu/Desktop/DeepAmes_Full_STL_4_keep_weights/results_TA102_with_S9/artifacts/base/knn/scalers/knn_seed_3_skf_4_paras_0_K_3_scaler.joblib,3,4
knn_seed_4_skf_0_paras_0_K_3,knn,4_skf_0,127,7,15,3,0.855,0.791,0.167,0.948,0.3,0.894,0.214,0.149,/home/ubuntu/Desktop/DeepAmes_Full_STL_4_keep_weights/results_TA102_with_S9/artifacts/base/knn/estimators/knn_seed_4_skf_0_paras_0_K_3.joblib,"{""n_neighbors"": 3}",knn,0,/home/ubuntu/Desktop/DeepAmes_Full_STL_4_keep_weights/results_TA102_with_S9/artifacts/base/knn/scalers/knn_seed_4_skf_0_paras_0_K_3_scaler.joblib,4,0
knn_seed_4_skf_1_paras_0_K_3,knn,4_skf_1,126,8,15,3,0.849,0.727,0.167,0.94,0.273,0.894,0.207,0.133,/home/ubuntu/Desktop/DeepAmes_Full_STL_4_keep_weights/results_TA102_with_S9/artifacts/base/knn/estimators/knn_seed_4_skf_1_paras_0_K_3.joblib,"{""n_neighbors"": 3}",knn,0,/home/ubuntu/Desktop/DeepAmes_Full_STL_4_keep_weights/results_TA102_with_S9/artifacts/base/knn/scalers/knn_seed_4_skf_1_paras_0_K_3_scaler.joblib,4,1
knn_seed_4_skf_2_paras_0_K_3,knn,4_skf_2,125,9,12,6,0.862,0.755,0.333,0.933,0.4,0.912,0.364,0.288,/home/ubuntu/Desktop/DeepAmes_Full_STL_4_keep_weights/results_TA102_with_S9/artifacts/base/knn/estimators/knn_seed_4_skf_2_paras_0_K_3.joblib,"{""n_neighbors"": 3}",knn,0,/home/ubuntu/Desktop/DeepAmes_Full_STL_4_keep_weights/results_TA102_with_S9/artifacts/base/knn/scalers/knn_seed_4_skf_2_paras_0_K_3_scaler.joblib,4,2
knn_seed_4_skf_3_paras_0_K_3,knn,4_skf_3,126,8,13,5,0.862,0.752,0.278,0.94,0.385,0.906,0.323,0.252,/home/ubuntu/Desktop/DeepAmes_Full_STL_4_keep_weights/results_TA102_with_S9/artifacts/base/knn/estimators/knn_seed_4_skf_3_paras_0_K_3.joblib,"{""n_neighbors"": 3}",knn,0,/home/ubuntu/Desktop/DeepAmes_Full_STL_4_keep_weights/results_TA102_with_S9/artifacts/base/knn/scalers/knn_seed_4_skf_3_paras_0_K_3_scaler.joblib,4,3
knn_seed_4_skf_4_paras_0_K_3,knn,4_skf_4,128,6,14,4,0.868,0.831,0.222,0.955,0.4,0.901,0.286,0.231,/home/ubuntu/Desktop/DeepAmes_Full_STL_4_keep_weights/results_TA102_with_S9/artifacts/base/knn/estimators/knn_seed_4_skf_4_paras_0_K_3.joblib,"{""n_neighbors"": 3}",knn,0,/home/ubuntu/Desktop/DeepAmes_Full_STL_4_keep_weights/results_TA102_with_S9/artifacts/base/knn/scalers/knn_seed_4_skf_4_paras_0_K_3_scaler.joblib,4,4
knn_seed_5_skf_0_paras_0_K_3,knn,5_skf_0,126,8,12,6,0.868,0.759,0.333,0.94,0.429,0.913,0.375,0.306,/home/ubuntu/Desktop/DeepAmes_Full_STL_4_keep_weights/results_TA102_with_S9/artifacts/base/knn/estimators/knn_seed_5_skf_0_paras_0_K_3.joblib,"{""n_neighbors"": 3}",knn,0,/home/ubuntu/Desktop/DeepAmes_Full_STL_4_keep_weights/results_TA102_with_S9/artifacts/base/knn/scalers/knn_seed_5_skf_0_paras_0_K_3_scaler.joblib,5,0
knn_seed_5_skf_1_paras_0_K_3,knn,5_skf_1,126,8,15,3,0.849,0.758,0.167,0.94,0.273,0.894,0.207,0.133,/home/ubuntu/Desktop/DeepAmes_Full_STL_4_keep_weights/results_TA102_with_S9/artifacts/base/knn/estimators/knn_seed_5_skf_1_paras_0_K_3.joblib,"{""n_neighbors"": 3}",knn,0,/home/ubuntu/Desktop/DeepAmes_Full_STL_4_keep_weights/results_TA102_with_S9/artifacts/base/knn/scalers/knn_seed_5_skf_1_paras_0_K_3_scaler.joblib,5,1
knn_seed_5_skf_2_paras_0_K_3,knn,5_skf_2,129,5,15,3,0.868,0.756,0.167,0.963,0.375,0.896,0.231,0.187,/home/ubuntu/Desktop/DeepAmes_Full_STL_4_keep_weights/results_TA102_with_S9/artifacts/base/knn/estimators/knn_seed_5_skf_2_paras_0_K_3.joblib,"{""n_neighbors"": 3}",knn,0,/home/ubuntu/Desktop/DeepAmes_Full_STL_4_keep_weights/results_TA102_with_S9/artifacts/base/knn/scalers/knn_seed_5_skf_2_paras_0_K_3_scaler.joblib,5,2
knn_seed_5_skf_3_paras_0_K_3,knn,5_skf_3,125,9,14,4,0.849,0.754,0.222,0.933,0.308,0.899,0.258,0.179,/home/ubuntu/Desktop/DeepAmes_Full_STL_4_keep_weights/results_TA102_with_S9/artifacts/base/knn/estimators/knn_seed_5_skf_3_paras_0_K_3.joblib,"{""n_neighbors"": 3}",knn,0,/home/ubuntu/Desktop/DeepAmes_Full_STL_4_keep_weights/results_TA102_with_S9/artifacts/base/knn/scalers/knn_seed_5_skf_3_paras_0_K_3_scaler.joblib,5,3
knn_seed_5_skf_4_paras_0_K_3,knn,5_skf_4,121,13,13,5,0.829,0.791,0.278,0.903,0.278,0.903,0.278,0.181,/home/ubuntu/Desktop/DeepAmes_Full_STL_4_keep_weights/results_TA102_with_S9/artifacts/base/knn/estimators/knn_seed_5_skf_4_paras_0_K_3.joblib,"{""n_neighbors"": 3}",knn,0,/home/ubuntu/Desktop/DeepAmes_Full_STL_4_keep_weights/results_TA102_with_S9/artifacts/base/knn/scalers/knn_seed_5_skf_4_paras_0_K_3_scaler.joblib,5,4
knn_seed_6_skf_1_paras_0_K_3,knn,6_skf_1,126,8,14,4,0.855,0.795,0.222,0.94,0.333,0.9,0.267,0.195,/home/ubuntu/Desktop/DeepAmes_Full_STL_4_keep_weights/results_TA102_with_S9/artifacts/base/knn/estimators/knn_seed_6_skf_1_paras_0_K_3.joblib,"{""n_neighbors"": 3}",knn,0,/home/ubuntu/Desktop/DeepAmes_Full_STL_4_keep_weights/results_TA102_with_S9/artifacts/base/knn/scalers/knn_seed_6_skf_1_paras_0_K_3_scaler.joblib,6,1
knn_seed_6_skf_2_paras_0_K_3,knn,6_skf_2,124,10,13,5,0.849,0.751,0.278,0.925,0.333,0.905,0.303,0.22,/home/ubuntu/Desktop/DeepAmes_Full_STL_4_keep_weights/results_TA102_with_S9/artifacts/base/knn/estimators/knn_seed_6_skf_2_paras_0_K_3.joblib,"{""n_neighbors"": 3}",knn,0,/home/ubuntu/Desktop/DeepAmes_Full_STL_4_keep_weights/results_TA102_with_S9/artifacts/base/knn/scalers/knn_seed_6_skf_2_paras_0_K_3_scaler.joblib,6,2
knn_seed_6_skf_3_paras_0_K_3,knn,6_skf_3,131,3,14,4,0.888,0.765,0.222,0.978,0.571,0.903,0.32,0.308,/home/ubuntu/Desktop/DeepAmes_Full_STL_4_keep_weights/results_TA102_with_S9/artifacts/base/knn/estimators/knn_seed_6_skf_3_paras_0_K_3.joblib,"{""n_neighbors"": 3}",knn,0,/home/ubuntu/Desktop/DeepAmes_Full_STL_4_keep_weights/results_TA102_with_S9/artifacts/base/knn/scalers/knn_seed_6_skf_3_paras_0_K_3_scaler.joblib,6,3
knn_seed_6_skf_4_paras_0_K_3,knn,6_skf_4,127,7,12,6,0.875,0.849,0.333,0.948,0.462,0.914,0.387,0.325,/home/ubuntu/Desktop/DeepAmes_Full_STL_4_keep_weights/results_TA102_with_S9/artifacts/base/knn/estimators/knn_seed_6_skf_4_paras_0_K_3.joblib,"{""n_neighbors"": 3}",knn,0,/home/ubuntu/Desktop/DeepAmes_Full_STL_4_keep_weights/results_TA102_with_S9/artifacts/base/knn/scalers/knn_seed_6_skf_4_paras_0_K_3_scaler.joblib,6,4
knn_seed_7_skf_0_paras_0_K_3,knn,7_skf_0,125,9,15,3,0.842,0.754,0.167,0.933,0.25,0.893,0.2,0.119,/home/ubuntu/Desktop/DeepAmes_Full_STL_4_keep_weights/results_TA102_with_S9/artifacts/base/knn/estimators/knn_seed_7_skf_0_paras_0_K_3.joblib,"{""n_neighbors"": 3}",knn,0,/home/ubuntu/Desktop/DeepAmes_Full_STL_4_keep_weights/results_TA102_with_S9/artifacts/base/knn/scalers/knn_seed_7_skf_0_paras_0_K_3_scaler.joblib,7,0
knn_seed_7_skf_1_paras_0_K_3,knn,7_skf_1,125,9,13,5,0.855,0.777,0.278,0.933,0.357,0.906,0.313,0.235,/home/ubuntu/Desktop/DeepAmes_Full_STL_4_keep_weights/results_TA102_with_S9/artifacts/base/knn/estimators/knn_seed_7_skf_1_paras_0_K_3.joblib,"{""n_neighbors"": 3}",knn,0,/home/ubuntu/Desktop/DeepAmes_Full_STL_4_keep_weights/results_TA102_with_S9/artifacts/base/knn/scalers/knn_seed_7_skf_1_paras_0_K_3_scaler.joblib,7,1
knn_seed_7_skf_2_paras_0_K_3,knn,7_skf_2,124,10,15,3,0.836,0.746,0.167,0.925,0.231,0.892,0.194,0.106,/home/ubuntu/Desktop/DeepAmes_Full_STL_4_keep_weights/results_TA102_with_S9/artifacts/base/knn/estimators/knn_seed_7_skf_2_paras_0_K_3.joblib,"{""n_neighbors"": 3}",knn,0,/home/ubuntu/Desktop/DeepAmes_Full_STL_4_keep_weights/results_TA102_with_S9/artifacts/base/knn/scalers/knn_seed_7_skf_2_paras_0_K_3_scaler.joblib,7,2
knn_seed_7_skf_3_paras_0_K_3,knn,7_skf_3,126,8,14,4,0.855,0.762,0.222,0.94,0.333,0.9,0.267,0.195,/home/ubuntu/Desktop/DeepAmes_Full_STL_4_keep_weights/results_TA102_with_S9/artifacts/base/knn/estimators/knn_seed_7_skf_3_paras_0_K_3.joblib,"{""n_neighbors"": 3}",knn,0,/home/ubuntu/Desktop/DeepAmes_Full_STL_4_keep_weights/results_TA102_with_S9/artifacts/base/knn/scalers/knn_seed_7_skf_3_paras_0_K_3_scaler.joblib,7,3
knn_seed_7_skf_4_paras_0_K_3,knn,7_skf_4,125,9,13,5,0.855,0.765,0.278,0.933,0.357,0.906,0.313,0.235,/home/ubuntu/Desktop/DeepAmes_Full_STL_4_keep_weights/results_TA102_with_S9/artifacts/base/knn/estimators/knn_seed_7_skf_4_paras_0_K_3.joblib,"{""n_neighbors"": 3}",knn,0,/home/ubuntu/Desktop/DeepAmes_Full_STL_4_keep_weights/results_TA102_with_S9/artifacts/base/knn/scalers/knn_seed_7_skf_4_paras_0_K_3_scaler.joblib,7,4
knn_seed_8_skf_1_paras_0_K_3,knn,8_skf_1,127,7,15,3,0.855,0.764,0.167,0.948,0.3,0.894,0.214,0.149,/home/ubuntu/Desktop/DeepAmes_Full_STL_4_keep_weights/results_TA102_with_S9/artifacts/base/knn/estimators/knn_seed_8_skf_1_paras_0_K_3.joblib,"{""n_neighbors"": 3}",knn,0,/home/ubuntu/Desktop/DeepAmes_Full_STL_4_keep_weights/results_TA102_with_S9/artifacts/base/knn/scalers/knn_seed_8_skf_1_paras_0_K_3_scaler.joblib,8,1
knn_seed_8_skf_2_paras_0_K_3,knn,8_skf_2,127,7,13,5,0.868,0.721,0.278,0.948,0.417,0.907,0.333,0.27,/home/ubuntu/Desktop/DeepAmes_Full_STL_4_keep_weights/results_TA102_with_S9/artifacts/base/knn/estimators/knn_seed_8_skf_2_paras_0_K_3.joblib,"{""n_neighbors"": 3}",knn,0,/home/ubuntu/Desktop/DeepAmes_Full_STL_4_keep_weights/results_TA102_with_S9/artifacts/base/knn/scalers/knn_seed_8_skf_2_paras_0_K_3_scaler.joblib,8,2
knn_seed_8_skf_3_paras_0_K_3,knn,8_skf_3,125,9,11,7,0.868,0.789,0.389,0.933,0.438,0.919,0.412,0.339,/home/ubuntu/Desktop/DeepAmes_Full_STL_4_keep_weights/results_TA102_with_S9/artifacts/base/knn/estimators/knn_seed_8_skf_3_paras_0_K_3.joblib,"{""n_neighbors"": 3}",knn,0,/home/ubuntu/Desktop/DeepAmes_Full_STL_4_keep_weights/results_TA102_with_S9/artifacts/base/knn/scalers/knn_seed_8_skf_3_paras_0_K_3_scaler.joblib,8,3
knn_seed_8_skf_4_paras_0_K_3,knn,8_skf_4,124,10,14,4,0.842,0.816,0.222,0.925,0.286,0.899,0.25,0.165,/home/ubuntu/Desktop/DeepAmes_Full_STL_4_keep_weights/results_TA102_with_S9/artifacts/base/knn/estimators/knn_seed_8_skf_4_paras_0_K_3.joblib,"{""n_neighbors"": 3}",knn,0,/home/ubuntu/Desktop/DeepAmes_Full_STL_4_keep_weights/results_TA102_with_S9/artifacts/base/knn/scalers/knn_seed_8_skf_4_paras_0_K_3_scaler.joblib,8,4
knn_seed_9_skf_0_paras_0_K_3,knn,9_skf_0,126,8,15,3,0.849,0.817,0.167,0.94,0.273,0.894,0.207,0.133,/home/ubuntu/Desktop/DeepAmes_Full_STL_4_keep_weights/results_TA102_with_S9/artifacts/base/knn/estimators/knn_seed_9_skf_0_paras_0_K_3.joblib,"{""n_neighbors"": 3}",knn,0,/home/ubuntu/Desktop/DeepAmes_Full_STL_4_keep_weights/results_TA102_with_S9/artifacts/base/knn/scalers/knn_seed_9_skf_0_paras_0_K_3_scaler.joblib,9,0
knn_seed_9_skf_1_paras_0_K_3,knn,9_skf_1,125,9,12,6,0.862,0.749,0.333,0.933,0.4,0.912,0.364,0.288,/home/ubuntu/Desktop/DeepAmes_Full_STL_4_keep_weights/results_TA102_with_S9/artifacts/base/knn/estimators/knn_seed_9_skf_1_paras_0_K_3.joblib,"{""n_neighbors"": 3}",knn,0,/home/ubuntu/Desktop/DeepAmes_Full_STL_4_keep_weights/results_TA102_with_S9/artifacts/base/knn/scalers/knn_seed_9_skf_1_paras_0_K_3_scaler.joblib,9,1
knn_seed_9_skf_3_paras_0_K_3,knn,9_skf_3,123,11,15,3,0.829,0.732,0.167,0.918,0.214,0.891,0.188,0.095,/home/ubuntu/Desktop/DeepAmes_Full_STL_4_keep_weights/results_TA102_with_S9/artifacts/base/knn/estimators/knn_seed_9_skf_3_paras_0_K_3.joblib,"{""n_neighbors"": 3}",knn,0,/home/ubuntu/Desktop/DeepAmes_Full_STL_4_keep_weights/results_TA102_with_S9/artifacts/base/knn/scalers/knn_seed_9_skf_3_paras_0_K_3_scaler.joblib,9,3
knn_seed_9_skf_4_paras_0_K_3,knn,9_skf_4,127,7,14,4,0.862,0.749,0.222,0.948,0.364,0.901,0.276,0.212,/home/ubuntu/Desktop/DeepAmes_Full_STL_4_keep_weights/results_TA102_with_S9/artifacts/base/knn/estimators/knn_seed_9_skf_4_paras_0_K_3.joblib,"{""n_neighbors"": 3}",knn,0,/home/ubuntu/Desktop/DeepAmes_Full_STL_4_keep_weights/results_TA102_with_S9/artifacts/base/knn/scalers/knn_seed_9_skf_4_paras_0_K_3_scaler.joblib,9,4
knn_seed_10_skf_0_paras_0_K_3,knn,10_skf_0,126,8,15,3,0.849,0.708,0.167,0.94,0.273,0.894,0.207,0.133,/home/ubuntu/Desktop/DeepAmes_Full_STL_4_keep_weights/results_TA102_with_S9/artifacts/base/knn/estimators/knn_seed_10_skf_0_paras_0_K_3.joblib,"{""n_neighbors"": 3}",knn,0,/home/ubuntu/Desktop/DeepAmes_Full_STL_4_keep_weights/results_TA102_with_S9/artifacts/base/knn/scalers/knn_seed_10_skf_0_paras_0_K_3_scaler.joblib,10,0
knn_seed_10_skf_1_paras_0_K_3,knn,10_skf_1,123,11,14,4,0.836,0.8,0.222,0.918,0.267,0.898,0.242,0.152,/home/ubuntu/Desktop/DeepAmes_Full_STL_4_keep_weights/results_TA102_with_S9/artifacts/base/knn/estimators/knn_seed_10_skf_1_paras_0_K_3.joblib,"{""n_neighbors"": 3}",knn,0,/home/ubuntu/Desktop/DeepAmes_Full_STL_4_keep_weights/results_TA102_with_S9/artifacts/base/knn/scalers/knn_seed_10_skf_1_paras_0_K_3_scaler.joblib,10,1
knn_seed_10_skf_3_paras_0_K_3,knn,10_skf_3,126,8,14,4,0.855,0.778,0.222,0.94,0.333,0.9,0.267,0.195,/home/ubuntu/Desktop/DeepAmes_Full_STL_4_keep_weights/results_TA102_with_S9/artifacts/base/knn/estimators/knn_seed_10_skf_3_paras_0_K_3.joblib,"{""n_neighbors"": 3}",knn,0,/home/ubuntu/Desktop/DeepAmes_Full_STL_4_keep_weights/results_TA102_with_S9/artifacts/base/knn/scalers/knn_seed_10_skf_3_paras_0_K_3_scaler.joblib,10,3
knn_seed_11_skf_0_paras_0_K_3,knn,11_skf_0,124,10,14,4,0.842,0.774,0.222,0.925,0.286,0.899,0.25,0.165,/home/ubuntu/Desktop/DeepAmes_Full_STL_4_keep_weights/results_TA102_with_S9/artifacts/base/knn/estimators/knn_seed_11_skf_0_paras_0_K_3.joblib,"{""n_neighbors"": 3}",knn,0,/home/ubuntu/Desktop/DeepAmes_Full_STL_4_keep_weights/results_TA102_with_S9/artifacts/base/knn/scalers/knn_seed_11_skf_0_paras_0_K_3_scaler.joblib,11,0
knn_seed_11_skf_1_paras_0_K_3,knn,11_skf_1,124,10,15,3,0.836,0.778,0.167,0.925,0.231,0.892,0.194,0.106,/home/ubuntu/Desktop/DeepAmes_Full_STL_4_keep_weights/results_TA102_with_S9/artifacts/base/knn/estimators/knn_seed_11_skf_1_paras_0_K_3.joblib,"{""n_neighbors"": 3}",knn,0,/home/ubuntu/Desktop/DeepAmes_Full_STL_4_keep_weights/results_TA102_with_S9/artifacts/base/knn/scalers/knn_seed_11_skf_1_paras_0_K_3_scaler.joblib,11,1
knn_seed_11_skf_2_paras_0_K_3,knn,11_skf_2,125,9,15,3,0.842,0.742,0.167,0.933,0.25,0.893,0.2,0.119,/home/ubuntu/Desktop/DeepAmes_Full_STL_4_keep_weights/results_TA102_with_S9/artifacts/base/knn/estimators/knn_seed_11_skf_2_paras_0_K_3.joblib,"{""n_neighbors"": 3}",knn,0,/home/ubuntu/Desktop/DeepAmes_Full_STL_4_keep_weights/results_TA102_with_S9/artifacts/base/knn/scalers/knn_seed_11_skf_2_paras_0_K_3_scaler.joblib,11,2
knn_seed_11_skf_3_paras_0_K_3,knn,11_skf_3,124,10,13,5,0.849,0.756,0.278,0.925,0.333,0.905,0.303,0.22,/home/ubuntu/Desktop/DeepAmes_Full_STL_4_keep_weights/results_TA102_with_S9/artifacts/base/knn/estimators/knn_seed_11_skf_3_paras_0_K_3.joblib,"{""n_neighbors"": 3}",knn,0,/home/ubuntu/Desktop/DeepAmes_Full_STL_4_keep_weights/results_TA102_with_S9/artifacts/base/knn/scalers/knn_seed_11_skf_3_paras_0_K_3_scaler.joblib,11,3
knn_seed_11_skf_4_paras_0_K_3,knn,11_skf_4,128,6,15,3,0.862,0.748,0.167,0.955,0.333,0.895,0.222,0.167,/home/ubuntu/Desktop/DeepAmes_Full_STL_4_keep_weights/results_TA102_with_S9/artifacts/base/knn/estimators/knn_seed_11_skf_4_paras_0_K_3.joblib,"{""n_neighbors"": 3}",knn,0,/home/ubuntu/Desktop/DeepAmes_Full_STL_4_keep_weights/results_TA102_with_S9/artifacts/base/knn/scalers/knn_seed_11_skf_4_paras_0_K_3_scaler.joblib,11,4
knn_seed_12_skf_1_paras_0_K_3,knn,12_skf_1,127,7,13,5,0.868,0.817,0.278,0.948,0.417,0.907,0.333,0.27,/home/ubuntu/Desktop/DeepAmes_Full_STL_4_keep_weights/results_TA102_with_S9/artifacts/base/knn/estimators/knn_seed_12_skf_1_paras_0_K_3.joblib,"{""n_neighbors"": 3}",knn,0,/home/ubuntu/Desktop/DeepAmes_Full_STL_4_keep_weights/results_TA102_with_S9/artifacts/base/knn/scalers/knn_seed_12_skf_1_paras_0_K_3_scaler.joblib,12,1
knn_seed_12_skf_2_paras_0_K_3,knn,12_skf_2,124,10,15,3,0.836,0.715,0.167,0.925,0.231,0.892,0.194,0.106,/home/ubuntu/Desktop/DeepAmes_Full_STL_4_keep_weights/results_TA102_with_S9/artifacts/base/knn/estimators/knn_seed_12_skf_2_paras_0_K_3.joblib,"{""n_neighbors"": 3}",knn,0,/home/ubuntu/Desktop/DeepAmes_Full_STL_4_keep_weights/results_TA102_with_S9/artifacts/base/knn/scalers/knn_seed_12_skf_2_paras_0_K_3_scaler.joblib,12,2
knn_seed_12_skf_3_paras_0_K_3,knn,12_skf_3,125,9,14,4,0.849,0.761,0.222,0.933,0.308,0.899,0.258,0.179,/home/ubuntu/Desktop/DeepAmes_Full_STL_4_keep_weights/results_TA102_with_S9/artifacts/base/knn/estimators/knn_seed_12_skf_3_paras_0_K_3.joblib,"{""n_neighbors"": 3}",knn,0,/home/ubuntu/Desktop/DeepAmes_Full_STL_4_keep_weights/results_TA102_with_S9/artifacts/base/knn/scalers/knn_seed_12_skf_3_paras_0_K_3_scaler.joblib,12,3
knn_seed_12_skf_4_paras_0_K_3,knn,12_skf_4,123,11,13,5,0.842,0.795,0.278,0.918,0.312,0.904,0.294,0.206,/home/ubuntu/Desktop/DeepAmes_Full_STL_4_keep_weights/results_TA102_with_S9/artifacts/base/knn/estimators/knn_seed_12_skf_4_paras_0_K_3.joblib,"{""n_neighbors"": 3}",knn,0,/home/ubuntu/Desktop/DeepAmes_Full_STL_4_keep_weights/results_TA102_with_S9/artifacts/base/knn/scalers/knn_seed_12_skf_4_paras_0_K_3_scaler.joblib,12,4
knn_seed_13_skf_0_paras_0_K_3,knn,13_skf_0,127,7,15,3,0.855,0.77,0.167,0.948,0.3,0.894,0.214,0.149,/home/ubuntu/Desktop/DeepAmes_Full_STL_4_keep_weights/results_TA102_with_S9/artifacts/base/knn/estimators/knn_seed_13_skf_0_paras_0_K_3.joblib,"{""n_neighbors"": 3}",knn,0,/home/ubuntu/Desktop/DeepAmes_Full_STL_4_keep_weights/results_TA102_with_S9/artifacts/base/knn/scalers/knn_seed_13_skf_0_paras_0_K_3_scaler.joblib,13,0
knn_seed_13_skf_1_paras_0_K_3,knn,13_skf_1,124,10,15,3,0.836,0.758,0.167,0.925,0.231,0.892,0.194,0.106,/home/ubuntu/Desktop/DeepAmes_Full_STL_4_keep_weights/results_TA102_with_S9/artifacts/base/knn/estimators/knn_seed_13_skf_1_paras_0_K_3.joblib,"{""n_neighbors"": 3}",knn,0,/home/ubuntu/Desktop/DeepAmes_Full_STL_4_keep_weights/results_TA102_with_S9/artifacts/base/knn/scalers/knn_seed_13_skf_1_paras_0_K_3_scaler.joblib,13,1
knn_seed_13_skf_2_paras_0_K_3,knn,13_skf_2,122,12,15,3,0.822,0.735,0.167,0.91,0.2,0.891,0.182,0.084,/home/ubuntu/Desktop/DeepAmes_Full_STL_4_keep_weights/results_TA102_with_S9/artifacts/base/knn/estimators/knn_seed_13_skf_2_paras_0_K_3.joblib,"{""n_neighbors"": 3}",knn,0,/home/ubuntu/Desktop/DeepAmes_Full_STL_4_keep_weights/results_TA102_with_S9/artifacts/base/knn/scalers/knn_seed_13_skf_2_paras_0_K_3_scaler.joblib,13,2
knn_seed_13_skf_3_paras_0_K_3,knn,13_skf_3,127,7,12,6,0.875,0.764,0.333,0.948,0.462,0.914,0.387,0.325,/home/ubuntu/Desktop/DeepAmes_Full_STL_4_keep_weights/results_TA102_with_S9/artifacts/base/knn/estimators/knn_seed_13_skf_3_paras_0_K_3.joblib,"{""n_neighbors"": 3}",knn,0,/home/ubuntu/Desktop/DeepAmes_Full_STL_4_keep_weights/results_TA102_with_S9/artifacts/base/knn/scalers/knn_seed_13_skf_3_paras_0_K_3_scaler.joblib,13,3
knn_seed_13_skf_4_paras_0_K_3,knn,13_skf_4,125,9,14,4,0.849,0.791,0.222,0.933,0.308,0.899,0.258,0.179,/home/ubuntu/Desktop/DeepAmes_Full_STL_4_keep_weights/results_TA102_with_S9/artifacts/base/knn/estimators/knn_seed_13_skf_4_paras_0_K_3.joblib,"{""n_neighbors"": 3}",knn,0,/home/ubuntu/Desktop/DeepAmes_Full_STL_4_keep_weights/results_TA102_with_S9/artifacts/base/knn/scalers/knn_seed_13_skf_4_paras_0_K_3_scaler.joblib,13,4
knn_seed_14_skf_0_paras_0_K_3,knn,14_skf_0,124,10,13,5,0.849,0.765,0.278,0.925,0.333,0.905,0.303,0.22,/home/ubuntu/Desktop/DeepAmes_Full_STL_4_keep_weights/results_TA102_with_S9/artifacts/base/knn/estimators/knn_seed_14_skf_0_paras_0_K_3.joblib,"{""n_neighbors"": 3}",knn,0,/home/ubuntu/Desktop/DeepAmes_Full_STL_4_keep_weights/results_TA102_with_S9/artifacts/base/knn/scalers/knn_seed_14_skf_0_paras_0_K_3_scaler.joblib,14,0
knn_seed_14_skf_2_paras_0_K_3,knn,14_skf_2,127,7,14,4,0.862,0.833,0.222,0.948,0.364,0.901,0.276,0.212,/home/ubuntu/Desktop/DeepAmes_Full_STL_4_keep_weights/results_TA102_with_S9/artifacts/base/knn/estimators/knn_seed_14_skf_2_paras_0_K_3.joblib,"{""n_neighbors"": 3}",knn,0,/home/ubuntu/Desktop/DeepAmes_Full_STL_4_keep_weights/results_TA102_with_S9/artifacts/base/knn/scalers/knn_seed_14_skf_2_paras_0_K_3_scaler.joblib,14,2
knn_seed_14_skf_3_paras_0_K_3,knn,14_skf_3,126,8,16,2,0.842,0.818,0.111,0.94,0.2,0.887,0.143,0.067,/home/ubuntu/Desktop/DeepAmes_Full_STL_4_keep_weights/results_TA102_with_S9/artifacts/base/knn/estimators/knn_seed_14_skf_3_paras_0_K_3.joblib,"{""n_neighbors"": 3}",knn,0,/home/ubuntu/Desktop/DeepAmes_Full_STL_4_keep_weights/results_TA102_with_S9/artifacts/base/knn/scalers/knn_seed_14_skf_3_paras_0_K_3_scaler.joblib,14,3
knn_seed_14_skf_4_paras_0_K_3,knn,14_skf_4,123,11,13,5,0.842,0.768,0.278,0.918,0.312,0.904,0.294,0.206,/home/ubuntu/Desktop/DeepAmes_Full_STL_4_keep_weights/results_TA102_with_S9/artifacts/base/knn/estimators/knn_seed_14_skf_4_paras_0_K_3.joblib,"{""n_neighbors"": 3}",knn,0,/home/ubuntu/Desktop/DeepAmes_Full_STL_4_keep_weights/results_TA102_with_S9/artifacts/base/knn/scalers/knn_seed_14_skf_4_paras_0_K_3_scaler.joblib,14,4
knn_seed_15_skf_0_paras_0_K_3,knn,15_skf_0,126,8,14,4,0.855,0.774,0.222,0.94,0.333,0.9,0.267,0.195,/home/ubuntu/Desktop/DeepAmes_Full_STL_4_keep_weights/results_TA102_with_S9/artifacts/base/knn/estimators/knn_seed_15_skf_0_paras_0_K_3.joblib,"{""n_neighbors"": 3}",knn,0,/home/ubuntu/Desktop/DeepAmes_Full_STL_4_keep_weights/results_TA102_with_S9/artifacts/base/knn/scalers/knn_seed_15_skf_0_paras_0_K_3_scaler.joblib,15,0
knn_seed_15_skf_1_paras_0_K_3,knn,15_skf_1,122,12,14,4,0.829,0.767,0.222,0.91,0.25,0.897,0.235,0.14,/home/ubuntu/Desktop/DeepAmes_Full_STL_4_keep_weights/results_TA102_with_S9/artifacts/base/knn/estimators/knn_seed_15_skf_1_paras_0_K_3.joblib,"{""n_neighbors"": 3}",knn,0,/home/ubuntu/Desktop/DeepAmes_Full_STL_4_keep_weights/results_TA102_with_S9/artifacts/base/knn/scalers/knn_seed_15_skf_1_paras_0_K_3_scaler.joblib,15,1
knn_seed_15_skf_2_paras_0_K_3,knn,15_skf_2,126,8,12,6,0.868,0.776,0.333,0.94,0.429,0.913,0.375,0.306,/home/ubuntu/Desktop/DeepAmes_Full_STL_4_keep_weights/results_TA102_with_S9/artifacts/base/knn/estimators/knn_seed_15_skf_2_paras_0_K_3.joblib,"{""n_neighbors"": 3}",knn,0,/home/ubuntu/Desktop/DeepAmes_Full_STL_4_keep_weights/results_TA102_with_S9/artifacts/base/knn/scalers/knn_seed_15_skf_2_paras_0_K_3_scaler.joblib,15,2
knn_seed_15_skf_3_paras_0_K_3,knn,15_skf_3,126,8,15,3,0.849,0.674,0.167,0.94,0.273,0.894,0.207,0.133,/home/ubuntu/Desktop/DeepAmes_Full_STL_4_keep_weights/results_TA102_with_S9/artifacts/base/knn/estimators/knn_seed_15_skf_3_paras_0_K_3.joblib,"{""n_neighbors"": 3}",knn,0,/home/ubuntu/Desktop/DeepAmes_Full_STL_4_keep_weights/results_TA102_with_S9/artifacts/base/knn/scalers/knn_seed_15_skf_3_paras_0_K_3_scaler.joblib,15,3
knn_seed_15_skf_4_paras_0_K_3,knn,15_skf_4,124,10,14,4,0.842,0.749,0.222,0.925,0.286,0.899,0.25,0.165,/home/ubuntu/Desktop/DeepAmes_Full_STL_4_keep_weights/results_TA102_with_S9/artifacts/base/knn/estimators/knn_seed_15_skf_4_paras_0_K_3.joblib,"{""n_neighbors"": 3}",knn,0,/home/ubuntu/Desktop/DeepAmes_Full_STL_4_keep_weights/results_TA102_with_S9/artifacts/base/knn/scalers/knn_seed_15_skf_4_paras_0_K_3_scaler.joblib,15,4
knn_seed_16_skf_0_paras_0_K_3,knn,16_skf_0,127,7,12,6,0.875,0.767,0.333,0.948,0.462,0.914,0.387,0.325,/home/ubuntu/Desktop/DeepAmes_Full_STL_4_keep_weights/results_TA102_with_S9/artifacts/base/knn/estimators/knn_seed_16_skf_0_paras_0_K_3.joblib,"{""n_neighbors"": 3}",knn,0,/home/ubuntu/Desktop/DeepAmes_Full_STL_4_keep_weights/results_TA102_with_S9/artifacts/base/knn/scalers/knn_seed_16_skf_0_paras_0_K_3_scaler.joblib,16,0
knn_seed_16_skf_1_paras_0_K_3,knn,16_skf_1,126,8,13,5,0.862,0.739,0.278,0.94,0.385,0.906,0.323,0.252,/home/ubuntu/Desktop/DeepAmes_Full_STL_4_keep_weights/results_TA102_with_S9/artifacts/base/knn/estimators/knn_seed_16_skf_1_paras_0_K_3.joblib,"{""n_neighbors"": 3}",knn,0,/home/ubuntu/Desktop/DeepAmes_Full_STL_4_keep_weights/results_TA102_with_S9/artifacts/base/knn/scalers/knn_seed_16_skf_1_paras_0_K_3_scaler.joblib,16,1
knn_seed_16_skf_2_paras_0_K_3,knn,16_skf_2,125,9,15,3,0.842,0.784,0.167,0.933,0.25,0.893,0.2,0.119,/home/ubuntu/Desktop/DeepAmes_Full_STL_4_keep_weights/results_TA102_with_S9/artifacts/base/knn/estimators/knn_seed_16_skf_2_paras_0_K_3.joblib,"{""n_neighbors"": 3}",knn,0,/home/ubuntu/Desktop/DeepAmes_Full_STL_4_keep_weights/results_TA102_with_S9/artifacts/base/knn/scalers/knn_seed_16_skf_2_paras_0_K_3_scaler.joblib,16,2
knn_seed_16_skf_4_paras_0_K_3,knn,16_skf_4,125,9,14,4,0.849,0.792,0.222,0.933,0.308,0.899,0.258,0.179,/home/ubuntu/Desktop/DeepAmes_Full_STL_4_keep_weights/results_TA102_with_S9/artifacts/base/knn/estimators/knn_seed_16_skf_4_paras_0_K_3.joblib,"{""n_neighbors"": 3}",knn,0,/home/ubuntu/Desktop/DeepAmes_Full_STL_4_keep_weights/results_TA102_with_S9/artifacts/base/knn/scalers/knn_seed_16_skf_4_paras_0_K_3_scaler.joblib,16,4
knn_seed_17_skf_0_paras_0_K_3,knn,17_skf_0,126,8,15,3,0.849,0.735,0.167,0.94,0.273,0.894,0.207,0.133,/home/ubuntu/Desktop/DeepAmes_Full_STL_4_keep_weights/results_TA102_with_S9/artifacts/base/knn/estimators/knn_seed_17_skf_0_paras_0_K_3.joblib,"{""n_neighbors"": 3}",knn,0,/home/ubuntu/Desktop/DeepAmes_Full_STL_4_keep_weights/results_TA102_with_S9/artifacts/base/knn/scalers/knn_seed_17_skf_0_paras_0_K_3_scaler.joblib,17,0
knn_seed_17_skf_1_paras_0_K_3,knn,17_skf_1,121,13,13,5,0.829,0.762,0.278,0.903,0.278,0.903,0.278,0.181,/home/ubuntu/Desktop/DeepAmes_Full_STL_4_keep_weights/results_TA102_with_S9/artifacts/base/knn/estimators/knn_seed_17_skf_1_paras_0_K_3.joblib,"{""n_neighbors"": 3}",knn,0,/home/ubuntu/Desktop/DeepAmes_Full_STL_4_keep_weights/results_TA102_with_S9/artifacts/base/knn/scalers/knn_seed_17_skf_1_paras_0_K_3_scaler.joblib,17,1
knn_seed_17_skf_2_paras_0_K_3,knn,17_skf_2,127,7,14,4,0.862,0.729,0.222,0.948,0.364,0.901,0.276,0.212,/home/ubuntu/Desktop/DeepAmes_Full_STL_4_keep_weights/results_TA102_with_S9/artifacts/base/knn/estimators/knn_seed_17_skf_2_paras_0_K_3.joblib,"{""n_neighbors"": 3}",knn,0,/home/ubuntu/Desktop/DeepAmes_Full_STL_4_keep_weights/results_TA102_with_S9/artifacts/base/knn/scalers/knn_seed_17_skf_2_paras_0_K_3_scaler.joblib,17,2
knn_seed_17_skf_3_paras_0_K_3,knn,17_skf_3,126,8,14,4,0.855,0.792,0.222,0.94,0.333,0.9,0.267,0.195,/home/ubuntu/Desktop/DeepAmes_Full_STL_4_keep_weights/results_TA102_with_S9/artifacts/base/knn/estimators/knn_seed_17_skf_3_paras_0_K_3.joblib,"{""n_neighbors"": 3}",knn,0,/home/ubuntu/Desktop/DeepAmes_Full_STL_4_keep_weights/results_TA102_with_S9/artifacts/base/knn/scalers/knn_seed_17_skf_3_paras_0_K_3_scaler.joblib,17,3
knn_seed_17_skf_4_paras_0_K_3,knn,17_skf_4,125,9,11,7,0.868,0.791,0.389,0.933,0.438,0.919,0.412,0.339,/home/ubuntu/Desktop/DeepAmes_Full_STL_4_keep_weights/results_TA102_with_S9/artifacts/base/knn/estimators/knn_seed_17_skf_4_paras_0_K_3.joblib,"{""n_neighbors"": 3}",knn,0,/home/ubuntu/Desktop/DeepAmes_Full_STL_4_keep_weights/results_TA102_with_S9/artifacts/base/knn/scalers/knn_seed_17_skf_4_paras_0_K_3_scaler.joblib,17,4
knn_seed_18_skf_0_paras_0_K_3,knn,18_skf_0,125,9,14,4,0.849,0.782,0.222,0.933,0.308,0.899,0.258,0.179,/home/ubuntu/Desktop/DeepAmes_Full_STL_4_keep_weights/results_TA102_with_S9/artifacts/base/knn/estimators/knn_seed_18_skf_0_paras_0_K_3.joblib,"{""n_neighbors"": 3}",knn,0,/home/ubuntu/Desktop/DeepAmes_Full_STL_4_keep_weights/results_TA102_with_S9/artifacts/base/knn/scalers/knn_seed_18_skf_0_paras_0_K_3_scaler.joblib,18,0
knn_seed_18_skf_1_paras_0_K_3,knn,18_skf_1,126,8,15,3,0.849,0.735,0.167,0.94,0.273,0.894,0.207,0.133,/home/ubuntu/Desktop/DeepAmes_Full_STL_4_keep_weights/results_TA102_with_S9/artifacts/base/knn/estimators/knn_seed_18_skf_1_paras_0_K_3.joblib,"{""n_neighbors"": 3}",knn,0,/home/ubuntu/Desktop/DeepAmes_Full_STL_4_keep_weights/results_TA102_with_S9/artifacts/base/knn/scalers/knn_seed_18_skf_1_paras_0_K_3_scaler.joblib,18,1
knn_seed_18_skf_2_paras_0_K_3,knn,18_skf_2,124,10,15,3,0.836,0.719,0.167,0.925,0.231,0.892,0.194,0.106,/home/ubuntu/Desktop/DeepAmes_Full_STL_4_keep_weights/results_TA102_with_S9/artifacts/base/knn/estimators/knn_seed_18_skf_2_paras_0_K_3.joblib,"{""n_neighbors"": 3}",knn,0,/home/ubuntu/Desktop/DeepAmes_Full_STL_4_keep_weights/results_TA102_with_S9/artifacts/base/knn/scalers/knn_seed_18_skf_2_paras_0_K_3_scaler.joblib,18,2
knn_seed_18_skf_3_paras_0_K_3,knn,18_skf_3,123,11,13,5,0.842,0.781,0.278,0.918,0.312,0.904,0.294,0.206,/home/ubuntu/Desktop/DeepAmes_Full_STL_4_keep_weights/results_TA102_with_S9/artifacts/base/knn/estimators/knn_seed_18_skf_3_paras_0_K_3.joblib,"{""n_neighbors"": 3}",knn,0,/home/ubuntu/Desktop/DeepAmes_Full_STL_4_keep_weights/results_TA102_with_S9/artifacts/base/knn/scalers/knn_seed_18_skf_3_paras_0_K_3_scaler.joblib,18,3
knn_seed_18_skf_4_paras_0_K_3,knn,18_skf_4,127,7,14,4,0.862,0.739,0.222,0.948,0.364,0.901,0.276,0.212,/home/ubuntu/Desktop/DeepAmes_Full_STL_4_keep_weights/results_TA102_with_S9/artifacts/base/knn/estimators/knn_seed_18_skf_4_paras_0_K_3.joblib,"{""n_neighbors"": 3}",knn,0,/home/ubuntu/Desktop/DeepAmes_Full_STL_4_keep_weights/results_TA102_with_S9/artifacts/base/knn/scalers/knn_seed_18_skf_4_paras_0_K_3_scaler.joblib,18,4
knn_seed_19_skf_0_paras_0_K_3,knn,19_skf_0,125,9,15,3,0.842,0.753,0.167,0.933,0.25,0.893,0.2,0.119,/home/ubuntu/Desktop/DeepAmes_Full_STL_4_keep_weights/results_TA102_with_S9/artifacts/base/knn/estimators/knn_seed_19_skf_0_paras_0_K_3.joblib,"{""n_neighbors"": 3}",knn,0,/home/ubuntu/Desktop/DeepAmes_Full_STL_4_keep_weights/results_TA102_with_S9/artifacts/base/knn/scalers/knn_seed_19_skf_0_paras_0_K_3_scaler.joblib,19,0
knn_seed_19_skf_1_paras_0_K_3,knn,19_skf_1,126,8,13,5,0.862,0.782,0.278,0.94,0.385,0.906,0.323,0.252,/home/ubuntu/Desktop/DeepAmes_Full_STL_4_keep_weights/results_TA102_with_S9/artifacts/base/knn/estimators/knn_seed_19_skf_1_paras_0_K_3.joblib,"{""n_neighbors"": 3}",knn,0,/home/ubuntu/Desktop/DeepAmes_Full_STL_4_keep_weights/results_TA102_with_S9/artifacts/base/knn/scalers/knn_seed_19_skf_1_paras_0_K_3_scaler.joblib,19,1
knn_seed_19_skf_2_paras_0_K_3,knn,19_skf_2,125,9,13,5,0.855,0.767,0.278,0.933,0.357,0.906,0.313,0.235,/home/ubuntu/Desktop/DeepAmes_Full_STL_4_keep_weights/results_TA102_with_S9/artifacts/base/knn/estimators/knn_seed_19_skf_2_paras_0_K_3.joblib,"{""n_neighbors"": 3}",knn,0,/home/ubuntu/Desktop/DeepAmes_Full_STL_4_keep_weights/results_TA102_with_S9/artifacts/base/knn/scalers/knn_seed_19_skf_2_paras_0_K_3_scaler.joblib,19,2
knn_seed_19_skf_3_paras_0_K_3,knn,19_skf_3,127,7,13,5,0.868,0.697,0.278,0.948,0.417,0.907,0.333,0.27,/home/ubuntu/Desktop/DeepAmes_Full_STL_4_keep_weights/results_TA102_with_S9/artifacts/base/knn/estimators/knn_seed_19_skf_3_paras_0_K_3.joblib,"{""n_neighbors"": 3}",knn,0,/home/ubuntu/Desktop/DeepAmes_Full_STL_4_keep_weights/results_TA102_with_S9/artifacts/base/knn/scalers/knn_seed_19_skf_3_paras_0_K_3_scaler.joblib,19,3
knn_seed_19_skf_4_paras_0_K_3,knn,19_skf_4,127,7,15,3,0.855,0.815,0.167,0.948,0.3,0.894,0.214,0.149,/home/ubuntu/Desktop/DeepAmes_Full_STL_4_keep_weights/results_TA102_with_S9/artifacts/base/knn/estimators/knn_seed_19_skf_4_paras_0_K_3.joblib,"{""n_neighbors"": 3}",knn,0,/home/ubuntu/Desktop/DeepAmes_Full_STL_4_keep_weights/results_TA102_with_S9/artifacts/base/knn/scalers/knn_seed_19_skf_4_paras_0_K_3_scaler.joblib,19,4
