,id,y_true,prob_rf_seed_19_skf_1_paras_148_estimator_500_depth_None_minSample_70_random_1_weight_balanced,class_rf_seed_19_skf_1_paras_148_estimator_500_depth_None_minSample_70_random_1_weight_balanced
0,71,0,0.46734838175976856,0
1,55,1,0.5325414490799115,1
2,8,0,0.40233425223211056,0
3,195,1,0.44919555337415173,0
4,227,0,0.3633350406247825,0
5,24,1,0.6439913397127843,1
6,106,0,0.4918525924413157,0
7,191,0,0.45155106030868675,0
8,258,0,0.4796247173100877,0
9,134,1,0.5137908824576841,1
10,225,0,0.4134954451026146,0
11,163,0,0.46670230790647266,0
12,213,0,0.3000029372066705,0
13,95,0,0.38078420206136215,0
14,324,0,0.5897469386053537,1
15,316,0,0.43048310344767643,0
16,215,0,0.5055808941864608,1
17,2,0,0.385805860978914,0
18,185,0,0.3037862301190115,0
19,76,1,0.4244490990186966,0
20,92,0,0.3848493328562907,0
21,16,0,0.5228755029813569,1
22,189,0,0.4804761119971564,0
23,31,1,0.5555356828376028,1
24,18,0,0.40430565976324934,0
25,136,0,0.28811228850170356,0
26,42,1,0.4345374789802914,0
27,208,1,0.4627499824398913,0
28,230,0,0.3996297615135851,0
29,250,1,0.41552908759139956,0
30,30,0,0.433209976231007,0
31,169,0,0.4263365617075087,0
32,21,0,0.43870209037712,0
33,231,1,0.34507447606826475,0
34,20,1,0.4109731378137801,0
35,326,0,0.5154410108077437,1
36,170,0,0.44703680107292215,0
37,53,0,0.4316552427129212,0
38,62,0,0.43730274500091415,0
39,183,0,0.4108465181749552,0
40,313,1,0.37610757557011165,0
41,39,1,0.6242313020477663,1
42,139,0,0.43325875766047917,0
43,127,0,0.49368554606543097,0
44,23,0,0.449452054513472,0
45,197,0,0.4387084451763636,0
46,135,0,0.40475102902812804,0
47,11,0,0.4872418763335617,0
48,205,0,0.4498735277095769,0
49,262,0,0.3447146078336956,0
50,330,0,0.37351562942626304,0
51,87,0,0.501934391870176,1
52,310,1,0.43605921355445537,0
53,10,0,0.40618564069857677,0
