,id,y_true,prob_rf_seed_13_skf_3_paras_148_estimator_500_depth_None_minSample_70_random_1_weight_balanced,class_rf_seed_13_skf_3_paras_148_estimator_500_depth_None_minSample_70_random_1_weight_balanced
0,71,0,0.5053469653696241,1
1,7,1,0.4024137215068623,0
2,236,0,0.3721658085374751,0
3,90,0,0.45522532107293096,0
4,159,1,0.3816461328338092,0
5,298,1,0.439952398973988,0
6,201,1,0.5182342116792349,1
7,173,0,0.4161161548785572,0
8,281,0,0.45936758289922197,0
9,163,0,0.47909980838685057,0
10,164,0,0.5543715160619087,1
11,182,0,0.4024481844578981,0
12,303,0,0.39724170078070925,0
13,117,0,0.43910572991972924,0
14,140,0,0.4106324599742722,0
15,95,0,0.3686765985277756,0
16,57,0,0.4655876745254634,0
17,157,0,0.3819735535235825,0
18,51,1,0.6804358531914004,1
19,209,0,0.35416159681874937,0
20,215,0,0.5480506082860832,1
21,66,1,0.6052117526426377,1
22,154,1,0.5972276289281645,1
23,178,0,0.5512970419061516,1
24,122,0,0.46550869731650896,0
25,228,0,0.3538986740413166,0
26,96,1,0.3812747783940025,0
27,31,1,0.5730937056514723,1
28,333,0,0.5170852271344505,1
29,18,0,0.33222840178435853,0
30,331,1,0.4491857975338356,0
31,137,1,0.6949157454528287,1
32,230,0,0.3970196802729445,0
33,150,0,0.4334361288453322,0
34,198,0,0.385245018180086,0
35,93,0,0.34478396288768903,0
36,286,1,0.5986671860076379,1
37,176,0,0.35715385940523087,0
38,148,0,0.2715319176616507,0
39,38,0,0.3860729238864703,0
40,261,0,0.37004773638643784,0
41,41,0,0.4466273674452905,0
42,170,0,0.44688925873281543,0
43,214,0,0.4306173665808665,0
44,62,0,0.41899683085211253,0
45,211,0,0.3379381522092275,0
46,202,1,0.4846270678842565,0
47,274,0,0.43287738018786526,0
48,139,0,0.41450848785027755,0
49,184,0,0.4498404882010831,0
50,19,0,0.5253561592548686,1
51,243,0,0.2854741981336215,0
52,121,1,0.45195827653332177,0
