,id,y_true,prob_rf_seed_6_skf_4_paras_148_estimator_500_depth_None_minSample_70_random_1_weight_balanced,class_rf_seed_6_skf_4_paras_148_estimator_500_depth_None_minSample_70_random_1_weight_balanced
0,151,0,0.38853336618360645,0
1,7,1,0.3970192091648423,0
2,269,0,0.48043138360333626,0
3,210,0,0.3124219673168653,0
4,173,0,0.35287355618995797,0
5,134,1,0.49159663939935133,0
6,281,0,0.42025612207516966,0
7,1,0,0.44303293051478704,0
8,130,0,0.3846483756163877,0
9,168,1,0.4759468104567327,0
10,75,0,0.6339634846594732,1
11,328,1,0.5425564725288587,1
12,140,0,0.3774353074642742,0
13,255,0,0.3588688229965519,0
14,284,0,0.3791996863056836,0
15,35,0,0.4983659374574911,0
16,316,0,0.4085096145402312,0
17,200,0,0.27789944479531675,0
18,153,0,0.6051284779119254,1
19,222,0,0.39342667682774674,0
20,322,0,0.5639744991430523,1
21,156,1,0.3286228725371265,0
22,122,0,0.4579738246880603,0
23,228,0,0.31903491885728597,0
24,240,1,0.562717049496111,1
25,277,0,0.45135083001245546,0
26,104,1,0.6256410122714414,1
27,230,0,0.37837484300560786,0
28,152,0,0.42344171818916204,0
29,294,0,0.3864819726621673,0
30,132,1,0.4727155069770522,0
31,15,0,0.38723221644473027,0
32,146,0,0.3929476521737935,0
33,14,0,0.3297722474016225,0
34,20,1,0.38167014519374776,0
35,38,0,0.3764601566972908,0
36,261,0,0.3695447007112598,0
37,12,0,0.49056669872269637,0
38,214,0,0.3844567875438338,0
39,275,1,0.4790558541558119,0
40,74,0,0.5488448043362116,1
41,39,1,0.6189620724221274,1
42,25,0,0.2959993184558389,0
43,127,0,0.4529191718004933,0
44,115,0,0.4290355624861913,0
45,138,1,0.39405850398265585,0
46,109,0,0.58596960095027,1
47,327,0,0.48452408725720647,0
48,218,1,0.4856847219980502,0
49,279,0,0.43838589109115617,0
50,119,1,0.6022568234903748,1
51,332,0,0.28364092025929705,0
52,87,0,0.4877334440017527,0
