,id,y_true,prob_rf_seed_18_skf_1_paras_148_estimator_500_depth_None_minSample_70_random_1_weight_balanced,class_rf_seed_18_skf_1_paras_148_estimator_500_depth_None_minSample_70_random_1_weight_balanced
0,8,0,0.4032226401776153,0
1,144,0,0.5052898080340059,1
2,90,0,0.4433020199839542,0
3,203,0,0.5523340336266347,1
4,159,1,0.3713821824271048,0
5,85,1,0.6026822442986337,1
6,134,1,0.5309459393237916,1
7,225,0,0.3733681316681751,0
8,130,0,0.37143243764474887,0
9,125,0,0.5582917774890755,1
10,273,0,0.48034696432539536,0
11,168,1,0.4890859292832678,0
12,164,0,0.5190906933141097,1
13,75,0,0.6030333646167435,1
14,285,0,0.41910818539139444,0
15,167,0,0.5140895694999249,1
16,70,0,0.3581111143541373,0
17,47,0,0.39333379945730285,0
18,69,0,0.30810886160402007,0
19,213,0,0.27805042165766597,0
20,140,0,0.3846884579065382,0
21,57,0,0.46479899085958293,0
22,66,1,0.6323677793666355,1
23,217,0,0.4009531440674633,0
24,33,1,0.452166947070697,0
25,156,1,0.2999165919630056,0
26,13,1,0.5463605610837134,1
27,317,0,0.3090307854417904,0
28,32,0,0.47302482451523997,0
29,199,0,0.2864048251330284,0
30,333,0,0.5089352567012297,1
31,239,1,0.6258132168143822,1
32,104,1,0.6320343069160286,1
33,152,0,0.45076442605175515,0
34,148,0,0.27342749835082425,0
35,5,0,0.6165606663711533,1
36,14,0,0.3269850626721028,0
37,301,0,0.28525980798303835,0
38,20,1,0.38654036553272125,0
39,89,0,0.40404513585594326,0
40,78,0,0.2789962947303923,0
41,211,0,0.32780543559789976,0
42,139,0,0.3788177973459937,0
43,127,0,0.4823972497356402,0
44,184,0,0.4171493650507355,0
45,43,0,0.2919848830493293,0
46,86,1,0.6547653778739606,1
47,197,0,0.3989029158946899,0
48,135,0,0.4236385316516007,0
49,11,0,0.4997255046869163,0
50,218,1,0.4845064811677309,0
51,205,0,0.46370430224071596,0
52,119,1,0.5769558574162932,1
53,332,0,0.31423344175171314,0
