,id,y_true,prob_rf_seed_5_skf_1_paras_148_estimator_500_depth_None_minSample_70_random_1_weight_balanced,class_rf_seed_5_skf_1_paras_148_estimator_500_depth_None_minSample_70_random_1_weight_balanced
0,151,0,0.4133982856082544,0
1,325,0,0.36885698750238777,0
2,306,0,0.49575314059569275,0
3,159,1,0.34630926568164794,0
4,85,1,0.6542064030879042,1
5,201,1,0.4992443086902572,0
6,210,0,0.30795895831520254,0
7,271,0,0.5447014282434145,1
8,191,0,0.4261321799514437,0
9,75,0,0.630942723632953,1
10,70,0,0.35122016465359485,0
11,47,0,0.38795678549379864,0
12,140,0,0.41578223612742365,0
13,95,0,0.3266798640682588,0
14,57,0,0.4703736576318145,0
15,284,0,0.39165795817142,0
16,35,0,0.5013345520707985,1
17,66,1,0.6482880426035802,1
18,217,0,0.34508595744923887,0
19,4,1,0.47351997037159,0
20,153,0,0.6136771415565241,1
21,189,0,0.4397327226479106,0
22,253,0,0.3523958804255643,0
23,266,0,0.27744807817414574,0
24,158,1,0.46003407240262845,0
25,46,0,0.470297889423586,0
26,42,1,0.3669890944944453,0
27,48,1,0.46889057547282387,0
28,137,1,0.7157988717993251,1
29,150,0,0.4311499687696209,0
30,59,0,0.2894998083243726,0
31,88,0,0.3882032440842967,0
32,169,0,0.44279269368753643,0
33,118,1,0.6271680814332974,1
34,132,1,0.4017928112735019,0
35,301,0,0.26476913230457183,0
36,38,0,0.3272874600469729,0
37,41,0,0.40030978931538436,0
38,53,0,0.4597872653140224,0
39,275,1,0.4513435433858254,0
40,89,0,0.37565594939407104,0
41,79,0,0.28733719938444274,0
42,180,0,0.4046436654075644,0
43,145,0,0.3063812682005188,0
44,305,1,0.3750870905205429,0
45,323,0,0.421030410400303,0
46,242,0,0.45219518841288653,0
47,172,0,0.3633038339880542,0
48,111,0,0.44402717747314546,0
49,23,0,0.37236289708010334,0
50,221,0,0.4048974005994241,0
51,37,0,0.37512032802694306,0
52,216,0,0.6423918970871059,1
53,116,1,0.3379119162990365,0
