,id,y_true,prob_rf_seed_14_skf_1_paras_148_estimator_500_depth_None_minSample_70_random_1_weight_balanced,class_rf_seed_14_skf_1_paras_148_estimator_500_depth_None_minSample_70_random_1_weight_balanced
0,8,0,0.4334404402737871,0
1,144,0,0.5176640077863274,1
2,204,0,0.292312037744354,0
3,195,1,0.4532217696392791,0
4,227,0,0.33632268129063725,0
5,85,1,0.636425263955184,1
6,201,1,0.5071535512037617,1
7,194,0,0.3879922385633736,0
8,80,0,0.3756284368558501,0
9,40,0,0.39464292939215606,0
10,165,0,0.24994768525979982,0
11,163,0,0.4889267770557705,0
12,315,0,0.5267375407990972,1
13,220,0,0.5440307351448647,1
14,70,0,0.39463766239711745,0
15,307,0,0.47107704512491877,0
16,117,0,0.4023320035444693,0
17,162,0,0.4298532350296591,0
18,66,1,0.6021800264285162,1
19,154,1,0.591366530363848,1
20,153,0,0.6349869780008645,1
21,156,1,0.2767129901969069,0
22,185,0,0.3659791292104921,0
23,76,1,0.4284445078442284,0
24,92,0,0.31473866308337417,0
25,32,0,0.37204821983874986,0
26,291,0,0.34306450085591783,0
27,240,1,0.5511467330512367,1
28,45,1,0.6610152838060418,1
29,277,0,0.48523129247160285,0
30,294,0,0.36515061649834607,0
31,88,0,0.41866519327160767,0
32,27,0,0.5872386487677971,1
33,286,1,0.5984897328169756,1
34,99,1,0.551662640071063,1
35,170,0,0.4628607649689636,0
36,320,0,0.5718470753438698,1
37,89,0,0.43581915584972203,0
38,78,0,0.25222675364107916,0
39,183,0,0.4151018836845274,0
40,68,0,0.4417600781425043,0
41,79,0,0.2932725427138436,0
42,179,0,0.393170732716934,0
43,180,0,0.41324914171805743,0
44,296,0,0.32212249542192317,0
45,139,0,0.3747130646282456,0
46,149,0,0.4802661949926383,0
47,129,0,0.38647805993163187,0
48,243,0,0.31105170984585856,0
49,121,1,0.43736962962703374,0
50,327,0,0.4935954913505388,0
51,229,1,0.3603457095014068,0
52,87,0,0.47720574338502514,0
53,116,1,0.36927274021815926,0
