,id,y_true,prob_rf_seed_6_skf_3_paras_148_estimator_500_depth_None_minSample_70_random_1_weight_balanced,class_rf_seed_6_skf_3_paras_148_estimator_500_depth_None_minSample_70_random_1_weight_balanced
0,195,1,0.5231799527057844,1
1,203,0,0.5590577509036772,1
2,325,0,0.4256361565916807,0
3,85,1,0.6235100577210122,1
4,224,1,0.49292412876112357,0
5,258,0,0.4294056000493669,0
6,308,0,0.41124175506186206,0
7,163,0,0.4223459714891297,0
8,50,0,0.4346729391784384,0
9,164,0,0.49512470389105906,0
10,220,0,0.5027894425990677,1
11,182,0,0.40760017848582963,0
12,47,0,0.43591370201286617,0
13,303,0,0.39030460104889325,0
14,101,0,0.37770365269049705,0
15,157,0,0.3819412469328392,0
16,51,1,0.6813214329486872,1
17,314,0,0.4887353864695649,0
18,162,0,0.4500742060345091,0
19,66,1,0.6108027459563801,1
20,2,0,0.4140334823903311,0
21,185,0,0.3054426710407251,0
22,13,1,0.55262750927591,1
23,108,0,0.4426971390817149,0
24,208,1,0.45288426222525136,0
25,48,1,0.4473032544906685,0
26,248,0,0.33063909505333683,0
27,286,1,0.5772640965523798,1
28,169,0,0.3874058483148761,0
29,118,1,0.6034080302523174,1
30,148,0,0.29226436774039666,0
31,102,0,0.3392921909283187,0
32,170,0,0.4460415930097593,0
33,166,0,0.3169100029008691,0
34,53,0,0.42384672464851125,0
35,77,0,0.7129853752554272,1
36,293,1,0.44734414511869813,0
37,212,0,0.4815263382217925,0
38,180,0,0.41837858291165475,0
39,245,0,0.36087457297483605,0
40,302,1,0.46146023737667047,0
41,149,0,0.47774617653851553,0
42,184,0,0.39739812725122514,0
43,272,0,0.3092923113365015,0
44,300,1,0.7070762866630118,1
45,288,0,0.48644801545949146,0
46,242,0,0.42560711818266755,0
47,246,0,0.4505906436200223,0
48,135,0,0.4251467996556424,0
49,124,0,0.35659772987660676,0
50,11,0,0.5160030028164492,1
51,37,0,0.3442293214124395,0
52,116,1,0.42171558634555123,0
