,id,y_true,prob_rf_seed_8_skf_4_paras_148_estimator_500_depth_None_minSample_70_random_1_weight_balanced,class_rf_seed_8_skf_4_paras_148_estimator_500_depth_None_minSample_70_random_1_weight_balanced
0,7,1,0.3622502198876021,0
1,55,1,0.5304910670918337,1
2,203,0,0.5513259428967008,1
3,318,1,0.35172412719300805,0
4,298,1,0.4615747626340943,0
5,312,0,0.4769391340944855,0
6,227,0,0.41381504769088445,0
7,106,0,0.49911427092198085,0
8,168,1,0.46477415787663373,0
9,47,0,0.4247753616305019,0
10,289,1,0.43765802958269256,0
11,307,0,0.48208888942082334,0
12,117,0,0.47785979254088295,0
13,95,0,0.4298883996897489,0
14,133,0,0.43697285231691346,0
15,57,0,0.5426206661509506,1
16,54,1,0.4133636863361973,0
17,35,0,0.4674352846224494,0
18,51,1,0.6669289721572418,1
19,209,0,0.3570651112401631,0
20,178,0,0.5434461246164529,1
21,91,0,0.4902891708912394,0
22,161,0,0.4955886118113858,0
23,122,0,0.4131278336975301,0
24,291,0,0.30463582486542906,0
25,266,0,0.34277704759928207,0
26,239,1,0.628271523887539,1
27,46,0,0.45906845972192717,0
28,110,0,0.3579345433496934,0
29,331,1,0.41223503469327605,0
30,48,1,0.4161352019697385,0
31,248,0,0.369829919787669,0
32,192,0,0.3459390177766133,0
33,276,0,0.3426792540854612,0
34,230,0,0.4171882372334858,0
35,59,0,0.31585414646679644,0
36,231,1,0.36210581748466825,0
37,146,0,0.49448956205702677,0
38,12,0,0.4718756624721684,0
39,320,0,0.5478403076704269,1
40,60,0,0.32678173370194247,0
41,78,0,0.3260146351910073,0
42,22,1,0.6461517359101757,1
43,25,0,0.28619696703937636,0
44,296,0,0.28832179760713944,0
45,323,0,0.3355896715468578,0
46,295,0,0.35880654976669907,0
47,246,0,0.4734178123615306,0
48,243,0,0.24892651013843586,0
49,327,0,0.5122500401844332,1
50,119,1,0.5737830868276835,1
51,330,0,0.3349227596523946,0
52,87,0,0.5185367035197158,1
