,id,y_true,prob_rf_seed_2_skf_3_paras_148_estimator_500_depth_None_minSample_70_random_1_weight_balanced,class_rf_seed_2_skf_3_paras_148_estimator_500_depth_None_minSample_70_random_1_weight_balanced
0,298,1,0.40724515643568265,0
1,106,0,0.4352163912660452,0
2,271,0,0.5307489505133947,1
3,281,0,0.4167312162966453,0
4,175,0,0.3853444975523011,0
5,125,0,0.6163238880392912,1
6,315,0,0.4856930730730693,0
7,50,0,0.3744967569180687,0
8,328,1,0.5411724277896035,1
9,69,0,0.2555378521710931,0
10,303,0,0.40010392674835843,0
11,213,0,0.24141634358471292,0
12,133,0,0.3405721603532968,0
13,57,0,0.4661484775600946,0
14,54,1,0.5748628581256562,1
15,51,1,0.7254886239749477,1
16,316,0,0.4118168693193111,0
17,314,0,0.4154164701184216,0
18,162,0,0.4331471246145134,0
19,4,1,0.4696277950417143,0
20,44,0,0.4012480148194461,0
21,178,0,0.5114362019531394,1
22,156,1,0.2696812082605961,0
23,91,0,0.49707360147138174,0
24,161,0,0.3875263924907187,0
25,76,1,0.4334151116675984,0
26,228,0,0.3077952344020761,0
27,319,0,0.4226630785817014,0
28,32,0,0.37254827755879893,0
29,96,1,0.3466195152688623,0
30,253,0,0.362037557559082,0
31,333,0,0.5214671506306038,1
32,108,0,0.42264603798148925,0
33,248,0,0.2707597476525381,0
34,152,0,0.3684700651631307,0
35,27,0,0.6395159545375162,1
36,250,1,0.4627207994641096,0
37,231,1,0.32298447414305836,0
38,99,1,0.5642601302556254,1
39,102,0,0.3182500403361574,0
40,261,0,0.38311401812921814,0
41,41,0,0.45424191856377905,0
42,320,0,0.6212445284881897,1
43,68,0,0.4086148442144365,0
44,211,0,0.33160599196976953,0
45,180,0,0.40429115316092296,0
46,127,0,0.4840706219316244,0
47,138,1,0.4057518668167019,0
48,109,0,0.5786829714587902,1
49,3,1,0.5395026886042164,1
50,119,1,0.6411924112035452,1
51,216,0,0.668757646700831,1
52,87,0,0.4756089114128804,0
