,id,y_true,prob_rf_seed_18_skf_3_paras_148_estimator_500_depth_None_minSample_70_random_1_weight_balanced,class_rf_seed_18_skf_3_paras_148_estimator_500_depth_None_minSample_70_random_1_weight_balanced
0,204,0,0.2723872802434205,0
1,195,1,0.42081769489545867,0
2,304,1,0.47783430841504415,0
3,143,0,0.33963869396941965,0
4,318,1,0.33409990928329003,0
5,24,1,0.6049572595620686,1
6,114,0,0.5378619830735272,1
7,80,0,0.4612230064780679,0
8,281,0,0.4076049257400758,0
9,1,0,0.5282886800125431,1
10,40,0,0.39214728750720146,0
11,175,0,0.4077805120020607,0
12,165,0,0.26873418113954994,0
13,334,0,0.5557760516625542,1
14,182,0,0.4615155166297932,0
15,307,0,0.4881751862143065,0
16,84,0,0.44607149992443607,0
17,117,0,0.43967602918516446,0
18,157,0,0.41220976142845644,0
19,51,1,0.6689575015046259,1
20,154,1,0.6371329571219179,1
21,2,0,0.34200300167113046,0
22,222,0,0.44145257189043347,0
23,91,0,0.4822620334368575,0
24,161,0,0.45028040398988084,0
25,92,0,0.3653259601532566,0
26,266,0,0.3141442837344816,0
27,18,0,0.35911434664452196,0
28,45,1,0.6215856636308881,1
29,110,0,0.39313971399677317,0
30,331,1,0.39795450858007864,0
31,248,0,0.3396613754548817,0
32,277,0,0.4617117000842723,0
33,93,0,0.3382757142020491,0
34,294,0,0.3986664887961437,0
35,286,1,0.5870925718226035,1
36,118,1,0.5766635003612671,1
37,99,1,0.5528134912971474,1
38,261,0,0.41567782417857574,0
39,41,0,0.41412267954660337,0
40,166,0,0.34891742378791546,0
41,275,1,0.42081769489545867,0
42,79,0,0.2855391885795341,0
43,245,0,0.32352151629388026,0
44,302,1,0.5035319664012634,1
45,274,0,0.38658430166444047,0
46,19,0,0.544693121326387,1
47,288,0,0.42475745331699255,0
48,242,0,0.3707663863932571,0
49,111,0,0.4717556558485602,0
50,262,0,0.346132240782443,0
51,87,0,0.5031944728093732,1
52,310,1,0.38906505685075604,0
