,id,y_true,prob_rf_seed_12_skf_2_paras_148_estimator_500_depth_None_minSample_70_random_1_weight_balanced,class_rf_seed_12_skf_2_paras_148_estimator_500_depth_None_minSample_70_random_1_weight_balanced
0,7,1,0.3678726097698677,0
1,8,0,0.40845238012105917,0
2,203,0,0.5982131349968439,1
3,325,0,0.38093499715766854,0
4,298,1,0.44837011377100494,0
5,278,1,0.6416580262655236,1
6,24,1,0.6162570225111778,1
7,281,0,0.39784070824850326,0
8,1,0,0.4556932763546888,0
9,233,0,0.5402213179772771,1
10,163,0,0.47691807702607375,0
11,70,0,0.3182967714440618,0
12,47,0,0.35596509276056876,0
13,84,0,0.34320443125616995,0
14,335,0,0.6035794260197104,1
15,244,1,0.3174953229356828,0
16,290,0,0.5900299306681239,1
17,209,0,0.32026564062434304,0
18,215,0,0.5623200897559081,1
19,4,1,0.4686224316387194,0
20,2,0,0.372238681033708,0
21,91,0,0.4343332031837502,0
22,333,0,0.47739897790225205,0
23,266,0,0.2920839759971268,0
24,46,0,0.4991122139796568,0
25,277,0,0.48496150855828085,0
26,104,1,0.6402570522922169,1
27,150,0,0.43559433960152744,0
28,93,0,0.35615767460495656,0
29,118,1,0.5968480326936004,1
30,21,0,0.4380015098291357,0
31,132,1,0.4777264481823674,0
32,183,0,0.4146266588516719,0
33,22,1,0.6041724694818736,1
34,180,0,0.36129986145881393,0
35,245,0,0.40893326293684645,0
36,302,1,0.43870796392379396,0
37,25,0,0.26452636986551376,0
38,274,0,0.42836412612546726,0
39,105,0,0.4227117362772202,0
40,280,0,0.410389031117439,0
41,305,1,0.35524823860191407,0
42,295,0,0.27766511726202536,0
43,242,0,0.4100757080990524,0
44,246,0,0.4500692813420489,0
45,138,1,0.39954489599590937,0
46,109,0,0.600223170439058,1
47,124,0,0.3357417016726401,0
48,229,1,0.34049830441006096,0
49,37,0,0.3528903840886127,0
50,205,0,0.4136152287069897,0
51,141,0,0.41415796906087377,0
52,332,0,0.2642748673438273,0
