,id,y_true,prob_rf_seed_8_skf_3_paras_148_estimator_500_depth_None_minSample_70_random_1_weight_balanced,class_rf_seed_8_skf_3_paras_148_estimator_500_depth_None_minSample_70_random_1_weight_balanced
0,8,0,0.3991559642757783,0
1,204,0,0.21349347663594725,0
2,210,0,0.35077555134109173,0
3,114,0,0.5273980596761628,1
4,271,0,0.5489417118229639,1
5,194,0,0.40469248764231747,0
6,65,0,0.41769757118179635,0
7,1,0,0.5457642920129928,1
8,130,0,0.36847685744554504,0
9,163,0,0.4316424616770184,0
10,273,0,0.4735064830994704,0
11,334,0,0.5659489899032709,1
12,70,0,0.31161920431244616,0
13,63,1,0.4483152891178623,0
14,328,1,0.5790812511409393,1
15,182,0,0.474031496894548,0
16,335,0,0.6422860474447536,1
17,251,0,0.5803468985878881,1
18,244,1,0.3631192688753956,0
19,284,0,0.34241396195020724,0
20,324,0,0.6203589586766298,1
21,181,1,0.5377614153028362,1
22,162,0,0.37617379643143334,0
23,154,1,0.6134514481414972,1
24,2,0,0.4085094095187346,0
25,228,0,0.40427828423278517,0
26,16,0,0.5492663654262108,1
27,189,0,0.5137709196782146,1
28,208,1,0.4332513966562153,0
29,198,0,0.38518535779086205,0
30,88,0,0.37355420941374273,0
31,286,1,0.5678053509346913,1
32,250,1,0.3938267667254221,0
33,30,0,0.46843760501096754,0
34,118,1,0.5629757056634473,1
35,21,0,0.3950772267079165,0
36,132,1,0.5089448422259018,1
37,94,0,0.40138105179303024,0
38,148,0,0.3128804974515402,0
39,99,1,0.5295128721922264,1
40,5,0,0.6510149792132303,1
41,170,0,0.44166126587058147,0
42,214,0,0.4231676302447851,0
43,302,1,0.47144715965394035,0
44,267,0,0.2799807641493781,0
45,139,0,0.46649903684499266,0
46,127,0,0.49098739786969897,0
47,149,0,0.44354614738675063,0
48,272,0,0.296789748009191,0
49,19,0,0.5643961948658467,1
50,86,1,0.6794916082798031,1
51,56,1,0.6744889414387288,1
52,141,0,0.4567777207450611,0
