,id,y_true,prob_rf_seed_0_skf_0_paras_148_estimator_500_depth_None_minSample_70_random_1_weight_balanced,class_rf_seed_0_skf_0_paras_148_estimator_500_depth_None_minSample_70_random_1_weight_balanced
0,268,0,0.3913910265366716,0
1,236,0,0.33511824270456186,0
2,204,0,0.2758860939558969,0
3,306,0,0.4398288325680959,0
4,298,1,0.44950611333459584,0
5,114,0,0.502373288395441,1
6,106,0,0.48894848830096493,0
7,80,0,0.39768450455182375,0
8,308,0,0.4194193356835883,0
9,273,0,0.4779219186002837,0
10,168,1,0.5112057482424961,1
11,285,0,0.39344850728736835,0
12,63,1,0.5081192629332703,1
13,328,1,0.5611652816453762,1
14,289,1,0.5015707984819608,1
15,244,1,0.40255061365976674,0
16,133,0,0.38077619857266354,0
17,284,0,0.4023264927605913,0
18,209,0,0.34158755300139715,0
19,217,0,0.38977916105834676,0
20,200,0,0.27227652541938674,0
21,32,0,0.3930558674168197,0
22,223,0,0.3556125097109003,0
23,240,1,0.5514875954709876,1
24,253,0,0.3921835422569823,0
25,239,1,0.60993824804983,1
26,158,1,0.4690876482299614,0
27,104,1,0.6221348269530502,1
28,276,0,0.39357309571798627,0
29,152,0,0.40427900717601417,0
30,30,0,0.4172138576021207,0
31,94,0,0.45351413605653434,0
32,146,0,0.42356921883641047,0
33,5,0,0.6343739774265152,1
34,102,0,0.32509600658231647,0
35,326,0,0.5202204424562958,1
36,41,0,0.4549979272995128,0
37,170,0,0.4558991578646446,0
38,313,1,0.39958048563569165,0
39,179,0,0.33897935021218534,0
40,302,1,0.49797415334033357,0
41,267,0,0.30208820139683773,0
42,127,0,0.4814068888299545,0
43,149,0,0.43726213811076037,0
44,237,0,0.3430477613836645,0
45,280,0,0.42728882342868285,0
46,115,0,0.49342916645495083,0
47,138,1,0.4409868590318557,0
48,111,0,0.45984658410240775,0
49,197,0,0.41572220710094493,0
50,221,0,0.4175695263599709,0
51,11,0,0.5019317770154273,1
52,119,1,0.570676277149794,1
53,330,0,0.3729346792814985,0
54,310,1,0.44326331835421034,0
