,id,y_true,prob_rf_seed_8_skf_2_paras_148_estimator_500_depth_None_minSample_70_random_1_weight_balanced,class_rf_seed_8_skf_2_paras_148_estimator_500_depth_None_minSample_70_random_1_weight_balanced
0,236,0,0.39326261784564176,0
1,90,0,0.4248881578828263,0
2,269,0,0.49985688177740434,0
3,143,0,0.3718030347961446,0
4,159,1,0.3017094278017376,0
5,24,1,0.6214611435234485,1
6,224,1,0.45572265973997395,0
7,258,0,0.5200737848460347,1
8,175,0,0.4347909723369859,0
9,308,0,0.4967535651115722,0
10,125,0,0.5972057379128533,1
11,219,1,0.3966462968438337,0
12,315,0,0.491306758909099,0
13,164,0,0.5271425384547126,1
14,75,0,0.6538393126279346,1
15,171,0,0.47034877828084476,0
16,255,0,0.3578830315490127,0
17,314,0,0.4636991322272924,0
18,215,0,0.5970656196802825,1
19,217,0,0.3902129667782473,0
20,200,0,0.29589223035762097,0
21,156,1,0.2644095451228546,0
22,319,0,0.3967136086420746,0
23,92,0,0.3256659951606295,0
24,223,0,0.3843160280076334,0
25,253,0,0.36341106431925163,0
26,18,0,0.415041287679845,0
27,45,1,0.6550856464558513,1
28,42,1,0.37082519699686123,0
29,104,1,0.641676209307339,1
30,152,0,0.40590875711644137,0
31,61,1,0.6537337896797585,1
32,176,0,0.3841338533392909,0
33,15,0,0.44025506373028983,0
34,301,0,0.2687645049105791,0
35,20,1,0.3160398911063845,0
36,38,0,0.36930662276394854,0
37,41,0,0.41190595486141557,0
38,275,1,0.480343942444979,0
39,89,0,0.4505885495217549,0
40,79,0,0.3395462677280738,0
41,211,0,0.3984033698218302,0
42,180,0,0.36455366710566656,0
43,202,1,0.5464527851122258,1
44,274,0,0.4976941687844841,0
45,184,0,0.5102276202536027,1
46,242,0,0.4183206409140563,0
47,115,0,0.4093643122742464,0
48,221,0,0.44690976280762335,0
49,72,1,0.6772817007103433,1
50,124,0,0.26619800859483617,0
51,218,1,0.46010220355924697,0
52,262,0,0.45061802416253094,0
