,id,y_true,prob_rf_seed_9_skf_2_paras_148_estimator_500_depth_None_minSample_70_random_1_weight_balanced,class_rf_seed_9_skf_2_paras_148_estimator_500_depth_None_minSample_70_random_1_weight_balanced
0,71,0,0.4865410511497659,0
1,7,1,0.3767458460049606,0
2,204,0,0.2913984366840014,0
3,325,0,0.4077659025472784,0
4,143,0,0.3312399306102418,0
5,278,1,0.5997336288593108,1
6,134,1,0.5022750233858896,1
7,40,0,0.3565230002786974,0
8,165,0,0.28364143226833116,0
9,163,0,0.4243818747443689,0
10,164,0,0.48059726140776093,0
11,220,0,0.5287975002632954,1
12,167,0,0.4933776228233623,0
13,47,0,0.36077463876050136,0
14,140,0,0.41591295162712394,0
15,35,0,0.5016442999305597,1
16,314,0,0.5210859060748199,1
17,44,0,0.3698253952913162,0
18,222,0,0.3885318250310807,0
19,178,0,0.5348083093305968,1
20,91,0,0.4247066627719836,0
21,317,0,0.35621932177518806,0
22,96,1,0.396026191824947,0
23,199,0,0.27215101910015255,0
24,136,0,0.30699120110827743,0
25,331,1,0.4462396740478837,0
26,42,1,0.39230432646102187,0
27,208,1,0.4311491104623032,0
28,230,0,0.37849031536655803,0
29,286,1,0.5983642168303912,1
30,61,1,0.678112483611107,1
31,176,0,0.3529759871085923,0
32,38,0,0.3556342549125184,0
33,170,0,0.4250268358202731,0
34,53,0,0.4053351206049146,0
35,78,0,0.34064564809918096,0
36,293,1,0.4865497423065549,0
37,212,0,0.5162574036894931,1
38,180,0,0.38707543171607195,0
39,274,0,0.4090668275074494,0
40,149,0,0.43817266044470454,0
41,280,0,0.53053904927781,1
42,242,0,0.397213331948101,0
43,115,0,0.5136038698694815,1
44,124,0,0.34933320965803977,0
45,123,1,0.4885615380482535,0
46,229,1,0.35090159208011934,0
47,37,0,0.3472731977064854,0
48,56,1,0.6573391520768596,1
49,279,0,0.41389567997518334,0
50,119,1,0.592313314994313,1
51,332,0,0.302464793752476,0
52,330,0,0.3347191790247251,0
