,id,y_true,prob_rf_seed_1_skf_0_paras_148_estimator_500_depth_None_minSample_70_random_1_weight_balanced,class_rf_seed_1_skf_0_paras_148_estimator_500_depth_None_minSample_70_random_1_weight_balanced
0,268,0,0.3878473929604774,0
1,143,0,0.34143944853850344,0
2,85,1,0.6237327697408404,1
3,224,1,0.48004159477504305,0
4,114,0,0.5029143453708571,1
5,106,0,0.4843482678811009,0
6,134,1,0.479908155668396,0
7,225,0,0.37707742179313003,0
8,1,0,0.47069727322849697,0
9,40,0,0.3485482623251286,0
10,130,0,0.3964079603008809,0
11,165,0,0.28210698783642024,0
12,334,0,0.4577298119852063,0
13,50,0,0.3837587746689512,0
14,285,0,0.41478855348861227,0
15,328,1,0.5689118247377791,1
16,182,0,0.39591485354824746,0
17,117,0,0.48267102249493143,0
18,213,0,0.30197686311515337,0
19,244,1,0.34651458396190693,0
20,161,0,0.4207534366453985,0
21,92,0,0.3489221872736595,0
22,96,1,0.36596344002625164,0
23,189,0,0.45357024913689487,0
24,239,1,0.63807898334172,1
25,18,0,0.3589677297681416,0
26,46,0,0.46457483259610965,0
27,248,0,0.3418830278416858,0
28,192,0,0.3476113029902275,0
29,276,0,0.41239536935399446,0
30,93,0,0.38320459859434824,0
31,88,0,0.4186484644723496,0
32,169,0,0.4546271173643964,0
33,21,0,0.45287545525925593,0
34,99,1,0.5372307905423077,1
35,14,0,0.3440581618704714,0
36,214,0,0.3796300640660547,0
37,313,1,0.3998392531475992,0
38,22,1,0.576200775949929,1
39,74,0,0.5481601211566549,1
40,184,0,0.4637107992089709,0
41,19,0,0.5812768171167179,1
42,43,0,0.31426238676617835,0
43,323,0,0.39301778234916185,0
44,295,0,0.3115043557498456,0
45,86,1,0.6628085277042025,1
46,172,0,0.3375855072547278,0
47,135,0,0.3951626710974039,0
48,121,1,0.446821396713413,0
49,327,0,0.5171483640036681,1
50,229,1,0.3702783076111129,0
51,3,1,0.5342281204459971,1
52,279,0,0.4114202525705408,0
53,119,1,0.5673658497084413,1
54,332,0,0.29685771250554766,0
