,id,y_true,prob_rf_seed_5_skf_2_paras_148_estimator_500_depth_None_minSample_70_random_1_weight_balanced,class_rf_seed_5_skf_2_paras_148_estimator_500_depth_None_minSample_70_random_1_weight_balanced
0,55,1,0.4469533828837259,0
1,268,0,0.39856961021394566,0
2,195,1,0.5286755487383425,1
3,298,1,0.4777813026223852,0
4,312,0,0.47743942936055306,0
5,278,1,0.5925285725810515,1
6,194,0,0.43356692988990386,0
7,80,0,0.4073320681705792,0
8,40,0,0.3897148221966502,0
9,165,0,0.25953844389134983,0
10,163,0,0.41782172972051423,0
11,273,0,0.4941510461232104,0
12,69,0,0.2949353423767057,0
13,84,0,0.42414199971773425,0
14,244,1,0.4039159048389743,0
15,133,0,0.36967804867391285,0
16,324,0,0.6014746424352736,1
17,290,0,0.5412739838583923,1
18,314,0,0.4793442078631431,0
19,215,0,0.4891170947269698,0
20,200,0,0.27702756387353333,0
21,222,0,0.4065719382392293,0
22,178,0,0.44599444459822957,0
23,13,1,0.46082054715328696,0
24,91,0,0.48247646988134574,0
25,317,0,0.3071008915768805,0
26,32,0,0.4174449221421285,0
27,96,1,0.3763465360780506,0
28,223,0,0.364689447345896,0
29,291,0,0.31548304443263503,0
30,333,0,0.5044520787634785,1
31,239,1,0.6058443095790256,1
32,110,0,0.3641871338551682,0
33,208,1,0.46774618571719234,0
34,192,0,0.3682226092203674,0
35,250,1,0.4448226693036642,0
36,94,0,0.41682710371970677,0
37,148,0,0.28679292692190733,0
38,99,1,0.4578816181129387,0
39,5,0,0.6367690822535723,1
40,14,0,0.30319627355344675,0
41,214,0,0.4011007850017682,0
42,22,1,0.5272102473715853,1
43,245,0,0.3825811703163666,0
44,272,0,0.3215430624240553,0
45,43,0,0.3019794494997369,0
46,288,0,0.445995227006756,0
47,115,0,0.5264339743477727,1
48,123,1,0.4452384537120072,0
49,327,0,0.5106679405548974,1
50,56,1,0.6703163288314733,1
51,332,0,0.29168266379175384,0
52,87,0,0.4268659197486432,0
