,id,y_true,prob_rf_seed_10_skf_2_paras_148_estimator_500_depth_None_minSample_70_random_1_weight_balanced,class_rf_seed_10_skf_2_paras_148_estimator_500_depth_None_minSample_70_random_1_weight_balanced
0,7,1,0.4131713332036417,0
1,144,0,0.4640244396936045,0
2,143,0,0.3267613857467004,0
3,306,0,0.44011508930903515,0
4,159,1,0.4080295822473678,0
5,298,1,0.46679529780602186,0
6,227,0,0.3814418196956291,0
7,24,1,0.6086418426865481,1
8,85,1,0.6253145999494318,1
9,190,0,0.3804240956812969,0
10,80,0,0.4652053305238846,0
11,191,0,0.46838710576903775,0
12,173,0,0.3668428562388876,0
13,40,0,0.4234851357072996,0
14,175,0,0.40971164775855684,0
15,273,0,0.47418753197417,0
16,168,1,0.5113451408286039,1
17,220,0,0.5145056740139495,1
18,167,0,0.5195752457050286,1
19,63,1,0.487514081978673,0
20,328,1,0.5439635716369139,1
21,47,0,0.42542307608944596,0
22,307,0,0.4533358626209871,0
23,117,0,0.46200265483513053,0
24,54,1,0.506503669549701,1
25,222,0,0.42824886927385836,0
26,322,0,0.5021966528529462,1
27,156,1,0.3311792738126243,0
28,185,0,0.3295260580568486,0
29,161,0,0.462845976549203,0
30,319,0,0.43679823833635567,0
31,333,0,0.5097512235428677,1
32,208,1,0.47109696847673144,0
33,104,1,0.5993092868101134,1
34,230,0,0.36826746573284064,0
35,152,0,0.4036774752883942,0
36,150,0,0.3814993144195776,0
37,198,0,0.36776236062294376,0
38,14,0,0.3114941382141893,0
39,102,0,0.3638371477314516,0
40,38,0,0.41245349925910635,0
41,68,0,0.38380101238192027,0
42,74,0,0.5344181251447951,1
43,127,0,0.4697578533987738,0
44,272,0,0.31413370635258225,0
45,172,0,0.3668044023769778,0
46,135,0,0.4332926224419315,0
47,124,0,0.4001683034371641,0
48,327,0,0.5118500919591534,1
49,11,0,0.4883349869600298,0
50,218,1,0.4936055315522988,0
51,3,1,0.535283823832551,1
52,141,0,0.48027834631638716,0
