,id,y_true,prob_rf_seed_7_skf_0_paras_148_estimator_500_depth_None_minSample_70_random_1_weight_balanced,class_rf_seed_7_skf_0_paras_148_estimator_500_depth_None_minSample_70_random_1_weight_balanced
0,8,0,0.4225054463306432,0
1,143,0,0.35606545891215885,0
2,298,1,0.38575460622586355,0
3,201,1,0.561457004132702,1
4,80,0,0.45932769591095884,0
5,258,0,0.4808977596640215,0
6,70,0,0.3431622268512579,0
7,171,0,0.4825830163952896,0
8,244,1,0.344015517554238,0
9,133,0,0.3773366350589828,0
10,284,0,0.42913569234055554,0
11,101,0,0.38806817605260646,0
12,35,0,0.5096040936646273,1
13,66,1,0.6405301497681042,1
14,154,1,0.6487658012600814,1
15,2,0,0.3333013263643129,0
16,161,0,0.4511168381397926,0
17,122,0,0.3650191237321402,0
18,317,0,0.364115492012484,0
19,333,0,0.5168124304338638,1
20,18,0,0.38364370299972583,0
21,110,0,0.34206419978092617,0
22,208,1,0.49067598698718795,0
23,48,1,0.4644689192931923,0
24,277,0,0.49822192583700475,0
25,150,0,0.4521854406750613,0
26,294,0,0.4010084764581008,0
27,94,0,0.43856877269063854,0
28,15,0,0.43128067711142215,0
29,146,0,0.4381857794612445,0
30,5,0,0.6320381895613769,1
31,261,0,0.3732078193529457,0
32,41,0,0.42036802279940627,0
33,275,1,0.4678138504360109,0
34,62,0,0.4664733404317003,0
35,313,1,0.30793171042107254,0
36,74,0,0.5787216562264538,1
37,179,0,0.3745874895691925,0
38,39,1,0.6267391001485759,1
39,245,0,0.43088843995063153,0
40,267,0,0.34773581534646614,0
41,139,0,0.43455954231697796,0
42,149,0,0.4825830163952896,0
43,300,1,0.6988059883672458,1
44,305,1,0.3562993645963932,0
45,197,0,0.4082382231761872,0
46,135,0,0.3501184220417015,0
47,124,0,0.36211236104474454,0
48,229,1,0.3594018817759885,0
49,119,1,0.5976954742424542,1
50,216,0,0.6263340471947791,1
51,262,0,0.40432854320087425,0
52,87,0,0.4912968995580138,0
53,116,1,0.33967815600674145,0
54,10,0,0.3723567475754199,0
