,id,y_true,prob_rf_seed_14_skf_3_paras_148_estimator_500_depth_None_minSample_70_random_1_weight_balanced,class_rf_seed_14_skf_3_paras_148_estimator_500_depth_None_minSample_70_random_1_weight_balanced
0,304,1,0.39538478497652957,0
1,325,0,0.44921901956581467,0
2,312,0,0.5402137839673192,1
3,278,1,0.5065584043920749,1
4,24,1,0.6140549372603786,1
5,65,0,0.3877797912763682,0
6,134,1,0.5151879978804966,1
7,328,1,0.5608705654490034,1
8,47,0,0.43265090414094837,0
9,289,1,0.4221517757760415,0
10,84,0,0.39534697500155336,0
11,213,0,0.3264177329824694,0
12,140,0,0.41656061243023124,0
13,255,0,0.3530969558789344,0
14,101,0,0.39415957159327647,0
15,217,0,0.4286185738217916,0
16,200,0,0.2866601615036493,0
17,2,0,0.4963526985537804,0
18,222,0,0.4516063289945387,0
19,178,0,0.49252615651020865,0
20,91,0,0.5241939383498931,1
21,122,0,0.534328665058411,1
22,96,1,0.4065339904857294,0
23,223,0,0.37063457124911897,0
24,333,0,0.5084087980651086,1
25,283,1,0.43425643093107263,0
26,136,0,0.33522596001710664,0
27,137,1,0.6609056375341692,1
28,93,0,0.2787523403069652,0
29,250,1,0.3695652737356172,0
30,169,0,0.3838723339585163,0
31,146,0,0.41626639443291835,0
32,14,0,0.30786273589091545,0
33,326,0,0.5130915250368798,1
34,261,0,0.4514798258662645,0
35,166,0,0.31780650944215605,0
36,77,0,0.6192933456498144,1
37,74,0,0.5636314030036333,1
38,293,1,0.4809069169919741,0
39,39,1,0.5196032415693586,1
40,212,0,0.5625802681414008,1
41,245,0,0.3623009290628021,0
42,237,0,0.3513679382303451,0
43,280,0,0.5589654900155406,1
44,242,0,0.31603375851846,0
45,246,0,0.49763625911064246,0
46,138,1,0.4211463309879158,0
47,111,0,0.4143070479040321,0
48,124,0,0.38006662654364265,0
49,205,0,0.5059808167760077,1
50,119,1,0.5332343482695487,1
51,332,0,0.284864102807217,0
52,330,0,0.3706533513889279,0
