,id,y_true,prob_rf_seed_11_skf_1_paras_148_estimator_500_depth_None_minSample_70_random_1_weight_balanced,class_rf_seed_11_skf_1_paras_148_estimator_500_depth_None_minSample_70_random_1_weight_balanced
0,203,0,0.6367688617450074,1
1,143,0,0.3378687736823733,0
2,306,0,0.5280540063105399,1
3,24,1,0.6161607115785284,1
4,224,1,0.4098077933049077,0
5,210,0,0.32568953892828223,0
6,134,1,0.3920187064371296,0
7,233,0,0.49751337604057727,0
8,175,0,0.36635121091521283,0
9,220,0,0.5612942533293769,1
10,70,0,0.34301379513311764,0
11,289,1,0.5184474953546545,1
12,307,0,0.4395950079941511,0
13,117,0,0.5014167330384518,1
14,35,0,0.5170037069701225,1
15,162,0,0.5431237624733822,1
16,153,0,0.5820294683013016,1
17,291,0,0.289226176912318,0
18,199,0,0.3043471199538978,0
19,189,0,0.3505733684889279,0
20,283,1,0.3395580856030093,0
21,158,1,0.361971659477467,0
22,136,0,0.32134109752166123,0
23,277,0,0.4817010381838561,0
24,198,0,0.39586657386419244,0
25,30,0,0.3479076188099951,0
26,21,0,0.4412555774597583,0
27,148,0,0.308471533843837,0
28,14,0,0.3366527118843587,0
29,301,0,0.2712197368706071,0
30,38,0,0.3412603662212923,0
31,41,0,0.44366597263724517,0
32,170,0,0.3789940286495378,0
33,275,1,0.4977782091350161,0
34,78,0,0.33681049584552086,0
35,313,1,0.40178063866594144,0
36,293,1,0.48209196912801344,0
37,179,0,0.3419177769190359,0
38,211,0,0.36397281130095716,0
39,212,0,0.48032407599967053,0
40,302,1,0.4059982348600023,0
41,25,0,0.29402700952029065,0
42,149,0,0.47127195074354883,0
43,43,0,0.33049052497213843,0
44,323,0,0.37063528120495814,0
45,288,0,0.473017485917931,0
46,86,1,0.7063950132149676,1
47,197,0,0.3886392345268593,0
48,121,1,0.3766225756603687,0
49,327,0,0.449585455897069,0
50,229,1,0.318062580835734,0
51,218,1,0.37324875029127735,0
52,205,0,0.38699471179687006,0
53,10,0,0.39263668367763516,0
