,id,y_true,prob_rf_seed_18_skf_2_paras_148_estimator_500_depth_None_minSample_70_random_1_weight_balanced,class_rf_seed_18_skf_2_paras_148_estimator_500_depth_None_minSample_70_random_1_weight_balanced
0,151,0,0.4750226159209911,0
1,55,1,0.5649839985340566,1
2,236,0,0.3132221386128957,0
3,325,0,0.4475692625745092,0
4,224,1,0.5034300181592279,1
5,194,0,0.39049717255460376,0
6,191,0,0.49066684370928537,0
7,163,0,0.4163450292155463,0
8,303,0,0.3845714649960012,0
9,289,1,0.5044980907196694,1
10,335,0,0.6035307233468257,1
11,244,1,0.36080182846358094,0
12,215,0,0.5320149337469775,1
13,44,0,0.387569464260443,0
14,322,0,0.5189734934941378,1
15,185,0,0.29504882816135486,0
16,228,0,0.3710393219558585,0
17,16,0,0.5019407394205749,1
18,96,1,0.367844630391113,0
19,223,0,0.3549676243533526,0
20,158,1,0.47975105701454374,0
21,17,0,0.4189021859809917,0
22,108,0,0.424434398701373,0
23,46,0,0.4810801483130391,0
24,48,1,0.45719653018446593,0
25,137,1,0.7318854333508759,1
26,230,0,0.377178941209819,0
27,88,0,0.35749706316738533,0
28,250,1,0.39294381013596413,0
29,30,0,0.44827206439083433,0
30,169,0,0.4199800297789772,0
31,231,1,0.36019355463638586,0
32,146,0,0.45108238022570496,0
33,38,0,0.3420883197780678,0
34,53,0,0.39154719362867296,0
35,62,0,0.4627630168305671,0
36,183,0,0.42617111148643366,0
37,313,1,0.3752266505362422,0
38,22,1,0.6505487878699142,1
39,74,0,0.5537962707182817,1
40,293,1,0.4877378258463917,0
41,296,0,0.2936614317758821,0
42,145,0,0.3348469003092397,0
43,272,0,0.3060095821351198,0
44,280,0,0.4653781429101679,0
45,295,0,0.2882749609806305,0
46,246,0,0.459487746301394,0
47,23,0,0.4548628049911479,0
48,109,0,0.5716333242906142,1
49,121,1,0.48770847414704266,0
50,37,0,0.32028226721419256,0
51,141,0,0.442415649759657,0
52,216,0,0.6682215316191239,1
