,id,y_true,prob_rf_seed_0_skf_1_paras_148_estimator_500_depth_None_minSample_70_random_1_weight_balanced,class_rf_seed_0_skf_1_paras_148_estimator_500_depth_None_minSample_70_random_1_weight_balanced
0,7,1,0.4428342893064557,0
1,269,0,0.46562905892954987,0
2,159,1,0.39072475401720586,0
3,278,1,0.6024809072189231,1
4,227,0,0.3534881125911698,0
5,24,1,0.6195968000410036,1
6,271,0,0.5147061180014452,1
7,258,0,0.46199520195084703,0
8,134,1,0.5236230216962494,1
9,281,0,0.4610374801626788,0
10,225,0,0.4252827698990735,0
11,233,0,0.5560090793387175,1
12,50,0,0.42109325467047504,0
13,167,0,0.540051851237036,1
14,70,0,0.33777534360264516,0
15,307,0,0.47355183627701797,0
16,335,0,0.5620790977806744,1
17,251,0,0.5878883759083724,1
18,213,0,0.3182394254291076,0
19,57,0,0.49847522967577157,0
20,35,0,0.49307096881181584,0
21,51,1,0.6540451139696911,1
22,66,1,0.6382600847501173,1
23,322,0,0.535176025370097,1
24,91,0,0.48924786640303247,0
25,228,0,0.37331373129266293,0
26,92,0,0.3776081964562595,0
27,333,0,0.5064800310176018,1
28,266,0,0.31443705932271915,0
29,108,0,0.43452723710845653,0
30,277,0,0.5085679734221112,1
31,150,0,0.4350602130865346,0
32,198,0,0.3736123984501933,0
33,61,1,0.6772786645084989,1
34,15,0,0.3975227588622891,0
35,20,1,0.37928956163963856,0
36,320,0,0.5640823799306827,1
37,60,0,0.4047272000016973,0
38,214,0,0.4358990757961536,0
39,62,0,0.44618911680274304,0
40,78,0,0.3360073214624305,0
41,183,0,0.44806721289415746,0
42,22,1,0.6167275091716277,1
43,293,1,0.53187124079796,1
44,211,0,0.3072997798528558,0
45,145,0,0.3546526956875465,0
46,288,0,0.45292981902932505,0
47,86,1,0.655064188615682,1
48,23,0,0.476531709463397,0
49,135,0,0.4187036646326964,0
50,124,0,0.3824584394200079,0
51,123,1,0.4858627353075741,0
52,332,0,0.2547974406550278,0
53,116,1,0.42213804977099134,0
