,id,y_true,prob_rf_seed_15_skf_0_paras_148_estimator_500_depth_None_minSample_70_random_1_weight_balanced,class_rf_seed_15_skf_0_paras_148_estimator_500_depth_None_minSample_70_random_1_weight_balanced
0,55,1,0.5178468290804883,1
1,8,0,0.46848507683062285,0
2,195,1,0.48680206203713955,0
3,203,0,0.6033739251873956,1
4,306,0,0.5237008131280912,1
5,159,1,0.36599198860447757,0
6,85,1,0.6361123904269386,1
7,201,1,0.5398697829370517,1
8,65,0,0.32671419601234636,0
9,281,0,0.39554014955407263,0
10,233,0,0.5314643871276485,1
11,163,0,0.4620802059002866,0
12,50,0,0.40171524490551785,0
13,63,1,0.46711891657190197,0
14,140,0,0.4281043515527511,0
15,171,0,0.513903926230726,1
16,101,0,0.4040599166087895,0
17,209,0,0.3366881807592217,0
18,217,0,0.36791276359521424,0
19,33,1,0.41378326650966213,0
20,2,0,0.43458958540135295,0
21,92,0,0.3764708625230182,0
22,291,0,0.33366275214692975,0
23,199,0,0.2851253227099378,0
24,45,1,0.6600212000727441,1
25,277,0,0.47496202330460596,0
26,276,0,0.46753076172652713,0
27,230,0,0.3838972518802153,0
28,88,0,0.44212065516616567,0
29,61,1,0.6793584605758273,1
30,132,1,0.45372733879689253,0
31,148,0,0.26962578067170856,0
32,326,0,0.5767484866776548,1
33,41,0,0.47542788731491614,0
34,320,0,0.6026707516780887,1
35,89,0,0.3913689965814014,0
36,183,0,0.44964931748937625,0
37,68,0,0.4162055892466696,0
38,74,0,0.5398157582768424,1
39,79,0,0.329822755584103,0
40,211,0,0.34418270033507503,0
41,180,0,0.39051995492135066,0
42,302,1,0.46000901724217774,0
43,237,0,0.3236890528441178,0
44,129,0,0.4130022560762783,0
45,300,1,0.678977067303926,1
46,305,1,0.3880229039981728,0
47,323,0,0.3819288102399547,0
48,295,0,0.2729032823688954,0
49,242,0,0.42110140160713694,0
50,23,0,0.4417062338100616,0
51,327,0,0.5374478637169192,1
52,229,1,0.3534537765503892,0
53,3,1,0.5544563058122494,1
54,262,0,0.43647743972747094,0
