,id,y_true,prob_rf_seed_1_skf_2_paras_148_estimator_500_depth_None_minSample_70_random_1_weight_balanced,class_rf_seed_1_skf_2_paras_148_estimator_500_depth_None_minSample_70_random_1_weight_balanced
0,71,0,0.41606122852459443,0
1,8,0,0.33907163474228136,0
2,90,0,0.4700988634123068,0
3,304,1,0.45295014770122516,0
4,298,1,0.4845786051464411,0
5,312,0,0.48109093595000024,0
6,278,1,0.4940098371819672,0
7,65,0,0.39392617968107396,0
8,163,0,0.43236766852319486,0
9,167,0,0.5393325577626833,1
10,70,0,0.3544210599990886,0
11,251,0,0.5378629354465003,1
12,255,0,0.3789747386895704,0
13,101,0,0.40118739464443914,0
14,314,0,0.5055815026182042,1
15,217,0,0.4300603986057232,0
16,200,0,0.27929005542544394,0
17,153,0,0.4681410284816442,0
18,185,0,0.33233503224506244,0
19,122,0,0.4820749115473183,0
20,317,0,0.36775688510223803,0
21,16,0,0.5300301593551641,1
22,223,0,0.3890625664233024,0
23,333,0,0.517917525867828,1
24,158,1,0.5116324589256079,1
25,45,1,0.5968595538325902,1
26,331,1,0.47411792745698783,0
27,208,1,0.4614375654468343,0
28,48,1,0.4335354973804367,0
29,277,0,0.500449807778892,1
30,198,0,0.38964894263668887,0
31,61,1,0.5636497125214381,1
32,38,0,0.4092289125569094,0
33,261,0,0.45382087472328175,0
34,293,1,0.5132385746272126,1
35,79,0,0.3632191996813035,0
36,211,0,0.34945507047798663,0
37,39,1,0.482484671928731,0
38,212,0,0.47441792988914655,0
39,245,0,0.3288710600008819,0
40,105,0,0.4454030026614086,0
41,272,0,0.363476630109925,0
42,288,0,0.3527913646279053,0
43,246,0,0.4956753191240297,0
44,115,0,0.5496568776423258,1
45,23,0,0.47453587795032637,0
46,221,0,0.33324708440869216,0
47,72,1,0.5658844797169262,1
48,124,0,0.39691497799777115,0
49,37,0,0.3877100391509647,0
50,56,1,0.5408559217730489,1
51,330,0,0.3657883341231604,0
52,310,1,0.3747320198504469,0
