,id,y_true,prob_rf_seed_3_skf_1_paras_148_estimator_500_depth_None_minSample_70_random_1_weight_balanced,class_rf_seed_3_skf_1_paras_148_estimator_500_depth_None_minSample_70_random_1_weight_balanced
0,236,0,0.3370327886065183,0
1,195,1,0.4529992775784681,0
2,269,0,0.5040377358941246,1
3,304,1,0.3977738639931171,0
4,298,1,0.3776670392981651,0
5,312,0,0.3747900283007926,0
6,190,0,0.3533969595546915,0
7,191,0,0.4308126216692624,0
8,258,0,0.4727118234844128,0
9,225,0,0.39909173771514095,0
10,233,0,0.5514884979633178,1
11,130,0,0.3890121358731125,0
12,219,1,0.4688193600079922,0
13,168,1,0.3977738639931171,0
14,220,0,0.5567832640847556,1
15,328,1,0.5680818286789859,1
16,117,0,0.37928620301397453,0
17,57,0,0.49802488644017984,0
18,54,1,0.49446519235280506,0
19,209,0,0.3438059257960804,0
20,215,0,0.5416713556441987,1
21,162,0,0.47318579581993325,0
22,2,0,0.3336432786376357,0
23,185,0,0.28503981158774844,0
24,91,0,0.445191717137406,0
25,228,0,0.3315998498036078,0
26,92,0,0.3889075260313088,0
27,31,1,0.6148423925818873,1
28,266,0,0.2927766904632531,0
29,46,0,0.509990114985952,1
30,42,1,0.3934291944240032,0
31,208,1,0.4729938658129118,0
32,276,0,0.4013554812291209,0
33,59,0,0.29080812362408837,0
34,21,0,0.4263056788222035,0
35,176,0,0.2963118443562683,0
36,132,1,0.38909629662672274,0
37,146,0,0.4097012525717567,0
38,5,0,0.6231480880853829,1
39,38,0,0.3182430797400292,0
40,170,0,0.43968568756688325,0
41,166,0,0.3544020212451601,0
42,53,0,0.41143524234300954,0
43,313,1,0.3271732027163267,0
44,245,0,0.38358725693033247,0
45,296,0,0.2923794203156127,0
46,105,0,0.35509659056043463,0
47,237,0,0.3398509728159444,0
48,129,0,0.3544020212451601,0
49,305,1,0.3718903143533951,0
50,323,0,0.3481932927534949,0
51,111,0,0.45082520447455554,0
52,197,0,0.4265366351582618,0
53,56,1,0.638487178733564,1
