,id,y_true,prob_rf_seed_4_skf_3_paras_148_estimator_500_depth_None_minSample_70_random_1_weight_balanced,class_rf_seed_4_skf_3_paras_148_estimator_500_depth_None_minSample_70_random_1_weight_balanced
0,144,0,0.5185077729523864,1
1,269,0,0.4874252060310692,0
2,203,0,0.5718618761447593,1
3,159,1,0.3354538800510527,0
4,190,0,0.3343267250732825,0
5,80,0,0.37014826286576585,0
6,191,0,0.40346559539812454,0
7,130,0,0.3661025832076458,0
8,219,1,0.415649202329844,0
9,163,0,0.43089046253820945,0
10,168,1,0.48311430939696787,0
11,50,0,0.39244779385369244,0
12,307,0,0.494085694860172,0
13,117,0,0.5188696252523074,1
14,335,0,0.6039543176908171,1
15,95,0,0.3310215763577751,0
16,255,0,0.3374648846238868,0
17,316,0,0.4101125434176697,0
18,215,0,0.5162691268531345,1
19,162,0,0.45151926869520664,0
20,154,1,0.6022841626989969,1
21,200,0,0.2691722802451352,0
22,2,0,0.45349170291607854,0
23,222,0,0.38915389710997733,0
24,122,0,0.5165112712271203,1
25,189,0,0.41890520983459983,0
26,253,0,0.4049476663643987,0
27,266,0,0.29094859701042686,0
28,42,1,0.44206966380963336,0
29,137,1,0.6990694752444178,1
30,192,0,0.40235672524263466,0
31,104,1,0.6415504663045847,1
32,294,0,0.3748621592921908,0
33,59,0,0.2723123627899616,0
34,286,1,0.5638057438193759,1
35,99,1,0.5200981082499855,1
36,146,0,0.3955575034205491,0
37,261,0,0.39328958065527336,0
38,41,0,0.490461260387365,0
39,53,0,0.41233018901463436,0
40,275,1,0.5439474197786702,1
41,183,0,0.48941836280383955,0
42,68,0,0.4257010876072806,0
43,22,1,0.5720705366655058,1
44,74,0,0.5292950392837653,1
45,139,0,0.3840204471918979,0
46,43,0,0.2780177790214225,0
47,288,0,0.458703789356235,0
48,138,1,0.3855609607136181,0
49,218,1,0.49835441270972647,0
50,141,0,0.46526269208837473,0
51,279,0,0.4551202496034812,0
52,119,1,0.5723896865347737,1
