,id,y_true,prob_rf_seed_2_skf_1_paras_148_estimator_500_depth_None_minSample_70_random_1_weight_balanced,class_rf_seed_2_skf_1_paras_148_estimator_500_depth_None_minSample_70_random_1_weight_balanced
0,151,0,0.42417824316887437,0
1,7,1,0.4107594003402228,0
2,236,0,0.35063462470430773,0
3,195,1,0.4954264924420002,0
4,269,0,0.4532781856747833,0
5,143,0,0.3415848907664279,0
6,24,1,0.6364307032463589,1
7,201,1,0.5162319104888082,1
8,224,1,0.46327865072152175,0
9,258,0,0.4802758254101658,0
10,1,0,0.4728070076273928,0
11,219,1,0.44321478753708565,0
12,164,0,0.5568436637150731,1
13,220,0,0.5607780993037831,1
14,289,1,0.39545465106004873,0
15,35,0,0.5076627570529849,1
16,222,0,0.4589073883944526,0
17,185,0,0.3044286570257975,0
18,92,0,0.4044442001318207,0
19,199,0,0.28083409290373224,0
20,17,0,0.4814161270581739,0
21,48,1,0.482412522944947,0
22,137,1,0.7030671643486824,1
23,277,0,0.5045421410717957,1
24,276,0,0.35003221459266326,0
25,230,0,0.4386180353901661,0
26,150,0,0.4125957822010219,0
27,169,0,0.42269372377182285,0
28,61,1,0.6582736224633986,1
29,148,0,0.30553812860794494,0
30,38,0,0.3664172861973178,0
31,326,0,0.5588518315180373,1
32,170,0,0.4669275946534135,0
33,214,0,0.46059083630452785,0
34,166,0,0.3115308251643862,0
35,62,0,0.4301476519659331,0
36,183,0,0.42677727505449037,0
37,77,0,0.6785411755172289,1
38,74,0,0.5832674860638251,1
39,293,1,0.4902655126799603,0
40,202,1,0.42400906249453413,0
41,267,0,0.3178906521451674,0
42,274,0,0.427569066294981,0
43,145,0,0.3763265733836222,0
44,184,0,0.4326493440535947,0
45,237,0,0.37274772982042004,0
46,19,0,0.6065485187488409,1
47,43,0,0.3038531267355285,0
48,295,0,0.33138323752004367,0
49,72,1,0.6771873680479938,1
50,124,0,0.39401337159559874,0
51,327,0,0.44944893321942636,0
52,141,0,0.4479224034506144,0
53,116,1,0.42287327112045786,0
