,id,y_true,prob_rf_seed_4_skf_1_paras_148_estimator_500_depth_None_minSample_70_random_1_weight_balanced,class_rf_seed_4_skf_1_paras_148_estimator_500_depth_None_minSample_70_random_1_weight_balanced
0,7,1,0.36968249168095635,0
1,8,0,0.4295552757355669,0
2,236,0,0.30194926456594606,0
3,304,1,0.42925548818756715,0
4,306,0,0.4549601795808895,0
5,278,1,0.6159449858287436,1
6,85,1,0.6365329131541935,1
7,201,1,0.49452800702316757,0
8,224,1,0.5156772884643064,1
9,114,0,0.46912596490604475,0
10,271,0,0.5211807362500085,1
11,194,0,0.4071369583018543,0
12,258,0,0.42949385316102895,0
13,173,0,0.4239972661345198,0
14,1,0,0.46345647518065364,0
15,40,0,0.3504135766203786,0
16,273,0,0.5101494349052379,1
17,164,0,0.47866669356273095,0
18,167,0,0.48545400831165064,0
19,182,0,0.4306425172537099,0
20,66,1,0.6646010702028498,1
21,4,1,0.46459143480277343,0
22,44,0,0.386382957492818,0
23,153,0,0.5593337678470424,1
24,322,0,0.5084927752328877,1
25,178,0,0.5147679757617352,1
26,161,0,0.44483175831478455,0
27,32,0,0.4619515562120743,0
28,16,0,0.4817328107553415,0
29,158,1,0.4607815879396745,0
30,17,0,0.43485009324263085,0
31,208,1,0.4145410822854726,0
32,248,0,0.3565471798178235,0
33,276,0,0.44171739696217516,0
34,198,0,0.3945039748493666,0
35,93,0,0.2848072757903312,0
36,88,0,0.35072129975299243,0
37,250,1,0.37014178541399206,0
38,15,0,0.3558062529906122,0
39,38,0,0.3651863798983855,0
40,170,0,0.4420608667898452,0
41,214,0,0.4153983236271416,0
42,62,0,0.4521007101178928,0
43,77,0,0.7137072969613213,1
44,313,1,0.42795491323208523,0
45,212,0,0.49117109825596567,0
46,180,0,0.3966667903797916,0
47,202,1,0.5436534026174792,1
48,149,0,0.4945507989867766,0
49,243,0,0.2372125977694129,0
50,197,0,0.4173786735548134,0
51,135,0,0.42485186508489187,0
52,229,1,0.36127261123134036,0
53,10,0,0.439175120709307,0
