,id,y_true,prob_rf_seed_12_skf_3_paras_148_estimator_500_depth_None_minSample_70_random_1_weight_balanced,class_rf_seed_12_skf_3_paras_148_estimator_500_depth_None_minSample_70_random_1_weight_balanced
0,71,0,0.48745132435774,0
1,268,0,0.38595748248489486,0
2,318,1,0.32668636069002427,0
3,106,0,0.4970250253827141,0
4,194,0,0.4160532043035864,0
5,273,0,0.43926265053188346,0
6,75,0,0.6122111369593116,1
7,285,0,0.4142684784728225,0
8,289,1,0.44807118527651674,0
9,117,0,0.4976917841375102,0
10,213,0,0.2990191280600058,0
11,140,0,0.437470123659838,0
12,171,0,0.4376268374058346,0
13,95,0,0.37930749844292594,0
14,133,0,0.3801660869339005,0
15,101,0,0.41302804821062156,0
16,181,1,0.5338644184126301,1
17,157,0,0.44262959249776446,0
18,51,1,0.6772048488534933,1
19,316,0,0.3842846783193001,0
20,314,0,0.5047244203299546,1
21,322,0,0.5505565173212742,1
22,161,0,0.4534387010187577,0
23,319,0,0.4160532043035864,0
24,16,0,0.5433534990006851,1
25,239,1,0.6001961306339476,1
26,18,0,0.3608036626672212,0
27,48,1,0.4642259065184147,0
28,248,0,0.31163104874127395,0
29,192,0,0.3083537365185929,0
30,198,0,0.3084211408039967,0
31,294,0,0.40552300143667225,0
32,59,0,0.27160850246328494,0
33,88,0,0.37699928428262797,0
34,231,1,0.31956587992590263,0
35,61,1,0.6210842373342568,1
36,176,0,0.3334726876988826,0
37,99,1,0.589569407633619,1
38,214,0,0.3595431677285783,0
39,53,0,0.38977048898038746,0
40,275,1,0.5173222942531528,1
41,68,0,0.4308282525335829,0
42,74,0,0.576350505137937,1
43,79,0,0.28876167755162085,0
44,212,0,0.48081581612086827,0
45,202,1,0.4310935029538268,0
46,272,0,0.3300480346429585,0
47,172,0,0.38854658486624005,0
48,327,0,0.5229182151433635,1
49,56,1,0.596469054235065,1
50,218,1,0.5009380931396417,1
51,262,0,0.36845867332780347,0
52,116,1,0.34546815132102565,0
