,id,y_true,prob_rf_seed_9_skf_1_paras_148_estimator_500_depth_None_minSample_70_random_1_weight_balanced,class_rf_seed_9_skf_1_paras_148_estimator_500_depth_None_minSample_70_random_1_weight_balanced
0,8,0,0.39235840084946866,0
1,144,0,0.4856253032358142,0
2,90,0,0.4351347051854932,0
3,195,1,0.4327440271836545,0
4,269,0,0.481449923426946,0
5,203,0,0.6100953369554221,1
6,210,0,0.343823028097192,0
7,173,0,0.40840651722439125,0
8,75,0,0.6394058264714428,1
9,182,0,0.4336987253827923,0
10,289,1,0.5093954042010171,1
11,117,0,0.4537432044730307,0
12,335,0,0.581383819037536,1
13,251,0,0.6166612327949853,1
14,244,1,0.3490301974651707,0
15,133,0,0.40698983569639524,0
16,181,1,0.5112411252239043,1
17,157,0,0.40372423514658834,0
18,51,1,0.6784151321927998,1
19,290,0,0.4999133677715199,0
20,200,0,0.24669788861686046,0
21,153,0,0.5419306458325415,1
22,2,0,0.40576479239802477,0
23,161,0,0.4360955855005864,0
24,76,1,0.4583710550659064,0
25,92,0,0.36789416228392957,0
26,291,0,0.2951115160201799,0
27,31,1,0.5604293011797613,1
28,333,0,0.43863683694835875,0
29,239,1,0.6523919979360538,1
30,158,1,0.4790683919586558,0
31,17,0,0.4423306638206159,0
32,108,0,0.4391719582011514,0
33,248,0,0.3693506105228638,0
34,277,0,0.476138814408635,0
35,88,0,0.39391154278649065,0
36,250,1,0.41859036963305457,0
37,12,0,0.4491097213363851,0
38,41,0,0.44165592412979826,0
39,320,0,0.5921091447065618,1
40,275,1,0.4327440271836545,0
41,89,0,0.3702216894219734,0
42,79,0,0.3219975646723394,0
43,302,1,0.4555342808349461,0
44,267,0,0.3102457604668991,0
45,139,0,0.4298030240247044,0
46,105,0,0.44491851194202986,0
47,145,0,0.37601444463569883,0
48,129,0,0.31355910920168695,0
49,300,1,0.6976165320378889,1
50,323,0,0.3431560211917079,0
51,295,0,0.31013100078370665,0
52,172,0,0.3881398046138238,0
53,121,1,0.45008314112928216,0
