,id,y_true,prob_rf_seed_7_skf_2_paras_148_estimator_500_depth_None_minSample_70_random_1_weight_balanced,class_rf_seed_7_skf_2_paras_148_estimator_500_depth_None_minSample_70_random_1_weight_balanced
0,144,0,0.5120627106286854,1
1,204,0,0.2547320006072795,0
2,269,0,0.4786192949584902,0
3,304,1,0.4900333793220557,0
4,159,1,0.3678341014046978,0
5,210,0,0.34885348235359764,0
6,281,0,0.4271086629791326,0
7,40,0,0.39239160730074574,0
8,315,0,0.44975237421088393,0
9,164,0,0.5236001098495339,1
10,75,0,0.5743929406496644,1
11,47,0,0.41989573007635517,0
12,303,0,0.3846052579682542,0
13,289,1,0.5585688902560076,1
14,84,0,0.4005685029281003,0
15,117,0,0.5177527640823364,1
16,335,0,0.5994021777246951,1
17,95,0,0.3373670004348233,0
18,255,0,0.32702010713376306,0
19,324,0,0.605781011950497,1
20,314,0,0.5274813883380777,1
21,4,1,0.48869767883582316,0
22,153,0,0.5808336382558884,1
23,222,0,0.4338505379777291,0
24,178,0,0.45820197632956877,0
25,13,1,0.5097825997818978,1
26,32,0,0.45413671985886944,0
27,16,0,0.4688349041246354,0
28,266,0,0.29822154199301076,0
29,239,1,0.6486897038830541,1
30,158,1,0.502880498010705,1
31,108,0,0.4026880657040151,0
32,46,0,0.4984723790832248,0
33,230,0,0.3576507182128506,0
34,118,1,0.5601457461083639,1
35,132,1,0.5459111336829308,1
36,301,0,0.25352346625798183,0
37,12,0,0.5456129545815762,1
38,166,0,0.34192544000276265,0
39,22,1,0.5595441331470958,1
40,293,1,0.5121886262270481,1
41,211,0,0.3028762877885011,0
42,145,0,0.3314161190111015,0
43,127,0,0.4517410651362144,0
44,237,0,0.33270121649219025,0
45,323,0,0.3405264852405028,0
46,288,0,0.4728797116717067,0
47,242,0,0.3871843288324104,0
48,86,1,0.6714123323420761,1
49,221,0,0.3697807863433327,0
50,72,1,0.7053924699004182,1
51,121,1,0.4869517358362362,0
52,141,0,0.4494759173018033,0
