,id,y_true,prob_rf_seed_17_skf_1_paras_148_estimator_500_depth_None_minSample_70_random_1_weight_balanced,class_rf_seed_17_skf_1_paras_148_estimator_500_depth_None_minSample_70_random_1_weight_balanced
0,55,1,0.5857057188637697,1
1,144,0,0.53563961166068,1
2,236,0,0.3695547751118169,0
3,203,0,0.6071968217640406,1
4,298,1,0.3502660008635483,0
5,278,1,0.5950524404325643,1
6,271,0,0.4429405222114388,0
7,1,0,0.5383842138832808,1
8,40,0,0.4122597794554889,0
9,334,0,0.5807531608771895,1
10,168,1,0.4912375364220249,0
11,220,0,0.5227391132566607,1
12,47,0,0.4142456850743077,0
13,117,0,0.361983919635833,0
14,162,0,0.44126025098454136,0
15,66,1,0.6417987477441788,1
16,154,1,0.6344198721410077,1
17,44,0,0.34275194693980343,0
18,76,1,0.372569247781979,0
19,319,0,0.4466392775831454,0
20,32,0,0.3172515325175168,0
21,223,0,0.41359117599206335,0
22,291,0,0.3494600481256052,0
23,189,0,0.5100928532423645,1
24,239,1,0.6327608793572289,1
25,136,0,0.27785581564555484,0
26,230,0,0.3970453388915254,0
27,93,0,0.32002476229822235,0
28,294,0,0.4205420588153869,0
29,30,0,0.45374556080336725,0
30,21,0,0.42412025151837146,0
31,132,1,0.40719211902701535,0
32,94,0,0.4831757333880496,0
33,146,0,0.4712360425530784,0
34,20,1,0.4207235749996656,0
35,38,0,0.372462481141779,0
36,77,0,0.6699188055030889,1
37,245,0,0.39081214673558173,0
38,25,0,0.29302186958695176,0
39,267,0,0.32033223916775483,0
40,145,0,0.33190071209608313,0
41,115,0,0.5269462140686937,1
42,72,1,0.680817640561082,1
43,124,0,0.35613103628506565,0
44,327,0,0.4932085770236114,0
45,229,1,0.39388279731887194,0
46,3,1,0.5654305220761758,1
47,205,0,0.49078714422068653,0
48,279,0,0.515484483240538,1
49,332,0,0.30001586017287246,0
50,216,0,0.6457361808703762,1
51,262,0,0.3648952460273565,0
52,87,0,0.47236545925263196,0
53,310,1,0.4199764284247693,0
