,id,y_true,prob_rf_seed_15_skf_1_paras_148_estimator_500_depth_None_minSample_70_random_1_weight_balanced,class_rf_seed_15_skf_1_paras_148_estimator_500_depth_None_minSample_70_random_1_weight_balanced
0,71,0,0.4511548935046194,0
1,144,0,0.4951253211230565,0
2,236,0,0.3822904944028245,0
3,90,0,0.4347396049907182,0
4,143,0,0.3343320798680624,0
5,298,1,0.4690165103974433,0
6,312,0,0.44487767323411276,0
7,278,1,0.5806235452939122,1
8,194,0,0.40193889274660677,0
9,173,0,0.41392594286345546,0
10,134,1,0.5382727526734814,1
11,225,0,0.4120719182314929,0
12,130,0,0.3417546501319533,0
13,182,0,0.44461983271775674,0
14,47,0,0.41689543958944647,0
15,69,0,0.29878362464900093,0
16,251,0,0.566057313589164,1
17,95,0,0.40210009583760004,0
18,244,1,0.3822500262827093,0
19,284,0,0.3874960940685334,0
20,316,0,0.34419549758924795,0
21,215,0,0.5196940500279821,1
22,13,1,0.5063739543512863,1
23,228,0,0.38307145743148197,0
24,189,0,0.46941103572112036,0
25,31,1,0.5646689551675602,1
26,333,0,0.4835090801386315,0
27,266,0,0.3331642488154581,0
28,17,0,0.4384866342043307,0
29,108,0,0.44410384508676803,0
30,208,1,0.49339726650149923,0
31,137,1,0.6702267058334871,1
32,104,1,0.6612755779430363,1
33,150,0,0.4047521874149276,0
34,93,0,0.33223078434571107,0
35,94,0,0.43029912251442887,0
36,99,1,0.5120691892916517,1
37,166,0,0.34933298191766293,0
38,62,0,0.4692784561693936,0
39,179,0,0.32561691268965304,0
40,212,0,0.46406951650650885,0
41,245,0,0.3805095456384804,0
42,19,0,0.5268810848945285,1
43,280,0,0.4390661977282212,0
44,43,0,0.2964820346524678,0
45,115,0,0.5477802122668589,1
46,111,0,0.46963431200582156,0
47,123,1,0.4588782621197262,0
48,37,0,0.38806983235326065,0
49,56,1,0.639924961598903,1
50,218,1,0.48843298462733964,0
51,332,0,0.31970069579248356,0
52,87,0,0.497084601340474,0
53,310,1,0.40276619554247806,0
