,id,y_true,prob_rf_seed_9_skf_3_paras_148_estimator_500_depth_None_minSample_70_random_1_weight_balanced,class_rf_seed_9_skf_3_paras_148_estimator_500_depth_None_minSample_70_random_1_weight_balanced
0,151,0,0.3767984012540568,0
1,236,0,0.35477929974727257,0
2,159,1,0.3407822828362659,0
3,318,1,0.3168865652119963,0
4,227,0,0.31108650932584225,0
5,224,1,0.5003931497978992,1
6,114,0,0.49514007499115753,0
7,258,0,0.46233499017990437,0
8,308,0,0.45449661262087615,0
9,125,0,0.5971011235513746,1
10,70,0,0.3677622403311433,0
11,303,0,0.41840316520964577,0
12,57,0,0.44253747494391965,0
13,324,0,0.6279427548951232,1
14,215,0,0.5381846005152968,1
15,66,1,0.6284114809983157,1
16,154,1,0.6321787012010677,1
17,217,0,0.38834951598571915,0
18,156,1,0.26922062541397357,0
19,185,0,0.3136050886340409,0
20,122,0,0.4140546052144601,0
21,228,0,0.3085239182106164,0
22,319,0,0.3983796280349508,0
23,253,0,0.3654988038201768,0
24,266,0,0.2932865672488744,0
25,46,0,0.4969355646543182,0
26,48,1,0.46085773285967807,0
27,137,1,0.7116758808716402,1
28,276,0,0.42119130146663125,0
29,152,0,0.36695325521698846,0
30,198,0,0.3015802919135911,0
31,294,0,0.3634902315020922,0
32,59,0,0.25011056727137876,0
33,30,0,0.3682940188412593,0
34,99,1,0.5760959065174497,1
35,326,0,0.5423229291628663,1
36,261,0,0.37879483286654103,0
37,183,0,0.4160196971447211,0
38,68,0,0.44289491119387747,0
39,77,0,0.7028928708405059,1
40,74,0,0.5613258194232025,1
41,25,0,0.25045855401991424,0
42,237,0,0.30080050910519285,0
43,43,0,0.2585217498004431,0
44,288,0,0.47997599769167215,0
45,86,1,0.6940147085990263,1
46,246,0,0.44882362214648275,0
47,138,1,0.38984949960329773,0
48,135,0,0.34151242022427236,0
49,109,0,0.6203193963827289,1
50,72,1,0.7189263363217471,1
51,218,1,0.5022190077840009,1
52,116,1,0.351848311756191,0
