,id,y_true,prob_rf_seed_10_skf_4_paras_148_estimator_500_depth_None_minSample_70_random_1_weight_balanced,class_rf_seed_10_skf_4_paras_148_estimator_500_depth_None_minSample_70_random_1_weight_balanced
0,71,0,0.5438970749881595,1
1,269,0,0.5264123848421596,1
2,203,0,0.63005738829253,1
3,318,1,0.35108254443157466,0
4,312,0,0.4561981820100912,0
5,210,0,0.3043030206750237,0
6,114,0,0.4969215190247439,0
7,233,0,0.5017135470382864,1
8,130,0,0.43929105274677754,0
9,308,0,0.4405902826673582,0
10,50,0,0.42066259626182184,0
11,335,0,0.6157553974169516,1
12,255,0,0.33674486632836675,0
13,324,0,0.6109921595587815,1
14,101,0,0.3910057528314277,0
15,162,0,0.4855920119108728,0
16,66,1,0.6419953719171874,1
17,153,0,0.6040301893375842,1
18,228,0,0.36387189476845205,0
19,317,0,0.3169843861515208,0
20,92,0,0.3726353045502772,0
21,223,0,0.3456681706725387,0
22,240,1,0.5602950213177599,1
23,283,1,0.39945173825650865,0
24,158,1,0.44812582485511765,0
25,17,0,0.4012435840909149,0
26,137,1,0.7369490600170703,1
27,192,0,0.31126639006864054,0
28,93,0,0.360381972845793,0
29,59,0,0.2671541923609239,0
30,286,1,0.6204616120991138,1
31,231,1,0.35077579335252534,0
32,61,1,0.7361748381949974,1
33,94,0,0.392918510198156,0
34,148,0,0.25610947952094604,0
35,99,1,0.6011211509270522,1
36,146,0,0.4220953735001023,0
37,5,0,0.6724331247824238,1
38,166,0,0.3631075793564961,0
39,53,0,0.4320515392875788,0
40,62,0,0.4521762382097028,0
41,245,0,0.4068187332191208,0
42,302,1,0.4495911624110209,0
43,202,1,0.5893950214643543,1
44,267,0,0.33398452114112326,0
45,274,0,0.45586533474152513,0
46,139,0,0.4237417919498107,0
47,237,0,0.3429215596325552,0
48,305,1,0.34496139051077723,0
49,111,0,0.4588137232181362,0
50,197,0,0.4087634285931826,0
51,121,1,0.45305702147496796,0
52,216,0,0.6729576126389383,1
