,id,y_true,prob_rf_seed_19_skf_0_paras_148_estimator_500_depth_None_minSample_70_random_1_weight_balanced,class_rf_seed_19_skf_0_paras_148_estimator_500_depth_None_minSample_70_random_1_weight_balanced
0,151,0,0.4466520958053713,0
1,204,0,0.2841123901641622,0
2,269,0,0.4677537121274742,0
3,318,1,0.331822055890555,0
4,298,1,0.40741418566835136,0
5,312,0,0.4137287689162988,0
6,114,0,0.5275319221372755,1
7,194,0,0.3842959891180584,0
8,281,0,0.4203472805753583,0
9,233,0,0.5039081750826816,1
10,130,0,0.38004499651455553,0
11,308,0,0.42470150425360803,0
12,125,0,0.5714849487981698,1
13,219,1,0.4792602769011423,0
14,273,0,0.48720714278917104,0
15,50,0,0.42508139965103636,0
16,164,0,0.5385744327427452,1
17,171,0,0.4663272849404771,0
18,133,0,0.3810007204324991,0
19,57,0,0.5104776552615037,1
20,255,0,0.36505724095972014,0
21,181,1,0.5055211531620972,1
22,200,0,0.2791318142502825,0
23,156,1,0.2731825974066667,0
24,91,0,0.49287087632340604,0
25,223,0,0.3757878076019959,0
26,199,0,0.295859740015895,0
27,240,1,0.5670325451584728,1
28,48,1,0.4542529715396154,0
29,150,0,0.4194942963093059,0
30,59,0,0.26099388075848756,0
31,27,0,0.6064656731856614,1
32,99,1,0.5443388519437307,1
33,146,0,0.45116939910287807,0
34,14,0,0.3563149318592604,0
35,102,0,0.3080829597740517,0
36,320,0,0.5708138980558032,1
37,214,0,0.3758068357392077,0
38,68,0,0.4306618003699775,0
39,74,0,0.533936429792872,1
40,79,0,0.2859298510741312,0
41,211,0,0.3397546482463392,0
42,302,1,0.513507492450457,1
43,25,0,0.26937439747997854,0
44,296,0,0.2951345735825777,0
45,184,0,0.4266819231371949,0
46,272,0,0.332980159985392,0
47,19,0,0.5654389093864822,1
48,305,1,0.39922055912711407,0
49,86,1,0.6705760103395378,1
50,243,0,0.2967892293199615,0
51,72,1,0.6526266968421198,1
52,123,1,0.4696590361798344,0
53,56,1,0.6391582623568044,1
54,119,1,0.5947308939638724,1
