,id,y_true,prob_rf_seed_15_skf_3_paras_148_estimator_500_depth_None_minSample_70_random_1_weight_balanced,class_rf_seed_15_skf_3_paras_148_estimator_500_depth_None_minSample_70_random_1_weight_balanced
0,268,0,0.4112329529935618,0
1,204,0,0.2841222953356883,0
2,304,1,0.5203730209047468,1
3,114,0,0.4920947515833417,0
4,106,0,0.4751980775215853,0
5,258,0,0.4538587313360189,0
6,1,0,0.4180631410333008,0
7,40,0,0.3819464351663178,0
8,175,0,0.38335005534853794,0
9,308,0,0.4533640870752201,0
10,219,1,0.3961997490809637,0
11,165,0,0.2281024867715499,0
12,220,0,0.5795126535917321,1
13,167,0,0.5122650816806364,1
14,328,1,0.5459898715460821,1
15,307,0,0.5068147144847565,1
16,54,1,0.6046717060950234,1
17,35,0,0.5298792374687282,1
18,314,0,0.43549568738333727,0
19,4,1,0.45955156646138245,0
20,44,0,0.4307910005263712,0
21,153,0,0.6054651841997862,1
22,178,0,0.5362710391064284,1
23,156,1,0.2757307873231414,0
24,91,0,0.4012628893863774,0
25,161,0,0.34765795585128506,0
26,319,0,0.3939093263224626,0
27,317,0,0.3169985794310982,0
28,32,0,0.3999512684752507,0
29,96,1,0.3090666943701474,0
30,18,0,0.4138201598391696,0
31,331,1,0.38090325697061567,0
32,42,1,0.3526354969971937,0
33,48,1,0.4778854292745649,0
34,152,0,0.3662292158626635,0
35,5,0,0.6645143754765244,1
36,102,0,0.31361785007088366,0
37,38,0,0.33286748140692146,0
38,170,0,0.4819790678513822,0
39,60,0,0.42214191332035084,0
40,77,0,0.7142142484443716,1
41,313,1,0.38011120730582454,0
42,39,1,0.6926924171734707,1
43,139,0,0.32358454027209227,0
44,127,0,0.45147103305880015,0
45,272,0,0.32184132298723206,0
46,288,0,0.4993838580934769,0
47,138,1,0.34008888901104306,0
48,135,0,0.3548036540634031,0
49,109,0,0.6157452544862474,1
50,121,1,0.4301208021041,0
51,216,0,0.6688818260592699,1
52,330,0,0.3766296379769844,0
