,id,y_true,prob_rf_seed_12_skf_0_paras_148_estimator_500_depth_None_minSample_70_random_1_weight_balanced,class_rf_seed_12_skf_0_paras_148_estimator_500_depth_None_minSample_70_random_1_weight_balanced
0,151,0,0.4483525904951555,0
1,55,1,0.5431032215905062,1
2,236,0,0.3780095172340554,0
3,204,0,0.2751919762671531,0
4,143,0,0.35828093182503584,0
5,227,0,0.3699855534005,0
6,201,1,0.5486020040863995,1
7,224,1,0.5377623053015695,1
8,114,0,0.5299939040828018,1
9,65,0,0.365702299471603,0
10,191,0,0.4572149439751987,0
11,40,0,0.4124469533423444,0
12,130,0,0.3367195349840296,0
13,175,0,0.44008733564440056,0
14,168,1,0.48744902587130223,0
15,164,0,0.5522304104012874,1
16,328,1,0.5788886191357555,1
17,182,0,0.4345859041876906,0
18,307,0,0.4814353131298778,0
19,251,0,0.5332850723503335,1
20,255,0,0.38398826678566295,0
21,317,0,0.3728270298687649,0
22,32,0,0.41920191747259095,0
23,223,0,0.3920960362780385,0
24,189,0,0.4817495752255273,0
25,31,1,0.5549454097657879,1
26,158,1,0.5046773467788773,1
27,108,0,0.46553035580889823,0
28,136,0,0.2909174496123931,0
29,45,1,0.5989914578852963,1
30,137,1,0.6499954660327169,1
31,276,0,0.3793434872770019,0
32,286,1,0.607675001539923,1
33,94,0,0.48025306164805615,0
34,5,0,0.577837351157234,1
35,20,1,0.4076845404730134,0
36,326,0,0.4893058490384221,0
37,261,0,0.4102433306601362,0
38,170,0,0.49081653255654784,0
39,320,0,0.5198593305654794,1
40,166,0,0.3616181829201869,0
41,89,0,0.43179177276100866,0
42,78,0,0.327218473989732,0
43,313,1,0.406845711285836,0
44,179,0,0.3314849692596862,0
45,211,0,0.3607084413101359,0
46,39,1,0.5562185553872936,1
47,237,0,0.33848519587804254,0
48,86,1,0.6287511375624727,1
49,243,0,0.29096592720119646,0
50,111,0,0.4860106300740983,0
51,72,1,0.6658275517692968,1
52,11,0,0.4519827557488854,0
53,87,0,0.5202411768241455,1
54,10,0,0.40956775999323625,0
