,id,y_true,prob_rf_seed_17_skf_3_paras_148_estimator_500_depth_None_minSample_70_random_1_weight_balanced,class_rf_seed_17_skf_3_paras_148_estimator_500_depth_None_minSample_70_random_1_weight_balanced
0,306,0,0.44163794572835896,0
1,312,0,0.4426022819060135,0
2,24,1,0.6259951474755732,1
3,201,1,0.5165943190555199,1
4,210,0,0.38947172612629877,0
5,194,0,0.43606227722074825,0
6,65,0,0.3905777603040087,0
7,173,0,0.43429822854514605,0
8,134,1,0.4706061624693808,0
9,281,0,0.46843037809683175,0
10,308,0,0.40490283810707894,0
11,219,1,0.4510569831967676,0
12,165,0,0.29290183814981385,0
13,163,0,0.4935281944521572,0
14,75,0,0.6587410273289244,1
15,167,0,0.5172057430011162,1
16,70,0,0.35850304263623883,0
17,182,0,0.40132133803577746,0
18,95,0,0.4163026245668936,0
19,101,0,0.42848416705570586,0
20,54,1,0.46408515894817576,0
21,51,1,0.685470375116403,1
22,215,0,0.5418201168951314,1
23,217,0,0.4099144897703595,0
24,92,0,0.40655485460775115,0
25,16,0,0.4526113994783858,0
26,31,1,0.5852962571036195,1
27,18,0,0.34769611861911365,0
28,110,0,0.4041157685424115,0
29,208,1,0.49005145798658983,0
30,192,0,0.36158084053985234,0
31,152,0,0.3941166627393648,0
32,27,0,0.6198385736517024,1
33,250,1,0.40807046033477773,0
34,169,0,0.4253580122637156,0
35,148,0,0.32728207603838216,0
36,170,0,0.4414472807113644,0
37,275,1,0.492938701865689,0
38,313,1,0.4076162410121387,0
39,180,0,0.4207777036153547,0
40,274,0,0.4255496011765029,0
41,127,0,0.4633925016923004,0
42,184,0,0.44189233592427474,0
43,237,0,0.3634537501440082,0
44,43,0,0.34393372337309097,0
45,300,1,0.6849902610578965,1
46,323,0,0.34178498742531976,0
47,111,0,0.42779349280957474,0
48,23,0,0.47495086988110813,0
49,197,0,0.47188197814176214,0
50,121,1,0.4384800225387084,0
51,11,0,0.4493458551660032,0
52,56,1,0.6239481408202543,1
