,id,y_true,prob_rf_seed_11_skf_0_paras_148_estimator_500_depth_None_minSample_70_random_1_weight_balanced,class_rf_seed_11_skf_0_paras_148_estimator_500_depth_None_minSample_70_random_1_weight_balanced
0,71,0,0.5018576002818095,1
1,8,0,0.44784477132248507,0
2,144,0,0.5241379273325386,1
3,298,1,0.4611260100466249,0
4,278,1,0.602454196132399,1
5,227,0,0.3723190167510797,0
6,201,1,0.5450365423938918,1
7,114,0,0.5298685755175019,1
8,80,0,0.456260485080332,0
9,173,0,0.3770040463705292,0
10,281,0,0.39995190611802545,0
11,40,0,0.3627298050656171,0
12,308,0,0.4310440412656847,0
13,163,0,0.47179982044078067,0
14,164,0,0.5239788868704981,1
15,84,0,0.39714239466294143,0
16,335,0,0.6017783067947902,1
17,251,0,0.6090708324375494,1
18,213,0,0.2971766964259416,0
19,244,1,0.3457414480155806,0
20,133,0,0.41215206787796843,0
21,57,0,0.48225677405451595,0
22,284,0,0.39471337311889176,0
23,181,1,0.5269451689567521,1
24,290,0,0.5327679513234679,1
25,33,1,0.4549182000288841,0
26,13,1,0.5277592814591554,1
27,91,0,0.44217480739772,0
28,228,0,0.37664422394087044,0
29,319,0,0.36409934420054935,0
30,317,0,0.3310833435705934,0
31,18,0,0.364901894488,0
32,108,0,0.430462220360417,0
33,110,0,0.3524862687937547,0
34,42,1,0.40190513024087515,0
35,137,1,0.6890412237356998,1
36,276,0,0.441212444912819,0
37,93,0,0.32608742207539837,0
38,88,0,0.40505586245660247,0
39,169,0,0.4167921502068978,0
40,118,1,0.5500897129944612,1
41,61,1,0.6729520489786553,1
42,94,0,0.41960265231666266,0
43,77,0,0.683766569977949,1
44,22,1,0.5457953960265193,1
45,74,0,0.5554198984949403,1
46,79,0,0.3144289746815002,0
47,105,0,0.43453006886381557,0
48,305,1,0.3819248683058777,0
49,111,0,0.46287699813881467,0
50,135,0,0.39249070551329246,0
51,123,1,0.44927143034319994,0
52,56,1,0.6702056781206908,1
53,141,0,0.3957608831320626,0
54,87,0,0.4887421493056254,0
