,id,y_true,prob_rf_seed_4_skf_4_paras_148_estimator_500_depth_None_minSample_70_random_1_weight_balanced,class_rf_seed_4_skf_4_paras_148_estimator_500_depth_None_minSample_70_random_1_weight_balanced
0,71,0,0.515052627241737,1
1,55,1,0.567589654881937,1
2,195,1,0.4863114712233536,0
3,24,1,0.6114218038492892,1
4,65,0,0.37070908560868965,0
5,233,0,0.555329974139619,1
6,175,0,0.4072413695574259,0
7,334,0,0.4883241550999778,0
8,285,0,0.3980039934290123,0
9,69,0,0.29616686547169946,0
10,303,0,0.4015771420531305,0
11,84,0,0.3708338566237056,0
12,251,0,0.665338691379243,1
13,213,0,0.3243221383889203,0
14,140,0,0.4373044869873946,0
15,171,0,0.41842227629481415,0
16,244,1,0.3683454822078356,0
17,181,1,0.5467337911856494,1
18,54,1,0.5422407983706271,1
19,35,0,0.4819953110373237,0
20,319,0,0.41185817864646823,0
21,96,1,0.39609033895638807,0
22,199,0,0.2752600160846698,0
23,31,1,0.5984727882442139,1
24,136,0,0.3148032828415874,0
25,110,0,0.4004449836353724,0
26,230,0,0.39620569853361903,0
27,27,0,0.65598839551624,1
28,118,1,0.622351899166589,1
29,94,0,0.45322203868017547,0
30,5,0,0.6269620460059252,1
31,102,0,0.31418861198591647,0
32,326,0,0.5411706122253349,1
33,320,0,0.6372044023393254,1
34,60,0,0.3603943357210041,0
35,293,1,0.48138324231531243,0
36,179,0,0.2950132943619335,0
37,39,1,0.6304344971584546,1
38,302,1,0.47368677736442566,0
39,267,0,0.30308408328826253,0
40,145,0,0.36729728999831873,0
41,127,0,0.46140994815457925,0
42,237,0,0.36267997596872414,0
43,19,0,0.5821444547286423,1
44,172,0,0.3727800765275265,0
45,115,0,0.5222345269307042,1
46,111,0,0.44583205291441963,0
47,109,0,0.5380234182290128,1
48,121,1,0.47874732296628114,0
49,56,1,0.6737624166307732,1
50,332,0,0.2997517518659274,0
51,216,0,0.6738860541460879,1
52,330,0,0.3830901562210228,0
