,id,y_true,prob_rf_seed_16_skf_3_paras_148_estimator_500_depth_None_minSample_70_random_1_weight_balanced,class_rf_seed_16_skf_3_paras_148_estimator_500_depth_None_minSample_70_random_1_weight_balanced
0,90,0,0.45272032259800715,0
1,306,0,0.43156721931194614,0
2,114,0,0.5136291876921302,1
3,106,0,0.4244219635965526,0
4,271,0,0.49104270373598724,0
5,65,0,0.34012814557600474,0
6,80,0,0.42317054716683994,0
7,191,0,0.44992973147142756,0
8,258,0,0.48660619820063733,0
9,225,0,0.4022557811823932,0
10,219,1,0.4374080784535202,0
11,163,0,0.47841076922048165,0
12,285,0,0.42042540841351367,0
13,70,0,0.36466627337418306,0
14,289,1,0.48980333645720786,0
15,255,0,0.3283306593735092,0
16,324,0,0.5386293795563688,1
17,154,1,0.6217104294238196,1
18,33,1,0.47541974323374675,0
19,322,0,0.5118139437061944,1
20,156,1,0.33969086381469266,0
21,317,0,0.34182741147937906,0
22,16,0,0.5022049686763993,1
23,96,1,0.3878891725598454,0
24,223,0,0.40748268060112985,0
25,31,1,0.5667613420735661,1
26,333,0,0.5433800659729008,1
27,18,0,0.315839327934503,0
28,45,1,0.6167549624354162,1
29,137,1,0.6680656551655191,1
30,277,0,0.5258480784909833,1
31,192,0,0.3993212096393709,0
32,250,1,0.4383535883851488,0
33,169,0,0.42045461556696245,0
34,118,1,0.5522135300291239,1
35,102,0,0.3836665636759359,0
36,38,0,0.4112570614525965,0
37,170,0,0.48907933945803395,0
38,60,0,0.40370722244426926,0
39,62,0,0.4422701800989095,0
40,22,1,0.5654131180437008,1
41,74,0,0.5806105190517736,1
42,79,0,0.3722131893578767,0
43,179,0,0.3425240463302895,0
44,280,0,0.4797121116293108,0
45,86,1,0.6553316906253986,1
46,135,0,0.4142021989278894,0
47,221,0,0.3868842187620834,0
48,123,1,0.48317026810865366,0
49,327,0,0.5076171368900517,1
50,205,0,0.5028408415045174,1
51,141,0,0.500475404048009,1
52,10,0,0.3734860882143552,0
