,id,y_true,prob_rf_seed_4_skf_2_paras_148_estimator_500_depth_None_minSample_70_random_1_weight_balanced,class_rf_seed_4_skf_2_paras_148_estimator_500_depth_None_minSample_70_random_1_weight_balanced
0,268,0,0.3810060776709883,0
1,204,0,0.2470471957406823,0
2,325,0,0.4101134414769024,0
3,318,1,0.33487834149691015,0
4,312,0,0.4640964240185317,0
5,210,0,0.2907695885880529,0
6,225,0,0.35733273073511196,0
7,165,0,0.2311631947304228,0
8,315,0,0.46664522099439665,0
9,220,0,0.5425158399921213,1
10,75,0,0.6298709055414291,1
11,70,0,0.32648168189148885,0
12,63,1,0.4653211414714579,0
13,328,1,0.5478215770868273,1
14,133,0,0.3696787630013285,0
15,284,0,0.37180542812283385,0
16,324,0,0.5763948639461915,1
17,101,0,0.38953580166010576,0
18,157,0,0.42703911755453133,0
19,314,0,0.5034466147425698,1
20,217,0,0.3206491752528397,0
21,76,1,0.5317242868252173,1
22,228,0,0.3557511010645824,0
23,223,0,0.3763415087373802,0
24,240,1,0.5565422485273843,1
25,333,0,0.45960290703256607,0
26,283,1,0.41013668482179544,0
27,239,1,0.6140197222921673,1
28,48,1,0.4471442524988749,0
29,277,0,0.458782577295895,0
30,30,0,0.3977558210324768,0
31,169,0,0.36337927978808593,0
32,231,1,0.3073007292104213,0
33,61,1,0.7022279528791668,1
34,148,0,0.24596425520554382,0
35,14,0,0.2995137445070768,0
36,301,0,0.2269949067255418,0
37,12,0,0.49614871240530656,0
38,166,0,0.36603637352505175,0
39,89,0,0.37374353124891196,0
40,79,0,0.29677595818703156,0
41,274,0,0.40213216424326576,0
42,105,0,0.4575400020184663,0
43,184,0,0.40826624242901305,0
44,272,0,0.322954397415277,0
45,280,0,0.4822822403965472,0
46,305,1,0.37783610417202834,0
47,242,0,0.35600746357715096,0
48,246,0,0.4172012104247548,0
49,123,1,0.43056435047338215,0
50,3,1,0.5133002708181109,1
51,87,0,0.4541281773160577,0
52,116,1,0.3563022153486465,0
