,id,y_true,prob_rf_seed_13_skf_0_paras_148_estimator_500_depth_None_minSample_70_random_1_weight_balanced,class_rf_seed_13_skf_0_paras_148_estimator_500_depth_None_minSample_70_random_1_weight_balanced
0,204,0,0.2746302317014967,0
1,304,1,0.45730895534571353,0
2,325,0,0.4410030066272373,0
3,312,0,0.5262312344503455,1
4,24,1,0.6137470914314986,1
5,210,0,0.3341240143473212,0
6,191,0,0.4462000145593252,0
7,233,0,0.5526111882957929,1
8,308,0,0.34803097662343985,0
9,220,0,0.4473147867405563,0
10,328,1,0.573590051667234,1
11,307,0,0.481937809170489,0
12,324,0,0.5480083771974145,1
13,101,0,0.3737914920855778,0
14,181,1,0.45903886086033274,0
15,316,0,0.3030463240051235,0
16,2,0,0.4778354539834908,0
17,156,1,0.30932683821676354,0
18,13,1,0.5024907720048364,1
19,319,0,0.41289130045886857,0
20,92,0,0.3821329197105647,0
21,32,0,0.49155761119456876,0
22,223,0,0.3938508771297728,0
23,291,0,0.34239659060608496,0
24,253,0,0.3839879278778509,0
25,283,1,0.4011075100073599,0
26,158,1,0.4553344490334977,0
27,17,0,0.4144631547641083,0
28,108,0,0.41757379397154726,0
29,46,0,0.5272161051871644,1
30,136,0,0.294760814161773,0
31,45,1,0.5603064986474594,1
32,248,0,0.34742606081580935,0
33,277,0,0.5142205799489643,1
34,152,0,0.4893273777549976,0
35,294,0,0.3671269603914775,0
36,30,0,0.4244243334600962,0
37,169,0,0.3959108224785498,0
38,99,1,0.513817357060803,1
39,15,0,0.3425015478571348,0
40,146,0,0.43043357923867803,0
41,301,0,0.2719528172790041,0
42,20,1,0.40551984431704724,0
43,102,0,0.3549007543664003,0
44,183,0,0.5144581847374414,1
45,39,1,0.5362532202473985,1
46,237,0,0.3288778095031445,0
47,272,0,0.34098593320323883,0
48,300,1,0.6628389019792033,1
49,305,1,0.4256012020465012,0
50,323,0,0.3318142434491269,0
51,246,0,0.4395334807667654,0
52,197,0,0.42795399696887554,0
53,141,0,0.4540398629540621,0
54,119,1,0.47872602175064827,0
