,id,y_true,prob_rf_seed_11_skf_2_paras_148_estimator_500_depth_None_minSample_70_random_1_weight_balanced,class_rf_seed_11_skf_2_paras_148_estimator_500_depth_None_minSample_70_random_1_weight_balanced
0,55,1,0.4586983167809416,0
1,268,0,0.41410724609294114,0
2,236,0,0.3098249156940989,0
3,90,0,0.48840250860902296,0
4,195,1,0.4864915629812456,0
5,304,1,0.48497391222249925,0
6,325,0,0.4176125463085895,0
7,159,1,0.3834899409985985,0
8,194,0,0.4498980980789887,0
9,65,0,0.3498580190651946,0
10,1,0,0.4832569546816598,0
11,130,0,0.35060759539192093,0
12,165,0,0.26589119046934184,0
13,334,0,0.5722934387389805,1
14,315,0,0.4641774113819517,0
15,63,1,0.4458927488055858,0
16,328,1,0.5525743974044333,1
17,69,0,0.2865791207017433,0
18,140,0,0.3919672353757512,0
19,171,0,0.4002925075873681,0
20,255,0,0.344678379918619,0
21,324,0,0.5890157267183247,1
22,101,0,0.41111415654369227,0
23,66,1,0.6107408045555194,1
24,122,0,0.4768303784003662,0
25,31,1,0.529191793311751,1
26,333,0,0.5373365664053182,1
27,266,0,0.3003600040398847,0
28,17,0,0.45643301493542415,0
29,46,0,0.508955670717014,1
30,150,0,0.44719358161979317,0
31,59,0,0.307744396419406,0
32,286,1,0.5409113363771699,1
33,176,0,0.3683308862020512,0
34,5,0,0.6363428821358692,1
35,20,1,0.3891523157023815,0
36,60,0,0.3990646701463326,0
37,166,0,0.3824309848432629,0
38,39,1,0.6000842178743204,1
39,274,0,0.3575840684122976,0
40,139,0,0.41947654101308846,0
41,272,0,0.32597284918856545,0
42,129,0,0.3824309848432629,0
43,300,1,0.7095315008260944,1
44,295,0,0.3494311970320469,0
45,242,0,0.3458688649162028,0
46,172,0,0.3697274804093308,0
47,221,0,0.41010458913048725,0
48,124,0,0.3504456112243074,0
49,3,1,0.5291357514211622,1
50,279,0,0.5219472509104225,1
51,119,1,0.5173203942056226,1
52,330,0,0.39094292971993916,0
