,id,y_true,prob_rf_seed_16_skf_0_paras_148_estimator_500_depth_None_minSample_70_random_1_weight_balanced,class_rf_seed_16_skf_0_paras_148_estimator_500_depth_None_minSample_70_random_1_weight_balanced
0,71,0,0.47550817085810837,0
1,204,0,0.2834128109283057,0
2,195,1,0.48829434270770156,0
3,203,0,0.5947310003890136,1
4,298,1,0.44053258528342554,0
5,278,1,0.5599465744364993,1
6,24,1,0.6598063648239081,1
7,40,0,0.4008680233579369,0
8,175,0,0.40291613455930986,0
9,315,0,0.48491606332531406,0
10,167,0,0.48706939443519837,0
11,182,0,0.4380725462290401,0
12,307,0,0.5033633471789207,1
13,84,0,0.44538687226545537,0
14,335,0,0.5666414474758893,1
15,133,0,0.3731692034054425,0
16,57,0,0.5424757414365817,1
17,209,0,0.3306302276605183,0
18,215,0,0.5498112302193437,1
19,153,0,0.5594322431134718,1
20,222,0,0.3801588533672836,0
21,178,0,0.5330451959920627,1
22,32,0,0.3677280948110163,0
23,189,0,0.5158751590700684,1
24,283,1,0.42985090708911267,0
25,46,0,0.4853058289142407,0
26,136,0,0.26925395212876746,0
27,208,1,0.4610592300873067,0
28,248,0,0.31823883857632385,0
29,198,0,0.32986099700266075,0
30,27,0,0.6242916685820754,1
31,231,1,0.3240185991930487,0
32,61,1,0.6320442605160547,1
33,5,0,0.5773412128860481,1
34,20,1,0.4061084014632828,0
35,261,0,0.42962607671427616,0
36,12,0,0.43403930366852894,0
37,39,1,0.5603544535230459,1
38,180,0,0.44640294677367504,0
39,296,0,0.3116798818210082,0
40,237,0,0.32488994490638196,0
41,19,0,0.5964323537253825,1
42,129,0,0.3714639679465663,0
43,300,1,0.6355092933884549,1
44,323,0,0.3860522723006351,0
45,288,0,0.4305526796472911,0
46,115,0,0.5656770689677654,1
47,243,0,0.2738222470649927,0
48,124,0,0.3901292947888968,0
49,11,0,0.48307098340133,0
50,37,0,0.3451079379596456,0
51,56,1,0.6124606756083824,1
52,119,1,0.566992783117787,1
53,310,1,0.43791506983383177,0
54,116,1,0.369283027254437,0
