,id,y_true,prob_rf_seed_8_skf_1_paras_148_estimator_500_depth_None_minSample_70_random_1_weight_balanced,class_rf_seed_8_skf_1_paras_148_estimator_500_depth_None_minSample_70_random_1_weight_balanced
0,268,0,0.3864682752953091,0
1,325,0,0.4146389160134476,0
2,306,0,0.4364581958485295,0
3,278,1,0.5634440450528336,1
4,85,1,0.6293816516948955,1
5,201,1,0.46546821276062433,0
6,190,0,0.40733575666846683,0
7,80,0,0.3593696956848434,0
8,134,1,0.4447718488294212,0
9,40,0,0.3992111998851188,0
10,233,0,0.5353488795656473,1
11,165,0,0.28136621508666565,0
12,50,0,0.40426792400325545,0
13,167,0,0.47898790114506545,0
14,69,0,0.3182212735241523,0
15,303,0,0.3929339797541169,0
16,213,0,0.32223222862160694,0
17,140,0,0.42406161855416696,0
18,4,1,0.4215500356942293,0
19,44,0,0.3765891683110131,0
20,222,0,0.42138312533585753,0
21,322,0,0.5420611599492744,1
22,185,0,0.34600834618016085,0
23,13,1,0.5709601266846167,1
24,76,1,0.49000208300475584,0
25,32,0,0.45217715811047404,0
26,199,0,0.27546841443116316,0
27,333,0,0.48366304535025284,0
28,283,1,0.40361716255981933,0
29,108,0,0.3927112840511803,0
30,277,0,0.49069671579069524,0
31,150,0,0.43578954181663804,0
32,93,0,0.348072902419915,0
33,294,0,0.35538036824661595,0
34,102,0,0.3706200433696047,0
35,326,0,0.5293427511291231,1
36,261,0,0.38617218010360344,0
37,166,0,0.3573825112189078,0
38,62,0,0.40055097684574636,0
39,68,0,0.4325245296190966,0
40,74,0,0.5686958535489259,1
41,39,1,0.5583892890517052,1
42,212,0,0.45690165991957243,0
43,43,0,0.33078518301911175,0
44,300,1,0.6651177404699221,1
45,138,1,0.4153409820148278,0
46,111,0,0.3951047272607758,0
47,135,0,0.43476168085501266,0
48,109,0,0.5258501634021951,1
49,121,1,0.42687804199868695,0
50,11,0,0.4800783641880207,0
51,37,0,0.3786656891826714,0
52,310,1,0.4763047535368159,0
53,116,1,0.4142339439421145,0
