,id,y_true,prob_rf_seed_17_skf_0_paras_148_estimator_500_depth_None_minSample_70_random_1_weight_balanced,class_rf_seed_17_skf_0_paras_148_estimator_500_depth_None_minSample_70_random_1_weight_balanced
0,71,0,0.531397783767661,1
1,195,1,0.5009636424049481,1
2,143,0,0.2808586393817056,0
3,318,1,0.36765551376143596,0
4,224,1,0.5085591617328696,1
5,114,0,0.47434606016092556,0
6,273,0,0.5385774591133117,1
7,307,0,0.48412250855140887,0
8,335,0,0.6665020940001268,1
9,244,1,0.304247855498845,0
10,324,0,0.6500520442382601,1
11,290,0,0.5958469166848043,1
12,209,0,0.2882787207414054,0
13,200,0,0.25352912959323515,0
14,33,1,0.4033359457059165,0
15,153,0,0.6392581619770955,1
16,322,0,0.5009470204599962,1
17,178,0,0.4731587840826814,0
18,185,0,0.2896837504212816,0
19,161,0,0.4182321370468862,0
20,228,0,0.37599697788021225,0
21,317,0,0.3027793326907914,0
22,199,0,0.26146147939691466,0
23,240,1,0.5246846618029323,1
24,266,0,0.30722952094023526,0
25,283,1,0.37806630718779766,0
26,46,0,0.4544765641678497,0
27,42,1,0.402283983952881,0
28,248,0,0.32908658782587064,0
29,276,0,0.46411791588260426,0
30,286,1,0.5588942933671478,1
31,118,1,0.5299124102447663,1
32,231,1,0.3287438081679571,0
33,99,1,0.5185292525371622,1
34,15,0,0.3711259267828763,0
35,5,0,0.6974164443563415,1
36,301,0,0.23291324261136007,0
37,261,0,0.37478487161457447,0
38,320,0,0.6171831166468538,1
39,214,0,0.37616308395082504,0
40,183,0,0.44115015540865077,0
41,68,0,0.41304381965499776,0
42,22,1,0.5423649720180678,1
43,293,1,0.4884976975735061,0
44,179,0,0.3197122485910858,0
45,212,0,0.49477306102202456,0
46,202,1,0.6345654509601819,1
47,296,0,0.2837598041706087,0
48,139,0,0.3879065686130744,0
49,105,0,0.46743876385181093,0
50,129,0,0.36550496596038745,0
51,172,0,0.34736888494533424,0
52,246,0,0.3914998456017981,0
53,141,0,0.4091494309175054,0
54,10,0,0.39708504571182035,0
