,id,y_true,prob_rf_seed_6_skf_2_paras_148_estimator_500_depth_None_minSample_70_random_1_weight_balanced,class_rf_seed_6_skf_2_paras_148_estimator_500_depth_None_minSample_70_random_1_weight_balanced
0,55,1,0.5773726420710384,1
1,144,0,0.5125219881044676,1
2,204,0,0.2838241685869854,0
3,318,1,0.3760608804643866,0
4,227,0,0.39748487275080496,0
5,190,0,0.4160102158997586,0
6,194,0,0.4044994107152073,0
7,65,0,0.3999106926768051,0
8,80,0,0.4467483027489862,0
9,40,0,0.40972023002062924,0
10,125,0,0.5721869327968843,1
11,285,0,0.3841599158137923,0
12,70,0,0.35446894672240276,0
13,251,0,0.6042098946937743,1
14,171,0,0.3685117179981644,0
15,133,0,0.4395517810040392,0
16,54,1,0.430653995870015,0
17,290,0,0.4359729916144349,0
18,154,1,0.6507944143189169,1
19,217,0,0.38059320120554246,0
20,4,1,0.4921390886086418,0
21,44,0,0.3302014049619567,0
22,16,0,0.5076691759418304,1
23,96,1,0.41124699148779426,0
24,189,0,0.46182934035188444,0
25,31,1,0.5677587313221161,1
26,253,0,0.3838079580719969,0
27,158,1,0.4906356871448754,0
28,46,0,0.4878220105578073,0
29,331,1,0.454992873056971,0
30,137,1,0.7358754111099879,1
31,30,0,0.4402705428110972,0
32,99,1,0.5687858452944271,1
33,41,0,0.44688799383437855,0
34,320,0,0.5846777374123057,1
35,62,0,0.47149201537968066,0
36,89,0,0.3840751203868455,0
37,68,0,0.3831539665745829,0
38,79,0,0.3101223825285618,0
39,202,1,0.40154619142550063,0
40,296,0,0.3003540243451848,0
41,274,0,0.38219436724918004,0
42,237,0,0.3753657775340872,0
43,19,0,0.5476563731065709,1
44,172,0,0.3724277308343841,0
45,111,0,0.44281471908479125,0
46,197,0,0.42865172010152186,0
47,121,1,0.5037226754383504,1
48,205,0,0.4775471627161415,0
49,141,0,0.4595921710660539,0
50,216,0,0.6556755186909382,1
51,310,1,0.4052721567142643,0
52,10,0,0.3946230705637369,0
