,id,y_true,prob_rf_seed_5_skf_0_paras_148_estimator_500_depth_None_minSample_70_random_1_weight_balanced,class_rf_seed_5_skf_0_paras_148_estimator_500_depth_None_minSample_70_random_1_weight_balanced
0,144,0,0.4218000752355488,0
1,90,0,0.4055451863612026,0
2,190,0,0.3949513803016348,0
3,65,0,0.3834795272614158,0
4,258,0,0.4493582958120172,0
5,173,0,0.43375312276672134,0
6,134,1,0.44231282089024165,0
7,281,0,0.39716086212084356,0
8,1,0,0.43042165662931836,0
9,125,0,0.6067449686040342,1
10,219,1,0.4497921930377832,0
11,315,0,0.48224740410183736,0
12,50,0,0.4163716088068418,0
13,220,0,0.5487218310928204,1
14,167,0,0.49037229795682685,0
15,63,1,0.5119387428369885,1
16,328,1,0.5619979957017733,1
17,303,0,0.3818887040564662,0
18,307,0,0.45464699182460977,0
19,117,0,0.5316189304264386,1
20,335,0,0.5733128505588693,1
21,251,0,0.6495117801925726,1
22,213,0,0.3420542689461382,0
23,255,0,0.3355599560774739,0
24,54,1,0.5396876214580275,1
25,51,1,0.6824046703349842,1
26,209,0,0.31394978903904297,0
27,33,1,0.3634594884899839,0
28,161,0,0.40850561500640853,0
29,319,0,0.3983975767198723,0
30,92,0,0.366143081620936,0
31,283,1,0.3808152584921042,0
32,108,0,0.37742082423535633,0
33,331,1,0.45848014085267924,0
34,294,0,0.3934108805997833,0
35,27,0,0.6508039257214424,1
36,286,1,0.6068350042929053,1
37,21,0,0.4126775403632532,0
38,12,0,0.5372720223358355,1
39,62,0,0.4304926822861048,0
40,68,0,0.369574960283211,0
41,179,0,0.30884326864380307,0
42,211,0,0.3217123371525109,0
43,39,1,0.6408689665437401,1
44,302,1,0.4281240871266758,0
45,25,0,0.2582665831318352,0
46,274,0,0.41370998361718214,0
47,149,0,0.4531421843047167,0
48,280,0,0.5403622266656347,1
49,86,1,0.6776239456474576,1
50,243,0,0.2605416849234189,0
51,121,1,0.4160115291225196,0
52,229,1,0.36013068275633303,0
53,205,0,0.43449546996452243,0
54,10,0,0.42768647524111886,0
