,id,y_true,prob_rf_seed_10_skf_3_paras_148_estimator_500_depth_None_minSample_70_random_1_weight_balanced,class_rf_seed_10_skf_3_paras_148_estimator_500_depth_None_minSample_70_random_1_weight_balanced
0,55,1,0.5209748136245855,1
1,268,0,0.3965524298807598,0
2,90,0,0.4354536445843795,0
3,278,1,0.6278771449217944,1
4,106,0,0.43213550057889916,0
5,225,0,0.3759887291395694,0
6,1,0,0.411488103850201,0
7,125,0,0.5663120865012758,1
8,219,1,0.40724988457322925,0
9,163,0,0.4222365568121153,0
10,285,0,0.39931378661804934,0
11,303,0,0.3930138032241688,0
12,140,0,0.3730986500397499,0
13,244,1,0.3641802023918711,0
14,181,1,0.5460521406523251,1
15,209,0,0.3171690253535389,0
16,217,0,0.3601023088245953,0
17,4,1,0.47804846587494626,0
18,13,1,0.5250308131064604,1
19,122,0,0.4533450707850002,0
20,291,0,0.29443372063498097,0
21,199,0,0.27952722436608257,0
22,253,0,0.36704041341470567,0
23,110,0,0.3335891882163919,0
24,42,1,0.4059743941762284,0
25,48,1,0.4849893775019957,0
26,277,0,0.5034268967063668,1
27,276,0,0.4129294454756638,0
28,250,1,0.44127778253322825,0
29,30,0,0.3471121830698545,0
30,118,1,0.5729368169827013,1
31,326,0,0.5438066207910853,1
32,261,0,0.39495647092131275,0
33,12,0,0.49090742817809496,0
34,170,0,0.4685168965087135,0
35,60,0,0.3916213156565622,0
36,275,1,0.5045332876637438,1
37,89,0,0.36950979434384873,0
38,78,0,0.3212328539290103,0
39,183,0,0.43181361971404203,0
40,77,0,0.7151292349286584,1
41,179,0,0.33024246178262384,0
42,211,0,0.3195679827936035,0
43,180,0,0.36872508885500044,0
44,25,0,0.2670281964763874,0
45,280,0,0.48559666828764103,0
46,323,0,0.34899270032819646,0
47,242,0,0.3594961202822008,0
48,138,1,0.36370963363184383,0
49,243,0,0.25633553186561603,0
50,23,0,0.4442049564268947,0
51,330,0,0.3640031937257463,0
52,116,1,0.39950814342005103,0
