,id,y_true,prob_rf_seed_17_skf_2_paras_148_estimator_500_depth_None_minSample_70_random_1_weight_balanced,class_rf_seed_17_skf_2_paras_148_estimator_500_depth_None_minSample_70_random_1_weight_balanced
0,151,0,0.3889915323265232,0
1,7,1,0.40095091823356965,0
2,268,0,0.354697438829552,0
3,304,1,0.491895990627348,0
4,159,1,0.33291995381054795,0
5,227,0,0.30576299501703325,0
6,106,0,0.4799740490849552,0
7,191,0,0.39567733179883025,0
8,258,0,0.4439837906474105,0
9,125,0,0.5624901783749509,1
10,50,0,0.36392842845092777,0
11,328,1,0.5464341979406026,1
12,289,1,0.4951902438688813,0
13,84,0,0.383566334732703,0
14,251,0,0.6008331800843004,1
15,171,0,0.4567451988248453,0
16,255,0,0.3277482716849144,0
17,181,1,0.5084840086214737,1
18,35,0,0.475662608396881,0
19,157,0,0.4037034475394013,0
20,314,0,0.4992681184934279,0
21,4,1,0.46559787098533006,0
22,2,0,0.44698800126904176,0
23,222,0,0.39124252997911246,0
24,122,0,0.4919940772093453,0
25,96,1,0.3385308103798421,0
26,253,0,0.37200199832796826,0
27,333,0,0.4921090805297113,0
28,17,0,0.3957203467593749,0
29,108,0,0.41188392888434683,0
30,48,1,0.4604681089471057,0
31,277,0,0.48290082438938475,0
32,104,1,0.6351832696438613,1
33,198,0,0.3351965058619206,0
34,59,0,0.27324263091087925,0
35,88,0,0.36887791379345186,0
36,14,0,0.3132848808702567,0
37,60,0,0.38303302829455244,0
38,166,0,0.328283810077247,0
39,53,0,0.38275903296128694,0
40,89,0,0.36243808778398373,0
41,74,0,0.5511746084311924,1
42,79,0,0.3733167771433383,0
43,39,1,0.6160749433971319,1
44,149,0,0.4567451988248453,0
45,272,0,0.31967509599478755,0
46,305,1,0.3743879316491396,0
47,288,0,0.4376737967633132,0
48,86,1,0.6922544473906569,1
49,138,1,0.37140489393179443,0
50,135,0,0.37862347733809976,0
51,37,0,0.35605738815992044,0
52,330,0,0.327947681400831,0
