,id,y_true,prob_rf_seed_19_skf_2_paras_148_estimator_500_depth_None_minSample_70_random_1_weight_balanced,class_rf_seed_19_skf_2_paras_148_estimator_500_depth_None_minSample_70_random_1_weight_balanced
0,7,1,0.4025813589694903,0
1,144,0,0.47238566125163284,0
2,236,0,0.33674253067870713,0
3,90,0,0.426944737897241,0
4,159,1,0.372928480037456,0
5,278,1,0.6127240242368873,1
6,173,0,0.39722760670163704,0
7,1,0,0.45631976777495364,0
8,334,0,0.5216617128303712,1
9,220,0,0.5119460776478211,1
10,75,0,0.6274250873555264,1
11,167,0,0.5016212158937694,1
12,70,0,0.32200667856432375,0
13,63,1,0.5399767125982771,1
14,328,1,0.5309532485055276,1
15,182,0,0.3568235458170739,0
16,307,0,0.4624482914567485,0
17,335,0,0.5386797686025667,1
18,101,0,0.38629024066966766,0
19,54,1,0.4749198930008582,0
20,162,0,0.4383295082273557,0
21,66,1,0.622730542233206,1
22,4,1,0.46960633872378615,0
23,33,1,0.42406067243992884,0
24,153,0,0.4962155986921075,0
25,222,0,0.3975611375003802,0
26,322,0,0.547436642930904,1
27,161,0,0.395511726159025,0
28,319,0,0.4085706203619874,0
29,253,0,0.41291701884947707,0
30,248,0,0.33061204978142306,0
31,286,1,0.5884912705613474,1
32,61,1,0.6993480151897811,1
33,176,0,0.3780718238044176,0
34,38,0,0.39741732800377133,0
35,261,0,0.4067988494742036,0
36,89,0,0.35420518507279153,0
37,78,0,0.310316825052247,0
38,77,0,0.6988766499143472,1
39,179,0,0.3132608312083469,0
40,212,0,0.5221723188455875,1
41,202,1,0.48830118064425876,0
42,267,0,0.2790160823678185,0
43,274,0,0.39938889565501273,0
44,43,0,0.2961633686550084,0
45,323,0,0.3556932938308443,0
46,242,0,0.35198816341928174,0
47,172,0,0.32440610277335863,0
48,115,0,0.4718125022855609,0
49,138,1,0.40888726591806346,0
50,229,1,0.3649932326239985,0
51,141,0,0.46965827814043926,0
52,216,0,0.6535983729291563,1
