,id,y_true,prob_rf_seed_5_skf_3_paras_148_estimator_500_depth_None_minSample_70_random_1_weight_balanced,class_rf_seed_5_skf_3_paras_148_estimator_500_depth_None_minSample_70_random_1_weight_balanced
0,203,0,0.6015547991972992,1
1,304,1,0.4776106665194407,0
2,143,0,0.34994165862743615,0
3,318,1,0.33169682828199265,0
4,227,0,0.33157729674335146,0
5,224,1,0.5002829818048969,1
6,114,0,0.5452235988316878,1
7,106,0,0.4871248891885294,0
8,175,0,0.4310397471579024,0
9,308,0,0.4264585767030502,0
10,334,0,0.5333657708486806,1
11,182,0,0.3831772317910064,0
12,157,0,0.4703768203052952,0
13,316,0,0.40752507260125476,0
14,154,1,0.6412982171066591,1
15,44,0,0.41154071188768776,0
16,2,0,0.34461959397868164,0
17,185,0,0.30825614238638605,0
18,122,0,0.41956400624254997,0
19,16,0,0.46254721374632446,0
20,199,0,0.3019954326797948,0
21,31,1,0.6161954338601705,1
22,17,0,0.41573304621865786,0
23,45,1,0.6484749912815456,1
24,104,1,0.6527046182893805,1
25,276,0,0.44748025006651965,0
26,230,0,0.36615240654926684,0
27,231,1,0.29337479892006985,0
28,15,0,0.4100465210782037,0
29,326,0,0.5687430985222653,1
30,170,0,0.48190629460217316,0
31,320,0,0.6043349161179296,1
32,166,0,0.42326335405242826,0
33,313,1,0.34868204489066595,0
34,74,0,0.5629304411620515,1
35,212,0,0.45245916901345407,0
36,202,1,0.5364301516320779,1
37,267,0,0.32590447862467137,0
38,105,0,0.41880990634888915,0
39,127,0,0.5078367028635509,1
40,184,0,0.4543070326381943,0
41,237,0,0.31339020939311135,0
42,19,0,0.6059751174821782,1
43,129,0,0.42326335405242826,0
44,295,0,0.2659402434314374,0
45,138,1,0.4173594415680969,0
46,197,0,0.4197775072094459,0
47,124,0,0.35136545917278966,0
48,11,0,0.5139952641885571,1
49,218,1,0.48804314097834045,0
50,3,1,0.5599908927796527,1
51,119,1,0.5826189351207067,1
52,330,0,0.3656774890765541,0
