,id,y_true,prob_rf_seed_19_skf_4_paras_148_estimator_500_depth_None_minSample_70_random_1_weight_balanced,class_rf_seed_19_skf_4_paras_148_estimator_500_depth_None_minSample_70_random_1_weight_balanced
0,268,0,0.3873362316270871,0
1,203,0,0.602322868872607,1
2,325,0,0.3993031319679874,0
3,306,0,0.517966093810215,1
4,201,1,0.5082950522885541,1
5,210,0,0.307491766026871,0
6,190,0,0.36797336012271226,0
7,271,0,0.5593537147314529,1
8,80,0,0.38380716834063083,0
9,165,0,0.25896644680552744,0
10,315,0,0.5501429185983494,1
11,69,0,0.275851023583096,0
12,303,0,0.4147737459894008,0
13,84,0,0.37285540180043375,0
14,117,0,0.5221615882807606,1
15,251,0,0.6222949855554185,1
16,140,0,0.37775775855593047,0
17,244,1,0.3359892925256707,0
18,35,0,0.5146407188286808,1
19,290,0,0.6108205223609499,1
20,209,0,0.2998456210053927,0
21,217,0,0.3298657459832207,0
22,178,0,0.5212490498012694,1
23,122,0,0.41022391706060046,0
24,228,0,0.3605141556501943,0
25,96,1,0.356321942598969,0
26,291,0,0.2856757468837183,0
27,333,0,0.42328051987317206,0
28,266,0,0.33186678368498823,0
29,239,1,0.6702156997487907,1
30,158,1,0.39104205109730983,0
31,108,0,0.3726744609810886,0
32,45,1,0.668504926881226,1
33,110,0,0.35919016855309277,0
34,104,1,0.6613529724384996,1
35,276,0,0.4408668797579465,0
36,152,0,0.4880125969040505,0
37,93,0,0.3785681620922705,0
38,132,1,0.5250829561762311,1
39,12,0,0.5311106200302739,1
40,275,1,0.517001303439136,1
41,22,1,0.6163519243527127,1
42,293,1,0.48800338127690024,0
43,105,0,0.4992844862746505,0
44,145,0,0.32421467704027235,0
45,149,0,0.5091235818866519,1
46,280,0,0.5119405550731507,1
47,129,0,0.3306329169802416,0
48,288,0,0.5203017853072331,1
49,124,0,0.3431662261359608,0
50,121,1,0.43192548458204366,0
51,218,1,0.40234919543344944,0
52,116,1,0.397990094132912,0
