,id,y_true,prob_rf_seed_3_skf_2_paras_148_estimator_500_depth_None_minSample_70_random_1_weight_balanced,class_rf_seed_3_skf_2_paras_148_estimator_500_depth_None_minSample_70_random_1_weight_balanced
0,203,0,0.5897535330127182,1
1,325,0,0.3887860002972009,0
2,143,0,0.3307257948427455,0
3,318,1,0.28859416979019387,0
4,85,1,0.6137424360266478,1
5,114,0,0.5001219825465141,1
6,271,0,0.47193530150891433,0
7,80,0,0.36912415730245296,0
8,40,0,0.3811828552267814,0
9,175,0,0.4321140861953553,0
10,165,0,0.22707083313055743,0
11,315,0,0.48960968455553033,0
12,75,0,0.6167172648437271,1
13,285,0,0.4466990110928278,0
14,167,0,0.5127545790481975,1
15,303,0,0.41555370725094964,0
16,251,0,0.6084665574759296,1
17,140,0,0.41613873374458876,0
18,244,1,0.38755936248404016,0
19,284,0,0.3935368728313404,0
20,101,0,0.4249392920699132,0
21,181,1,0.5057501218425398,1
22,316,0,0.3841285549247329,0
23,154,1,0.6291534846661547,1
24,4,1,0.49656970496688824,0
25,44,0,0.40435400460852755,0
26,156,1,0.24972498527904272,0
27,161,0,0.40387905845448663,0
28,319,0,0.40192022965020235,0
29,317,0,0.2991433511157006,0
30,108,0,0.4265762172004183,0
31,45,1,0.6332836429514609,1
32,137,1,0.680912783537745,1
33,150,0,0.4285222467151215,0
34,250,1,0.46929090880397956,0
35,99,1,0.5745386225562333,1
36,261,0,0.3871684977239963,0
37,12,0,0.4486716467737516,0
38,41,0,0.44244929668778377,0
39,60,0,0.4031586271680986,0
40,183,0,0.3890256167388888,0
41,149,0,0.4525947230295426,0
42,184,0,0.44103373394968515,0
43,242,0,0.3621004788055097,0
44,138,1,0.4128284548989915,0
45,243,0,0.25510289818489607,0
46,23,0,0.4128140838454994,0
47,37,0,0.37114916572046464,0
48,205,0,0.46752238467535256,0
49,262,0,0.4126429704263614,0
50,330,0,0.3424895034885094,0
51,310,1,0.435679020913243,0
52,116,1,0.309119119251149,0
