,id,y_true,prob_rf_seed_15_skf_2_paras_148_estimator_500_depth_None_minSample_70_random_1_weight_balanced,class_rf_seed_15_skf_2_paras_148_estimator_500_depth_None_minSample_70_random_1_weight_balanced
0,269,0,0.4236036972566914,0
1,227,0,0.3953929526578961,0
2,24,1,0.6074638996959125,1
3,224,1,0.5120357261720249,1
4,125,0,0.5279350065030473,1
5,334,0,0.5488206888549897,1
6,75,0,0.6098133890242704,1
7,70,0,0.3651676294875867,0
8,289,1,0.383642583372544,0
9,84,0,0.3806633034035341,0
10,335,0,0.45621272227961746,0
11,133,0,0.4310073158397964,0
12,57,0,0.49368929092957786,0
13,324,0,0.45236015496234466,0
14,181,1,0.43873129236878916,0
15,157,0,0.3466777740335871,0
16,51,1,0.6766997268111217,1
17,290,0,0.4128584998553905,0
18,162,0,0.41861851852063525,0
19,154,1,0.646895790881237,1
20,322,0,0.561510999037188,1
21,185,0,0.37183628428975357,0
22,76,1,0.440748790568149,0
23,16,0,0.502725938846216,1
24,223,0,0.3710107526857679,0
25,240,1,0.5397981409732798,1
26,136,0,0.3136907147953892,0
27,192,0,0.3658421920160976,0
28,198,0,0.3982497360868214,0
29,59,0,0.2932216783961025,0
30,27,0,0.5900527571959734,1
31,286,1,0.5854488126442677,1
32,21,0,0.44406567437506644,0
33,176,0,0.39706249324077075,0
34,15,0,0.31683222894151647,0
35,146,0,0.47744375521683063,0
36,14,0,0.33554066479187844,0
37,261,0,0.40268789874242517,0
38,214,0,0.46516778884837023,0
39,275,1,0.47985787229737537,0
40,22,1,0.6161628423227383,1
41,202,1,0.38068118654524974,0
42,184,0,0.4058400167497891,0
43,172,0,0.4188468353881165,0
44,243,0,0.293677092674594,0
45,197,0,0.46776989917769496,0
46,221,0,0.3423994480259018,0
47,72,1,0.6836975858416661,1
48,124,0,0.4042449050237807,0
49,205,0,0.5214088212426068,1
50,141,0,0.5195935490565226,1
51,119,1,0.5592276115371003,1
52,10,0,0.4434235348855988,0
