,id,y_true,prob_rf_seed_14_skf_4_paras_148_estimator_500_depth_None_minSample_70_random_1_weight_balanced,class_rf_seed_14_skf_4_paras_148_estimator_500_depth_None_minSample_70_random_1_weight_balanced
0,71,0,0.46419926952294027,0
1,151,0,0.45394225213439654,0
2,268,0,0.3551780404997604,0
3,203,0,0.5698657725821351,1
4,306,0,0.447088026591615,0
5,190,0,0.41020124633325195,0
6,173,0,0.4080454629370962,0
7,225,0,0.4004436279347805,0
8,233,0,0.5238232542376187,1
9,175,0,0.3928489345458293,0
10,273,0,0.4602080729679825,0
11,164,0,0.47870511939308397,0
12,75,0,0.6524207735883156,1
13,167,0,0.5114606126646241,1
14,63,1,0.5321813448230566,1
15,244,1,0.36294033696171535,0
16,57,0,0.5109070406849616,1
17,181,1,0.5080975066978995,1
18,157,0,0.41512969360539603,0
19,316,0,0.3650393963932564,0
20,209,0,0.37334233229611963,0
21,4,1,0.5099772911148582,1
22,161,0,0.46659716949198815,0
23,317,0,0.38389515566713994,0
24,158,1,0.4508787988367998,0
25,108,0,0.4383968624693444,0
26,46,0,0.4577918482291261,0
27,110,0,0.36224037835456996,0
28,331,1,0.3979854300128838,0
29,48,1,0.4258711389719844,0
30,192,0,0.33226765278987963,0
31,104,1,0.6589099026920785,1
32,230,0,0.4105910569052624,0
33,21,0,0.3985738612387101,0
34,61,1,0.6744407238420206,1
35,132,1,0.45545737389388924,0
36,148,0,0.2851301730917484,0
37,15,0,0.3463686162414151,0
38,301,0,0.2614949555577579,0
39,12,0,0.4813194266813073,0
40,214,0,0.4063027705138786,0
41,211,0,0.34261101270484345,0
42,25,0,0.2637398932948266,0
43,267,0,0.3485200460549208,0
44,105,0,0.42534259408888325,0
45,300,1,0.6685816278785236,1
46,305,1,0.3753972001565706,0
47,135,0,0.40099427544228716,0
48,221,0,0.3699925621873121,0
49,123,1,0.46579132073973495,0
50,141,0,0.3989740239047851,0
51,216,0,0.6450316813955367,1
52,310,1,0.3954726249496088,0
