,id,y_true,prob_rf_seed_6_skf_1_paras_148_estimator_500_depth_None_minSample_70_random_1_weight_balanced,class_rf_seed_6_skf_1_paras_148_estimator_500_depth_None_minSample_70_random_1_weight_balanced
0,236,0,0.3585552930565928,0
1,298,1,0.3972496007893094,0
2,278,1,0.5729615706936566,1
3,24,1,0.6338971717021319,1
4,201,1,0.5485464558263565,1
5,114,0,0.5128655462194792,1
6,191,0,0.43575136778781265,0
7,225,0,0.41812202897084955,0
8,175,0,0.42375733220159706,0
9,219,1,0.4427853466162512,0
10,165,0,0.2569740792407048,0
11,273,0,0.46499994958823443,0
12,315,0,0.4630966384727528,0
13,167,0,0.5354691815986112,1
14,307,0,0.47557341041173595,0
15,95,0,0.3820966333104004,0
16,244,1,0.34647013258147447,0
17,215,0,0.5557551740510156,1
18,178,0,0.5410097691210876,1
19,161,0,0.42515294402893816,0
20,76,1,0.4212525950327587,0
21,319,0,0.386743295620956,0
22,317,0,0.36768752939291716,0
23,92,0,0.393046655251127,0
24,32,0,0.3461236866071284,0
25,199,0,0.3053478001020398,0
26,333,0,0.5124837725500605,1
27,239,1,0.603448414307061,1
28,17,0,0.425127772890052,0
29,45,1,0.6272916719396738,1
30,192,0,0.34241892261308576,0
31,276,0,0.40017201553946885,0
32,198,0,0.3621767919634014,0
33,94,0,0.4628872044756604,0
34,5,0,0.6007662426957739,1
35,60,0,0.412006906841997,0
36,78,0,0.3024937437046779,0
37,183,0,0.4102092944555932,0
38,313,1,0.3686472680330958,0
39,179,0,0.36167810247420057,0
40,267,0,0.35043543196391075,0
41,139,0,0.4104193598129628,0
42,105,0,0.38480337783675245,0
43,145,0,0.33818846148304066,0
44,280,0,0.3839637464226855,0
45,129,0,0.37159779283923355,0
46,305,1,0.3627161030814816,0
47,323,0,0.35248551831756403,0
48,243,0,0.2597790667313108,0
49,23,0,0.4310427616541292,0
50,72,1,0.6585488823567285,1
51,229,1,0.36572165901017717,0
52,56,1,0.6252170249156623,1
53,330,0,0.35945557759937735,0
