,id,y_true,prob_rf_seed_1_skf_4_paras_148_estimator_500_depth_None_minSample_70_random_1_weight_balanced,class_rf_seed_1_skf_4_paras_148_estimator_500_depth_None_minSample_70_random_1_weight_balanced
0,151,0,0.4407635701825663,0
1,7,1,0.3910606129699991,0
2,204,0,0.2561825411762222,0
3,269,0,0.48592757789013374,0
4,24,1,0.5932883342908759,1
5,194,0,0.40037449910522455,0
6,80,0,0.43887798507550996,0
7,173,0,0.3902479799516794,0
8,233,0,0.4895417533079554,0
9,219,1,0.4632430934252836,0
10,273,0,0.5008501572817313,1
11,63,1,0.49506427718368995,0
12,303,0,0.3895857055352811,0
13,140,0,0.4473048586925029,0
14,133,0,0.389964343894434,0
15,57,0,0.4800016357074172,0
16,284,0,0.3470989899022144,0
17,54,1,0.5257388780358638,1
18,316,0,0.44774347067333103,0
19,209,0,0.33111221965250087,0
20,215,0,0.5287522795114257,1
21,222,0,0.39594804524627975,0
22,76,1,0.4773388938232245,0
23,228,0,0.36408775348905525,0
24,31,1,0.5439760298180167,1
25,253,0,0.38299327438852215,0
26,283,1,0.37011838240859135,0
27,108,0,0.4055704403884585,0
28,104,1,0.6261330698584097,1
29,59,0,0.2680163289355166,0
30,118,1,0.612581598988706,1
31,176,0,0.3473143889961217,0
32,301,0,0.24867189522126576,0
33,102,0,0.3398950184612242,0
34,12,0,0.45243100057296176,0
35,41,0,0.45409878612883525,0
36,60,0,0.3416873381894375,0
37,166,0,0.325889106949398,0
38,53,0,0.4449342899120049,0
39,275,1,0.5085836469693695,1
40,62,0,0.4615338210671802,0
41,89,0,0.3523365871797664,0
42,183,0,0.4209936590199235,0
43,77,0,0.7174090021103101,1
44,302,1,0.4382391336044026,0
45,267,0,0.3106504965229384,0
46,274,0,0.4134782558354244,0
47,242,0,0.41951734748699554,0
48,111,0,0.39782227612015847,0
49,218,1,0.45461811194584817,0
50,205,0,0.452575384025202,0
51,262,0,0.3864855518341445,0
52,116,1,0.4042105743373167,0
