,id,y_true,prob_rf_seed_1_skf_3_paras_148_estimator_500_depth_None_minSample_70_random_1_weight_balanced,class_rf_seed_1_skf_3_paras_148_estimator_500_depth_None_minSample_70_random_1_weight_balanced
0,144,0,0.5463885093246532,1
1,203,0,0.6037418968322965,1
2,325,0,0.4231123035845776,0
3,210,0,0.3217318286399767,0
4,191,0,0.3897454754122291,0
5,258,0,0.46086610258673005,0
6,281,0,0.4693006333634072,0
7,175,0,0.4036615020436776,0
8,125,0,0.5978492130780245,1
9,168,1,0.3909008733594562,0
10,164,0,0.574645812945459,1
11,75,0,0.6095104245962751,1
12,69,0,0.2487419716390784,0
13,84,0,0.34593941119085286,0
14,324,0,0.6056198371658683,1
15,181,1,0.555432225741882,1
16,66,1,0.6534790773921423,1
17,4,1,0.4733948950671442,0
18,44,0,0.3832203172947294,0
19,322,0,0.4801127549936738,0
20,156,1,0.32481164272562224,0
21,13,1,0.5288084846347513,1
22,91,0,0.5225042266962746,1
23,319,0,0.4468683027518598,0
24,240,1,0.5378774136069852,1
25,17,0,0.44965218275775154,0
26,110,0,0.34492418892732474,0
27,230,0,0.3523317831025655,0
28,150,0,0.4234045527237852,0
29,286,1,0.614940282448154,1
30,250,1,0.3625199345404115,0
31,146,0,0.4057069106437926,0
32,5,0,0.6557302517610726,1
33,20,1,0.3574246567076408,0
34,326,0,0.5576198467957704,1
35,170,0,0.5032008617952947,1
36,78,0,0.28991347795399897,0
37,68,0,0.410351583277387,0
38,179,0,0.33380341379424056,0
39,25,0,0.25044497812360866,0
40,202,1,0.5333149019847128,1
41,139,0,0.38858074349123867,0
42,127,0,0.48122836101344013,0
43,149,0,0.3840191270720571,0
44,280,0,0.4733881729447552,0
45,129,0,0.34529315944246197,0
46,300,1,0.7210726430506276,1
47,138,1,0.38884330999954936,0
48,197,0,0.4362988041157497,0
49,123,1,0.4759814353927957,0
50,11,0,0.49114654683438624,0
51,216,0,0.6656142750339927,1
52,87,0,0.4372143826847852,0
