,id,y_true,prob_rf_seed_8_skf_0_paras_148_estimator_500_depth_None_minSample_70_random_1_weight_balanced,class_rf_seed_8_skf_0_paras_148_estimator_500_depth_None_minSample_70_random_1_weight_balanced
0,71,0,0.5128975318622832,1
1,151,0,0.4311698129579214,0
2,144,0,0.45078796504151764,0
3,195,1,0.5391503818625579,1
4,304,1,0.5024308393317678,1
5,191,0,0.44324154632023904,0
6,173,0,0.4001279862612069,0
7,281,0,0.42326151363387526,0
8,225,0,0.4098842334849509,0
9,220,0,0.5385366999484418,1
10,285,0,0.377040739960762,0
11,84,0,0.39806686161803534,0
12,101,0,0.33952755888902597,0
13,157,0,0.3907211272276519,0
14,316,0,0.4551723786527188,0
15,290,0,0.5933314058899566,1
16,66,1,0.6262112602678841,1
17,33,1,0.38369899008511965,0
18,153,0,0.6564031405089333,1
19,317,0,0.30332646323845097,0
20,96,1,0.3631323075834962,0
21,240,1,0.4841335066152316,0
22,31,1,0.6009413869636276,1
23,158,1,0.42019192864173094,0
24,17,0,0.36848191062742014,0
25,136,0,0.30490558747776897,0
26,137,1,0.7459473808998794,1
27,27,0,0.6412846357064503,1
28,169,0,0.35090379119432685,0
29,14,0,0.3227609945112456,0
30,53,0,0.4520194002033641,0
31,183,0,0.44594485875995704,0
32,77,0,0.73309461815108,1
33,313,1,0.4213747354465004,0
34,293,1,0.4456799459162961,0
35,179,0,0.32445071233342077,0
36,245,0,0.36466552587148077,0
37,105,0,0.47036661841999866,0
38,145,0,0.34576079233969165,0
39,237,0,0.3402723145610452,0
40,280,0,0.498691370019134,0
41,129,0,0.3423412464780346,0
42,305,1,0.3836661550694124,0
43,288,0,0.4941236435775712,0
44,172,0,0.2990979300883691,0
45,23,0,0.4522431243566596,0
46,197,0,0.4087192208126369,0
47,123,1,0.4137439484462542,0
48,229,1,0.30636519717751204,0
49,3,1,0.47913637101577333,0
50,205,0,0.46518996505910676,0
51,279,0,0.45080359859986924,0
52,332,0,0.2725060756715267,0
53,216,0,0.6697744575527184,1
54,10,0,0.4020657303554857,0
