,id,y_true,prob_rf_seed_3_skf_0_paras_148_estimator_500_depth_None_minSample_70_random_1_weight_balanced,class_rf_seed_3_skf_0_paras_148_estimator_500_depth_None_minSample_70_random_1_weight_balanced
0,55,1,0.50300257397143,1
1,144,0,0.4930175233617612,0
2,268,0,0.38563341185249195,0
3,90,0,0.42344370703897327,0
4,306,0,0.42319187331016084,0
5,159,1,0.4139789166810108,0
6,227,0,0.3820060916825492,0
7,24,1,0.6198295929344931,1
8,201,1,0.5480308497158306,1
9,210,0,0.3427347604386209,0
10,173,0,0.4078026664007893,0
11,125,0,0.5469419133094305,1
12,334,0,0.5475810123768359,1
13,50,0,0.42847708853760674,0
14,164,0,0.5149656614186148,1
15,70,0,0.30644173228595584,0
16,182,0,0.42527553760706194,0
17,289,1,0.5210892502791138,1
18,307,0,0.4674016167301052,0
19,171,0,0.4221335011398996,0
20,324,0,0.5640119519572868,1
21,157,0,0.40190140485733084,0
22,314,0,0.5002306986503703,1
23,33,1,0.4091152025022308,0
24,153,0,0.5466859098906401,1
25,13,1,0.5350250082699539,1
26,223,0,0.3852986254893839,0
27,189,0,0.4718449199820315,0
28,283,1,0.415384025645535,0
29,239,1,0.6086232040991854,1
30,136,0,0.3128748113777229,0
31,248,0,0.3446150677065816,0
32,230,0,0.40311817336351,0
33,294,0,0.39375694976809217,0
34,30,0,0.4370619556381141,0
35,61,1,0.6813615471203963,1
36,301,0,0.2561107263709832,0
37,320,0,0.5357989080457626,1
38,275,1,0.5399702934563401,1
39,62,0,0.4478569135795375,0
40,78,0,0.3313360372326588,0
41,22,1,0.5909204019959132,1
42,25,0,0.26062483405727227,0
43,267,0,0.2907055890622698,0
44,139,0,0.4245412889676268,0
45,145,0,0.3600053439786538,0
46,272,0,0.3409687832031434,0
47,86,1,0.6434033475390268,1
48,246,0,0.4318883204330574,0
49,135,0,0.4121994640137248,0
50,221,0,0.3642188384380116,0
51,229,1,0.35703009900702243,0
52,141,0,0.4871635783552098,0
53,279,0,0.49007088159296386,0
54,119,1,0.573338630860442,1
