,id,y_true,prob_rf_seed_0_skf_2_paras_148_estimator_500_depth_None_minSample_70_random_1_weight_balanced,class_rf_seed_0_skf_2_paras_148_estimator_500_depth_None_minSample_70_random_1_weight_balanced
0,71,0,0.4803747240252359,0
1,8,0,0.4240722617534394,0
2,325,0,0.40855246920182064,0
3,312,0,0.4556378269357525,0
4,85,1,0.6154163405278549,1
5,210,0,0.32054980479411743,0
6,194,0,0.4290383446520545,0
7,191,0,0.4151293127109214,0
8,219,1,0.4730174603649249,0
9,164,0,0.46965191530207384,0
10,75,0,0.5976514162746925,1
11,47,0,0.38955257518891123,0
12,69,0,0.28206631743989335,0
13,303,0,0.36909387373601704,0
14,95,0,0.37699791246613307,0
15,255,0,0.31784114999009133,0
16,324,0,0.6082801587828087,1
17,290,0,0.5517196979330534,1
18,162,0,0.45881431479727147,0
19,2,0,0.42764862233359213,0
20,156,1,0.3199752031039246,0
21,122,0,0.4919179007940997,0
22,291,0,0.3125924871219331,0
23,199,0,0.26300552333605387,0
24,189,0,0.45865237796274433,0
25,31,1,0.560929969177033,1
26,331,1,0.4705451339887892,0
27,208,1,0.424230504533167,0
28,48,1,0.3861481801553661,0
29,192,0,0.35208065145270434,0
30,230,0,0.3460665157116831,0
31,93,0,0.3230714822051402,0
32,286,1,0.576972844015349,1
33,231,1,0.3523362436320278,0
34,148,0,0.269189743215609,0
35,99,1,0.5519548076780404,1
36,38,0,0.4027886196008128,0
37,166,0,0.3388250573202374,0
38,275,1,0.5174954515512268,1
39,68,0,0.4105392006719549,0
40,77,0,0.7158744997641885,1
41,202,1,0.5495873008594973,1
42,296,0,0.2889562829064134,0
43,274,0,0.3981836765662762,0
44,246,0,0.4069858433850871,0
45,243,0,0.2717306449589775,0
46,109,0,0.6069668868241566,1
47,56,1,0.6971275360240773,1
48,218,1,0.46353180952724354,0
49,205,0,0.4865535526572722,0
50,141,0,0.4728275812816642,0
51,262,0,0.3568121381501222,0
52,10,0,0.348186932125467,0
