,id,y_true,prob_rf_seed_16_skf_4_paras_148_estimator_500_depth_None_minSample_70_random_1_weight_balanced,class_rf_seed_16_skf_4_paras_148_estimator_500_depth_None_minSample_70_random_1_weight_balanced
0,268,0,0.34723201849958063,0
1,269,0,0.5020980929004204,1
2,304,1,0.48996424944484623,0
3,227,0,0.3646568561516626,0
4,85,1,0.6279907314228199,1
5,210,0,0.33730018452976795,0
6,1,0,0.45785274218140737,0
7,130,0,0.40449205119679776,0
8,273,0,0.5558566534997867,1
9,50,0,0.40775180968677194,0
10,164,0,0.45541630935374855,0
11,63,1,0.5302156380393787,1
12,328,1,0.53157034851428,1
13,171,0,0.5412907651137321,1
14,101,0,0.3760121097401884,0
15,181,1,0.5255338458094895,1
16,290,0,0.6023052174897398,1
17,217,0,0.36523733106215234,0
18,76,1,0.49533065666232107,0
19,122,0,0.4409043306582548,0
20,291,0,0.3177823564313315,0
21,158,1,0.453777136327157,0
22,108,0,0.4113711404849889,0
23,331,1,0.39702269566994347,0
24,42,1,0.38092283986746456,0
25,48,1,0.370498159092859,0
26,276,0,0.4512873404636214,0
27,152,0,0.4362452730395909,0
28,294,0,0.3647572835241611,0
29,59,0,0.29529602772933894,0
30,88,0,0.3099919585578531,0
31,21,0,0.37403744622330976,0
32,176,0,0.3440450942281196,0
33,148,0,0.28493682104674956,0
34,146,0,0.4354258111731784,0
35,14,0,0.3058242773406898,0
36,301,0,0.26336406561630366,0
37,183,0,0.46030669854529543,0
38,68,0,0.38744041342770635,0
39,77,0,0.7406345221844629,1
40,302,1,0.44116723265294594,0
41,139,0,0.40252754627982845,0
42,105,0,0.45447662652868115,0
43,145,0,0.328059585921769,0
44,149,0,0.5412907651137321,1
45,272,0,0.2959879535277663,0
46,43,0,0.28749840896665585,0
47,305,1,0.3871539874697898,0
48,295,0,0.3409591568763964,0
49,138,1,0.43327502440901183,0
50,109,0,0.6369646955462627,1
51,3,1,0.5162367707231443,1
52,262,0,0.3538209907981273,0
