,id,y_true,prob_rf_seed_15_skf_4_paras_148_estimator_500_depth_None_minSample_70_random_1_weight_balanced,class_rf_seed_15_skf_4_paras_148_estimator_500_depth_None_minSample_70_random_1_weight_balanced
0,151,0,0.4817412438344282,0
1,7,1,0.3615240306123102,0
2,325,0,0.4425669134810462,0
3,318,1,0.3337444189244551,0
4,210,0,0.3084880956617081,0
5,190,0,0.39653297466631715,0
6,271,0,0.5575209435391021,1
7,80,0,0.4495864673531356,0
8,191,0,0.4929957295956593,0
9,273,0,0.5029126032892706,1
10,315,0,0.513597333409516,1
11,168,1,0.38461862835663774,0
12,164,0,0.452703256450624,0
13,285,0,0.3645682049957411,0
14,303,0,0.39456595032137964,0
15,117,0,0.5579683099280551,1
16,213,0,0.3431930612195206,0
17,255,0,0.30821902515021005,0
18,66,1,0.6542125486609423,1
19,200,0,0.22164003401479548,0
20,222,0,0.38975068978716354,0
21,122,0,0.4080157014388455,0
22,253,0,0.3653367236675312,0
23,283,1,0.35724779363086173,0
24,239,1,0.6620774879938521,1
25,158,1,0.441451767383516,0
26,46,0,0.44791208516039616,0
27,110,0,0.3306491091214686,0
28,248,0,0.36250307519956687,0
29,294,0,0.384683915235601,0
30,250,1,0.3332203877539572,0
31,30,0,0.4181773609089919,0
32,169,0,0.41123782398741,0
33,118,1,0.611842895557142,1
34,231,1,0.35784166890851443,0
35,301,0,0.22654960728881607,0
36,20,1,0.40955235841735665,0
37,12,0,0.556201127908309,1
38,53,0,0.42177883668442856,0
39,78,0,0.3144400137711718,0
40,293,1,0.49151324431058785,0
41,25,0,0.25129786043746616,0
42,296,0,0.25314853735040943,0
43,267,0,0.31346146296594796,0
44,274,0,0.3828909668069205,0
45,105,0,0.508617320689273,1
46,145,0,0.36011003300978994,0
47,149,0,0.45962852900984597,0
48,86,1,0.6681413782933976,1
49,246,0,0.4241989093019207,0
50,11,0,0.532973858145443,1
51,279,0,0.43279719002608,0
52,116,1,0.35728141135254643,0
