name,model,seed_x,TN,FP,FN,TP,Accuracy,AUC,Sensitivity,Specificity,PPV,NPV,F1,MCC,estimator_path,hyperparams,model_family,paras_id,scaler_path,seed_y,skf_fold
xgboost_seed_0_skf_0_paras_151_lr_0.01_n_900_depth_7_subsample_0.8_scale_pos_weight_6,xgboost,0_skf_0,33,5,7,9,0.778,0.766,0.562,0.868,0.643,0.825,0.6,0.449,/home/ubuntu/Desktop/DeepAmes_Full_STL_4_keep_weights/results_TA104_with_S9/artifacts/base/xgboost/estimators/xgboost_seed_0_skf_0_paras_151_lr_0.01_n_900_depth_7_subsample_0.8_scale_pos_weight_6.joblib,"{""learning_rate"": 0.01, ""max_depth"": 7, ""n_estimators"": 900, ""scale_pos_weight"": 6, ""subsample"": 0.8}",xgboost,151,/home/ubuntu/Desktop/DeepAmes_Full_STL_4_keep_weights/results_TA104_with_S9/artifacts/base/xgboost/scalers/xgboost_seed_0_skf_0_paras_151_lr_0.01_n_900_depth_7_subsample_0.8_scale_pos_weight_6_scaler.joblib,0,0
xgboost_seed_0_skf_1_paras_151_lr_0.01_n_900_depth_7_subsample_0.8_scale_pos_weight_6,xgboost,0_skf_1,32,6,8,8,0.741,0.801,0.5,0.842,0.571,0.8,0.533,0.356,/home/ubuntu/Desktop/DeepAmes_Full_STL_4_keep_weights/results_TA104_with_S9/artifacts/base/xgboost/estimators/xgboost_seed_0_skf_1_paras_151_lr_0.01_n_900_depth_7_subsample_0.8_scale_pos_weight_6.joblib,"{""learning_rate"": 0.01, ""max_depth"": 7, ""n_estimators"": 900, ""scale_pos_weight"": 6, ""subsample"": 0.8}",xgboost,151,/home/ubuntu/Desktop/DeepAmes_Full_STL_4_keep_weights/results_TA104_with_S9/artifacts/base/xgboost/scalers/xgboost_seed_0_skf_1_paras_151_lr_0.01_n_900_depth_7_subsample_0.8_scale_pos_weight_6_scaler.joblib,0,1
xgboost_seed_0_skf_2_paras_151_lr_0.01_n_900_depth_7_subsample_0.8_scale_pos_weight_6,xgboost,0_skf_2,32,6,7,9,0.759,0.803,0.562,0.842,0.6,0.821,0.581,0.412,/home/ubuntu/Desktop/DeepAmes_Full_STL_4_keep_weights/results_TA104_with_S9/artifacts/base/xgboost/estimators/xgboost_seed_0_skf_2_paras_151_lr_0.01_n_900_depth_7_subsample_0.8_scale_pos_weight_6.joblib,"{""learning_rate"": 0.01, ""max_depth"": 7, ""n_estimators"": 900, ""scale_pos_weight"": 6, ""subsample"": 0.8}",xgboost,151,/home/ubuntu/Desktop/DeepAmes_Full_STL_4_keep_weights/results_TA104_with_S9/artifacts/base/xgboost/scalers/xgboost_seed_0_skf_2_paras_151_lr_0.01_n_900_depth_7_subsample_0.8_scale_pos_weight_6_scaler.joblib,0,2
xgboost_seed_0_skf_3_paras_151_lr_0.01_n_900_depth_7_subsample_0.8_scale_pos_weight_6,xgboost,0_skf_3,33,5,8,8,0.759,0.793,0.5,0.868,0.615,0.805,0.552,0.393,/home/ubuntu/Desktop/DeepAmes_Full_STL_4_keep_weights/results_TA104_with_S9/artifacts/base/xgboost/estimators/xgboost_seed_0_skf_3_paras_151_lr_0.01_n_900_depth_7_subsample_0.8_scale_pos_weight_6.joblib,"{""learning_rate"": 0.01, ""max_depth"": 7, ""n_estimators"": 900, ""scale_pos_weight"": 6, ""subsample"": 0.8}",xgboost,151,/home/ubuntu/Desktop/DeepAmes_Full_STL_4_keep_weights/results_TA104_with_S9/artifacts/base/xgboost/scalers/xgboost_seed_0_skf_3_paras_151_lr_0.01_n_900_depth_7_subsample_0.8_scale_pos_weight_6_scaler.joblib,0,3
xgboost_seed_0_skf_4_paras_151_lr_0.01_n_900_depth_7_subsample_0.8_scale_pos_weight_6,xgboost,0_skf_4,31,7,9,7,0.704,0.763,0.438,0.816,0.5,0.775,0.467,0.264,/home/ubuntu/Desktop/DeepAmes_Full_STL_4_keep_weights/results_TA104_with_S9/artifacts/base/xgboost/estimators/xgboost_seed_0_skf_4_paras_151_lr_0.01_n_900_depth_7_subsample_0.8_scale_pos_weight_6.joblib,"{""learning_rate"": 0.01, ""max_depth"": 7, ""n_estimators"": 900, ""scale_pos_weight"": 6, ""subsample"": 0.8}",xgboost,151,/home/ubuntu/Desktop/DeepAmes_Full_STL_4_keep_weights/results_TA104_with_S9/artifacts/base/xgboost/scalers/xgboost_seed_0_skf_4_paras_151_lr_0.01_n_900_depth_7_subsample_0.8_scale_pos_weight_6_scaler.joblib,0,4
xgboost_seed_1_skf_0_paras_151_lr_0.01_n_900_depth_7_subsample_0.8_scale_pos_weight_6,xgboost,1_skf_0,34,4,7,9,0.796,0.785,0.562,0.895,0.692,0.829,0.621,0.488,/home/ubuntu/Desktop/DeepAmes_Full_STL_4_keep_weights/results_TA104_with_S9/artifacts/base/xgboost/estimators/xgboost_seed_1_skf_0_paras_151_lr_0.01_n_900_depth_7_subsample_0.8_scale_pos_weight_6.joblib,"{""learning_rate"": 0.01, ""max_depth"": 7, ""n_estimators"": 900, ""scale_pos_weight"": 6, ""subsample"": 0.8}",xgboost,151,/home/ubuntu/Desktop/DeepAmes_Full_STL_4_keep_weights/results_TA104_with_S9/artifacts/base/xgboost/scalers/xgboost_seed_1_skf_0_paras_151_lr_0.01_n_900_depth_7_subsample_0.8_scale_pos_weight_6_scaler.joblib,1,0
xgboost_seed_1_skf_1_paras_151_lr_0.01_n_900_depth_7_subsample_0.8_scale_pos_weight_6,xgboost,1_skf_1,30,8,8,8,0.704,0.74,0.5,0.789,0.5,0.789,0.5,0.289,/home/ubuntu/Desktop/DeepAmes_Full_STL_4_keep_weights/results_TA104_with_S9/artifacts/base/xgboost/estimators/xgboost_seed_1_skf_1_paras_151_lr_0.01_n_900_depth_7_subsample_0.8_scale_pos_weight_6.joblib,"{""learning_rate"": 0.01, ""max_depth"": 7, ""n_estimators"": 900, ""scale_pos_weight"": 6, ""subsample"": 0.8}",xgboost,151,/home/ubuntu/Desktop/DeepAmes_Full_STL_4_keep_weights/results_TA104_with_S9/artifacts/base/xgboost/scalers/xgboost_seed_1_skf_1_paras_151_lr_0.01_n_900_depth_7_subsample_0.8_scale_pos_weight_6_scaler.joblib,1,1
xgboost_seed_1_skf_2_paras_151_lr_0.01_n_900_depth_7_subsample_0.8_scale_pos_weight_6,xgboost,1_skf_2,30,8,8,8,0.704,0.735,0.5,0.789,0.5,0.789,0.5,0.289,/home/ubuntu/Desktop/DeepAmes_Full_STL_4_keep_weights/results_TA104_with_S9/artifacts/base/xgboost/estimators/xgboost_seed_1_skf_2_paras_151_lr_0.01_n_900_depth_7_subsample_0.8_scale_pos_weight_6.joblib,"{""learning_rate"": 0.01, ""max_depth"": 7, ""n_estimators"": 900, ""scale_pos_weight"": 6, ""subsample"": 0.8}",xgboost,151,/home/ubuntu/Desktop/DeepAmes_Full_STL_4_keep_weights/results_TA104_with_S9/artifacts/base/xgboost/scalers/xgboost_seed_1_skf_2_paras_151_lr_0.01_n_900_depth_7_subsample_0.8_scale_pos_weight_6_scaler.joblib,1,2
xgboost_seed_1_skf_4_paras_151_lr_0.01_n_900_depth_7_subsample_0.8_scale_pos_weight_6,xgboost,1_skf_4,32,6,5,11,0.796,0.832,0.688,0.842,0.647,0.865,0.667,0.521,/home/ubuntu/Desktop/DeepAmes_Full_STL_4_keep_weights/results_TA104_with_S9/artifacts/base/xgboost/estimators/xgboost_seed_1_skf_4_paras_151_lr_0.01_n_900_depth_7_subsample_0.8_scale_pos_weight_6.joblib,"{""learning_rate"": 0.01, ""max_depth"": 7, ""n_estimators"": 900, ""scale_pos_weight"": 6, ""subsample"": 0.8}",xgboost,151,/home/ubuntu/Desktop/DeepAmes_Full_STL_4_keep_weights/results_TA104_with_S9/artifacts/base/xgboost/scalers/xgboost_seed_1_skf_4_paras_151_lr_0.01_n_900_depth_7_subsample_0.8_scale_pos_weight_6_scaler.joblib,1,4
xgboost_seed_2_skf_0_paras_151_lr_0.01_n_900_depth_7_subsample_0.8_scale_pos_weight_6,xgboost,2_skf_0,31,7,8,8,0.722,0.76,0.5,0.816,0.533,0.795,0.516,0.322,/home/ubuntu/Desktop/DeepAmes_Full_STL_4_keep_weights/results_TA104_with_S9/artifacts/base/xgboost/estimators/xgboost_seed_2_skf_0_paras_151_lr_0.01_n_900_depth_7_subsample_0.8_scale_pos_weight_6.joblib,"{""learning_rate"": 0.01, ""max_depth"": 7, ""n_estimators"": 900, ""scale_pos_weight"": 6, ""subsample"": 0.8}",xgboost,151,/home/ubuntu/Desktop/DeepAmes_Full_STL_4_keep_weights/results_TA104_with_S9/artifacts/base/xgboost/scalers/xgboost_seed_2_skf_0_paras_151_lr_0.01_n_900_depth_7_subsample_0.8_scale_pos_weight_6_scaler.joblib,2,0
xgboost_seed_2_skf_1_paras_151_lr_0.01_n_900_depth_7_subsample_0.8_scale_pos_weight_6,xgboost,2_skf_1,32,6,5,11,0.796,0.809,0.688,0.842,0.647,0.865,0.667,0.521,/home/ubuntu/Desktop/DeepAmes_Full_STL_4_keep_weights/results_TA104_with_S9/artifacts/base/xgboost/estimators/xgboost_seed_2_skf_1_paras_151_lr_0.01_n_900_depth_7_subsample_0.8_scale_pos_weight_6.joblib,"{""learning_rate"": 0.01, ""max_depth"": 7, ""n_estimators"": 900, ""scale_pos_weight"": 6, ""subsample"": 0.8}",xgboost,151,/home/ubuntu/Desktop/DeepAmes_Full_STL_4_keep_weights/results_TA104_with_S9/artifacts/base/xgboost/scalers/xgboost_seed_2_skf_1_paras_151_lr_0.01_n_900_depth_7_subsample_0.8_scale_pos_weight_6_scaler.joblib,2,1
xgboost_seed_2_skf_2_paras_151_lr_0.01_n_900_depth_7_subsample_0.8_scale_pos_weight_6,xgboost,2_skf_2,32,6,6,10,0.778,0.786,0.625,0.842,0.625,0.842,0.625,0.467,/home/ubuntu/Desktop/DeepAmes_Full_STL_4_keep_weights/results_TA104_with_S9/artifacts/base/xgboost/estimators/xgboost_seed_2_skf_2_paras_151_lr_0.01_n_900_depth_7_subsample_0.8_scale_pos_weight_6.joblib,"{""learning_rate"": 0.01, ""max_depth"": 7, ""n_estimators"": 900, ""scale_pos_weight"": 6, ""subsample"": 0.8}",xgboost,151,/home/ubuntu/Desktop/DeepAmes_Full_STL_4_keep_weights/results_TA104_with_S9/artifacts/base/xgboost/scalers/xgboost_seed_2_skf_2_paras_151_lr_0.01_n_900_depth_7_subsample_0.8_scale_pos_weight_6_scaler.joblib,2,2
xgboost_seed_2_skf_3_paras_151_lr_0.01_n_900_depth_7_subsample_0.8_scale_pos_weight_6,xgboost,2_skf_3,30,8,7,9,0.722,0.773,0.562,0.789,0.529,0.811,0.545,0.346,/home/ubuntu/Desktop/DeepAmes_Full_STL_4_keep_weights/results_TA104_with_S9/artifacts/base/xgboost/estimators/xgboost_seed_2_skf_3_paras_151_lr_0.01_n_900_depth_7_subsample_0.8_scale_pos_weight_6.joblib,"{""learning_rate"": 0.01, ""max_depth"": 7, ""n_estimators"": 900, ""scale_pos_weight"": 6, ""subsample"": 0.8}",xgboost,151,/home/ubuntu/Desktop/DeepAmes_Full_STL_4_keep_weights/results_TA104_with_S9/artifacts/base/xgboost/scalers/xgboost_seed_2_skf_3_paras_151_lr_0.01_n_900_depth_7_subsample_0.8_scale_pos_weight_6_scaler.joblib,2,3
xgboost_seed_2_skf_4_paras_151_lr_0.01_n_900_depth_7_subsample_0.8_scale_pos_weight_6,xgboost,2_skf_4,34,4,8,8,0.778,0.821,0.5,0.895,0.667,0.81,0.571,0.434,/home/ubuntu/Desktop/DeepAmes_Full_STL_4_keep_weights/results_TA104_with_S9/artifacts/base/xgboost/estimators/xgboost_seed_2_skf_4_paras_151_lr_0.01_n_900_depth_7_subsample_0.8_scale_pos_weight_6.joblib,"{""learning_rate"": 0.01, ""max_depth"": 7, ""n_estimators"": 900, ""scale_pos_weight"": 6, ""subsample"": 0.8}",xgboost,151,/home/ubuntu/Desktop/DeepAmes_Full_STL_4_keep_weights/results_TA104_with_S9/artifacts/base/xgboost/scalers/xgboost_seed_2_skf_4_paras_151_lr_0.01_n_900_depth_7_subsample_0.8_scale_pos_weight_6_scaler.joblib,2,4
xgboost_seed_3_skf_0_paras_151_lr_0.01_n_900_depth_7_subsample_0.8_scale_pos_weight_6,xgboost,3_skf_0,32,6,8,8,0.741,0.765,0.5,0.842,0.571,0.8,0.533,0.356,/home/ubuntu/Desktop/DeepAmes_Full_STL_4_keep_weights/results_TA104_with_S9/artifacts/base/xgboost/estimators/xgboost_seed_3_skf_0_paras_151_lr_0.01_n_900_depth_7_subsample_0.8_scale_pos_weight_6.joblib,"{""learning_rate"": 0.01, ""max_depth"": 7, ""n_estimators"": 900, ""scale_pos_weight"": 6, ""subsample"": 0.8}",xgboost,151,/home/ubuntu/Desktop/DeepAmes_Full_STL_4_keep_weights/results_TA104_with_S9/artifacts/base/xgboost/scalers/xgboost_seed_3_skf_0_paras_151_lr_0.01_n_900_depth_7_subsample_0.8_scale_pos_weight_6_scaler.joblib,3,0
xgboost_seed_3_skf_1_paras_151_lr_0.01_n_900_depth_7_subsample_0.8_scale_pos_weight_6,xgboost,3_skf_1,33,5,7,9,0.778,0.801,0.562,0.868,0.643,0.825,0.6,0.449,/home/ubuntu/Desktop/DeepAmes_Full_STL_4_keep_weights/results_TA104_with_S9/artifacts/base/xgboost/estimators/xgboost_seed_3_skf_1_paras_151_lr_0.01_n_900_depth_7_subsample_0.8_scale_pos_weight_6.joblib,"{""learning_rate"": 0.01, ""max_depth"": 7, ""n_estimators"": 900, ""scale_pos_weight"": 6, ""subsample"": 0.8}",xgboost,151,/home/ubuntu/Desktop/DeepAmes_Full_STL_4_keep_weights/results_TA104_with_S9/artifacts/base/xgboost/scalers/xgboost_seed_3_skf_1_paras_151_lr_0.01_n_900_depth_7_subsample_0.8_scale_pos_weight_6_scaler.joblib,3,1
xgboost_seed_3_skf_2_paras_151_lr_0.01_n_900_depth_7_subsample_0.8_scale_pos_weight_6,xgboost,3_skf_2,31,7,7,9,0.741,0.78,0.562,0.816,0.562,0.816,0.562,0.378,/home/ubuntu/Desktop/DeepAmes_Full_STL_4_keep_weights/results_TA104_with_S9/artifacts/base/xgboost/estimators/xgboost_seed_3_skf_2_paras_151_lr_0.01_n_900_depth_7_subsample_0.8_scale_pos_weight_6.joblib,"{""learning_rate"": 0.01, ""max_depth"": 7, ""n_estimators"": 900, ""scale_pos_weight"": 6, ""subsample"": 0.8}",xgboost,151,/home/ubuntu/Desktop/DeepAmes_Full_STL_4_keep_weights/results_TA104_with_S9/artifacts/base/xgboost/scalers/xgboost_seed_3_skf_2_paras_151_lr_0.01_n_900_depth_7_subsample_0.8_scale_pos_weight_6_scaler.joblib,3,2
xgboost_seed_3_skf_4_paras_151_lr_0.01_n_900_depth_7_subsample_0.8_scale_pos_weight_6,xgboost,3_skf_4,30,8,6,10,0.741,0.803,0.625,0.789,0.556,0.833,0.588,0.401,/home/ubuntu/Desktop/DeepAmes_Full_STL_4_keep_weights/results_TA104_with_S9/artifacts/base/xgboost/estimators/xgboost_seed_3_skf_4_paras_151_lr_0.01_n_900_depth_7_subsample_0.8_scale_pos_weight_6.joblib,"{""learning_rate"": 0.01, ""max_depth"": 7, ""n_estimators"": 900, ""scale_pos_weight"": 6, ""subsample"": 0.8}",xgboost,151,/home/ubuntu/Desktop/DeepAmes_Full_STL_4_keep_weights/results_TA104_with_S9/artifacts/base/xgboost/scalers/xgboost_seed_3_skf_4_paras_151_lr_0.01_n_900_depth_7_subsample_0.8_scale_pos_weight_6_scaler.joblib,3,4
xgboost_seed_4_skf_0_paras_151_lr_0.01_n_900_depth_7_subsample_0.8_scale_pos_weight_6,xgboost,4_skf_0,32,6,9,7,0.722,0.753,0.438,0.842,0.538,0.78,0.483,0.299,/home/ubuntu/Desktop/DeepAmes_Full_STL_4_keep_weights/results_TA104_with_S9/artifacts/base/xgboost/estimators/xgboost_seed_4_skf_0_paras_151_lr_0.01_n_900_depth_7_subsample_0.8_scale_pos_weight_6.joblib,"{""learning_rate"": 0.01, ""max_depth"": 7, ""n_estimators"": 900, ""scale_pos_weight"": 6, ""subsample"": 0.8}",xgboost,151,/home/ubuntu/Desktop/DeepAmes_Full_STL_4_keep_weights/results_TA104_with_S9/artifacts/base/xgboost/scalers/xgboost_seed_4_skf_0_paras_151_lr_0.01_n_900_depth_7_subsample_0.8_scale_pos_weight_6_scaler.joblib,4,0
xgboost_seed_4_skf_1_paras_151_lr_0.01_n_900_depth_7_subsample_0.8_scale_pos_weight_6,xgboost,4_skf_1,33,5,8,8,0.759,0.796,0.5,0.868,0.615,0.805,0.552,0.393,/home/ubuntu/Desktop/DeepAmes_Full_STL_4_keep_weights/results_TA104_with_S9/artifacts/base/xgboost/estimators/xgboost_seed_4_skf_1_paras_151_lr_0.01_n_900_depth_7_subsample_0.8_scale_pos_weight_6.joblib,"{""learning_rate"": 0.01, ""max_depth"": 7, ""n_estimators"": 900, ""scale_pos_weight"": 6, ""subsample"": 0.8}",xgboost,151,/home/ubuntu/Desktop/DeepAmes_Full_STL_4_keep_weights/results_TA104_with_S9/artifacts/base/xgboost/scalers/xgboost_seed_4_skf_1_paras_151_lr_0.01_n_900_depth_7_subsample_0.8_scale_pos_weight_6_scaler.joblib,4,1
xgboost_seed_4_skf_2_paras_151_lr_0.01_n_900_depth_7_subsample_0.8_scale_pos_weight_6,xgboost,4_skf_2,31,7,7,9,0.741,0.796,0.562,0.816,0.562,0.816,0.562,0.378,/home/ubuntu/Desktop/DeepAmes_Full_STL_4_keep_weights/results_TA104_with_S9/artifacts/base/xgboost/estimators/xgboost_seed_4_skf_2_paras_151_lr_0.01_n_900_depth_7_subsample_0.8_scale_pos_weight_6.joblib,"{""learning_rate"": 0.01, ""max_depth"": 7, ""n_estimators"": 900, ""scale_pos_weight"": 6, ""subsample"": 0.8}",xgboost,151,/home/ubuntu/Desktop/DeepAmes_Full_STL_4_keep_weights/results_TA104_with_S9/artifacts/base/xgboost/scalers/xgboost_seed_4_skf_2_paras_151_lr_0.01_n_900_depth_7_subsample_0.8_scale_pos_weight_6_scaler.joblib,4,2
xgboost_seed_4_skf_3_paras_151_lr_0.01_n_900_depth_7_subsample_0.8_scale_pos_weight_6,xgboost,4_skf_3,34,4,7,9,0.796,0.803,0.562,0.895,0.692,0.829,0.621,0.488,/home/ubuntu/Desktop/DeepAmes_Full_STL_4_keep_weights/results_TA104_with_S9/artifacts/base/xgboost/estimators/xgboost_seed_4_skf_3_paras_151_lr_0.01_n_900_depth_7_subsample_0.8_scale_pos_weight_6.joblib,"{""learning_rate"": 0.01, ""max_depth"": 7, ""n_estimators"": 900, ""scale_pos_weight"": 6, ""subsample"": 0.8}",xgboost,151,/home/ubuntu/Desktop/DeepAmes_Full_STL_4_keep_weights/results_TA104_with_S9/artifacts/base/xgboost/scalers/xgboost_seed_4_skf_3_paras_151_lr_0.01_n_900_depth_7_subsample_0.8_scale_pos_weight_6_scaler.joblib,4,3
xgboost_seed_4_skf_4_paras_151_lr_0.01_n_900_depth_7_subsample_0.8_scale_pos_weight_6,xgboost,4_skf_4,33,5,6,10,0.796,0.794,0.625,0.868,0.667,0.846,0.645,0.503,/home/ubuntu/Desktop/DeepAmes_Full_STL_4_keep_weights/results_TA104_with_S9/artifacts/base/xgboost/estimators/xgboost_seed_4_skf_4_paras_151_lr_0.01_n_900_depth_7_subsample_0.8_scale_pos_weight_6.joblib,"{""learning_rate"": 0.01, ""max_depth"": 7, ""n_estimators"": 900, ""scale_pos_weight"": 6, ""subsample"": 0.8}",xgboost,151,/home/ubuntu/Desktop/DeepAmes_Full_STL_4_keep_weights/results_TA104_with_S9/artifacts/base/xgboost/scalers/xgboost_seed_4_skf_4_paras_151_lr_0.01_n_900_depth_7_subsample_0.8_scale_pos_weight_6_scaler.joblib,4,4
xgboost_seed_5_skf_0_paras_151_lr_0.01_n_900_depth_7_subsample_0.8_scale_pos_weight_6,xgboost,5_skf_0,34,4,7,9,0.796,0.78,0.562,0.895,0.692,0.829,0.621,0.488,/home/ubuntu/Desktop/DeepAmes_Full_STL_4_keep_weights/results_TA104_with_S9/artifacts/base/xgboost/estimators/xgboost_seed_5_skf_0_paras_151_lr_0.01_n_900_depth_7_subsample_0.8_scale_pos_weight_6.joblib,"{""learning_rate"": 0.01, ""max_depth"": 7, ""n_estimators"": 900, ""scale_pos_weight"": 6, ""subsample"": 0.8}",xgboost,151,/home/ubuntu/Desktop/DeepAmes_Full_STL_4_keep_weights/results_TA104_with_S9/artifacts/base/xgboost/scalers/xgboost_seed_5_skf_0_paras_151_lr_0.01_n_900_depth_7_subsample_0.8_scale_pos_weight_6_scaler.joblib,5,0
xgboost_seed_5_skf_1_paras_151_lr_0.01_n_900_depth_7_subsample_0.8_scale_pos_weight_6,xgboost,5_skf_1,32,6,7,9,0.759,0.748,0.562,0.842,0.6,0.821,0.581,0.412,/home/ubuntu/Desktop/DeepAmes_Full_STL_4_keep_weights/results_TA104_with_S9/artifacts/base/xgboost/estimators/xgboost_seed_5_skf_1_paras_151_lr_0.01_n_900_depth_7_subsample_0.8_scale_pos_weight_6.joblib,"{""learning_rate"": 0.01, ""max_depth"": 7, ""n_estimators"": 900, ""scale_pos_weight"": 6, ""subsample"": 0.8}",xgboost,151,/home/ubuntu/Desktop/DeepAmes_Full_STL_4_keep_weights/results_TA104_with_S9/artifacts/base/xgboost/scalers/xgboost_seed_5_skf_1_paras_151_lr_0.01_n_900_depth_7_subsample_0.8_scale_pos_weight_6_scaler.joblib,5,1
xgboost_seed_5_skf_2_paras_151_lr_0.01_n_900_depth_7_subsample_0.8_scale_pos_weight_6,xgboost,5_skf_2,29,9,6,10,0.722,0.808,0.625,0.763,0.526,0.829,0.571,0.371,/home/ubuntu/Desktop/DeepAmes_Full_STL_4_keep_weights/results_TA104_with_S9/artifacts/base/xgboost/estimators/xgboost_seed_5_skf_2_paras_151_lr_0.01_n_900_depth_7_subsample_0.8_scale_pos_weight_6.joblib,"{""learning_rate"": 0.01, ""max_depth"": 7, ""n_estimators"": 900, ""scale_pos_weight"": 6, ""subsample"": 0.8}",xgboost,151,/home/ubuntu/Desktop/DeepAmes_Full_STL_4_keep_weights/results_TA104_with_S9/artifacts/base/xgboost/scalers/xgboost_seed_5_skf_2_paras_151_lr_0.01_n_900_depth_7_subsample_0.8_scale_pos_weight_6_scaler.joblib,5,2
xgboost_seed_5_skf_3_paras_151_lr_0.01_n_900_depth_7_subsample_0.8_scale_pos_weight_6,xgboost,5_skf_3,31,7,6,10,0.759,0.788,0.625,0.816,0.588,0.838,0.606,0.433,/home/ubuntu/Desktop/DeepAmes_Full_STL_4_keep_weights/results_TA104_with_S9/artifacts/base/xgboost/estimators/xgboost_seed_5_skf_3_paras_151_lr_0.01_n_900_depth_7_subsample_0.8_scale_pos_weight_6.joblib,"{""learning_rate"": 0.01, ""max_depth"": 7, ""n_estimators"": 900, ""scale_pos_weight"": 6, ""subsample"": 0.8}",xgboost,151,/home/ubuntu/Desktop/DeepAmes_Full_STL_4_keep_weights/results_TA104_with_S9/artifacts/base/xgboost/scalers/xgboost_seed_5_skf_3_paras_151_lr_0.01_n_900_depth_7_subsample_0.8_scale_pos_weight_6_scaler.joblib,5,3
xgboost_seed_5_skf_4_paras_151_lr_0.01_n_900_depth_7_subsample_0.8_scale_pos_weight_6,xgboost,5_skf_4,33,5,8,8,0.759,0.789,0.5,0.868,0.615,0.805,0.552,0.393,/home/ubuntu/Desktop/DeepAmes_Full_STL_4_keep_weights/results_TA104_with_S9/artifacts/base/xgboost/estimators/xgboost_seed_5_skf_4_paras_151_lr_0.01_n_900_depth_7_subsample_0.8_scale_pos_weight_6.joblib,"{""learning_rate"": 0.01, ""max_depth"": 7, ""n_estimators"": 900, ""scale_pos_weight"": 6, ""subsample"": 0.8}",xgboost,151,/home/ubuntu/Desktop/DeepAmes_Full_STL_4_keep_weights/results_TA104_with_S9/artifacts/base/xgboost/scalers/xgboost_seed_5_skf_4_paras_151_lr_0.01_n_900_depth_7_subsample_0.8_scale_pos_weight_6_scaler.joblib,5,4
xgboost_seed_6_skf_0_paras_151_lr_0.01_n_900_depth_7_subsample_0.8_scale_pos_weight_6,xgboost,6_skf_0,31,7,6,10,0.759,0.799,0.625,0.816,0.588,0.838,0.606,0.433,/home/ubuntu/Desktop/DeepAmes_Full_STL_4_keep_weights/results_TA104_with_S9/artifacts/base/xgboost/estimators/xgboost_seed_6_skf_0_paras_151_lr_0.01_n_900_depth_7_subsample_0.8_scale_pos_weight_6.joblib,"{""learning_rate"": 0.01, ""max_depth"": 7, ""n_estimators"": 900, ""scale_pos_weight"": 6, ""subsample"": 0.8}",xgboost,151,/home/ubuntu/Desktop/DeepAmes_Full_STL_4_keep_weights/results_TA104_with_S9/artifacts/base/xgboost/scalers/xgboost_seed_6_skf_0_paras_151_lr_0.01_n_900_depth_7_subsample_0.8_scale_pos_weight_6_scaler.joblib,6,0
xgboost_seed_6_skf_1_paras_151_lr_0.01_n_900_depth_7_subsample_0.8_scale_pos_weight_6,xgboost,6_skf_1,35,3,7,9,0.815,0.76,0.562,0.921,0.75,0.833,0.643,0.531,/home/ubuntu/Desktop/DeepAmes_Full_STL_4_keep_weights/results_TA104_with_S9/artifacts/base/xgboost/estimators/xgboost_seed_6_skf_1_paras_151_lr_0.01_n_900_depth_7_subsample_0.8_scale_pos_weight_6.joblib,"{""learning_rate"": 0.01, ""max_depth"": 7, ""n_estimators"": 900, ""scale_pos_weight"": 6, ""subsample"": 0.8}",xgboost,151,/home/ubuntu/Desktop/DeepAmes_Full_STL_4_keep_weights/results_TA104_with_S9/artifacts/base/xgboost/scalers/xgboost_seed_6_skf_1_paras_151_lr_0.01_n_900_depth_7_subsample_0.8_scale_pos_weight_6_scaler.joblib,6,1
xgboost_seed_6_skf_2_paras_151_lr_0.01_n_900_depth_7_subsample_0.8_scale_pos_weight_6,xgboost,6_skf_2,35,3,8,8,0.796,0.822,0.5,0.921,0.727,0.814,0.593,0.477,/home/ubuntu/Desktop/DeepAmes_Full_STL_4_keep_weights/results_TA104_with_S9/artifacts/base/xgboost/estimators/xgboost_seed_6_skf_2_paras_151_lr_0.01_n_900_depth_7_subsample_0.8_scale_pos_weight_6.joblib,"{""learning_rate"": 0.01, ""max_depth"": 7, ""n_estimators"": 900, ""scale_pos_weight"": 6, ""subsample"": 0.8}",xgboost,151,/home/ubuntu/Desktop/DeepAmes_Full_STL_4_keep_weights/results_TA104_with_S9/artifacts/base/xgboost/scalers/xgboost_seed_6_skf_2_paras_151_lr_0.01_n_900_depth_7_subsample_0.8_scale_pos_weight_6_scaler.joblib,6,2
xgboost_seed_6_skf_3_paras_151_lr_0.01_n_900_depth_7_subsample_0.8_scale_pos_weight_6,xgboost,6_skf_3,33,5,7,9,0.778,0.817,0.562,0.868,0.643,0.825,0.6,0.449,/home/ubuntu/Desktop/DeepAmes_Full_STL_4_keep_weights/results_TA104_with_S9/artifacts/base/xgboost/estimators/xgboost_seed_6_skf_3_paras_151_lr_0.01_n_900_depth_7_subsample_0.8_scale_pos_weight_6.joblib,"{""learning_rate"": 0.01, ""max_depth"": 7, ""n_estimators"": 900, ""scale_pos_weight"": 6, ""subsample"": 0.8}",xgboost,151,/home/ubuntu/Desktop/DeepAmes_Full_STL_4_keep_weights/results_TA104_with_S9/artifacts/base/xgboost/scalers/xgboost_seed_6_skf_3_paras_151_lr_0.01_n_900_depth_7_subsample_0.8_scale_pos_weight_6_scaler.joblib,6,3
xgboost_seed_6_skf_4_paras_151_lr_0.01_n_900_depth_7_subsample_0.8_scale_pos_weight_6,xgboost,6_skf_4,31,7,7,9,0.741,0.758,0.562,0.816,0.562,0.816,0.562,0.378,/home/ubuntu/Desktop/DeepAmes_Full_STL_4_keep_weights/results_TA104_with_S9/artifacts/base/xgboost/estimators/xgboost_seed_6_skf_4_paras_151_lr_0.01_n_900_depth_7_subsample_0.8_scale_pos_weight_6.joblib,"{""learning_rate"": 0.01, ""max_depth"": 7, ""n_estimators"": 900, ""scale_pos_weight"": 6, ""subsample"": 0.8}",xgboost,151,/home/ubuntu/Desktop/DeepAmes_Full_STL_4_keep_weights/results_TA104_with_S9/artifacts/base/xgboost/scalers/xgboost_seed_6_skf_4_paras_151_lr_0.01_n_900_depth_7_subsample_0.8_scale_pos_weight_6_scaler.joblib,6,4
xgboost_seed_7_skf_0_paras_151_lr_0.01_n_900_depth_7_subsample_0.8_scale_pos_weight_6,xgboost,7_skf_0,33,5,8,8,0.759,0.783,0.5,0.868,0.615,0.805,0.552,0.393,/home/ubuntu/Desktop/DeepAmes_Full_STL_4_keep_weights/results_TA104_with_S9/artifacts/base/xgboost/estimators/xgboost_seed_7_skf_0_paras_151_lr_0.01_n_900_depth_7_subsample_0.8_scale_pos_weight_6.joblib,"{""learning_rate"": 0.01, ""max_depth"": 7, ""n_estimators"": 900, ""scale_pos_weight"": 6, ""subsample"": 0.8}",xgboost,151,/home/ubuntu/Desktop/DeepAmes_Full_STL_4_keep_weights/results_TA104_with_S9/artifacts/base/xgboost/scalers/xgboost_seed_7_skf_0_paras_151_lr_0.01_n_900_depth_7_subsample_0.8_scale_pos_weight_6_scaler.joblib,7,0
xgboost_seed_7_skf_1_paras_151_lr_0.01_n_900_depth_7_subsample_0.8_scale_pos_weight_6,xgboost,7_skf_1,33,5,7,9,0.778,0.816,0.562,0.868,0.643,0.825,0.6,0.449,/home/ubuntu/Desktop/DeepAmes_Full_STL_4_keep_weights/results_TA104_with_S9/artifacts/base/xgboost/estimators/xgboost_seed_7_skf_1_paras_151_lr_0.01_n_900_depth_7_subsample_0.8_scale_pos_weight_6.joblib,"{""learning_rate"": 0.01, ""max_depth"": 7, ""n_estimators"": 900, ""scale_pos_weight"": 6, ""subsample"": 0.8}",xgboost,151,/home/ubuntu/Desktop/DeepAmes_Full_STL_4_keep_weights/results_TA104_with_S9/artifacts/base/xgboost/scalers/xgboost_seed_7_skf_1_paras_151_lr_0.01_n_900_depth_7_subsample_0.8_scale_pos_weight_6_scaler.joblib,7,1
xgboost_seed_7_skf_2_paras_151_lr_0.01_n_900_depth_7_subsample_0.8_scale_pos_weight_6,xgboost,7_skf_2,34,4,7,9,0.796,0.793,0.562,0.895,0.692,0.829,0.621,0.488,/home/ubuntu/Desktop/DeepAmes_Full_STL_4_keep_weights/results_TA104_with_S9/artifacts/base/xgboost/estimators/xgboost_seed_7_skf_2_paras_151_lr_0.01_n_900_depth_7_subsample_0.8_scale_pos_weight_6.joblib,"{""learning_rate"": 0.01, ""max_depth"": 7, ""n_estimators"": 900, ""scale_pos_weight"": 6, ""subsample"": 0.8}",xgboost,151,/home/ubuntu/Desktop/DeepAmes_Full_STL_4_keep_weights/results_TA104_with_S9/artifacts/base/xgboost/scalers/xgboost_seed_7_skf_2_paras_151_lr_0.01_n_900_depth_7_subsample_0.8_scale_pos_weight_6_scaler.joblib,7,2
xgboost_seed_7_skf_3_paras_151_lr_0.01_n_900_depth_7_subsample_0.8_scale_pos_weight_6,xgboost,7_skf_3,30,8,10,6,0.667,0.803,0.375,0.789,0.429,0.75,0.4,0.171,/home/ubuntu/Desktop/DeepAmes_Full_STL_4_keep_weights/results_TA104_with_S9/artifacts/base/xgboost/estimators/xgboost_seed_7_skf_3_paras_151_lr_0.01_n_900_depth_7_subsample_0.8_scale_pos_weight_6.joblib,"{""learning_rate"": 0.01, ""max_depth"": 7, ""n_estimators"": 900, ""scale_pos_weight"": 6, ""subsample"": 0.8}",xgboost,151,/home/ubuntu/Desktop/DeepAmes_Full_STL_4_keep_weights/results_TA104_with_S9/artifacts/base/xgboost/scalers/xgboost_seed_7_skf_3_paras_151_lr_0.01_n_900_depth_7_subsample_0.8_scale_pos_weight_6_scaler.joblib,7,3
xgboost_seed_7_skf_4_paras_151_lr_0.01_n_900_depth_7_subsample_0.8_scale_pos_weight_6,xgboost,7_skf_4,32,6,8,8,0.741,0.74,0.5,0.842,0.571,0.8,0.533,0.356,/home/ubuntu/Desktop/DeepAmes_Full_STL_4_keep_weights/results_TA104_with_S9/artifacts/base/xgboost/estimators/xgboost_seed_7_skf_4_paras_151_lr_0.01_n_900_depth_7_subsample_0.8_scale_pos_weight_6.joblib,"{""learning_rate"": 0.01, ""max_depth"": 7, ""n_estimators"": 900, ""scale_pos_weight"": 6, ""subsample"": 0.8}",xgboost,151,/home/ubuntu/Desktop/DeepAmes_Full_STL_4_keep_weights/results_TA104_with_S9/artifacts/base/xgboost/scalers/xgboost_seed_7_skf_4_paras_151_lr_0.01_n_900_depth_7_subsample_0.8_scale_pos_weight_6_scaler.joblib,7,4
xgboost_seed_8_skf_0_paras_151_lr_0.01_n_900_depth_7_subsample_0.8_scale_pos_weight_6,xgboost,8_skf_0,33,5,8,8,0.759,0.811,0.5,0.868,0.615,0.805,0.552,0.393,/home/ubuntu/Desktop/DeepAmes_Full_STL_4_keep_weights/results_TA104_with_S9/artifacts/base/xgboost/estimators/xgboost_seed_8_skf_0_paras_151_lr_0.01_n_900_depth_7_subsample_0.8_scale_pos_weight_6.joblib,"{""learning_rate"": 0.01, ""max_depth"": 7, ""n_estimators"": 900, ""scale_pos_weight"": 6, ""subsample"": 0.8}",xgboost,151,/home/ubuntu/Desktop/DeepAmes_Full_STL_4_keep_weights/results_TA104_with_S9/artifacts/base/xgboost/scalers/xgboost_seed_8_skf_0_paras_151_lr_0.01_n_900_depth_7_subsample_0.8_scale_pos_weight_6_scaler.joblib,8,0
xgboost_seed_8_skf_1_paras_151_lr_0.01_n_900_depth_7_subsample_0.8_scale_pos_weight_6,xgboost,8_skf_1,35,3,7,9,0.815,0.778,0.562,0.921,0.75,0.833,0.643,0.531,/home/ubuntu/Desktop/DeepAmes_Full_STL_4_keep_weights/results_TA104_with_S9/artifacts/base/xgboost/estimators/xgboost_seed_8_skf_1_paras_151_lr_0.01_n_900_depth_7_subsample_0.8_scale_pos_weight_6.joblib,"{""learning_rate"": 0.01, ""max_depth"": 7, ""n_estimators"": 900, ""scale_pos_weight"": 6, ""subsample"": 0.8}",xgboost,151,/home/ubuntu/Desktop/DeepAmes_Full_STL_4_keep_weights/results_TA104_with_S9/artifacts/base/xgboost/scalers/xgboost_seed_8_skf_1_paras_151_lr_0.01_n_900_depth_7_subsample_0.8_scale_pos_weight_6_scaler.joblib,8,1
xgboost_seed_8_skf_2_paras_151_lr_0.01_n_900_depth_7_subsample_0.8_scale_pos_weight_6,xgboost,8_skf_2,33,5,8,8,0.759,0.801,0.5,0.868,0.615,0.805,0.552,0.393,/home/ubuntu/Desktop/DeepAmes_Full_STL_4_keep_weights/results_TA104_with_S9/artifacts/base/xgboost/estimators/xgboost_seed_8_skf_2_paras_151_lr_0.01_n_900_depth_7_subsample_0.8_scale_pos_weight_6.joblib,"{""learning_rate"": 0.01, ""max_depth"": 7, ""n_estimators"": 900, ""scale_pos_weight"": 6, ""subsample"": 0.8}",xgboost,151,/home/ubuntu/Desktop/DeepAmes_Full_STL_4_keep_weights/results_TA104_with_S9/artifacts/base/xgboost/scalers/xgboost_seed_8_skf_2_paras_151_lr_0.01_n_900_depth_7_subsample_0.8_scale_pos_weight_6_scaler.joblib,8,2
xgboost_seed_8_skf_3_paras_151_lr_0.01_n_900_depth_7_subsample_0.8_scale_pos_weight_6,xgboost,8_skf_3,31,7,7,9,0.741,0.78,0.562,0.816,0.562,0.816,0.562,0.378,/home/ubuntu/Desktop/DeepAmes_Full_STL_4_keep_weights/results_TA104_with_S9/artifacts/base/xgboost/estimators/xgboost_seed_8_skf_3_paras_151_lr_0.01_n_900_depth_7_subsample_0.8_scale_pos_weight_6.joblib,"{""learning_rate"": 0.01, ""max_depth"": 7, ""n_estimators"": 900, ""scale_pos_weight"": 6, ""subsample"": 0.8}",xgboost,151,/home/ubuntu/Desktop/DeepAmes_Full_STL_4_keep_weights/results_TA104_with_S9/artifacts/base/xgboost/scalers/xgboost_seed_8_skf_3_paras_151_lr_0.01_n_900_depth_7_subsample_0.8_scale_pos_weight_6_scaler.joblib,8,3
xgboost_seed_8_skf_4_paras_151_lr_0.01_n_900_depth_7_subsample_0.8_scale_pos_weight_6,xgboost,8_skf_4,30,8,8,8,0.704,0.794,0.5,0.789,0.5,0.789,0.5,0.289,/home/ubuntu/Desktop/DeepAmes_Full_STL_4_keep_weights/results_TA104_with_S9/artifacts/base/xgboost/estimators/xgboost_seed_8_skf_4_paras_151_lr_0.01_n_900_depth_7_subsample_0.8_scale_pos_weight_6.joblib,"{""learning_rate"": 0.01, ""max_depth"": 7, ""n_estimators"": 900, ""scale_pos_weight"": 6, ""subsample"": 0.8}",xgboost,151,/home/ubuntu/Desktop/DeepAmes_Full_STL_4_keep_weights/results_TA104_with_S9/artifacts/base/xgboost/scalers/xgboost_seed_8_skf_4_paras_151_lr_0.01_n_900_depth_7_subsample_0.8_scale_pos_weight_6_scaler.joblib,8,4
xgboost_seed_9_skf_0_paras_151_lr_0.01_n_900_depth_7_subsample_0.8_scale_pos_weight_6,xgboost,9_skf_0,33,5,8,8,0.759,0.781,0.5,0.868,0.615,0.805,0.552,0.393,/home/ubuntu/Desktop/DeepAmes_Full_STL_4_keep_weights/results_TA104_with_S9/artifacts/base/xgboost/estimators/xgboost_seed_9_skf_0_paras_151_lr_0.01_n_900_depth_7_subsample_0.8_scale_pos_weight_6.joblib,"{""learning_rate"": 0.01, ""max_depth"": 7, ""n_estimators"": 900, ""scale_pos_weight"": 6, ""subsample"": 0.8}",xgboost,151,/home/ubuntu/Desktop/DeepAmes_Full_STL_4_keep_weights/results_TA104_with_S9/artifacts/base/xgboost/scalers/xgboost_seed_9_skf_0_paras_151_lr_0.01_n_900_depth_7_subsample_0.8_scale_pos_weight_6_scaler.joblib,9,0
xgboost_seed_9_skf_1_paras_151_lr_0.01_n_900_depth_7_subsample_0.8_scale_pos_weight_6,xgboost,9_skf_1,33,5,7,9,0.778,0.809,0.562,0.868,0.643,0.825,0.6,0.449,/home/ubuntu/Desktop/DeepAmes_Full_STL_4_keep_weights/results_TA104_with_S9/artifacts/base/xgboost/estimators/xgboost_seed_9_skf_1_paras_151_lr_0.01_n_900_depth_7_subsample_0.8_scale_pos_weight_6.joblib,"{""learning_rate"": 0.01, ""max_depth"": 7, ""n_estimators"": 900, ""scale_pos_weight"": 6, ""subsample"": 0.8}",xgboost,151,/home/ubuntu/Desktop/DeepAmes_Full_STL_4_keep_weights/results_TA104_with_S9/artifacts/base/xgboost/scalers/xgboost_seed_9_skf_1_paras_151_lr_0.01_n_900_depth_7_subsample_0.8_scale_pos_weight_6_scaler.joblib,9,1
xgboost_seed_9_skf_2_paras_151_lr_0.01_n_900_depth_7_subsample_0.8_scale_pos_weight_6,xgboost,9_skf_2,32,6,7,9,0.759,0.762,0.562,0.842,0.6,0.821,0.581,0.412,/home/ubuntu/Desktop/DeepAmes_Full_STL_4_keep_weights/results_TA104_with_S9/artifacts/base/xgboost/estimators/xgboost_seed_9_skf_2_paras_151_lr_0.01_n_900_depth_7_subsample_0.8_scale_pos_weight_6.joblib,"{""learning_rate"": 0.01, ""max_depth"": 7, ""n_estimators"": 900, ""scale_pos_weight"": 6, ""subsample"": 0.8}",xgboost,151,/home/ubuntu/Desktop/DeepAmes_Full_STL_4_keep_weights/results_TA104_with_S9/artifacts/base/xgboost/scalers/xgboost_seed_9_skf_2_paras_151_lr_0.01_n_900_depth_7_subsample_0.8_scale_pos_weight_6_scaler.joblib,9,2
xgboost_seed_9_skf_4_paras_151_lr_0.01_n_900_depth_7_subsample_0.8_scale_pos_weight_6,xgboost,9_skf_4,31,7,7,9,0.741,0.775,0.562,0.816,0.562,0.816,0.562,0.378,/home/ubuntu/Desktop/DeepAmes_Full_STL_4_keep_weights/results_TA104_with_S9/artifacts/base/xgboost/estimators/xgboost_seed_9_skf_4_paras_151_lr_0.01_n_900_depth_7_subsample_0.8_scale_pos_weight_6.joblib,"{""learning_rate"": 0.01, ""max_depth"": 7, ""n_estimators"": 900, ""scale_pos_weight"": 6, ""subsample"": 0.8}",xgboost,151,/home/ubuntu/Desktop/DeepAmes_Full_STL_4_keep_weights/results_TA104_with_S9/artifacts/base/xgboost/scalers/xgboost_seed_9_skf_4_paras_151_lr_0.01_n_900_depth_7_subsample_0.8_scale_pos_weight_6_scaler.joblib,9,4
xgboost_seed_10_skf_1_paras_151_lr_0.01_n_900_depth_7_subsample_0.8_scale_pos_weight_6,xgboost,10_skf_1,30,8,7,9,0.722,0.75,0.562,0.789,0.529,0.811,0.545,0.346,/home/ubuntu/Desktop/DeepAmes_Full_STL_4_keep_weights/results_TA104_with_S9/artifacts/base/xgboost/estimators/xgboost_seed_10_skf_1_paras_151_lr_0.01_n_900_depth_7_subsample_0.8_scale_pos_weight_6.joblib,"{""learning_rate"": 0.01, ""max_depth"": 7, ""n_estimators"": 900, ""scale_pos_weight"": 6, ""subsample"": 0.8}",xgboost,151,/home/ubuntu/Desktop/DeepAmes_Full_STL_4_keep_weights/results_TA104_with_S9/artifacts/base/xgboost/scalers/xgboost_seed_10_skf_1_paras_151_lr_0.01_n_900_depth_7_subsample_0.8_scale_pos_weight_6_scaler.joblib,10,1
xgboost_seed_10_skf_2_paras_151_lr_0.01_n_900_depth_7_subsample_0.8_scale_pos_weight_6,xgboost,10_skf_2,32,6,8,8,0.741,0.791,0.5,0.842,0.571,0.8,0.533,0.356,/home/ubuntu/Desktop/DeepAmes_Full_STL_4_keep_weights/results_TA104_with_S9/artifacts/base/xgboost/estimators/xgboost_seed_10_skf_2_paras_151_lr_0.01_n_900_depth_7_subsample_0.8_scale_pos_weight_6.joblib,"{""learning_rate"": 0.01, ""max_depth"": 7, ""n_estimators"": 900, ""scale_pos_weight"": 6, ""subsample"": 0.8}",xgboost,151,/home/ubuntu/Desktop/DeepAmes_Full_STL_4_keep_weights/results_TA104_with_S9/artifacts/base/xgboost/scalers/xgboost_seed_10_skf_2_paras_151_lr_0.01_n_900_depth_7_subsample_0.8_scale_pos_weight_6_scaler.joblib,10,2
xgboost_seed_10_skf_3_paras_151_lr_0.01_n_900_depth_7_subsample_0.8_scale_pos_weight_6,xgboost,10_skf_3,34,4,7,9,0.796,0.84,0.562,0.895,0.692,0.829,0.621,0.488,/home/ubuntu/Desktop/DeepAmes_Full_STL_4_keep_weights/results_TA104_with_S9/artifacts/base/xgboost/estimators/xgboost_seed_10_skf_3_paras_151_lr_0.01_n_900_depth_7_subsample_0.8_scale_pos_weight_6.joblib,"{""learning_rate"": 0.01, ""max_depth"": 7, ""n_estimators"": 900, ""scale_pos_weight"": 6, ""subsample"": 0.8}",xgboost,151,/home/ubuntu/Desktop/DeepAmes_Full_STL_4_keep_weights/results_TA104_with_S9/artifacts/base/xgboost/scalers/xgboost_seed_10_skf_3_paras_151_lr_0.01_n_900_depth_7_subsample_0.8_scale_pos_weight_6_scaler.joblib,10,3
xgboost_seed_10_skf_4_paras_151_lr_0.01_n_900_depth_7_subsample_0.8_scale_pos_weight_6,xgboost,10_skf_4,30,8,7,9,0.722,0.793,0.562,0.789,0.529,0.811,0.545,0.346,/home/ubuntu/Desktop/DeepAmes_Full_STL_4_keep_weights/results_TA104_with_S9/artifacts/base/xgboost/estimators/xgboost_seed_10_skf_4_paras_151_lr_0.01_n_900_depth_7_subsample_0.8_scale_pos_weight_6.joblib,"{""learning_rate"": 0.01, ""max_depth"": 7, ""n_estimators"": 900, ""scale_pos_weight"": 6, ""subsample"": 0.8}",xgboost,151,/home/ubuntu/Desktop/DeepAmes_Full_STL_4_keep_weights/results_TA104_with_S9/artifacts/base/xgboost/scalers/xgboost_seed_10_skf_4_paras_151_lr_0.01_n_900_depth_7_subsample_0.8_scale_pos_weight_6_scaler.joblib,10,4
xgboost_seed_11_skf_0_paras_151_lr_0.01_n_900_depth_7_subsample_0.8_scale_pos_weight_6,xgboost,11_skf_0,29,9,7,9,0.704,0.806,0.562,0.763,0.5,0.806,0.529,0.315,/home/ubuntu/Desktop/DeepAmes_Full_STL_4_keep_weights/results_TA104_with_S9/artifacts/base/xgboost/estimators/xgboost_seed_11_skf_0_paras_151_lr_0.01_n_900_depth_7_subsample_0.8_scale_pos_weight_6.joblib,"{""learning_rate"": 0.01, ""max_depth"": 7, ""n_estimators"": 900, ""scale_pos_weight"": 6, ""subsample"": 0.8}",xgboost,151,/home/ubuntu/Desktop/DeepAmes_Full_STL_4_keep_weights/results_TA104_with_S9/artifacts/base/xgboost/scalers/xgboost_seed_11_skf_0_paras_151_lr_0.01_n_900_depth_7_subsample_0.8_scale_pos_weight_6_scaler.joblib,11,0
xgboost_seed_11_skf_1_paras_151_lr_0.01_n_900_depth_7_subsample_0.8_scale_pos_weight_6,xgboost,11_skf_1,33,5,8,8,0.759,0.762,0.5,0.868,0.615,0.805,0.552,0.393,/home/ubuntu/Desktop/DeepAmes_Full_STL_4_keep_weights/results_TA104_with_S9/artifacts/base/xgboost/estimators/xgboost_seed_11_skf_1_paras_151_lr_0.01_n_900_depth_7_subsample_0.8_scale_pos_weight_6.joblib,"{""learning_rate"": 0.01, ""max_depth"": 7, ""n_estimators"": 900, ""scale_pos_weight"": 6, ""subsample"": 0.8}",xgboost,151,/home/ubuntu/Desktop/DeepAmes_Full_STL_4_keep_weights/results_TA104_with_S9/artifacts/base/xgboost/scalers/xgboost_seed_11_skf_1_paras_151_lr_0.01_n_900_depth_7_subsample_0.8_scale_pos_weight_6_scaler.joblib,11,1
xgboost_seed_11_skf_2_paras_151_lr_0.01_n_900_depth_7_subsample_0.8_scale_pos_weight_6,xgboost,11_skf_2,31,7,7,9,0.741,0.788,0.562,0.816,0.562,0.816,0.562,0.378,/home/ubuntu/Desktop/DeepAmes_Full_STL_4_keep_weights/results_TA104_with_S9/artifacts/base/xgboost/estimators/xgboost_seed_11_skf_2_paras_151_lr_0.01_n_900_depth_7_subsample_0.8_scale_pos_weight_6.joblib,"{""learning_rate"": 0.01, ""max_depth"": 7, ""n_estimators"": 900, ""scale_pos_weight"": 6, ""subsample"": 0.8}",xgboost,151,/home/ubuntu/Desktop/DeepAmes_Full_STL_4_keep_weights/results_TA104_with_S9/artifacts/base/xgboost/scalers/xgboost_seed_11_skf_2_paras_151_lr_0.01_n_900_depth_7_subsample_0.8_scale_pos_weight_6_scaler.joblib,11,2
xgboost_seed_11_skf_3_paras_151_lr_0.01_n_900_depth_7_subsample_0.8_scale_pos_weight_6,xgboost,11_skf_3,33,5,8,8,0.759,0.781,0.5,0.868,0.615,0.805,0.552,0.393,/home/ubuntu/Desktop/DeepAmes_Full_STL_4_keep_weights/results_TA104_with_S9/artifacts/base/xgboost/estimators/xgboost_seed_11_skf_3_paras_151_lr_0.01_n_900_depth_7_subsample_0.8_scale_pos_weight_6.joblib,"{""learning_rate"": 0.01, ""max_depth"": 7, ""n_estimators"": 900, ""scale_pos_weight"": 6, ""subsample"": 0.8}",xgboost,151,/home/ubuntu/Desktop/DeepAmes_Full_STL_4_keep_weights/results_TA104_with_S9/artifacts/base/xgboost/scalers/xgboost_seed_11_skf_3_paras_151_lr_0.01_n_900_depth_7_subsample_0.8_scale_pos_weight_6_scaler.joblib,11,3
xgboost_seed_11_skf_4_paras_151_lr_0.01_n_900_depth_7_subsample_0.8_scale_pos_weight_6,xgboost,11_skf_4,34,4,9,7,0.759,0.804,0.438,0.895,0.636,0.791,0.519,0.377,/home/ubuntu/Desktop/DeepAmes_Full_STL_4_keep_weights/results_TA104_with_S9/artifacts/base/xgboost/estimators/xgboost_seed_11_skf_4_paras_151_lr_0.01_n_900_depth_7_subsample_0.8_scale_pos_weight_6.joblib,"{""learning_rate"": 0.01, ""max_depth"": 7, ""n_estimators"": 900, ""scale_pos_weight"": 6, ""subsample"": 0.8}",xgboost,151,/home/ubuntu/Desktop/DeepAmes_Full_STL_4_keep_weights/results_TA104_with_S9/artifacts/base/xgboost/scalers/xgboost_seed_11_skf_4_paras_151_lr_0.01_n_900_depth_7_subsample_0.8_scale_pos_weight_6_scaler.joblib,11,4
xgboost_seed_12_skf_0_paras_151_lr_0.01_n_900_depth_7_subsample_0.8_scale_pos_weight_6,xgboost,12_skf_0,33,5,7,9,0.778,0.775,0.562,0.868,0.643,0.825,0.6,0.449,/home/ubuntu/Desktop/DeepAmes_Full_STL_4_keep_weights/results_TA104_with_S9/artifacts/base/xgboost/estimators/xgboost_seed_12_skf_0_paras_151_lr_0.01_n_900_depth_7_subsample_0.8_scale_pos_weight_6.joblib,"{""learning_rate"": 0.01, ""max_depth"": 7, ""n_estimators"": 900, ""scale_pos_weight"": 6, ""subsample"": 0.8}",xgboost,151,/home/ubuntu/Desktop/DeepAmes_Full_STL_4_keep_weights/results_TA104_with_S9/artifacts/base/xgboost/scalers/xgboost_seed_12_skf_0_paras_151_lr_0.01_n_900_depth_7_subsample_0.8_scale_pos_weight_6_scaler.joblib,12,0
xgboost_seed_12_skf_1_paras_151_lr_0.01_n_900_depth_7_subsample_0.8_scale_pos_weight_6,xgboost,12_skf_1,30,8,6,10,0.741,0.766,0.625,0.789,0.556,0.833,0.588,0.401,/home/ubuntu/Desktop/DeepAmes_Full_STL_4_keep_weights/results_TA104_with_S9/artifacts/base/xgboost/estimators/xgboost_seed_12_skf_1_paras_151_lr_0.01_n_900_depth_7_subsample_0.8_scale_pos_weight_6.joblib,"{""learning_rate"": 0.01, ""max_depth"": 7, ""n_estimators"": 900, ""scale_pos_weight"": 6, ""subsample"": 0.8}",xgboost,151,/home/ubuntu/Desktop/DeepAmes_Full_STL_4_keep_weights/results_TA104_with_S9/artifacts/base/xgboost/scalers/xgboost_seed_12_skf_1_paras_151_lr_0.01_n_900_depth_7_subsample_0.8_scale_pos_weight_6_scaler.joblib,12,1
xgboost_seed_12_skf_2_paras_151_lr_0.01_n_900_depth_7_subsample_0.8_scale_pos_weight_6,xgboost,12_skf_2,32,6,8,8,0.741,0.814,0.5,0.842,0.571,0.8,0.533,0.356,/home/ubuntu/Desktop/DeepAmes_Full_STL_4_keep_weights/results_TA104_with_S9/artifacts/base/xgboost/estimators/xgboost_seed_12_skf_2_paras_151_lr_0.01_n_900_depth_7_subsample_0.8_scale_pos_weight_6.joblib,"{""learning_rate"": 0.01, ""max_depth"": 7, ""n_estimators"": 900, ""scale_pos_weight"": 6, ""subsample"": 0.8}",xgboost,151,/home/ubuntu/Desktop/DeepAmes_Full_STL_4_keep_weights/results_TA104_with_S9/artifacts/base/xgboost/scalers/xgboost_seed_12_skf_2_paras_151_lr_0.01_n_900_depth_7_subsample_0.8_scale_pos_weight_6_scaler.joblib,12,2
xgboost_seed_12_skf_3_paras_151_lr_0.01_n_900_depth_7_subsample_0.8_scale_pos_weight_6,xgboost,12_skf_3,34,4,8,8,0.778,0.755,0.5,0.895,0.667,0.81,0.571,0.434,/home/ubuntu/Desktop/DeepAmes_Full_STL_4_keep_weights/results_TA104_with_S9/artifacts/base/xgboost/estimators/xgboost_seed_12_skf_3_paras_151_lr_0.01_n_900_depth_7_subsample_0.8_scale_pos_weight_6.joblib,"{""learning_rate"": 0.01, ""max_depth"": 7, ""n_estimators"": 900, ""scale_pos_weight"": 6, ""subsample"": 0.8}",xgboost,151,/home/ubuntu/Desktop/DeepAmes_Full_STL_4_keep_weights/results_TA104_with_S9/artifacts/base/xgboost/scalers/xgboost_seed_12_skf_3_paras_151_lr_0.01_n_900_depth_7_subsample_0.8_scale_pos_weight_6_scaler.joblib,12,3
xgboost_seed_12_skf_4_paras_151_lr_0.01_n_900_depth_7_subsample_0.8_scale_pos_weight_6,xgboost,12_skf_4,30,8,6,10,0.741,0.796,0.625,0.789,0.556,0.833,0.588,0.401,/home/ubuntu/Desktop/DeepAmes_Full_STL_4_keep_weights/results_TA104_with_S9/artifacts/base/xgboost/estimators/xgboost_seed_12_skf_4_paras_151_lr_0.01_n_900_depth_7_subsample_0.8_scale_pos_weight_6.joblib,"{""learning_rate"": 0.01, ""max_depth"": 7, ""n_estimators"": 900, ""scale_pos_weight"": 6, ""subsample"": 0.8}",xgboost,151,/home/ubuntu/Desktop/DeepAmes_Full_STL_4_keep_weights/results_TA104_with_S9/artifacts/base/xgboost/scalers/xgboost_seed_12_skf_4_paras_151_lr_0.01_n_900_depth_7_subsample_0.8_scale_pos_weight_6_scaler.joblib,12,4
xgboost_seed_13_skf_0_paras_151_lr_0.01_n_900_depth_7_subsample_0.8_scale_pos_weight_6,xgboost,13_skf_0,31,7,7,9,0.741,0.794,0.562,0.816,0.562,0.816,0.562,0.378,/home/ubuntu/Desktop/DeepAmes_Full_STL_4_keep_weights/results_TA104_with_S9/artifacts/base/xgboost/estimators/xgboost_seed_13_skf_0_paras_151_lr_0.01_n_900_depth_7_subsample_0.8_scale_pos_weight_6.joblib,"{""learning_rate"": 0.01, ""max_depth"": 7, ""n_estimators"": 900, ""scale_pos_weight"": 6, ""subsample"": 0.8}",xgboost,151,/home/ubuntu/Desktop/DeepAmes_Full_STL_4_keep_weights/results_TA104_with_S9/artifacts/base/xgboost/scalers/xgboost_seed_13_skf_0_paras_151_lr_0.01_n_900_depth_7_subsample_0.8_scale_pos_weight_6_scaler.joblib,13,0
xgboost_seed_13_skf_1_paras_151_lr_0.01_n_900_depth_7_subsample_0.8_scale_pos_weight_6,xgboost,13_skf_1,31,7,7,9,0.741,0.803,0.562,0.816,0.562,0.816,0.562,0.378,/home/ubuntu/Desktop/DeepAmes_Full_STL_4_keep_weights/results_TA104_with_S9/artifacts/base/xgboost/estimators/xgboost_seed_13_skf_1_paras_151_lr_0.01_n_900_depth_7_subsample_0.8_scale_pos_weight_6.joblib,"{""learning_rate"": 0.01, ""max_depth"": 7, ""n_estimators"": 900, ""scale_pos_weight"": 6, ""subsample"": 0.8}",xgboost,151,/home/ubuntu/Desktop/DeepAmes_Full_STL_4_keep_weights/results_TA104_with_S9/artifacts/base/xgboost/scalers/xgboost_seed_13_skf_1_paras_151_lr_0.01_n_900_depth_7_subsample_0.8_scale_pos_weight_6_scaler.joblib,13,1
xgboost_seed_13_skf_2_paras_151_lr_0.01_n_900_depth_7_subsample_0.8_scale_pos_weight_6,xgboost,13_skf_2,34,4,7,9,0.796,0.819,0.562,0.895,0.692,0.829,0.621,0.488,/home/ubuntu/Desktop/DeepAmes_Full_STL_4_keep_weights/results_TA104_with_S9/artifacts/base/xgboost/estimators/xgboost_seed_13_skf_2_paras_151_lr_0.01_n_900_depth_7_subsample_0.8_scale_pos_weight_6.joblib,"{""learning_rate"": 0.01, ""max_depth"": 7, ""n_estimators"": 900, ""scale_pos_weight"": 6, ""subsample"": 0.8}",xgboost,151,/home/ubuntu/Desktop/DeepAmes_Full_STL_4_keep_weights/results_TA104_with_S9/artifacts/base/xgboost/scalers/xgboost_seed_13_skf_2_paras_151_lr_0.01_n_900_depth_7_subsample_0.8_scale_pos_weight_6_scaler.joblib,13,2
xgboost_seed_13_skf_3_paras_151_lr_0.01_n_900_depth_7_subsample_0.8_scale_pos_weight_6,xgboost,13_skf_3,30,8,8,8,0.704,0.766,0.5,0.789,0.5,0.789,0.5,0.289,/home/ubuntu/Desktop/DeepAmes_Full_STL_4_keep_weights/results_TA104_with_S9/artifacts/base/xgboost/estimators/xgboost_seed_13_skf_3_paras_151_lr_0.01_n_900_depth_7_subsample_0.8_scale_pos_weight_6.joblib,"{""learning_rate"": 0.01, ""max_depth"": 7, ""n_estimators"": 900, ""scale_pos_weight"": 6, ""subsample"": 0.8}",xgboost,151,/home/ubuntu/Desktop/DeepAmes_Full_STL_4_keep_weights/results_TA104_with_S9/artifacts/base/xgboost/scalers/xgboost_seed_13_skf_3_paras_151_lr_0.01_n_900_depth_7_subsample_0.8_scale_pos_weight_6_scaler.joblib,13,3
xgboost_seed_13_skf_4_paras_151_lr_0.01_n_900_depth_7_subsample_0.8_scale_pos_weight_6,xgboost,13_skf_4,35,3,7,9,0.815,0.765,0.562,0.921,0.75,0.833,0.643,0.531,/home/ubuntu/Desktop/DeepAmes_Full_STL_4_keep_weights/results_TA104_with_S9/artifacts/base/xgboost/estimators/xgboost_seed_13_skf_4_paras_151_lr_0.01_n_900_depth_7_subsample_0.8_scale_pos_weight_6.joblib,"{""learning_rate"": 0.01, ""max_depth"": 7, ""n_estimators"": 900, ""scale_pos_weight"": 6, ""subsample"": 0.8}",xgboost,151,/home/ubuntu/Desktop/DeepAmes_Full_STL_4_keep_weights/results_TA104_with_S9/artifacts/base/xgboost/scalers/xgboost_seed_13_skf_4_paras_151_lr_0.01_n_900_depth_7_subsample_0.8_scale_pos_weight_6_scaler.joblib,13,4
xgboost_seed_14_skf_0_paras_151_lr_0.01_n_900_depth_7_subsample_0.8_scale_pos_weight_6,xgboost,14_skf_0,31,7,7,9,0.741,0.76,0.562,0.816,0.562,0.816,0.562,0.378,/home/ubuntu/Desktop/DeepAmes_Full_STL_4_keep_weights/results_TA104_with_S9/artifacts/base/xgboost/estimators/xgboost_seed_14_skf_0_paras_151_lr_0.01_n_900_depth_7_subsample_0.8_scale_pos_weight_6.joblib,"{""learning_rate"": 0.01, ""max_depth"": 7, ""n_estimators"": 900, ""scale_pos_weight"": 6, ""subsample"": 0.8}",xgboost,151,/home/ubuntu/Desktop/DeepAmes_Full_STL_4_keep_weights/results_TA104_with_S9/artifacts/base/xgboost/scalers/xgboost_seed_14_skf_0_paras_151_lr_0.01_n_900_depth_7_subsample_0.8_scale_pos_weight_6_scaler.joblib,14,0
xgboost_seed_14_skf_1_paras_151_lr_0.01_n_900_depth_7_subsample_0.8_scale_pos_weight_6,xgboost,14_skf_1,33,5,8,8,0.759,0.743,0.5,0.868,0.615,0.805,0.552,0.393,/home/ubuntu/Desktop/DeepAmes_Full_STL_4_keep_weights/results_TA104_with_S9/artifacts/base/xgboost/estimators/xgboost_seed_14_skf_1_paras_151_lr_0.01_n_900_depth_7_subsample_0.8_scale_pos_weight_6.joblib,"{""learning_rate"": 0.01, ""max_depth"": 7, ""n_estimators"": 900, ""scale_pos_weight"": 6, ""subsample"": 0.8}",xgboost,151,/home/ubuntu/Desktop/DeepAmes_Full_STL_4_keep_weights/results_TA104_with_S9/artifacts/base/xgboost/scalers/xgboost_seed_14_skf_1_paras_151_lr_0.01_n_900_depth_7_subsample_0.8_scale_pos_weight_6_scaler.joblib,14,1
xgboost_seed_14_skf_2_paras_151_lr_0.01_n_900_depth_7_subsample_0.8_scale_pos_weight_6,xgboost,14_skf_2,33,5,9,7,0.741,0.781,0.438,0.868,0.583,0.786,0.5,0.336,/home/ubuntu/Desktop/DeepAmes_Full_STL_4_keep_weights/results_TA104_with_S9/artifacts/base/xgboost/estimators/xgboost_seed_14_skf_2_paras_151_lr_0.01_n_900_depth_7_subsample_0.8_scale_pos_weight_6.joblib,"{""learning_rate"": 0.01, ""max_depth"": 7, ""n_estimators"": 900, ""scale_pos_weight"": 6, ""subsample"": 0.8}",xgboost,151,/home/ubuntu/Desktop/DeepAmes_Full_STL_4_keep_weights/results_TA104_with_S9/artifacts/base/xgboost/scalers/xgboost_seed_14_skf_2_paras_151_lr_0.01_n_900_depth_7_subsample_0.8_scale_pos_weight_6_scaler.joblib,14,2
xgboost_seed_14_skf_3_paras_151_lr_0.01_n_900_depth_7_subsample_0.8_scale_pos_weight_6,xgboost,14_skf_3,31,7,6,10,0.759,0.831,0.625,0.816,0.588,0.838,0.606,0.433,/home/ubuntu/Desktop/DeepAmes_Full_STL_4_keep_weights/results_TA104_with_S9/artifacts/base/xgboost/estimators/xgboost_seed_14_skf_3_paras_151_lr_0.01_n_900_depth_7_subsample_0.8_scale_pos_weight_6.joblib,"{""learning_rate"": 0.01, ""max_depth"": 7, ""n_estimators"": 900, ""scale_pos_weight"": 6, ""subsample"": 0.8}",xgboost,151,/home/ubuntu/Desktop/DeepAmes_Full_STL_4_keep_weights/results_TA104_with_S9/artifacts/base/xgboost/scalers/xgboost_seed_14_skf_3_paras_151_lr_0.01_n_900_depth_7_subsample_0.8_scale_pos_weight_6_scaler.joblib,14,3
xgboost_seed_14_skf_4_paras_151_lr_0.01_n_900_depth_7_subsample_0.8_scale_pos_weight_6,xgboost,14_skf_4,32,6,6,10,0.778,0.798,0.625,0.842,0.625,0.842,0.625,0.467,/home/ubuntu/Desktop/DeepAmes_Full_STL_4_keep_weights/results_TA104_with_S9/artifacts/base/xgboost/estimators/xgboost_seed_14_skf_4_paras_151_lr_0.01_n_900_depth_7_subsample_0.8_scale_pos_weight_6.joblib,"{""learning_rate"": 0.01, ""max_depth"": 7, ""n_estimators"": 900, ""scale_pos_weight"": 6, ""subsample"": 0.8}",xgboost,151,/home/ubuntu/Desktop/DeepAmes_Full_STL_4_keep_weights/results_TA104_with_S9/artifacts/base/xgboost/scalers/xgboost_seed_14_skf_4_paras_151_lr_0.01_n_900_depth_7_subsample_0.8_scale_pos_weight_6_scaler.joblib,14,4
xgboost_seed_15_skf_0_paras_151_lr_0.01_n_900_depth_7_subsample_0.8_scale_pos_weight_6,xgboost,15_skf_0,30,8,7,9,0.722,0.775,0.562,0.789,0.529,0.811,0.545,0.346,/home/ubuntu/Desktop/DeepAmes_Full_STL_4_keep_weights/results_TA104_with_S9/artifacts/base/xgboost/estimators/xgboost_seed_15_skf_0_paras_151_lr_0.01_n_900_depth_7_subsample_0.8_scale_pos_weight_6.joblib,"{""learning_rate"": 0.01, ""max_depth"": 7, ""n_estimators"": 900, ""scale_pos_weight"": 6, ""subsample"": 0.8}",xgboost,151,/home/ubuntu/Desktop/DeepAmes_Full_STL_4_keep_weights/results_TA104_with_S9/artifacts/base/xgboost/scalers/xgboost_seed_15_skf_0_paras_151_lr_0.01_n_900_depth_7_subsample_0.8_scale_pos_weight_6_scaler.joblib,15,0
xgboost_seed_15_skf_2_paras_151_lr_0.01_n_900_depth_7_subsample_0.8_scale_pos_weight_6,xgboost,15_skf_2,32,6,7,9,0.759,0.77,0.562,0.842,0.6,0.821,0.581,0.412,/home/ubuntu/Desktop/DeepAmes_Full_STL_4_keep_weights/results_TA104_with_S9/artifacts/base/xgboost/estimators/xgboost_seed_15_skf_2_paras_151_lr_0.01_n_900_depth_7_subsample_0.8_scale_pos_weight_6.joblib,"{""learning_rate"": 0.01, ""max_depth"": 7, ""n_estimators"": 900, ""scale_pos_weight"": 6, ""subsample"": 0.8}",xgboost,151,/home/ubuntu/Desktop/DeepAmes_Full_STL_4_keep_weights/results_TA104_with_S9/artifacts/base/xgboost/scalers/xgboost_seed_15_skf_2_paras_151_lr_0.01_n_900_depth_7_subsample_0.8_scale_pos_weight_6_scaler.joblib,15,2
xgboost_seed_15_skf_3_paras_151_lr_0.01_n_900_depth_7_subsample_0.8_scale_pos_weight_6,xgboost,15_skf_3,35,3,9,7,0.778,0.801,0.438,0.921,0.7,0.795,0.538,0.421,/home/ubuntu/Desktop/DeepAmes_Full_STL_4_keep_weights/results_TA104_with_S9/artifacts/base/xgboost/estimators/xgboost_seed_15_skf_3_paras_151_lr_0.01_n_900_depth_7_subsample_0.8_scale_pos_weight_6.joblib,"{""learning_rate"": 0.01, ""max_depth"": 7, ""n_estimators"": 900, ""scale_pos_weight"": 6, ""subsample"": 0.8}",xgboost,151,/home/ubuntu/Desktop/DeepAmes_Full_STL_4_keep_weights/results_TA104_with_S9/artifacts/base/xgboost/scalers/xgboost_seed_15_skf_3_paras_151_lr_0.01_n_900_depth_7_subsample_0.8_scale_pos_weight_6_scaler.joblib,15,3
xgboost_seed_15_skf_4_paras_151_lr_0.01_n_900_depth_7_subsample_0.8_scale_pos_weight_6,xgboost,15_skf_4,32,6,9,7,0.722,0.76,0.438,0.842,0.538,0.78,0.483,0.299,/home/ubuntu/Desktop/DeepAmes_Full_STL_4_keep_weights/results_TA104_with_S9/artifacts/base/xgboost/estimators/xgboost_seed_15_skf_4_paras_151_lr_0.01_n_900_depth_7_subsample_0.8_scale_pos_weight_6.joblib,"{""learning_rate"": 0.01, ""max_depth"": 7, ""n_estimators"": 900, ""scale_pos_weight"": 6, ""subsample"": 0.8}",xgboost,151,/home/ubuntu/Desktop/DeepAmes_Full_STL_4_keep_weights/results_TA104_with_S9/artifacts/base/xgboost/scalers/xgboost_seed_15_skf_4_paras_151_lr_0.01_n_900_depth_7_subsample_0.8_scale_pos_weight_6_scaler.joblib,15,4
xgboost_seed_16_skf_0_paras_151_lr_0.01_n_900_depth_7_subsample_0.8_scale_pos_weight_6,xgboost,16_skf_0,31,7,5,11,0.778,0.789,0.688,0.816,0.611,0.861,0.647,0.488,/home/ubuntu/Desktop/DeepAmes_Full_STL_4_keep_weights/results_TA104_with_S9/artifacts/base/xgboost/estimators/xgboost_seed_16_skf_0_paras_151_lr_0.01_n_900_depth_7_subsample_0.8_scale_pos_weight_6.joblib,"{""learning_rate"": 0.01, ""max_depth"": 7, ""n_estimators"": 900, ""scale_pos_weight"": 6, ""subsample"": 0.8}",xgboost,151,/home/ubuntu/Desktop/DeepAmes_Full_STL_4_keep_weights/results_TA104_with_S9/artifacts/base/xgboost/scalers/xgboost_seed_16_skf_0_paras_151_lr_0.01_n_900_depth_7_subsample_0.8_scale_pos_weight_6_scaler.joblib,16,0
xgboost_seed_16_skf_1_paras_151_lr_0.01_n_900_depth_7_subsample_0.8_scale_pos_weight_6,xgboost,16_skf_1,34,4,7,9,0.796,0.803,0.562,0.895,0.692,0.829,0.621,0.488,/home/ubuntu/Desktop/DeepAmes_Full_STL_4_keep_weights/results_TA104_with_S9/artifacts/base/xgboost/estimators/xgboost_seed_16_skf_1_paras_151_lr_0.01_n_900_depth_7_subsample_0.8_scale_pos_weight_6.joblib,"{""learning_rate"": 0.01, ""max_depth"": 7, ""n_estimators"": 900, ""scale_pos_weight"": 6, ""subsample"": 0.8}",xgboost,151,/home/ubuntu/Desktop/DeepAmes_Full_STL_4_keep_weights/results_TA104_with_S9/artifacts/base/xgboost/scalers/xgboost_seed_16_skf_1_paras_151_lr_0.01_n_900_depth_7_subsample_0.8_scale_pos_weight_6_scaler.joblib,16,1
xgboost_seed_16_skf_2_paras_151_lr_0.01_n_900_depth_7_subsample_0.8_scale_pos_weight_6,xgboost,16_skf_2,32,6,9,7,0.722,0.762,0.438,0.842,0.538,0.78,0.483,0.299,/home/ubuntu/Desktop/DeepAmes_Full_STL_4_keep_weights/results_TA104_with_S9/artifacts/base/xgboost/estimators/xgboost_seed_16_skf_2_paras_151_lr_0.01_n_900_depth_7_subsample_0.8_scale_pos_weight_6.joblib,"{""learning_rate"": 0.01, ""max_depth"": 7, ""n_estimators"": 900, ""scale_pos_weight"": 6, ""subsample"": 0.8}",xgboost,151,/home/ubuntu/Desktop/DeepAmes_Full_STL_4_keep_weights/results_TA104_with_S9/artifacts/base/xgboost/scalers/xgboost_seed_16_skf_2_paras_151_lr_0.01_n_900_depth_7_subsample_0.8_scale_pos_weight_6_scaler.joblib,16,2
xgboost_seed_16_skf_3_paras_151_lr_0.01_n_900_depth_7_subsample_0.8_scale_pos_weight_6,xgboost,16_skf_3,33,5,7,9,0.778,0.796,0.562,0.868,0.643,0.825,0.6,0.449,/home/ubuntu/Desktop/DeepAmes_Full_STL_4_keep_weights/results_TA104_with_S9/artifacts/base/xgboost/estimators/xgboost_seed_16_skf_3_paras_151_lr_0.01_n_900_depth_7_subsample_0.8_scale_pos_weight_6.joblib,"{""learning_rate"": 0.01, ""max_depth"": 7, ""n_estimators"": 900, ""scale_pos_weight"": 6, ""subsample"": 0.8}",xgboost,151,/home/ubuntu/Desktop/DeepAmes_Full_STL_4_keep_weights/results_TA104_with_S9/artifacts/base/xgboost/scalers/xgboost_seed_16_skf_3_paras_151_lr_0.01_n_900_depth_7_subsample_0.8_scale_pos_weight_6_scaler.joblib,16,3
xgboost_seed_16_skf_4_paras_151_lr_0.01_n_900_depth_7_subsample_0.8_scale_pos_weight_6,xgboost,16_skf_4,31,7,8,8,0.722,0.794,0.5,0.816,0.533,0.795,0.516,0.322,/home/ubuntu/Desktop/DeepAmes_Full_STL_4_keep_weights/results_TA104_with_S9/artifacts/base/xgboost/estimators/xgboost_seed_16_skf_4_paras_151_lr_0.01_n_900_depth_7_subsample_0.8_scale_pos_weight_6.joblib,"{""learning_rate"": 0.01, ""max_depth"": 7, ""n_estimators"": 900, ""scale_pos_weight"": 6, ""subsample"": 0.8}",xgboost,151,/home/ubuntu/Desktop/DeepAmes_Full_STL_4_keep_weights/results_TA104_with_S9/artifacts/base/xgboost/scalers/xgboost_seed_16_skf_4_paras_151_lr_0.01_n_900_depth_7_subsample_0.8_scale_pos_weight_6_scaler.joblib,16,4
xgboost_seed_17_skf_1_paras_151_lr_0.01_n_900_depth_7_subsample_0.8_scale_pos_weight_6,xgboost,17_skf_1,31,7,5,11,0.778,0.781,0.688,0.816,0.611,0.861,0.647,0.488,/home/ubuntu/Desktop/DeepAmes_Full_STL_4_keep_weights/results_TA104_with_S9/artifacts/base/xgboost/estimators/xgboost_seed_17_skf_1_paras_151_lr_0.01_n_900_depth_7_subsample_0.8_scale_pos_weight_6.joblib,"{""learning_rate"": 0.01, ""max_depth"": 7, ""n_estimators"": 900, ""scale_pos_weight"": 6, ""subsample"": 0.8}",xgboost,151,/home/ubuntu/Desktop/DeepAmes_Full_STL_4_keep_weights/results_TA104_with_S9/artifacts/base/xgboost/scalers/xgboost_seed_17_skf_1_paras_151_lr_0.01_n_900_depth_7_subsample_0.8_scale_pos_weight_6_scaler.joblib,17,1
xgboost_seed_17_skf_2_paras_151_lr_0.01_n_900_depth_7_subsample_0.8_scale_pos_weight_6,xgboost,17_skf_2,31,7,8,8,0.722,0.757,0.5,0.816,0.533,0.795,0.516,0.322,/home/ubuntu/Desktop/DeepAmes_Full_STL_4_keep_weights/results_TA104_with_S9/artifacts/base/xgboost/estimators/xgboost_seed_17_skf_2_paras_151_lr_0.01_n_900_depth_7_subsample_0.8_scale_pos_weight_6.joblib,"{""learning_rate"": 0.01, ""max_depth"": 7, ""n_estimators"": 900, ""scale_pos_weight"": 6, ""subsample"": 0.8}",xgboost,151,/home/ubuntu/Desktop/DeepAmes_Full_STL_4_keep_weights/results_TA104_with_S9/artifacts/base/xgboost/scalers/xgboost_seed_17_skf_2_paras_151_lr_0.01_n_900_depth_7_subsample_0.8_scale_pos_weight_6_scaler.joblib,17,2
xgboost_seed_17_skf_3_paras_151_lr_0.01_n_900_depth_7_subsample_0.8_scale_pos_weight_6,xgboost,17_skf_3,31,7,9,7,0.704,0.791,0.438,0.816,0.5,0.775,0.467,0.264,/home/ubuntu/Desktop/DeepAmes_Full_STL_4_keep_weights/results_TA104_with_S9/artifacts/base/xgboost/estimators/xgboost_seed_17_skf_3_paras_151_lr_0.01_n_900_depth_7_subsample_0.8_scale_pos_weight_6.joblib,"{""learning_rate"": 0.01, ""max_depth"": 7, ""n_estimators"": 900, ""scale_pos_weight"": 6, ""subsample"": 0.8}",xgboost,151,/home/ubuntu/Desktop/DeepAmes_Full_STL_4_keep_weights/results_TA104_with_S9/artifacts/base/xgboost/scalers/xgboost_seed_17_skf_3_paras_151_lr_0.01_n_900_depth_7_subsample_0.8_scale_pos_weight_6_scaler.joblib,17,3
xgboost_seed_17_skf_4_paras_151_lr_0.01_n_900_depth_7_subsample_0.8_scale_pos_weight_6,xgboost,17_skf_4,34,4,8,8,0.778,0.812,0.5,0.895,0.667,0.81,0.571,0.434,/home/ubuntu/Desktop/DeepAmes_Full_STL_4_keep_weights/results_TA104_with_S9/artifacts/base/xgboost/estimators/xgboost_seed_17_skf_4_paras_151_lr_0.01_n_900_depth_7_subsample_0.8_scale_pos_weight_6.joblib,"{""learning_rate"": 0.01, ""max_depth"": 7, ""n_estimators"": 900, ""scale_pos_weight"": 6, ""subsample"": 0.8}",xgboost,151,/home/ubuntu/Desktop/DeepAmes_Full_STL_4_keep_weights/results_TA104_with_S9/artifacts/base/xgboost/scalers/xgboost_seed_17_skf_4_paras_151_lr_0.01_n_900_depth_7_subsample_0.8_scale_pos_weight_6_scaler.joblib,17,4
xgboost_seed_18_skf_0_paras_151_lr_0.01_n_900_depth_7_subsample_0.8_scale_pos_weight_6,xgboost,18_skf_0,33,5,8,8,0.759,0.742,0.5,0.868,0.615,0.805,0.552,0.393,/home/ubuntu/Desktop/DeepAmes_Full_STL_4_keep_weights/results_TA104_with_S9/artifacts/base/xgboost/estimators/xgboost_seed_18_skf_0_paras_151_lr_0.01_n_900_depth_7_subsample_0.8_scale_pos_weight_6.joblib,"{""learning_rate"": 0.01, ""max_depth"": 7, ""n_estimators"": 900, ""scale_pos_weight"": 6, ""subsample"": 0.8}",xgboost,151,/home/ubuntu/Desktop/DeepAmes_Full_STL_4_keep_weights/results_TA104_with_S9/artifacts/base/xgboost/scalers/xgboost_seed_18_skf_0_paras_151_lr_0.01_n_900_depth_7_subsample_0.8_scale_pos_weight_6_scaler.joblib,18,0
xgboost_seed_18_skf_1_paras_151_lr_0.01_n_900_depth_7_subsample_0.8_scale_pos_weight_6,xgboost,18_skf_1,29,9,7,9,0.704,0.75,0.562,0.763,0.5,0.806,0.529,0.315,/home/ubuntu/Desktop/DeepAmes_Full_STL_4_keep_weights/results_TA104_with_S9/artifacts/base/xgboost/estimators/xgboost_seed_18_skf_1_paras_151_lr_0.01_n_900_depth_7_subsample_0.8_scale_pos_weight_6.joblib,"{""learning_rate"": 0.01, ""max_depth"": 7, ""n_estimators"": 900, ""scale_pos_weight"": 6, ""subsample"": 0.8}",xgboost,151,/home/ubuntu/Desktop/DeepAmes_Full_STL_4_keep_weights/results_TA104_with_S9/artifacts/base/xgboost/scalers/xgboost_seed_18_skf_1_paras_151_lr_0.01_n_900_depth_7_subsample_0.8_scale_pos_weight_6_scaler.joblib,18,1
xgboost_seed_18_skf_3_paras_151_lr_0.01_n_900_depth_7_subsample_0.8_scale_pos_weight_6,xgboost,18_skf_3,35,3,7,9,0.815,0.837,0.562,0.921,0.75,0.833,0.643,0.531,/home/ubuntu/Desktop/DeepAmes_Full_STL_4_keep_weights/results_TA104_with_S9/artifacts/base/xgboost/estimators/xgboost_seed_18_skf_3_paras_151_lr_0.01_n_900_depth_7_subsample_0.8_scale_pos_weight_6.joblib,"{""learning_rate"": 0.01, ""max_depth"": 7, ""n_estimators"": 900, ""scale_pos_weight"": 6, ""subsample"": 0.8}",xgboost,151,/home/ubuntu/Desktop/DeepAmes_Full_STL_4_keep_weights/results_TA104_with_S9/artifacts/base/xgboost/scalers/xgboost_seed_18_skf_3_paras_151_lr_0.01_n_900_depth_7_subsample_0.8_scale_pos_weight_6_scaler.joblib,18,3
xgboost_seed_18_skf_4_paras_151_lr_0.01_n_900_depth_7_subsample_0.8_scale_pos_weight_6,xgboost,18_skf_4,30,8,8,8,0.704,0.794,0.5,0.789,0.5,0.789,0.5,0.289,/home/ubuntu/Desktop/DeepAmes_Full_STL_4_keep_weights/results_TA104_with_S9/artifacts/base/xgboost/estimators/xgboost_seed_18_skf_4_paras_151_lr_0.01_n_900_depth_7_subsample_0.8_scale_pos_weight_6.joblib,"{""learning_rate"": 0.01, ""max_depth"": 7, ""n_estimators"": 900, ""scale_pos_weight"": 6, ""subsample"": 0.8}",xgboost,151,/home/ubuntu/Desktop/DeepAmes_Full_STL_4_keep_weights/results_TA104_with_S9/artifacts/base/xgboost/scalers/xgboost_seed_18_skf_4_paras_151_lr_0.01_n_900_depth_7_subsample_0.8_scale_pos_weight_6_scaler.joblib,18,4
xgboost_seed_19_skf_0_paras_151_lr_0.01_n_900_depth_7_subsample_0.8_scale_pos_weight_6,xgboost,19_skf_0,32,6,8,8,0.741,0.803,0.5,0.842,0.571,0.8,0.533,0.356,/home/ubuntu/Desktop/DeepAmes_Full_STL_4_keep_weights/results_TA104_with_S9/artifacts/base/xgboost/estimators/xgboost_seed_19_skf_0_paras_151_lr_0.01_n_900_depth_7_subsample_0.8_scale_pos_weight_6.joblib,"{""learning_rate"": 0.01, ""max_depth"": 7, ""n_estimators"": 900, ""scale_pos_weight"": 6, ""subsample"": 0.8}",xgboost,151,/home/ubuntu/Desktop/DeepAmes_Full_STL_4_keep_weights/results_TA104_with_S9/artifacts/base/xgboost/scalers/xgboost_seed_19_skf_0_paras_151_lr_0.01_n_900_depth_7_subsample_0.8_scale_pos_weight_6_scaler.joblib,19,0
xgboost_seed_19_skf_1_paras_151_lr_0.01_n_900_depth_7_subsample_0.8_scale_pos_weight_6,xgboost,19_skf_1,34,4,8,8,0.778,0.794,0.5,0.895,0.667,0.81,0.571,0.434,/home/ubuntu/Desktop/DeepAmes_Full_STL_4_keep_weights/results_TA104_with_S9/artifacts/base/xgboost/estimators/xgboost_seed_19_skf_1_paras_151_lr_0.01_n_900_depth_7_subsample_0.8_scale_pos_weight_6.joblib,"{""learning_rate"": 0.01, ""max_depth"": 7, ""n_estimators"": 900, ""scale_pos_weight"": 6, ""subsample"": 0.8}",xgboost,151,/home/ubuntu/Desktop/DeepAmes_Full_STL_4_keep_weights/results_TA104_with_S9/artifacts/base/xgboost/scalers/xgboost_seed_19_skf_1_paras_151_lr_0.01_n_900_depth_7_subsample_0.8_scale_pos_weight_6_scaler.joblib,19,1
xgboost_seed_19_skf_3_paras_151_lr_0.01_n_900_depth_7_subsample_0.8_scale_pos_weight_6,xgboost,19_skf_3,33,5,8,8,0.759,0.773,0.5,0.868,0.615,0.805,0.552,0.393,/home/ubuntu/Desktop/DeepAmes_Full_STL_4_keep_weights/results_TA104_with_S9/artifacts/base/xgboost/estimators/xgboost_seed_19_skf_3_paras_151_lr_0.01_n_900_depth_7_subsample_0.8_scale_pos_weight_6.joblib,"{""learning_rate"": 0.01, ""max_depth"": 7, ""n_estimators"": 900, ""scale_pos_weight"": 6, ""subsample"": 0.8}",xgboost,151,/home/ubuntu/Desktop/DeepAmes_Full_STL_4_keep_weights/results_TA104_with_S9/artifacts/base/xgboost/scalers/xgboost_seed_19_skf_3_paras_151_lr_0.01_n_900_depth_7_subsample_0.8_scale_pos_weight_6_scaler.joblib,19,3
xgboost_seed_19_skf_4_paras_151_lr_0.01_n_900_depth_7_subsample_0.8_scale_pos_weight_6,xgboost,19_skf_4,32,6,7,9,0.759,0.803,0.562,0.842,0.6,0.821,0.581,0.412,/home/ubuntu/Desktop/DeepAmes_Full_STL_4_keep_weights/results_TA104_with_S9/artifacts/base/xgboost/estimators/xgboost_seed_19_skf_4_paras_151_lr_0.01_n_900_depth_7_subsample_0.8_scale_pos_weight_6.joblib,"{""learning_rate"": 0.01, ""max_depth"": 7, ""n_estimators"": 900, ""scale_pos_weight"": 6, ""subsample"": 0.8}",xgboost,151,/home/ubuntu/Desktop/DeepAmes_Full_STL_4_keep_weights/results_TA104_with_S9/artifacts/base/xgboost/scalers/xgboost_seed_19_skf_4_paras_151_lr_0.01_n_900_depth_7_subsample_0.8_scale_pos_weight_6_scaler.joblib,19,4
rf_seed_0_skf_0_paras_148_estimator_500_depth_None_minSample_70_random_1_weight_balanced,rf,0_skf_0,32,6,6,10,0.778,0.75,0.625,0.842,0.625,0.842,0.625,0.467,/home/ubuntu/Desktop/DeepAmes_Full_STL_4_keep_weights/results_TA104_with_S9/artifacts/base/rf/estimators/rf_seed_0_skf_0_paras_148_estimator_500_depth_None_minSample_70_random_1_weight_balanced.joblib,"{""bootstrap"": true, ""class_weight"": ""balanced"", ""max_depth"": null, ""max_features"": ""log2"", ""min_samples_split"": 70, ""n_estimators"": 500, ""random_state"": 1}",rf,148,/home/ubuntu/Desktop/DeepAmes_Full_STL_4_keep_weights/results_TA104_with_S9/artifacts/base/rf/scalers/rf_seed_0_skf_0_paras_148_estimator_500_depth_None_minSample_70_random_1_weight_balanced_scaler.joblib,0,0
rf_seed_0_skf_1_paras_148_estimator_500_depth_None_minSample_70_random_1_weight_balanced,rf,0_skf_1,33,5,7,9,0.778,0.758,0.562,0.868,0.643,0.825,0.6,0.449,/home/ubuntu/Desktop/DeepAmes_Full_STL_4_keep_weights/results_TA104_with_S9/artifacts/base/rf/estimators/rf_seed_0_skf_1_paras_148_estimator_500_depth_None_minSample_70_random_1_weight_balanced.joblib,"{""bootstrap"": true, ""class_weight"": ""balanced"", ""max_depth"": null, ""max_features"": ""log2"", ""min_samples_split"": 70, ""n_estimators"": 500, ""random_state"": 1}",rf,148,/home/ubuntu/Desktop/DeepAmes_Full_STL_4_keep_weights/results_TA104_with_S9/artifacts/base/rf/scalers/rf_seed_0_skf_1_paras_148_estimator_500_depth_None_minSample_70_random_1_weight_balanced_scaler.joblib,0,1
rf_seed_0_skf_2_paras_148_estimator_500_depth_None_minSample_70_random_1_weight_balanced,rf,0_skf_2,34,4,9,7,0.759,0.762,0.438,0.895,0.636,0.791,0.519,0.377,/home/ubuntu/Desktop/DeepAmes_Full_STL_4_keep_weights/results_TA104_with_S9/artifacts/base/rf/estimators/rf_seed_0_skf_2_paras_148_estimator_500_depth_None_minSample_70_random_1_weight_balanced.joblib,"{""bootstrap"": true, ""class_weight"": ""balanced"", ""max_depth"": null, ""max_features"": ""log2"", ""min_samples_split"": 70, ""n_estimators"": 500, ""random_state"": 1}",rf,148,/home/ubuntu/Desktop/DeepAmes_Full_STL_4_keep_weights/results_TA104_with_S9/artifacts/base/rf/scalers/rf_seed_0_skf_2_paras_148_estimator_500_depth_None_minSample_70_random_1_weight_balanced_scaler.joblib,0,2
rf_seed_0_skf_3_paras_148_estimator_500_depth_None_minSample_70_random_1_weight_balanced,rf,0_skf_3,33,5,8,8,0.759,0.755,0.5,0.868,0.615,0.805,0.552,0.393,/home/ubuntu/Desktop/DeepAmes_Full_STL_4_keep_weights/results_TA104_with_S9/artifacts/base/rf/estimators/rf_seed_0_skf_3_paras_148_estimator_500_depth_None_minSample_70_random_1_weight_balanced.joblib,"{""bootstrap"": true, ""class_weight"": ""balanced"", ""max_depth"": null, ""max_features"": ""log2"", ""min_samples_split"": 70, ""n_estimators"": 500, ""random_state"": 1}",rf,148,/home/ubuntu/Desktop/DeepAmes_Full_STL_4_keep_weights/results_TA104_with_S9/artifacts/base/rf/scalers/rf_seed_0_skf_3_paras_148_estimator_500_depth_None_minSample_70_random_1_weight_balanced_scaler.joblib,0,3
rf_seed_0_skf_4_paras_148_estimator_500_depth_None_minSample_70_random_1_weight_balanced,rf,0_skf_4,32,6,8,8,0.741,0.75,0.5,0.842,0.571,0.8,0.533,0.356,/home/ubuntu/Desktop/DeepAmes_Full_STL_4_keep_weights/results_TA104_with_S9/artifacts/base/rf/estimators/rf_seed_0_skf_4_paras_148_estimator_500_depth_None_minSample_70_random_1_weight_balanced.joblib,"{""bootstrap"": true, ""class_weight"": ""balanced"", ""max_depth"": null, ""max_features"": ""log2"", ""min_samples_split"": 70, ""n_estimators"": 500, ""random_state"": 1}",rf,148,/home/ubuntu/Desktop/DeepAmes_Full_STL_4_keep_weights/results_TA104_with_S9/artifacts/base/rf/scalers/rf_seed_0_skf_4_paras_148_estimator_500_depth_None_minSample_70_random_1_weight_balanced_scaler.joblib,0,4
rf_seed_1_skf_0_paras_148_estimator_500_depth_None_minSample_70_random_1_weight_balanced,rf,1_skf_0,33,5,8,8,0.759,0.753,0.5,0.868,0.615,0.805,0.552,0.393,/home/ubuntu/Desktop/DeepAmes_Full_STL_4_keep_weights/results_TA104_with_S9/artifacts/base/rf/estimators/rf_seed_1_skf_0_paras_148_estimator_500_depth_None_minSample_70_random_1_weight_balanced.joblib,"{""bootstrap"": true, ""class_weight"": ""balanced"", ""max_depth"": null, ""max_features"": ""log2"", ""min_samples_split"": 70, ""n_estimators"": 500, ""random_state"": 1}",rf,148,/home/ubuntu/Desktop/DeepAmes_Full_STL_4_keep_weights/results_TA104_with_S9/artifacts/base/rf/scalers/rf_seed_1_skf_0_paras_148_estimator_500_depth_None_minSample_70_random_1_weight_balanced_scaler.joblib,1,0
rf_seed_1_skf_1_paras_148_estimator_500_depth_None_minSample_70_random_1_weight_balanced,rf,1_skf_1,31,7,8,8,0.722,0.73,0.5,0.816,0.533,0.795,0.516,0.322,/home/ubuntu/Desktop/DeepAmes_Full_STL_4_keep_weights/results_TA104_with_S9/artifacts/base/rf/estimators/rf_seed_1_skf_1_paras_148_estimator_500_depth_None_minSample_70_random_1_weight_balanced.joblib,"{""bootstrap"": true, ""class_weight"": ""balanced"", ""max_depth"": null, ""max_features"": ""log2"", ""min_samples_split"": 70, ""n_estimators"": 500, ""random_state"": 1}",rf,148,/home/ubuntu/Desktop/DeepAmes_Full_STL_4_keep_weights/results_TA104_with_S9/artifacts/base/rf/scalers/rf_seed_1_skf_1_paras_148_estimator_500_depth_None_minSample_70_random_1_weight_balanced_scaler.joblib,1,1
rf_seed_1_skf_2_paras_148_estimator_500_depth_None_minSample_70_random_1_weight_balanced,rf,1_skf_2,32,6,8,8,0.741,0.752,0.5,0.842,0.571,0.8,0.533,0.356,/home/ubuntu/Desktop/DeepAmes_Full_STL_4_keep_weights/results_TA104_with_S9/artifacts/base/rf/estimators/rf_seed_1_skf_2_paras_148_estimator_500_depth_None_minSample_70_random_1_weight_balanced.joblib,"{""bootstrap"": true, ""class_weight"": ""balanced"", ""max_depth"": null, ""max_features"": ""log2"", ""min_samples_split"": 70, ""n_estimators"": 500, ""random_state"": 1}",rf,148,/home/ubuntu/Desktop/DeepAmes_Full_STL_4_keep_weights/results_TA104_with_S9/artifacts/base/rf/scalers/rf_seed_1_skf_2_paras_148_estimator_500_depth_None_minSample_70_random_1_weight_balanced_scaler.joblib,1,2
rf_seed_1_skf_3_paras_148_estimator_500_depth_None_minSample_70_random_1_weight_balanced,rf,1_skf_3,35,3,8,8,0.796,0.776,0.5,0.921,0.727,0.814,0.593,0.477,/home/ubuntu/Desktop/DeepAmes_Full_STL_4_keep_weights/results_TA104_with_S9/artifacts/base/rf/estimators/rf_seed_1_skf_3_paras_148_estimator_500_depth_None_minSample_70_random_1_weight_balanced.joblib,"{""bootstrap"": true, ""class_weight"": ""balanced"", ""max_depth"": null, ""max_features"": ""log2"", ""min_samples_split"": 70, ""n_estimators"": 500, ""random_state"": 1}",rf,148,/home/ubuntu/Desktop/DeepAmes_Full_STL_4_keep_weights/results_TA104_with_S9/artifacts/base/rf/scalers/rf_seed_1_skf_3_paras_148_estimator_500_depth_None_minSample_70_random_1_weight_balanced_scaler.joblib,1,3
rf_seed_1_skf_4_paras_148_estimator_500_depth_None_minSample_70_random_1_weight_balanced,rf,1_skf_4,33,5,6,10,0.796,0.791,0.625,0.868,0.667,0.846,0.645,0.503,/home/ubuntu/Desktop/DeepAmes_Full_STL_4_keep_weights/results_TA104_with_S9/artifacts/base/rf/estimators/rf_seed_1_skf_4_paras_148_estimator_500_depth_None_minSample_70_random_1_weight_balanced.joblib,"{""bootstrap"": true, ""class_weight"": ""balanced"", ""max_depth"": null, ""max_features"": ""log2"", ""min_samples_split"": 70, ""n_estimators"": 500, ""random_state"": 1}",rf,148,/home/ubuntu/Desktop/DeepAmes_Full_STL_4_keep_weights/results_TA104_with_S9/artifacts/base/rf/scalers/rf_seed_1_skf_4_paras_148_estimator_500_depth_None_minSample_70_random_1_weight_balanced_scaler.joblib,1,4
rf_seed_2_skf_0_paras_148_estimator_500_depth_None_minSample_70_random_1_weight_balanced,rf,2_skf_0,33,5,7,9,0.778,0.757,0.562,0.868,0.643,0.825,0.6,0.449,/home/ubuntu/Desktop/DeepAmes_Full_STL_4_keep_weights/results_TA104_with_S9/artifacts/base/rf/estimators/rf_seed_2_skf_0_paras_148_estimator_500_depth_None_minSample_70_random_1_weight_balanced.joblib,"{""bootstrap"": true, ""class_weight"": ""balanced"", ""max_depth"": null, ""max_features"": ""log2"", ""min_samples_split"": 70, ""n_estimators"": 500, ""random_state"": 1}",rf,148,/home/ubuntu/Desktop/DeepAmes_Full_STL_4_keep_weights/results_TA104_with_S9/artifacts/base/rf/scalers/rf_seed_2_skf_0_paras_148_estimator_500_depth_None_minSample_70_random_1_weight_balanced_scaler.joblib,2,0
rf_seed_2_skf_1_paras_148_estimator_500_depth_None_minSample_70_random_1_weight_balanced,rf,2_skf_1,31,7,8,8,0.722,0.762,0.5,0.816,0.533,0.795,0.516,0.322,/home/ubuntu/Desktop/DeepAmes_Full_STL_4_keep_weights/results_TA104_with_S9/artifacts/base/rf/estimators/rf_seed_2_skf_1_paras_148_estimator_500_depth_None_minSample_70_random_1_weight_balanced.joblib,"{""bootstrap"": true, ""class_weight"": ""balanced"", ""max_depth"": null, ""max_features"": ""log2"", ""min_samples_split"": 70, ""n_estimators"": 500, ""random_state"": 1}",rf,148,/home/ubuntu/Desktop/DeepAmes_Full_STL_4_keep_weights/results_TA104_with_S9/artifacts/base/rf/scalers/rf_seed_2_skf_1_paras_148_estimator_500_depth_None_minSample_70_random_1_weight_balanced_scaler.joblib,2,1
rf_seed_2_skf_2_paras_148_estimator_500_depth_None_minSample_70_random_1_weight_balanced,rf,2_skf_2,29,9,7,9,0.704,0.738,0.562,0.763,0.5,0.806,0.529,0.315,/home/ubuntu/Desktop/DeepAmes_Full_STL_4_keep_weights/results_TA104_with_S9/artifacts/base/rf/estimators/rf_seed_2_skf_2_paras_148_estimator_500_depth_None_minSample_70_random_1_weight_balanced.joblib,"{""bootstrap"": true, ""class_weight"": ""balanced"", ""max_depth"": null, ""max_features"": ""log2"", ""min_samples_split"": 70, ""n_estimators"": 500, ""random_state"": 1}",rf,148,/home/ubuntu/Desktop/DeepAmes_Full_STL_4_keep_weights/results_TA104_with_S9/artifacts/base/rf/scalers/rf_seed_2_skf_2_paras_148_estimator_500_depth_None_minSample_70_random_1_weight_balanced_scaler.joblib,2,2
rf_seed_2_skf_3_paras_148_estimator_500_depth_None_minSample_70_random_1_weight_balanced,rf,2_skf_3,33,5,9,7,0.741,0.73,0.438,0.868,0.583,0.786,0.5,0.336,/home/ubuntu/Desktop/DeepAmes_Full_STL_4_keep_weights/results_TA104_with_S9/artifacts/base/rf/estimators/rf_seed_2_skf_3_paras_148_estimator_500_depth_None_minSample_70_random_1_weight_balanced.joblib,"{""bootstrap"": true, ""class_weight"": ""balanced"", ""max_depth"": null, ""max_features"": ""log2"", ""min_samples_split"": 70, ""n_estimators"": 500, ""random_state"": 1}",rf,148,/home/ubuntu/Desktop/DeepAmes_Full_STL_4_keep_weights/results_TA104_with_S9/artifacts/base/rf/scalers/rf_seed_2_skf_3_paras_148_estimator_500_depth_None_minSample_70_random_1_weight_balanced_scaler.joblib,2,3
rf_seed_2_skf_4_paras_148_estimator_500_depth_None_minSample_70_random_1_weight_balanced,rf,2_skf_4,34,4,9,7,0.759,0.781,0.438,0.895,0.636,0.791,0.519,0.377,/home/ubuntu/Desktop/DeepAmes_Full_STL_4_keep_weights/results_TA104_with_S9/artifacts/base/rf/estimators/rf_seed_2_skf_4_paras_148_estimator_500_depth_None_minSample_70_random_1_weight_balanced.joblib,"{""bootstrap"": true, ""class_weight"": ""balanced"", ""max_depth"": null, ""max_features"": ""log2"", ""min_samples_split"": 70, ""n_estimators"": 500, ""random_state"": 1}",rf,148,/home/ubuntu/Desktop/DeepAmes_Full_STL_4_keep_weights/results_TA104_with_S9/artifacts/base/rf/scalers/rf_seed_2_skf_4_paras_148_estimator_500_depth_None_minSample_70_random_1_weight_balanced_scaler.joblib,2,4
rf_seed_3_skf_0_paras_148_estimator_500_depth_None_minSample_70_random_1_weight_balanced,rf,3_skf_0,32,6,9,7,0.722,0.743,0.438,0.842,0.538,0.78,0.483,0.299,/home/ubuntu/Desktop/DeepAmes_Full_STL_4_keep_weights/results_TA104_with_S9/artifacts/base/rf/estimators/rf_seed_3_skf_0_paras_148_estimator_500_depth_None_minSample_70_random_1_weight_balanced.joblib,"{""bootstrap"": true, ""class_weight"": ""balanced"", ""max_depth"": null, ""max_features"": ""log2"", ""min_samples_split"": 70, ""n_estimators"": 500, ""random_state"": 1}",rf,148,/home/ubuntu/Desktop/DeepAmes_Full_STL_4_keep_weights/results_TA104_with_S9/artifacts/base/rf/scalers/rf_seed_3_skf_0_paras_148_estimator_500_depth_None_minSample_70_random_1_weight_balanced_scaler.joblib,3,0
rf_seed_3_skf_1_paras_148_estimator_500_depth_None_minSample_70_random_1_weight_balanced,rf,3_skf_1,33,5,9,7,0.741,0.752,0.438,0.868,0.583,0.786,0.5,0.336,/home/ubuntu/Desktop/DeepAmes_Full_STL_4_keep_weights/results_TA104_with_S9/artifacts/base/rf/estimators/rf_seed_3_skf_1_paras_148_estimator_500_depth_None_minSample_70_random_1_weight_balanced.joblib,"{""bootstrap"": true, ""class_weight"": ""balanced"", ""max_depth"": null, ""max_features"": ""log2"", ""min_samples_split"": 70, ""n_estimators"": 500, ""random_state"": 1}",rf,148,/home/ubuntu/Desktop/DeepAmes_Full_STL_4_keep_weights/results_TA104_with_S9/artifacts/base/rf/scalers/rf_seed_3_skf_1_paras_148_estimator_500_depth_None_minSample_70_random_1_weight_balanced_scaler.joblib,3,1
rf_seed_3_skf_2_paras_148_estimator_500_depth_None_minSample_70_random_1_weight_balanced,rf,3_skf_2,30,8,8,8,0.704,0.755,0.5,0.789,0.5,0.789,0.5,0.289,/home/ubuntu/Desktop/DeepAmes_Full_STL_4_keep_weights/results_TA104_with_S9/artifacts/base/rf/estimators/rf_seed_3_skf_2_paras_148_estimator_500_depth_None_minSample_70_random_1_weight_balanced.joblib,"{""bootstrap"": true, ""class_weight"": ""balanced"", ""max_depth"": null, ""max_features"": ""log2"", ""min_samples_split"": 70, ""n_estimators"": 500, ""random_state"": 1}",rf,148,/home/ubuntu/Desktop/DeepAmes_Full_STL_4_keep_weights/results_TA104_with_S9/artifacts/base/rf/scalers/rf_seed_3_skf_2_paras_148_estimator_500_depth_None_minSample_70_random_1_weight_balanced_scaler.joblib,3,2
rf_seed_3_skf_3_paras_148_estimator_500_depth_None_minSample_70_random_1_weight_balanced,rf,3_skf_3,32,6,8,8,0.741,0.742,0.5,0.842,0.571,0.8,0.533,0.356,/home/ubuntu/Desktop/DeepAmes_Full_STL_4_keep_weights/results_TA104_with_S9/artifacts/base/rf/estimators/rf_seed_3_skf_3_paras_148_estimator_500_depth_None_minSample_70_random_1_weight_balanced.joblib,"{""bootstrap"": true, ""class_weight"": ""balanced"", ""max_depth"": null, ""max_features"": ""log2"", ""min_samples_split"": 70, ""n_estimators"": 500, ""random_state"": 1}",rf,148,/home/ubuntu/Desktop/DeepAmes_Full_STL_4_keep_weights/results_TA104_with_S9/artifacts/base/rf/scalers/rf_seed_3_skf_3_paras_148_estimator_500_depth_None_minSample_70_random_1_weight_balanced_scaler.joblib,3,3
rf_seed_3_skf_4_paras_148_estimator_500_depth_None_minSample_70_random_1_weight_balanced,rf,3_skf_4,33,5,8,8,0.759,0.781,0.5,0.868,0.615,0.805,0.552,0.393,/home/ubuntu/Desktop/DeepAmes_Full_STL_4_keep_weights/results_TA104_with_S9/artifacts/base/rf/estimators/rf_seed_3_skf_4_paras_148_estimator_500_depth_None_minSample_70_random_1_weight_balanced.joblib,"{""bootstrap"": true, ""class_weight"": ""balanced"", ""max_depth"": null, ""max_features"": ""log2"", ""min_samples_split"": 70, ""n_estimators"": 500, ""random_state"": 1}",rf,148,/home/ubuntu/Desktop/DeepAmes_Full_STL_4_keep_weights/results_TA104_with_S9/artifacts/base/rf/scalers/rf_seed_3_skf_4_paras_148_estimator_500_depth_None_minSample_70_random_1_weight_balanced_scaler.joblib,3,4
rf_seed_4_skf_0_paras_148_estimator_500_depth_None_minSample_70_random_1_weight_balanced,rf,4_skf_0,33,5,7,9,0.778,0.747,0.562,0.868,0.643,0.825,0.6,0.449,/home/ubuntu/Desktop/DeepAmes_Full_STL_4_keep_weights/results_TA104_with_S9/artifacts/base/rf/estimators/rf_seed_4_skf_0_paras_148_estimator_500_depth_None_minSample_70_random_1_weight_balanced.joblib,"{""bootstrap"": true, ""class_weight"": ""balanced"", ""max_depth"": null, ""max_features"": ""log2"", ""min_samples_split"": 70, ""n_estimators"": 500, ""random_state"": 1}",rf,148,/home/ubuntu/Desktop/DeepAmes_Full_STL_4_keep_weights/results_TA104_with_S9/artifacts/base/rf/scalers/rf_seed_4_skf_0_paras_148_estimator_500_depth_None_minSample_70_random_1_weight_balanced_scaler.joblib,4,0
rf_seed_4_skf_1_paras_148_estimator_500_depth_None_minSample_70_random_1_weight_balanced,rf,4_skf_1,33,5,8,8,0.759,0.715,0.5,0.868,0.615,0.805,0.552,0.393,/home/ubuntu/Desktop/DeepAmes_Full_STL_4_keep_weights/results_TA104_with_S9/artifacts/base/rf/estimators/rf_seed_4_skf_1_paras_148_estimator_500_depth_None_minSample_70_random_1_weight_balanced.joblib,"{""bootstrap"": true, ""class_weight"": ""balanced"", ""max_depth"": null, ""max_features"": ""log2"", ""min_samples_split"": 70, ""n_estimators"": 500, ""random_state"": 1}",rf,148,/home/ubuntu/Desktop/DeepAmes_Full_STL_4_keep_weights/results_TA104_with_S9/artifacts/base/rf/scalers/rf_seed_4_skf_1_paras_148_estimator_500_depth_None_minSample_70_random_1_weight_balanced_scaler.joblib,4,1
rf_seed_4_skf_2_paras_148_estimator_500_depth_None_minSample_70_random_1_weight_balanced,rf,4_skf_2,33,5,10,6,0.722,0.758,0.375,0.868,0.545,0.767,0.444,0.276,/home/ubuntu/Desktop/DeepAmes_Full_STL_4_keep_weights/results_TA104_with_S9/artifacts/base/rf/estimators/rf_seed_4_skf_2_paras_148_estimator_500_depth_None_minSample_70_random_1_weight_balanced.joblib,"{""bootstrap"": true, ""class_weight"": ""balanced"", ""max_depth"": null, ""max_features"": ""log2"", ""min_samples_split"": 70, ""n_estimators"": 500, ""random_state"": 1}",rf,148,/home/ubuntu/Desktop/DeepAmes_Full_STL_4_keep_weights/results_TA104_with_S9/artifacts/base/rf/scalers/rf_seed_4_skf_2_paras_148_estimator_500_depth_None_minSample_70_random_1_weight_balanced_scaler.joblib,4,2
rf_seed_4_skf_4_paras_148_estimator_500_depth_None_minSample_70_random_1_weight_balanced,rf,4_skf_4,32,6,10,6,0.704,0.704,0.375,0.842,0.5,0.762,0.429,0.238,/home/ubuntu/Desktop/DeepAmes_Full_STL_4_keep_weights/results_TA104_with_S9/artifacts/base/rf/estimators/rf_seed_4_skf_4_paras_148_estimator_500_depth_None_minSample_70_random_1_weight_balanced.joblib,"{""bootstrap"": true, ""class_weight"": ""balanced"", ""max_depth"": null, ""max_features"": ""log2"", ""min_samples_split"": 70, ""n_estimators"": 500, ""random_state"": 1}",rf,148,/home/ubuntu/Desktop/DeepAmes_Full_STL_4_keep_weights/results_TA104_with_S9/artifacts/base/rf/scalers/rf_seed_4_skf_4_paras_148_estimator_500_depth_None_minSample_70_random_1_weight_balanced_scaler.joblib,4,4
rf_seed_5_skf_0_paras_148_estimator_500_depth_None_minSample_70_random_1_weight_balanced,rf,5_skf_0,32,6,8,8,0.741,0.796,0.5,0.842,0.571,0.8,0.533,0.356,/home/ubuntu/Desktop/DeepAmes_Full_STL_4_keep_weights/results_TA104_with_S9/artifacts/base/rf/estimators/rf_seed_5_skf_0_paras_148_estimator_500_depth_None_minSample_70_random_1_weight_balanced.joblib,"{""bootstrap"": true, ""class_weight"": ""balanced"", ""max_depth"": null, ""max_features"": ""log2"", ""min_samples_split"": 70, ""n_estimators"": 500, ""random_state"": 1}",rf,148,/home/ubuntu/Desktop/DeepAmes_Full_STL_4_keep_weights/results_TA104_with_S9/artifacts/base/rf/scalers/rf_seed_5_skf_0_paras_148_estimator_500_depth_None_minSample_70_random_1_weight_balanced_scaler.joblib,5,0
rf_seed_5_skf_1_paras_148_estimator_500_depth_None_minSample_70_random_1_weight_balanced,rf,5_skf_1,32,6,8,8,0.741,0.689,0.5,0.842,0.571,0.8,0.533,0.356,/home/ubuntu/Desktop/DeepAmes_Full_STL_4_keep_weights/results_TA104_with_S9/artifacts/base/rf/estimators/rf_seed_5_skf_1_paras_148_estimator_500_depth_None_minSample_70_random_1_weight_balanced.joblib,"{""bootstrap"": true, ""class_weight"": ""balanced"", ""max_depth"": null, ""max_features"": ""log2"", ""min_samples_split"": 70, ""n_estimators"": 500, ""random_state"": 1}",rf,148,/home/ubuntu/Desktop/DeepAmes_Full_STL_4_keep_weights/results_TA104_with_S9/artifacts/base/rf/scalers/rf_seed_5_skf_1_paras_148_estimator_500_depth_None_minSample_70_random_1_weight_balanced_scaler.joblib,5,1
rf_seed_5_skf_2_paras_148_estimator_500_depth_None_minSample_70_random_1_weight_balanced,rf,5_skf_2,32,6,9,7,0.722,0.763,0.438,0.842,0.538,0.78,0.483,0.299,/home/ubuntu/Desktop/DeepAmes_Full_STL_4_keep_weights/results_TA104_with_S9/artifacts/base/rf/estimators/rf_seed_5_skf_2_paras_148_estimator_500_depth_None_minSample_70_random_1_weight_balanced.joblib,"{""bootstrap"": true, ""class_weight"": ""balanced"", ""max_depth"": null, ""max_features"": ""log2"", ""min_samples_split"": 70, ""n_estimators"": 500, ""random_state"": 1}",rf,148,/home/ubuntu/Desktop/DeepAmes_Full_STL_4_keep_weights/results_TA104_with_S9/artifacts/base/rf/scalers/rf_seed_5_skf_2_paras_148_estimator_500_depth_None_minSample_70_random_1_weight_balanced_scaler.joblib,5,2
rf_seed_5_skf_3_paras_148_estimator_500_depth_None_minSample_70_random_1_weight_balanced,rf,5_skf_3,34,4,8,8,0.778,0.762,0.5,0.895,0.667,0.81,0.571,0.434,/home/ubuntu/Desktop/DeepAmes_Full_STL_4_keep_weights/results_TA104_with_S9/artifacts/base/rf/estimators/rf_seed_5_skf_3_paras_148_estimator_500_depth_None_minSample_70_random_1_weight_balanced.joblib,"{""bootstrap"": true, ""class_weight"": ""balanced"", ""max_depth"": null, ""max_features"": ""log2"", ""min_samples_split"": 70, ""n_estimators"": 500, ""random_state"": 1}",rf,148,/home/ubuntu/Desktop/DeepAmes_Full_STL_4_keep_weights/results_TA104_with_S9/artifacts/base/rf/scalers/rf_seed_5_skf_3_paras_148_estimator_500_depth_None_minSample_70_random_1_weight_balanced_scaler.joblib,5,3
rf_seed_5_skf_4_paras_148_estimator_500_depth_None_minSample_70_random_1_weight_balanced,rf,5_skf_4,32,6,7,9,0.759,0.776,0.562,0.842,0.6,0.821,0.581,0.412,/home/ubuntu/Desktop/DeepAmes_Full_STL_4_keep_weights/results_TA104_with_S9/artifacts/base/rf/estimators/rf_seed_5_skf_4_paras_148_estimator_500_depth_None_minSample_70_random_1_weight_balanced.joblib,"{""bootstrap"": true, ""class_weight"": ""balanced"", ""max_depth"": null, ""max_features"": ""log2"", ""min_samples_split"": 70, ""n_estimators"": 500, ""random_state"": 1}",rf,148,/home/ubuntu/Desktop/DeepAmes_Full_STL_4_keep_weights/results_TA104_with_S9/artifacts/base/rf/scalers/rf_seed_5_skf_4_paras_148_estimator_500_depth_None_minSample_70_random_1_weight_balanced_scaler.joblib,5,4
rf_seed_6_skf_0_paras_148_estimator_500_depth_None_minSample_70_random_1_weight_balanced,rf,6_skf_0,35,3,9,7,0.778,0.773,0.438,0.921,0.7,0.795,0.538,0.421,/home/ubuntu/Desktop/DeepAmes_Full_STL_4_keep_weights/results_TA104_with_S9/artifacts/base/rf/estimators/rf_seed_6_skf_0_paras_148_estimator_500_depth_None_minSample_70_random_1_weight_balanced.joblib,"{""bootstrap"": true, ""class_weight"": ""balanced"", ""max_depth"": null, ""max_features"": ""log2"", ""min_samples_split"": 70, ""n_estimators"": 500, ""random_state"": 1}",rf,148,/home/ubuntu/Desktop/DeepAmes_Full_STL_4_keep_weights/results_TA104_with_S9/artifacts/base/rf/scalers/rf_seed_6_skf_0_paras_148_estimator_500_depth_None_minSample_70_random_1_weight_balanced_scaler.joblib,6,0
rf_seed_6_skf_1_paras_148_estimator_500_depth_None_minSample_70_random_1_weight_balanced,rf,6_skf_1,31,7,8,8,0.722,0.734,0.5,0.816,0.533,0.795,0.516,0.322,/home/ubuntu/Desktop/DeepAmes_Full_STL_4_keep_weights/results_TA104_with_S9/artifacts/base/rf/estimators/rf_seed_6_skf_1_paras_148_estimator_500_depth_None_minSample_70_random_1_weight_balanced.joblib,"{""bootstrap"": true, ""class_weight"": ""balanced"", ""max_depth"": null, ""max_features"": ""log2"", ""min_samples_split"": 70, ""n_estimators"": 500, ""random_state"": 1}",rf,148,/home/ubuntu/Desktop/DeepAmes_Full_STL_4_keep_weights/results_TA104_with_S9/artifacts/base/rf/scalers/rf_seed_6_skf_1_paras_148_estimator_500_depth_None_minSample_70_random_1_weight_balanced_scaler.joblib,6,1
rf_seed_6_skf_2_paras_148_estimator_500_depth_None_minSample_70_random_1_weight_balanced,rf,6_skf_2,32,6,9,7,0.722,0.763,0.438,0.842,0.538,0.78,0.483,0.299,/home/ubuntu/Desktop/DeepAmes_Full_STL_4_keep_weights/results_TA104_with_S9/artifacts/base/rf/estimators/rf_seed_6_skf_2_paras_148_estimator_500_depth_None_minSample_70_random_1_weight_balanced.joblib,"{""bootstrap"": true, ""class_weight"": ""balanced"", ""max_depth"": null, ""max_features"": ""log2"", ""min_samples_split"": 70, ""n_estimators"": 500, ""random_state"": 1}",rf,148,/home/ubuntu/Desktop/DeepAmes_Full_STL_4_keep_weights/results_TA104_with_S9/artifacts/base/rf/scalers/rf_seed_6_skf_2_paras_148_estimator_500_depth_None_minSample_70_random_1_weight_balanced_scaler.joblib,6,2
rf_seed_6_skf_3_paras_148_estimator_500_depth_None_minSample_70_random_1_weight_balanced,rf,6_skf_3,31,7,8,8,0.722,0.727,0.5,0.816,0.533,0.795,0.516,0.322,/home/ubuntu/Desktop/DeepAmes_Full_STL_4_keep_weights/results_TA104_with_S9/artifacts/base/rf/estimators/rf_seed_6_skf_3_paras_148_estimator_500_depth_None_minSample_70_random_1_weight_balanced.joblib,"{""bootstrap"": true, ""class_weight"": ""balanced"", ""max_depth"": null, ""max_features"": ""log2"", ""min_samples_split"": 70, ""n_estimators"": 500, ""random_state"": 1}",rf,148,/home/ubuntu/Desktop/DeepAmes_Full_STL_4_keep_weights/results_TA104_with_S9/artifacts/base/rf/scalers/rf_seed_6_skf_3_paras_148_estimator_500_depth_None_minSample_70_random_1_weight_balanced_scaler.joblib,6,3
rf_seed_6_skf_4_paras_148_estimator_500_depth_None_minSample_70_random_1_weight_balanced,rf,6_skf_4,34,4,7,9,0.796,0.747,0.562,0.895,0.692,0.829,0.621,0.488,/home/ubuntu/Desktop/DeepAmes_Full_STL_4_keep_weights/results_TA104_with_S9/artifacts/base/rf/estimators/rf_seed_6_skf_4_paras_148_estimator_500_depth_None_minSample_70_random_1_weight_balanced.joblib,"{""bootstrap"": true, ""class_weight"": ""balanced"", ""max_depth"": null, ""max_features"": ""log2"", ""min_samples_split"": 70, ""n_estimators"": 500, ""random_state"": 1}",rf,148,/home/ubuntu/Desktop/DeepAmes_Full_STL_4_keep_weights/results_TA104_with_S9/artifacts/base/rf/scalers/rf_seed_6_skf_4_paras_148_estimator_500_depth_None_minSample_70_random_1_weight_balanced_scaler.joblib,6,4
rf_seed_7_skf_0_paras_148_estimator_500_depth_None_minSample_70_random_1_weight_balanced,rf,7_skf_0,31,7,9,7,0.704,0.704,0.438,0.816,0.5,0.775,0.467,0.264,/home/ubuntu/Desktop/DeepAmes_Full_STL_4_keep_weights/results_TA104_with_S9/artifacts/base/rf/estimators/rf_seed_7_skf_0_paras_148_estimator_500_depth_None_minSample_70_random_1_weight_balanced.joblib,"{""bootstrap"": true, ""class_weight"": ""balanced"", ""max_depth"": null, ""max_features"": ""log2"", ""min_samples_split"": 70, ""n_estimators"": 500, ""random_state"": 1}",rf,148,/home/ubuntu/Desktop/DeepAmes_Full_STL_4_keep_weights/results_TA104_with_S9/artifacts/base/rf/scalers/rf_seed_7_skf_0_paras_148_estimator_500_depth_None_minSample_70_random_1_weight_balanced_scaler.joblib,7,0
rf_seed_7_skf_1_paras_148_estimator_500_depth_None_minSample_70_random_1_weight_balanced,rf,7_skf_1,32,6,8,8,0.741,0.812,0.5,0.842,0.571,0.8,0.533,0.356,/home/ubuntu/Desktop/DeepAmes_Full_STL_4_keep_weights/results_TA104_with_S9/artifacts/base/rf/estimators/rf_seed_7_skf_1_paras_148_estimator_500_depth_None_minSample_70_random_1_weight_balanced.joblib,"{""bootstrap"": true, ""class_weight"": ""balanced"", ""max_depth"": null, ""max_features"": ""log2"", ""min_samples_split"": 70, ""n_estimators"": 500, ""random_state"": 1}",rf,148,/home/ubuntu/Desktop/DeepAmes_Full_STL_4_keep_weights/results_TA104_with_S9/artifacts/base/rf/scalers/rf_seed_7_skf_1_paras_148_estimator_500_depth_None_minSample_70_random_1_weight_balanced_scaler.joblib,7,1
rf_seed_7_skf_2_paras_148_estimator_500_depth_None_minSample_70_random_1_weight_balanced,rf,7_skf_2,33,5,8,8,0.759,0.796,0.5,0.868,0.615,0.805,0.552,0.393,/home/ubuntu/Desktop/DeepAmes_Full_STL_4_keep_weights/results_TA104_with_S9/artifacts/base/rf/estimators/rf_seed_7_skf_2_paras_148_estimator_500_depth_None_minSample_70_random_1_weight_balanced.joblib,"{""bootstrap"": true, ""class_weight"": ""balanced"", ""max_depth"": null, ""max_features"": ""log2"", ""min_samples_split"": 70, ""n_estimators"": 500, ""random_state"": 1}",rf,148,/home/ubuntu/Desktop/DeepAmes_Full_STL_4_keep_weights/results_TA104_with_S9/artifacts/base/rf/scalers/rf_seed_7_skf_2_paras_148_estimator_500_depth_None_minSample_70_random_1_weight_balanced_scaler.joblib,7,2
rf_seed_7_skf_3_paras_148_estimator_500_depth_None_minSample_70_random_1_weight_balanced,rf,7_skf_3,32,6,8,8,0.741,0.775,0.5,0.842,0.571,0.8,0.533,0.356,/home/ubuntu/Desktop/DeepAmes_Full_STL_4_keep_weights/results_TA104_with_S9/artifacts/base/rf/estimators/rf_seed_7_skf_3_paras_148_estimator_500_depth_None_minSample_70_random_1_weight_balanced.joblib,"{""bootstrap"": true, ""class_weight"": ""balanced"", ""max_depth"": null, ""max_features"": ""log2"", ""min_samples_split"": 70, ""n_estimators"": 500, ""random_state"": 1}",rf,148,/home/ubuntu/Desktop/DeepAmes_Full_STL_4_keep_weights/results_TA104_with_S9/artifacts/base/rf/scalers/rf_seed_7_skf_3_paras_148_estimator_500_depth_None_minSample_70_random_1_weight_balanced_scaler.joblib,7,3
rf_seed_7_skf_4_paras_148_estimator_500_depth_None_minSample_70_random_1_weight_balanced,rf,7_skf_4,32,6,10,6,0.704,0.712,0.375,0.842,0.5,0.762,0.429,0.238,/home/ubuntu/Desktop/DeepAmes_Full_STL_4_keep_weights/results_TA104_with_S9/artifacts/base/rf/estimators/rf_seed_7_skf_4_paras_148_estimator_500_depth_None_minSample_70_random_1_weight_balanced.joblib,"{""bootstrap"": true, ""class_weight"": ""balanced"", ""max_depth"": null, ""max_features"": ""log2"", ""min_samples_split"": 70, ""n_estimators"": 500, ""random_state"": 1}",rf,148,/home/ubuntu/Desktop/DeepAmes_Full_STL_4_keep_weights/results_TA104_with_S9/artifacts/base/rf/scalers/rf_seed_7_skf_4_paras_148_estimator_500_depth_None_minSample_70_random_1_weight_balanced_scaler.joblib,7,4
rf_seed_8_skf_0_paras_148_estimator_500_depth_None_minSample_70_random_1_weight_balanced,rf,8_skf_0,31,7,9,7,0.704,0.699,0.438,0.816,0.5,0.775,0.467,0.264,/home/ubuntu/Desktop/DeepAmes_Full_STL_4_keep_weights/results_TA104_with_S9/artifacts/base/rf/estimators/rf_seed_8_skf_0_paras_148_estimator_500_depth_None_minSample_70_random_1_weight_balanced.joblib,"{""bootstrap"": true, ""class_weight"": ""balanced"", ""max_depth"": null, ""max_features"": ""log2"", ""min_samples_split"": 70, ""n_estimators"": 500, ""random_state"": 1}",rf,148,/home/ubuntu/Desktop/DeepAmes_Full_STL_4_keep_weights/results_TA104_with_S9/artifacts/base/rf/scalers/rf_seed_8_skf_0_paras_148_estimator_500_depth_None_minSample_70_random_1_weight_balanced_scaler.joblib,8,0
rf_seed_8_skf_1_paras_148_estimator_500_depth_None_minSample_70_random_1_weight_balanced,rf,8_skf_1,32,6,8,8,0.741,0.727,0.5,0.842,0.571,0.8,0.533,0.356,/home/ubuntu/Desktop/DeepAmes_Full_STL_4_keep_weights/results_TA104_with_S9/artifacts/base/rf/estimators/rf_seed_8_skf_1_paras_148_estimator_500_depth_None_minSample_70_random_1_weight_balanced.joblib,"{""bootstrap"": true, ""class_weight"": ""balanced"", ""max_depth"": null, ""max_features"": ""log2"", ""min_samples_split"": 70, ""n_estimators"": 500, ""random_state"": 1}",rf,148,/home/ubuntu/Desktop/DeepAmes_Full_STL_4_keep_weights/results_TA104_with_S9/artifacts/base/rf/scalers/rf_seed_8_skf_1_paras_148_estimator_500_depth_None_minSample_70_random_1_weight_balanced_scaler.joblib,8,1
rf_seed_8_skf_2_paras_148_estimator_500_depth_None_minSample_70_random_1_weight_balanced,rf,8_skf_2,33,5,11,5,0.704,0.752,0.312,0.868,0.5,0.75,0.385,0.213,/home/ubuntu/Desktop/DeepAmes_Full_STL_4_keep_weights/results_TA104_with_S9/artifacts/base/rf/estimators/rf_seed_8_skf_2_paras_148_estimator_500_depth_None_minSample_70_random_1_weight_balanced.joblib,"{""bootstrap"": true, ""class_weight"": ""balanced"", ""max_depth"": null, ""max_features"": ""log2"", ""min_samples_split"": 70, ""n_estimators"": 500, ""random_state"": 1}",rf,148,/home/ubuntu/Desktop/DeepAmes_Full_STL_4_keep_weights/results_TA104_with_S9/artifacts/base/rf/scalers/rf_seed_8_skf_2_paras_148_estimator_500_depth_None_minSample_70_random_1_weight_balanced_scaler.joblib,8,2
rf_seed_8_skf_3_paras_148_estimator_500_depth_None_minSample_70_random_1_weight_balanced,rf,8_skf_3,31,7,7,9,0.741,0.738,0.562,0.816,0.562,0.816,0.562,0.378,/home/ubuntu/Desktop/DeepAmes_Full_STL_4_keep_weights/results_TA104_with_S9/artifacts/base/rf/estimators/rf_seed_8_skf_3_paras_148_estimator_500_depth_None_minSample_70_random_1_weight_balanced.joblib,"{""bootstrap"": true, ""class_weight"": ""balanced"", ""max_depth"": null, ""max_features"": ""log2"", ""min_samples_split"": 70, ""n_estimators"": 500, ""random_state"": 1}",rf,148,/home/ubuntu/Desktop/DeepAmes_Full_STL_4_keep_weights/results_TA104_with_S9/artifacts/base/rf/scalers/rf_seed_8_skf_3_paras_148_estimator_500_depth_None_minSample_70_random_1_weight_balanced_scaler.joblib,8,3
rf_seed_8_skf_4_paras_148_estimator_500_depth_None_minSample_70_random_1_weight_balanced,rf,8_skf_4,32,6,8,8,0.741,0.758,0.5,0.842,0.571,0.8,0.533,0.356,/home/ubuntu/Desktop/DeepAmes_Full_STL_4_keep_weights/results_TA104_with_S9/artifacts/base/rf/estimators/rf_seed_8_skf_4_paras_148_estimator_500_depth_None_minSample_70_random_1_weight_balanced.joblib,"{""bootstrap"": true, ""class_weight"": ""balanced"", ""max_depth"": null, ""max_features"": ""log2"", ""min_samples_split"": 70, ""n_estimators"": 500, ""random_state"": 1}",rf,148,/home/ubuntu/Desktop/DeepAmes_Full_STL_4_keep_weights/results_TA104_with_S9/artifacts/base/rf/scalers/rf_seed_8_skf_4_paras_148_estimator_500_depth_None_minSample_70_random_1_weight_balanced_scaler.joblib,8,4
rf_seed_9_skf_0_paras_148_estimator_500_depth_None_minSample_70_random_1_weight_balanced,rf,9_skf_0,35,3,10,6,0.759,0.76,0.375,0.921,0.667,0.778,0.48,0.363,/home/ubuntu/Desktop/DeepAmes_Full_STL_4_keep_weights/results_TA104_with_S9/artifacts/base/rf/estimators/rf_seed_9_skf_0_paras_148_estimator_500_depth_None_minSample_70_random_1_weight_balanced.joblib,"{""bootstrap"": true, ""class_weight"": ""balanced"", ""max_depth"": null, ""max_features"": ""log2"", ""min_samples_split"": 70, ""n_estimators"": 500, ""random_state"": 1}",rf,148,/home/ubuntu/Desktop/DeepAmes_Full_STL_4_keep_weights/results_TA104_with_S9/artifacts/base/rf/scalers/rf_seed_9_skf_0_paras_148_estimator_500_depth_None_minSample_70_random_1_weight_balanced_scaler.joblib,9,0
rf_seed_9_skf_1_paras_148_estimator_500_depth_None_minSample_70_random_1_weight_balanced,rf,9_skf_1,30,8,6,10,0.741,0.793,0.625,0.789,0.556,0.833,0.588,0.401,/home/ubuntu/Desktop/DeepAmes_Full_STL_4_keep_weights/results_TA104_with_S9/artifacts/base/rf/estimators/rf_seed_9_skf_1_paras_148_estimator_500_depth_None_minSample_70_random_1_weight_balanced.joblib,"{""bootstrap"": true, ""class_weight"": ""balanced"", ""max_depth"": null, ""max_features"": ""log2"", ""min_samples_split"": 70, ""n_estimators"": 500, ""random_state"": 1}",rf,148,/home/ubuntu/Desktop/DeepAmes_Full_STL_4_keep_weights/results_TA104_with_S9/artifacts/base/rf/scalers/rf_seed_9_skf_1_paras_148_estimator_500_depth_None_minSample_70_random_1_weight_balanced_scaler.joblib,9,1
rf_seed_9_skf_2_paras_148_estimator_500_depth_None_minSample_70_random_1_weight_balanced,rf,9_skf_2,32,6,10,6,0.704,0.66,0.375,0.842,0.5,0.762,0.429,0.238,/home/ubuntu/Desktop/DeepAmes_Full_STL_4_keep_weights/results_TA104_with_S9/artifacts/base/rf/estimators/rf_seed_9_skf_2_paras_148_estimator_500_depth_None_minSample_70_random_1_weight_balanced.joblib,"{""bootstrap"": true, ""class_weight"": ""balanced"", ""max_depth"": null, ""max_features"": ""log2"", ""min_samples_split"": 70, ""n_estimators"": 500, ""random_state"": 1}",rf,148,/home/ubuntu/Desktop/DeepAmes_Full_STL_4_keep_weights/results_TA104_with_S9/artifacts/base/rf/scalers/rf_seed_9_skf_2_paras_148_estimator_500_depth_None_minSample_70_random_1_weight_balanced_scaler.joblib,9,2
rf_seed_9_skf_3_paras_148_estimator_500_depth_None_minSample_70_random_1_weight_balanced,rf,9_skf_3,33,5,8,8,0.759,0.786,0.5,0.868,0.615,0.805,0.552,0.393,/home/ubuntu/Desktop/DeepAmes_Full_STL_4_keep_weights/results_TA104_with_S9/artifacts/base/rf/estimators/rf_seed_9_skf_3_paras_148_estimator_500_depth_None_minSample_70_random_1_weight_balanced.joblib,"{""bootstrap"": true, ""class_weight"": ""balanced"", ""max_depth"": null, ""max_features"": ""log2"", ""min_samples_split"": 70, ""n_estimators"": 500, ""random_state"": 1}",rf,148,/home/ubuntu/Desktop/DeepAmes_Full_STL_4_keep_weights/results_TA104_with_S9/artifacts/base/rf/scalers/rf_seed_9_skf_3_paras_148_estimator_500_depth_None_minSample_70_random_1_weight_balanced_scaler.joblib,9,3
rf_seed_9_skf_4_paras_148_estimator_500_depth_None_minSample_70_random_1_weight_balanced,rf,9_skf_4,31,7,8,8,0.722,0.707,0.5,0.816,0.533,0.795,0.516,0.322,/home/ubuntu/Desktop/DeepAmes_Full_STL_4_keep_weights/results_TA104_with_S9/artifacts/base/rf/estimators/rf_seed_9_skf_4_paras_148_estimator_500_depth_None_minSample_70_random_1_weight_balanced.joblib,"{""bootstrap"": true, ""class_weight"": ""balanced"", ""max_depth"": null, ""max_features"": ""log2"", ""min_samples_split"": 70, ""n_estimators"": 500, ""random_state"": 1}",rf,148,/home/ubuntu/Desktop/DeepAmes_Full_STL_4_keep_weights/results_TA104_with_S9/artifacts/base/rf/scalers/rf_seed_9_skf_4_paras_148_estimator_500_depth_None_minSample_70_random_1_weight_balanced_scaler.joblib,9,4
rf_seed_10_skf_0_paras_148_estimator_500_depth_None_minSample_70_random_1_weight_balanced,rf,10_skf_0,32,6,9,7,0.722,0.725,0.438,0.842,0.538,0.78,0.483,0.299,/home/ubuntu/Desktop/DeepAmes_Full_STL_4_keep_weights/results_TA104_with_S9/artifacts/base/rf/estimators/rf_seed_10_skf_0_paras_148_estimator_500_depth_None_minSample_70_random_1_weight_balanced.joblib,"{""bootstrap"": true, ""class_weight"": ""balanced"", ""max_depth"": null, ""max_features"": ""log2"", ""min_samples_split"": 70, ""n_estimators"": 500, ""random_state"": 1}",rf,148,/home/ubuntu/Desktop/DeepAmes_Full_STL_4_keep_weights/results_TA104_with_S9/artifacts/base/rf/scalers/rf_seed_10_skf_0_paras_148_estimator_500_depth_None_minSample_70_random_1_weight_balanced_scaler.joblib,10,0
rf_seed_10_skf_1_paras_148_estimator_500_depth_None_minSample_70_random_1_weight_balanced,rf,10_skf_1,30,8,8,8,0.704,0.755,0.5,0.789,0.5,0.789,0.5,0.289,/home/ubuntu/Desktop/DeepAmes_Full_STL_4_keep_weights/results_TA104_with_S9/artifacts/base/rf/estimators/rf_seed_10_skf_1_paras_148_estimator_500_depth_None_minSample_70_random_1_weight_balanced.joblib,"{""bootstrap"": true, ""class_weight"": ""balanced"", ""max_depth"": null, ""max_features"": ""log2"", ""min_samples_split"": 70, ""n_estimators"": 500, ""random_state"": 1}",rf,148,/home/ubuntu/Desktop/DeepAmes_Full_STL_4_keep_weights/results_TA104_with_S9/artifacts/base/rf/scalers/rf_seed_10_skf_1_paras_148_estimator_500_depth_None_minSample_70_random_1_weight_balanced_scaler.joblib,10,1
rf_seed_10_skf_2_paras_148_estimator_500_depth_None_minSample_70_random_1_weight_balanced,rf,10_skf_2,32,6,7,9,0.759,0.76,0.562,0.842,0.6,0.821,0.581,0.412,/home/ubuntu/Desktop/DeepAmes_Full_STL_4_keep_weights/results_TA104_with_S9/artifacts/base/rf/estimators/rf_seed_10_skf_2_paras_148_estimator_500_depth_None_minSample_70_random_1_weight_balanced.joblib,"{""bootstrap"": true, ""class_weight"": ""balanced"", ""max_depth"": null, ""max_features"": ""log2"", ""min_samples_split"": 70, ""n_estimators"": 500, ""random_state"": 1}",rf,148,/home/ubuntu/Desktop/DeepAmes_Full_STL_4_keep_weights/results_TA104_with_S9/artifacts/base/rf/scalers/rf_seed_10_skf_2_paras_148_estimator_500_depth_None_minSample_70_random_1_weight_balanced_scaler.joblib,10,2
rf_seed_10_skf_3_paras_148_estimator_500_depth_None_minSample_70_random_1_weight_balanced,rf,10_skf_3,32,6,8,8,0.741,0.766,0.5,0.842,0.571,0.8,0.533,0.356,/home/ubuntu/Desktop/DeepAmes_Full_STL_4_keep_weights/results_TA104_with_S9/artifacts/base/rf/estimators/rf_seed_10_skf_3_paras_148_estimator_500_depth_None_minSample_70_random_1_weight_balanced.joblib,"{""bootstrap"": true, ""class_weight"": ""balanced"", ""max_depth"": null, ""max_features"": ""log2"", ""min_samples_split"": 70, ""n_estimators"": 500, ""random_state"": 1}",rf,148,/home/ubuntu/Desktop/DeepAmes_Full_STL_4_keep_weights/results_TA104_with_S9/artifacts/base/rf/scalers/rf_seed_10_skf_3_paras_148_estimator_500_depth_None_minSample_70_random_1_weight_balanced_scaler.joblib,10,3
rf_seed_10_skf_4_paras_148_estimator_500_depth_None_minSample_70_random_1_weight_balanced,rf,10_skf_4,32,6,7,9,0.759,0.715,0.562,0.842,0.6,0.821,0.581,0.412,/home/ubuntu/Desktop/DeepAmes_Full_STL_4_keep_weights/results_TA104_with_S9/artifacts/base/rf/estimators/rf_seed_10_skf_4_paras_148_estimator_500_depth_None_minSample_70_random_1_weight_balanced.joblib,"{""bootstrap"": true, ""class_weight"": ""balanced"", ""max_depth"": null, ""max_features"": ""log2"", ""min_samples_split"": 70, ""n_estimators"": 500, ""random_state"": 1}",rf,148,/home/ubuntu/Desktop/DeepAmes_Full_STL_4_keep_weights/results_TA104_with_S9/artifacts/base/rf/scalers/rf_seed_10_skf_4_paras_148_estimator_500_depth_None_minSample_70_random_1_weight_balanced_scaler.joblib,10,4
rf_seed_11_skf_0_paras_148_estimator_500_depth_None_minSample_70_random_1_weight_balanced,rf,11_skf_0,31,7,8,8,0.722,0.687,0.5,0.816,0.533,0.795,0.516,0.322,/home/ubuntu/Desktop/DeepAmes_Full_STL_4_keep_weights/results_TA104_with_S9/artifacts/base/rf/estimators/rf_seed_11_skf_0_paras_148_estimator_500_depth_None_minSample_70_random_1_weight_balanced.joblib,"{""bootstrap"": true, ""class_weight"": ""balanced"", ""max_depth"": null, ""max_features"": ""log2"", ""min_samples_split"": 70, ""n_estimators"": 500, ""random_state"": 1}",rf,148,/home/ubuntu/Desktop/DeepAmes_Full_STL_4_keep_weights/results_TA104_with_S9/artifacts/base/rf/scalers/rf_seed_11_skf_0_paras_148_estimator_500_depth_None_minSample_70_random_1_weight_balanced_scaler.joblib,11,0
rf_seed_11_skf_1_paras_148_estimator_500_depth_None_minSample_70_random_1_weight_balanced,rf,11_skf_1,33,5,9,7,0.741,0.753,0.438,0.868,0.583,0.786,0.5,0.336,/home/ubuntu/Desktop/DeepAmes_Full_STL_4_keep_weights/results_TA104_with_S9/artifacts/base/rf/estimators/rf_seed_11_skf_1_paras_148_estimator_500_depth_None_minSample_70_random_1_weight_balanced.joblib,"{""bootstrap"": true, ""class_weight"": ""balanced"", ""max_depth"": null, ""max_features"": ""log2"", ""min_samples_split"": 70, ""n_estimators"": 500, ""random_state"": 1}",rf,148,/home/ubuntu/Desktop/DeepAmes_Full_STL_4_keep_weights/results_TA104_with_S9/artifacts/base/rf/scalers/rf_seed_11_skf_1_paras_148_estimator_500_depth_None_minSample_70_random_1_weight_balanced_scaler.joblib,11,1
rf_seed_11_skf_2_paras_148_estimator_500_depth_None_minSample_70_random_1_weight_balanced,rf,11_skf_2,33,5,7,9,0.778,0.786,0.562,0.868,0.643,0.825,0.6,0.449,/home/ubuntu/Desktop/DeepAmes_Full_STL_4_keep_weights/results_TA104_with_S9/artifacts/base/rf/estimators/rf_seed_11_skf_2_paras_148_estimator_500_depth_None_minSample_70_random_1_weight_balanced.joblib,"{""bootstrap"": true, ""class_weight"": ""balanced"", ""max_depth"": null, ""max_features"": ""log2"", ""min_samples_split"": 70, ""n_estimators"": 500, ""random_state"": 1}",rf,148,/home/ubuntu/Desktop/DeepAmes_Full_STL_4_keep_weights/results_TA104_with_S9/artifacts/base/rf/scalers/rf_seed_11_skf_2_paras_148_estimator_500_depth_None_minSample_70_random_1_weight_balanced_scaler.joblib,11,2
rf_seed_11_skf_3_paras_148_estimator_500_depth_None_minSample_70_random_1_weight_balanced,rf,11_skf_3,32,6,10,6,0.704,0.732,0.375,0.842,0.5,0.762,0.429,0.238,/home/ubuntu/Desktop/DeepAmes_Full_STL_4_keep_weights/results_TA104_with_S9/artifacts/base/rf/estimators/rf_seed_11_skf_3_paras_148_estimator_500_depth_None_minSample_70_random_1_weight_balanced.joblib,"{""bootstrap"": true, ""class_weight"": ""balanced"", ""max_depth"": null, ""max_features"": ""log2"", ""min_samples_split"": 70, ""n_estimators"": 500, ""random_state"": 1}",rf,148,/home/ubuntu/Desktop/DeepAmes_Full_STL_4_keep_weights/results_TA104_with_S9/artifacts/base/rf/scalers/rf_seed_11_skf_3_paras_148_estimator_500_depth_None_minSample_70_random_1_weight_balanced_scaler.joblib,11,3
rf_seed_11_skf_4_paras_148_estimator_500_depth_None_minSample_70_random_1_weight_balanced,rf,11_skf_4,32,6,8,8,0.741,0.755,0.5,0.842,0.571,0.8,0.533,0.356,/home/ubuntu/Desktop/DeepAmes_Full_STL_4_keep_weights/results_TA104_with_S9/artifacts/base/rf/estimators/rf_seed_11_skf_4_paras_148_estimator_500_depth_None_minSample_70_random_1_weight_balanced.joblib,"{""bootstrap"": true, ""class_weight"": ""balanced"", ""max_depth"": null, ""max_features"": ""log2"", ""min_samples_split"": 70, ""n_estimators"": 500, ""random_state"": 1}",rf,148,/home/ubuntu/Desktop/DeepAmes_Full_STL_4_keep_weights/results_TA104_with_S9/artifacts/base/rf/scalers/rf_seed_11_skf_4_paras_148_estimator_500_depth_None_minSample_70_random_1_weight_balanced_scaler.joblib,11,4
rf_seed_12_skf_0_paras_148_estimator_500_depth_None_minSample_70_random_1_weight_balanced,rf,12_skf_0,33,5,7,9,0.778,0.785,0.562,0.868,0.643,0.825,0.6,0.449,/home/ubuntu/Desktop/DeepAmes_Full_STL_4_keep_weights/results_TA104_with_S9/artifacts/base/rf/estimators/rf_seed_12_skf_0_paras_148_estimator_500_depth_None_minSample_70_random_1_weight_balanced.joblib,"{""bootstrap"": true, ""class_weight"": ""balanced"", ""max_depth"": null, ""max_features"": ""log2"", ""min_samples_split"": 70, ""n_estimators"": 500, ""random_state"": 1}",rf,148,/home/ubuntu/Desktop/DeepAmes_Full_STL_4_keep_weights/results_TA104_with_S9/artifacts/base/rf/scalers/rf_seed_12_skf_0_paras_148_estimator_500_depth_None_minSample_70_random_1_weight_balanced_scaler.joblib,12,0
rf_seed_12_skf_1_paras_148_estimator_500_depth_None_minSample_70_random_1_weight_balanced,rf,12_skf_1,33,5,8,8,0.759,0.745,0.5,0.868,0.615,0.805,0.552,0.393,/home/ubuntu/Desktop/DeepAmes_Full_STL_4_keep_weights/results_TA104_with_S9/artifacts/base/rf/estimators/rf_seed_12_skf_1_paras_148_estimator_500_depth_None_minSample_70_random_1_weight_balanced.joblib,"{""bootstrap"": true, ""class_weight"": ""balanced"", ""max_depth"": null, ""max_features"": ""log2"", ""min_samples_split"": 70, ""n_estimators"": 500, ""random_state"": 1}",rf,148,/home/ubuntu/Desktop/DeepAmes_Full_STL_4_keep_weights/results_TA104_with_S9/artifacts/base/rf/scalers/rf_seed_12_skf_1_paras_148_estimator_500_depth_None_minSample_70_random_1_weight_balanced_scaler.joblib,12,1
rf_seed_12_skf_2_paras_148_estimator_500_depth_None_minSample_70_random_1_weight_balanced,rf,12_skf_2,32,6,9,7,0.722,0.786,0.438,0.842,0.538,0.78,0.483,0.299,/home/ubuntu/Desktop/DeepAmes_Full_STL_4_keep_weights/results_TA104_with_S9/artifacts/base/rf/estimators/rf_seed_12_skf_2_paras_148_estimator_500_depth_None_minSample_70_random_1_weight_balanced.joblib,"{""bootstrap"": true, ""class_weight"": ""balanced"", ""max_depth"": null, ""max_features"": ""log2"", ""min_samples_split"": 70, ""n_estimators"": 500, ""random_state"": 1}",rf,148,/home/ubuntu/Desktop/DeepAmes_Full_STL_4_keep_weights/results_TA104_with_S9/artifacts/base/rf/scalers/rf_seed_12_skf_2_paras_148_estimator_500_depth_None_minSample_70_random_1_weight_balanced_scaler.joblib,12,2
rf_seed_12_skf_3_paras_148_estimator_500_depth_None_minSample_70_random_1_weight_balanced,rf,12_skf_3,33,5,8,8,0.759,0.737,0.5,0.868,0.615,0.805,0.552,0.393,/home/ubuntu/Desktop/DeepAmes_Full_STL_4_keep_weights/results_TA104_with_S9/artifacts/base/rf/estimators/rf_seed_12_skf_3_paras_148_estimator_500_depth_None_minSample_70_random_1_weight_balanced.joblib,"{""bootstrap"": true, ""class_weight"": ""balanced"", ""max_depth"": null, ""max_features"": ""log2"", ""min_samples_split"": 70, ""n_estimators"": 500, ""random_state"": 1}",rf,148,/home/ubuntu/Desktop/DeepAmes_Full_STL_4_keep_weights/results_TA104_with_S9/artifacts/base/rf/scalers/rf_seed_12_skf_3_paras_148_estimator_500_depth_None_minSample_70_random_1_weight_balanced_scaler.joblib,12,3
rf_seed_12_skf_4_paras_148_estimator_500_depth_None_minSample_70_random_1_weight_balanced,rf,12_skf_4,30,8,8,8,0.704,0.664,0.5,0.789,0.5,0.789,0.5,0.289,/home/ubuntu/Desktop/DeepAmes_Full_STL_4_keep_weights/results_TA104_with_S9/artifacts/base/rf/estimators/rf_seed_12_skf_4_paras_148_estimator_500_depth_None_minSample_70_random_1_weight_balanced.joblib,"{""bootstrap"": true, ""class_weight"": ""balanced"", ""max_depth"": null, ""max_features"": ""log2"", ""min_samples_split"": 70, ""n_estimators"": 500, ""random_state"": 1}",rf,148,/home/ubuntu/Desktop/DeepAmes_Full_STL_4_keep_weights/results_TA104_with_S9/artifacts/base/rf/scalers/rf_seed_12_skf_4_paras_148_estimator_500_depth_None_minSample_70_random_1_weight_balanced_scaler.joblib,12,4
rf_seed_13_skf_0_paras_148_estimator_500_depth_None_minSample_70_random_1_weight_balanced,rf,13_skf_0,32,6,10,6,0.704,0.651,0.375,0.842,0.5,0.762,0.429,0.238,/home/ubuntu/Desktop/DeepAmes_Full_STL_4_keep_weights/results_TA104_with_S9/artifacts/base/rf/estimators/rf_seed_13_skf_0_paras_148_estimator_500_depth_None_minSample_70_random_1_weight_balanced.joblib,"{""bootstrap"": true, ""class_weight"": ""balanced"", ""max_depth"": null, ""max_features"": ""log2"", ""min_samples_split"": 70, ""n_estimators"": 500, ""random_state"": 1}",rf,148,/home/ubuntu/Desktop/DeepAmes_Full_STL_4_keep_weights/results_TA104_with_S9/artifacts/base/rf/scalers/rf_seed_13_skf_0_paras_148_estimator_500_depth_None_minSample_70_random_1_weight_balanced_scaler.joblib,13,0
rf_seed_13_skf_1_paras_148_estimator_500_depth_None_minSample_70_random_1_weight_balanced,rf,13_skf_1,30,8,8,8,0.704,0.727,0.5,0.789,0.5,0.789,0.5,0.289,/home/ubuntu/Desktop/DeepAmes_Full_STL_4_keep_weights/results_TA104_with_S9/artifacts/base/rf/estimators/rf_seed_13_skf_1_paras_148_estimator_500_depth_None_minSample_70_random_1_weight_balanced.joblib,"{""bootstrap"": true, ""class_weight"": ""balanced"", ""max_depth"": null, ""max_features"": ""log2"", ""min_samples_split"": 70, ""n_estimators"": 500, ""random_state"": 1}",rf,148,/home/ubuntu/Desktop/DeepAmes_Full_STL_4_keep_weights/results_TA104_with_S9/artifacts/base/rf/scalers/rf_seed_13_skf_1_paras_148_estimator_500_depth_None_minSample_70_random_1_weight_balanced_scaler.joblib,13,1
rf_seed_13_skf_2_paras_148_estimator_500_depth_None_minSample_70_random_1_weight_balanced,rf,13_skf_2,34,4,9,7,0.759,0.755,0.438,0.895,0.636,0.791,0.519,0.377,/home/ubuntu/Desktop/DeepAmes_Full_STL_4_keep_weights/results_TA104_with_S9/artifacts/base/rf/estimators/rf_seed_13_skf_2_paras_148_estimator_500_depth_None_minSample_70_random_1_weight_balanced.joblib,"{""bootstrap"": true, ""class_weight"": ""balanced"", ""max_depth"": null, ""max_features"": ""log2"", ""min_samples_split"": 70, ""n_estimators"": 500, ""random_state"": 1}",rf,148,/home/ubuntu/Desktop/DeepAmes_Full_STL_4_keep_weights/results_TA104_with_S9/artifacts/base/rf/scalers/rf_seed_13_skf_2_paras_148_estimator_500_depth_None_minSample_70_random_1_weight_balanced_scaler.joblib,13,2
rf_seed_13_skf_3_paras_148_estimator_500_depth_None_minSample_70_random_1_weight_balanced,rf,13_skf_3,32,6,6,10,0.778,0.794,0.625,0.842,0.625,0.842,0.625,0.467,/home/ubuntu/Desktop/DeepAmes_Full_STL_4_keep_weights/results_TA104_with_S9/artifacts/base/rf/estimators/rf_seed_13_skf_3_paras_148_estimator_500_depth_None_minSample_70_random_1_weight_balanced.joblib,"{""bootstrap"": true, ""class_weight"": ""balanced"", ""max_depth"": null, ""max_features"": ""log2"", ""min_samples_split"": 70, ""n_estimators"": 500, ""random_state"": 1}",rf,148,/home/ubuntu/Desktop/DeepAmes_Full_STL_4_keep_weights/results_TA104_with_S9/artifacts/base/rf/scalers/rf_seed_13_skf_3_paras_148_estimator_500_depth_None_minSample_70_random_1_weight_balanced_scaler.joblib,13,3
rf_seed_13_skf_4_paras_148_estimator_500_depth_None_minSample_70_random_1_weight_balanced,rf,13_skf_4,34,4,10,6,0.741,0.743,0.375,0.895,0.6,0.773,0.462,0.317,/home/ubuntu/Desktop/DeepAmes_Full_STL_4_keep_weights/results_TA104_with_S9/artifacts/base/rf/estimators/rf_seed_13_skf_4_paras_148_estimator_500_depth_None_minSample_70_random_1_weight_balanced.joblib,"{""bootstrap"": true, ""class_weight"": ""balanced"", ""max_depth"": null, ""max_features"": ""log2"", ""min_samples_split"": 70, ""n_estimators"": 500, ""random_state"": 1}",rf,148,/home/ubuntu/Desktop/DeepAmes_Full_STL_4_keep_weights/results_TA104_with_S9/artifacts/base/rf/scalers/rf_seed_13_skf_4_paras_148_estimator_500_depth_None_minSample_70_random_1_weight_balanced_scaler.joblib,13,4
rf_seed_14_skf_0_paras_148_estimator_500_depth_None_minSample_70_random_1_weight_balanced,rf,14_skf_0,33,5,8,8,0.759,0.707,0.5,0.868,0.615,0.805,0.552,0.393,/home/ubuntu/Desktop/DeepAmes_Full_STL_4_keep_weights/results_TA104_with_S9/artifacts/base/rf/estimators/rf_seed_14_skf_0_paras_148_estimator_500_depth_None_minSample_70_random_1_weight_balanced.joblib,"{""bootstrap"": true, ""class_weight"": ""balanced"", ""max_depth"": null, ""max_features"": ""log2"", ""min_samples_split"": 70, ""n_estimators"": 500, ""random_state"": 1}",rf,148,/home/ubuntu/Desktop/DeepAmes_Full_STL_4_keep_weights/results_TA104_with_S9/artifacts/base/rf/scalers/rf_seed_14_skf_0_paras_148_estimator_500_depth_None_minSample_70_random_1_weight_balanced_scaler.joblib,14,0
rf_seed_14_skf_1_paras_148_estimator_500_depth_None_minSample_70_random_1_weight_balanced,rf,14_skf_1,30,8,8,8,0.704,0.758,0.5,0.789,0.5,0.789,0.5,0.289,/home/ubuntu/Desktop/DeepAmes_Full_STL_4_keep_weights/results_TA104_with_S9/artifacts/base/rf/estimators/rf_seed_14_skf_1_paras_148_estimator_500_depth_None_minSample_70_random_1_weight_balanced.joblib,"{""bootstrap"": true, ""class_weight"": ""balanced"", ""max_depth"": null, ""max_features"": ""log2"", ""min_samples_split"": 70, ""n_estimators"": 500, ""random_state"": 1}",rf,148,/home/ubuntu/Desktop/DeepAmes_Full_STL_4_keep_weights/results_TA104_with_S9/artifacts/base/rf/scalers/rf_seed_14_skf_1_paras_148_estimator_500_depth_None_minSample_70_random_1_weight_balanced_scaler.joblib,14,1
rf_seed_14_skf_2_paras_148_estimator_500_depth_None_minSample_70_random_1_weight_balanced,rf,14_skf_2,32,6,8,8,0.741,0.796,0.5,0.842,0.571,0.8,0.533,0.356,/home/ubuntu/Desktop/DeepAmes_Full_STL_4_keep_weights/results_TA104_with_S9/artifacts/base/rf/estimators/rf_seed_14_skf_2_paras_148_estimator_500_depth_None_minSample_70_random_1_weight_balanced.joblib,"{""bootstrap"": true, ""class_weight"": ""balanced"", ""max_depth"": null, ""max_features"": ""log2"", ""min_samples_split"": 70, ""n_estimators"": 500, ""random_state"": 1}",rf,148,/home/ubuntu/Desktop/DeepAmes_Full_STL_4_keep_weights/results_TA104_with_S9/artifacts/base/rf/scalers/rf_seed_14_skf_2_paras_148_estimator_500_depth_None_minSample_70_random_1_weight_balanced_scaler.joblib,14,2
rf_seed_14_skf_3_paras_148_estimator_500_depth_None_minSample_70_random_1_weight_balanced,rf,14_skf_3,33,5,8,8,0.759,0.776,0.5,0.868,0.615,0.805,0.552,0.393,/home/ubuntu/Desktop/DeepAmes_Full_STL_4_keep_weights/results_TA104_with_S9/artifacts/base/rf/estimators/rf_seed_14_skf_3_paras_148_estimator_500_depth_None_minSample_70_random_1_weight_balanced.joblib,"{""bootstrap"": true, ""class_weight"": ""balanced"", ""max_depth"": null, ""max_features"": ""log2"", ""min_samples_split"": 70, ""n_estimators"": 500, ""random_state"": 1}",rf,148,/home/ubuntu/Desktop/DeepAmes_Full_STL_4_keep_weights/results_TA104_with_S9/artifacts/base/rf/scalers/rf_seed_14_skf_3_paras_148_estimator_500_depth_None_minSample_70_random_1_weight_balanced_scaler.joblib,14,3
rf_seed_14_skf_4_paras_148_estimator_500_depth_None_minSample_70_random_1_weight_balanced,rf,14_skf_4,32,6,8,8,0.741,0.748,0.5,0.842,0.571,0.8,0.533,0.356,/home/ubuntu/Desktop/DeepAmes_Full_STL_4_keep_weights/results_TA104_with_S9/artifacts/base/rf/estimators/rf_seed_14_skf_4_paras_148_estimator_500_depth_None_minSample_70_random_1_weight_balanced.joblib,"{""bootstrap"": true, ""class_weight"": ""balanced"", ""max_depth"": null, ""max_features"": ""log2"", ""min_samples_split"": 70, ""n_estimators"": 500, ""random_state"": 1}",rf,148,/home/ubuntu/Desktop/DeepAmes_Full_STL_4_keep_weights/results_TA104_with_S9/artifacts/base/rf/scalers/rf_seed_14_skf_4_paras_148_estimator_500_depth_None_minSample_70_random_1_weight_balanced_scaler.joblib,14,4
rf_seed_15_skf_0_paras_148_estimator_500_depth_None_minSample_70_random_1_weight_balanced,rf,15_skf_0,33,5,8,8,0.759,0.704,0.5,0.868,0.615,0.805,0.552,0.393,/home/ubuntu/Desktop/DeepAmes_Full_STL_4_keep_weights/results_TA104_with_S9/artifacts/base/rf/estimators/rf_seed_15_skf_0_paras_148_estimator_500_depth_None_minSample_70_random_1_weight_balanced.joblib,"{""bootstrap"": true, ""class_weight"": ""balanced"", ""max_depth"": null, ""max_features"": ""log2"", ""min_samples_split"": 70, ""n_estimators"": 500, ""random_state"": 1}",rf,148,/home/ubuntu/Desktop/DeepAmes_Full_STL_4_keep_weights/results_TA104_with_S9/artifacts/base/rf/scalers/rf_seed_15_skf_0_paras_148_estimator_500_depth_None_minSample_70_random_1_weight_balanced_scaler.joblib,15,0
rf_seed_15_skf_1_paras_148_estimator_500_depth_None_minSample_70_random_1_weight_balanced,rf,15_skf_1,32,6,9,7,0.722,0.771,0.438,0.842,0.538,0.78,0.483,0.299,/home/ubuntu/Desktop/DeepAmes_Full_STL_4_keep_weights/results_TA104_with_S9/artifacts/base/rf/estimators/rf_seed_15_skf_1_paras_148_estimator_500_depth_None_minSample_70_random_1_weight_balanced.joblib,"{""bootstrap"": true, ""class_weight"": ""balanced"", ""max_depth"": null, ""max_features"": ""log2"", ""min_samples_split"": 70, ""n_estimators"": 500, ""random_state"": 1}",rf,148,/home/ubuntu/Desktop/DeepAmes_Full_STL_4_keep_weights/results_TA104_with_S9/artifacts/base/rf/scalers/rf_seed_15_skf_1_paras_148_estimator_500_depth_None_minSample_70_random_1_weight_balanced_scaler.joblib,15,1
rf_seed_15_skf_2_paras_148_estimator_500_depth_None_minSample_70_random_1_weight_balanced,rf,15_skf_2,33,5,10,6,0.722,0.724,0.375,0.868,0.545,0.767,0.444,0.276,/home/ubuntu/Desktop/DeepAmes_Full_STL_4_keep_weights/results_TA104_with_S9/artifacts/base/rf/estimators/rf_seed_15_skf_2_paras_148_estimator_500_depth_None_minSample_70_random_1_weight_balanced.joblib,"{""bootstrap"": true, ""class_weight"": ""balanced"", ""max_depth"": null, ""max_features"": ""log2"", ""min_samples_split"": 70, ""n_estimators"": 500, ""random_state"": 1}",rf,148,/home/ubuntu/Desktop/DeepAmes_Full_STL_4_keep_weights/results_TA104_with_S9/artifacts/base/rf/scalers/rf_seed_15_skf_2_paras_148_estimator_500_depth_None_minSample_70_random_1_weight_balanced_scaler.joblib,15,2
rf_seed_15_skf_4_paras_148_estimator_500_depth_None_minSample_70_random_1_weight_balanced,rf,15_skf_4,32,6,7,9,0.759,0.735,0.562,0.842,0.6,0.821,0.581,0.412,/home/ubuntu/Desktop/DeepAmes_Full_STL_4_keep_weights/results_TA104_with_S9/artifacts/base/rf/estimators/rf_seed_15_skf_4_paras_148_estimator_500_depth_None_minSample_70_random_1_weight_balanced.joblib,"{""bootstrap"": true, ""class_weight"": ""balanced"", ""max_depth"": null, ""max_features"": ""log2"", ""min_samples_split"": 70, ""n_estimators"": 500, ""random_state"": 1}",rf,148,/home/ubuntu/Desktop/DeepAmes_Full_STL_4_keep_weights/results_TA104_with_S9/artifacts/base/rf/scalers/rf_seed_15_skf_4_paras_148_estimator_500_depth_None_minSample_70_random_1_weight_balanced_scaler.joblib,15,4
rf_seed_16_skf_0_paras_148_estimator_500_depth_None_minSample_70_random_1_weight_balanced,rf,16_skf_0,32,6,7,9,0.759,0.757,0.562,0.842,0.6,0.821,0.581,0.412,/home/ubuntu/Desktop/DeepAmes_Full_STL_4_keep_weights/results_TA104_with_S9/artifacts/base/rf/estimators/rf_seed_16_skf_0_paras_148_estimator_500_depth_None_minSample_70_random_1_weight_balanced.joblib,"{""bootstrap"": true, ""class_weight"": ""balanced"", ""max_depth"": null, ""max_features"": ""log2"", ""min_samples_split"": 70, ""n_estimators"": 500, ""random_state"": 1}",rf,148,/home/ubuntu/Desktop/DeepAmes_Full_STL_4_keep_weights/results_TA104_with_S9/artifacts/base/rf/scalers/rf_seed_16_skf_0_paras_148_estimator_500_depth_None_minSample_70_random_1_weight_balanced_scaler.joblib,16,0
rf_seed_16_skf_1_paras_148_estimator_500_depth_None_minSample_70_random_1_weight_balanced,rf,16_skf_1,33,5,8,8,0.759,0.755,0.5,0.868,0.615,0.805,0.552,0.393,/home/ubuntu/Desktop/DeepAmes_Full_STL_4_keep_weights/results_TA104_with_S9/artifacts/base/rf/estimators/rf_seed_16_skf_1_paras_148_estimator_500_depth_None_minSample_70_random_1_weight_balanced.joblib,"{""bootstrap"": true, ""class_weight"": ""balanced"", ""max_depth"": null, ""max_features"": ""log2"", ""min_samples_split"": 70, ""n_estimators"": 500, ""random_state"": 1}",rf,148,/home/ubuntu/Desktop/DeepAmes_Full_STL_4_keep_weights/results_TA104_with_S9/artifacts/base/rf/scalers/rf_seed_16_skf_1_paras_148_estimator_500_depth_None_minSample_70_random_1_weight_balanced_scaler.joblib,16,1
rf_seed_16_skf_2_paras_148_estimator_500_depth_None_minSample_70_random_1_weight_balanced,rf,16_skf_2,33,5,8,8,0.759,0.766,0.5,0.868,0.615,0.805,0.552,0.393,/home/ubuntu/Desktop/DeepAmes_Full_STL_4_keep_weights/results_TA104_with_S9/artifacts/base/rf/estimators/rf_seed_16_skf_2_paras_148_estimator_500_depth_None_minSample_70_random_1_weight_balanced.joblib,"{""bootstrap"": true, ""class_weight"": ""balanced"", ""max_depth"": null, ""max_features"": ""log2"", ""min_samples_split"": 70, ""n_estimators"": 500, ""random_state"": 1}",rf,148,/home/ubuntu/Desktop/DeepAmes_Full_STL_4_keep_weights/results_TA104_with_S9/artifacts/base/rf/scalers/rf_seed_16_skf_2_paras_148_estimator_500_depth_None_minSample_70_random_1_weight_balanced_scaler.joblib,16,2
rf_seed_16_skf_3_paras_148_estimator_500_depth_None_minSample_70_random_1_weight_balanced,rf,16_skf_3,35,3,10,6,0.759,0.775,0.375,0.921,0.667,0.778,0.48,0.363,/home/ubuntu/Desktop/DeepAmes_Full_STL_4_keep_weights/results_TA104_with_S9/artifacts/base/rf/estimators/rf_seed_16_skf_3_paras_148_estimator_500_depth_None_minSample_70_random_1_weight_balanced.joblib,"{""bootstrap"": true, ""class_weight"": ""balanced"", ""max_depth"": null, ""max_features"": ""log2"", ""min_samples_split"": 70, ""n_estimators"": 500, ""random_state"": 1}",rf,148,/home/ubuntu/Desktop/DeepAmes_Full_STL_4_keep_weights/results_TA104_with_S9/artifacts/base/rf/scalers/rf_seed_16_skf_3_paras_148_estimator_500_depth_None_minSample_70_random_1_weight_balanced_scaler.joblib,16,3
rf_seed_16_skf_4_paras_148_estimator_500_depth_None_minSample_70_random_1_weight_balanced,rf,16_skf_4,31,7,9,7,0.704,0.696,0.438,0.816,0.5,0.775,0.467,0.264,/home/ubuntu/Desktop/DeepAmes_Full_STL_4_keep_weights/results_TA104_with_S9/artifacts/base/rf/estimators/rf_seed_16_skf_4_paras_148_estimator_500_depth_None_minSample_70_random_1_weight_balanced.joblib,"{""bootstrap"": true, ""class_weight"": ""balanced"", ""max_depth"": null, ""max_features"": ""log2"", ""min_samples_split"": 70, ""n_estimators"": 500, ""random_state"": 1}",rf,148,/home/ubuntu/Desktop/DeepAmes_Full_STL_4_keep_weights/results_TA104_with_S9/artifacts/base/rf/scalers/rf_seed_16_skf_4_paras_148_estimator_500_depth_None_minSample_70_random_1_weight_balanced_scaler.joblib,16,4
rf_seed_17_skf_0_paras_148_estimator_500_depth_None_minSample_70_random_1_weight_balanced,rf,17_skf_0,30,8,8,8,0.704,0.738,0.5,0.789,0.5,0.789,0.5,0.289,/home/ubuntu/Desktop/DeepAmes_Full_STL_4_keep_weights/results_TA104_with_S9/artifacts/base/rf/estimators/rf_seed_17_skf_0_paras_148_estimator_500_depth_None_minSample_70_random_1_weight_balanced.joblib,"{""bootstrap"": true, ""class_weight"": ""balanced"", ""max_depth"": null, ""max_features"": ""log2"", ""min_samples_split"": 70, ""n_estimators"": 500, ""random_state"": 1}",rf,148,/home/ubuntu/Desktop/DeepAmes_Full_STL_4_keep_weights/results_TA104_with_S9/artifacts/base/rf/scalers/rf_seed_17_skf_0_paras_148_estimator_500_depth_None_minSample_70_random_1_weight_balanced_scaler.joblib,17,0
rf_seed_17_skf_1_paras_148_estimator_500_depth_None_minSample_70_random_1_weight_balanced,rf,17_skf_1,33,5,7,9,0.778,0.773,0.562,0.868,0.643,0.825,0.6,0.449,/home/ubuntu/Desktop/DeepAmes_Full_STL_4_keep_weights/results_TA104_with_S9/artifacts/base/rf/estimators/rf_seed_17_skf_1_paras_148_estimator_500_depth_None_minSample_70_random_1_weight_balanced.joblib,"{""bootstrap"": true, ""class_weight"": ""balanced"", ""max_depth"": null, ""max_features"": ""log2"", ""min_samples_split"": 70, ""n_estimators"": 500, ""random_state"": 1}",rf,148,/home/ubuntu/Desktop/DeepAmes_Full_STL_4_keep_weights/results_TA104_with_S9/artifacts/base/rf/scalers/rf_seed_17_skf_1_paras_148_estimator_500_depth_None_minSample_70_random_1_weight_balanced_scaler.joblib,17,1
rf_seed_17_skf_2_paras_148_estimator_500_depth_None_minSample_70_random_1_weight_balanced,rf,17_skf_2,35,3,9,7,0.778,0.748,0.438,0.921,0.7,0.795,0.538,0.421,/home/ubuntu/Desktop/DeepAmes_Full_STL_4_keep_weights/results_TA104_with_S9/artifacts/base/rf/estimators/rf_seed_17_skf_2_paras_148_estimator_500_depth_None_minSample_70_random_1_weight_balanced.joblib,"{""bootstrap"": true, ""class_weight"": ""balanced"", ""max_depth"": null, ""max_features"": ""log2"", ""min_samples_split"": 70, ""n_estimators"": 500, ""random_state"": 1}",rf,148,/home/ubuntu/Desktop/DeepAmes_Full_STL_4_keep_weights/results_TA104_with_S9/artifacts/base/rf/scalers/rf_seed_17_skf_2_paras_148_estimator_500_depth_None_minSample_70_random_1_weight_balanced_scaler.joblib,17,2
rf_seed_17_skf_3_paras_148_estimator_500_depth_None_minSample_70_random_1_weight_balanced,rf,17_skf_3,32,6,9,7,0.722,0.72,0.438,0.842,0.538,0.78,0.483,0.299,/home/ubuntu/Desktop/DeepAmes_Full_STL_4_keep_weights/results_TA104_with_S9/artifacts/base/rf/estimators/rf_seed_17_skf_3_paras_148_estimator_500_depth_None_minSample_70_random_1_weight_balanced.joblib,"{""bootstrap"": true, ""class_weight"": ""balanced"", ""max_depth"": null, ""max_features"": ""log2"", ""min_samples_split"": 70, ""n_estimators"": 500, ""random_state"": 1}",rf,148,/home/ubuntu/Desktop/DeepAmes_Full_STL_4_keep_weights/results_TA104_with_S9/artifacts/base/rf/scalers/rf_seed_17_skf_3_paras_148_estimator_500_depth_None_minSample_70_random_1_weight_balanced_scaler.joblib,17,3
rf_seed_17_skf_4_paras_148_estimator_500_depth_None_minSample_70_random_1_weight_balanced,rf,17_skf_4,33,5,7,9,0.778,0.765,0.562,0.868,0.643,0.825,0.6,0.449,/home/ubuntu/Desktop/DeepAmes_Full_STL_4_keep_weights/results_TA104_with_S9/artifacts/base/rf/estimators/rf_seed_17_skf_4_paras_148_estimator_500_depth_None_minSample_70_random_1_weight_balanced.joblib,"{""bootstrap"": true, ""class_weight"": ""balanced"", ""max_depth"": null, ""max_features"": ""log2"", ""min_samples_split"": 70, ""n_estimators"": 500, ""random_state"": 1}",rf,148,/home/ubuntu/Desktop/DeepAmes_Full_STL_4_keep_weights/results_TA104_with_S9/artifacts/base/rf/scalers/rf_seed_17_skf_4_paras_148_estimator_500_depth_None_minSample_70_random_1_weight_balanced_scaler.joblib,17,4
rf_seed_18_skf_0_paras_148_estimator_500_depth_None_minSample_70_random_1_weight_balanced,rf,18_skf_0,32,6,8,8,0.741,0.747,0.5,0.842,0.571,0.8,0.533,0.356,/home/ubuntu/Desktop/DeepAmes_Full_STL_4_keep_weights/results_TA104_with_S9/artifacts/base/rf/estimators/rf_seed_18_skf_0_paras_148_estimator_500_depth_None_minSample_70_random_1_weight_balanced.joblib,"{""bootstrap"": true, ""class_weight"": ""balanced"", ""max_depth"": null, ""max_features"": ""log2"", ""min_samples_split"": 70, ""n_estimators"": 500, ""random_state"": 1}",rf,148,/home/ubuntu/Desktop/DeepAmes_Full_STL_4_keep_weights/results_TA104_with_S9/artifacts/base/rf/scalers/rf_seed_18_skf_0_paras_148_estimator_500_depth_None_minSample_70_random_1_weight_balanced_scaler.joblib,18,0
rf_seed_18_skf_1_paras_148_estimator_500_depth_None_minSample_70_random_1_weight_balanced,rf,18_skf_1,32,6,8,8,0.741,0.679,0.5,0.842,0.571,0.8,0.533,0.356,/home/ubuntu/Desktop/DeepAmes_Full_STL_4_keep_weights/results_TA104_with_S9/artifacts/base/rf/estimators/rf_seed_18_skf_1_paras_148_estimator_500_depth_None_minSample_70_random_1_weight_balanced.joblib,"{""bootstrap"": true, ""class_weight"": ""balanced"", ""max_depth"": null, ""max_features"": ""log2"", ""min_samples_split"": 70, ""n_estimators"": 500, ""random_state"": 1}",rf,148,/home/ubuntu/Desktop/DeepAmes_Full_STL_4_keep_weights/results_TA104_with_S9/artifacts/base/rf/scalers/rf_seed_18_skf_1_paras_148_estimator_500_depth_None_minSample_70_random_1_weight_balanced_scaler.joblib,18,1
rf_seed_18_skf_2_paras_148_estimator_500_depth_None_minSample_70_random_1_weight_balanced,rf,18_skf_2,29,9,8,8,0.685,0.727,0.5,0.763,0.471,0.784,0.485,0.259,/home/ubuntu/Desktop/DeepAmes_Full_STL_4_keep_weights/results_TA104_with_S9/artifacts/base/rf/estimators/rf_seed_18_skf_2_paras_148_estimator_500_depth_None_minSample_70_random_1_weight_balanced.joblib,"{""bootstrap"": true, ""class_weight"": ""balanced"", ""max_depth"": null, ""max_features"": ""log2"", ""min_samples_split"": 70, ""n_estimators"": 500, ""random_state"": 1}",rf,148,/home/ubuntu/Desktop/DeepAmes_Full_STL_4_keep_weights/results_TA104_with_S9/artifacts/base/rf/scalers/rf_seed_18_skf_2_paras_148_estimator_500_depth_None_minSample_70_random_1_weight_balanced_scaler.joblib,18,2
rf_seed_18_skf_3_paras_148_estimator_500_depth_None_minSample_70_random_1_weight_balanced,rf,18_skf_3,33,5,7,9,0.778,0.814,0.562,0.868,0.643,0.825,0.6,0.449,/home/ubuntu/Desktop/DeepAmes_Full_STL_4_keep_weights/results_TA104_with_S9/artifacts/base/rf/estimators/rf_seed_18_skf_3_paras_148_estimator_500_depth_None_minSample_70_random_1_weight_balanced.joblib,"{""bootstrap"": true, ""class_weight"": ""balanced"", ""max_depth"": null, ""max_features"": ""log2"", ""min_samples_split"": 70, ""n_estimators"": 500, ""random_state"": 1}",rf,148,/home/ubuntu/Desktop/DeepAmes_Full_STL_4_keep_weights/results_TA104_with_S9/artifacts/base/rf/scalers/rf_seed_18_skf_3_paras_148_estimator_500_depth_None_minSample_70_random_1_weight_balanced_scaler.joblib,18,3
rf_seed_18_skf_4_paras_148_estimator_500_depth_None_minSample_70_random_1_weight_balanced,rf,18_skf_4,33,5,10,6,0.722,0.778,0.375,0.868,0.545,0.767,0.444,0.276,/home/ubuntu/Desktop/DeepAmes_Full_STL_4_keep_weights/results_TA104_with_S9/artifacts/base/rf/estimators/rf_seed_18_skf_4_paras_148_estimator_500_depth_None_minSample_70_random_1_weight_balanced.joblib,"{""bootstrap"": true, ""class_weight"": ""balanced"", ""max_depth"": null, ""max_features"": ""log2"", ""min_samples_split"": 70, ""n_estimators"": 500, ""random_state"": 1}",rf,148,/home/ubuntu/Desktop/DeepAmes_Full_STL_4_keep_weights/results_TA104_with_S9/artifacts/base/rf/scalers/rf_seed_18_skf_4_paras_148_estimator_500_depth_None_minSample_70_random_1_weight_balanced_scaler.joblib,18,4
rf_seed_19_skf_0_paras_148_estimator_500_depth_None_minSample_70_random_1_weight_balanced,rf,19_skf_0,31,7,7,9,0.741,0.747,0.562,0.816,0.562,0.816,0.562,0.378,/home/ubuntu/Desktop/DeepAmes_Full_STL_4_keep_weights/results_TA104_with_S9/artifacts/base/rf/estimators/rf_seed_19_skf_0_paras_148_estimator_500_depth_None_minSample_70_random_1_weight_balanced.joblib,"{""bootstrap"": true, ""class_weight"": ""balanced"", ""max_depth"": null, ""max_features"": ""log2"", ""min_samples_split"": 70, ""n_estimators"": 500, ""random_state"": 1}",rf,148,/home/ubuntu/Desktop/DeepAmes_Full_STL_4_keep_weights/results_TA104_with_S9/artifacts/base/rf/scalers/rf_seed_19_skf_0_paras_148_estimator_500_depth_None_minSample_70_random_1_weight_balanced_scaler.joblib,19,0
rf_seed_19_skf_1_paras_148_estimator_500_depth_None_minSample_70_random_1_weight_balanced,rf,19_skf_1,33,5,8,8,0.759,0.776,0.5,0.868,0.615,0.805,0.552,0.393,/home/ubuntu/Desktop/DeepAmes_Full_STL_4_keep_weights/results_TA104_with_S9/artifacts/base/rf/estimators/rf_seed_19_skf_1_paras_148_estimator_500_depth_None_minSample_70_random_1_weight_balanced.joblib,"{""bootstrap"": true, ""class_weight"": ""balanced"", ""max_depth"": null, ""max_features"": ""log2"", ""min_samples_split"": 70, ""n_estimators"": 500, ""random_state"": 1}",rf,148,/home/ubuntu/Desktop/DeepAmes_Full_STL_4_keep_weights/results_TA104_with_S9/artifacts/base/rf/scalers/rf_seed_19_skf_1_paras_148_estimator_500_depth_None_minSample_70_random_1_weight_balanced_scaler.joblib,19,1
rf_seed_19_skf_2_paras_148_estimator_500_depth_None_minSample_70_random_1_weight_balanced,rf,19_skf_2,33,5,9,7,0.741,0.735,0.438,0.868,0.583,0.786,0.5,0.336,/home/ubuntu/Desktop/DeepAmes_Full_STL_4_keep_weights/results_TA104_with_S9/artifacts/base/rf/estimators/rf_seed_19_skf_2_paras_148_estimator_500_depth_None_minSample_70_random_1_weight_balanced.joblib,"{""bootstrap"": true, ""class_weight"": ""balanced"", ""max_depth"": null, ""max_features"": ""log2"", ""min_samples_split"": 70, ""n_estimators"": 500, ""random_state"": 1}",rf,148,/home/ubuntu/Desktop/DeepAmes_Full_STL_4_keep_weights/results_TA104_with_S9/artifacts/base/rf/scalers/rf_seed_19_skf_2_paras_148_estimator_500_depth_None_minSample_70_random_1_weight_balanced_scaler.joblib,19,2
rf_seed_19_skf_3_paras_148_estimator_500_depth_None_minSample_70_random_1_weight_balanced,rf,19_skf_3,32,6,8,8,0.741,0.737,0.5,0.842,0.571,0.8,0.533,0.356,/home/ubuntu/Desktop/DeepAmes_Full_STL_4_keep_weights/results_TA104_with_S9/artifacts/base/rf/estimators/rf_seed_19_skf_3_paras_148_estimator_500_depth_None_minSample_70_random_1_weight_balanced.joblib,"{""bootstrap"": true, ""class_weight"": ""balanced"", ""max_depth"": null, ""max_features"": ""log2"", ""min_samples_split"": 70, ""n_estimators"": 500, ""random_state"": 1}",rf,148,/home/ubuntu/Desktop/DeepAmes_Full_STL_4_keep_weights/results_TA104_with_S9/artifacts/base/rf/scalers/rf_seed_19_skf_3_paras_148_estimator_500_depth_None_minSample_70_random_1_weight_balanced_scaler.joblib,19,3
rf_seed_19_skf_4_paras_148_estimator_500_depth_None_minSample_70_random_1_weight_balanced,rf,19_skf_4,34,4,9,7,0.759,0.765,0.438,0.895,0.636,0.791,0.519,0.377,/home/ubuntu/Desktop/DeepAmes_Full_STL_4_keep_weights/results_TA104_with_S9/artifacts/base/rf/estimators/rf_seed_19_skf_4_paras_148_estimator_500_depth_None_minSample_70_random_1_weight_balanced.joblib,"{""bootstrap"": true, ""class_weight"": ""balanced"", ""max_depth"": null, ""max_features"": ""log2"", ""min_samples_split"": 70, ""n_estimators"": 500, ""random_state"": 1}",rf,148,/home/ubuntu/Desktop/DeepAmes_Full_STL_4_keep_weights/results_TA104_with_S9/artifacts/base/rf/scalers/rf_seed_19_skf_4_paras_148_estimator_500_depth_None_minSample_70_random_1_weight_balanced_scaler.joblib,19,4
svm_seed_0_skf_0_paras_19_kernel_rbf_C_1_gamma_1,svm,0_skf_0,35,3,12,4,0.722,0.669,0.25,0.921,0.571,0.745,0.348,0.233,/home/ubuntu/Desktop/DeepAmes_Full_STL_4_keep_weights/results_TA104_with_S9/artifacts/base/svm/estimators/svm_seed_0_skf_0_paras_19_kernel_rbf_C_1_gamma_1.joblib,"{""C"": 1, ""class_weight"": ""balanced"", ""gamma"": 1, ""kernel"": ""rbf"", ""probability"": true, ""random_state"": 1}",svm,19,/home/ubuntu/Desktop/DeepAmes_Full_STL_4_keep_weights/results_TA104_with_S9/artifacts/base/svm/scalers/svm_seed_0_skf_0_paras_19_kernel_rbf_C_1_gamma_1_scaler.joblib,0,0
svm_seed_0_skf_1_paras_19_kernel_rbf_C_1_gamma_1,svm,0_skf_1,35,3,13,3,0.704,0.737,0.188,0.921,0.5,0.729,0.273,0.158,/home/ubuntu/Desktop/DeepAmes_Full_STL_4_keep_weights/results_TA104_with_S9/artifacts/base/svm/estimators/svm_seed_0_skf_1_paras_19_kernel_rbf_C_1_gamma_1.joblib,"{""C"": 1, ""class_weight"": ""balanced"", ""gamma"": 1, ""kernel"": ""rbf"", ""probability"": true, ""random_state"": 1}",svm,19,/home/ubuntu/Desktop/DeepAmes_Full_STL_4_keep_weights/results_TA104_with_S9/artifacts/base/svm/scalers/svm_seed_0_skf_1_paras_19_kernel_rbf_C_1_gamma_1_scaler.joblib,0,1
svm_seed_0_skf_2_paras_19_kernel_rbf_C_1_gamma_1,svm,0_skf_2,35,3,12,4,0.722,0.788,0.25,0.921,0.571,0.745,0.348,0.233,/home/ubuntu/Desktop/DeepAmes_Full_STL_4_keep_weights/results_TA104_with_S9/artifacts/base/svm/estimators/svm_seed_0_skf_2_paras_19_kernel_rbf_C_1_gamma_1.joblib,"{""C"": 1, ""class_weight"": ""balanced"", ""gamma"": 1, ""kernel"": ""rbf"", ""probability"": true, ""random_state"": 1}",svm,19,/home/ubuntu/Desktop/DeepAmes_Full_STL_4_keep_weights/results_TA104_with_S9/artifacts/base/svm/scalers/svm_seed_0_skf_2_paras_19_kernel_rbf_C_1_gamma_1_scaler.joblib,0,2
svm_seed_1_skf_0_paras_19_kernel_rbf_C_1_gamma_1,svm,1_skf_0,35,3,12,4,0.722,0.737,0.25,0.921,0.571,0.745,0.348,0.233,/home/ubuntu/Desktop/DeepAmes_Full_STL_4_keep_weights/results_TA104_with_S9/artifacts/base/svm/estimators/svm_seed_1_skf_0_paras_19_kernel_rbf_C_1_gamma_1.joblib,"{""C"": 1, ""class_weight"": ""balanced"", ""gamma"": 1, ""kernel"": ""rbf"", ""probability"": true, ""random_state"": 1}",svm,19,/home/ubuntu/Desktop/DeepAmes_Full_STL_4_keep_weights/results_TA104_with_S9/artifacts/base/svm/scalers/svm_seed_1_skf_0_paras_19_kernel_rbf_C_1_gamma_1_scaler.joblib,1,0
svm_seed_2_skf_0_paras_19_kernel_rbf_C_1_gamma_1,svm,2_skf_0,35,3,12,4,0.722,0.735,0.25,0.921,0.571,0.745,0.348,0.233,/home/ubuntu/Desktop/DeepAmes_Full_STL_4_keep_weights/results_TA104_with_S9/artifacts/base/svm/estimators/svm_seed_2_skf_0_paras_19_kernel_rbf_C_1_gamma_1.joblib,"{""C"": 1, ""class_weight"": ""balanced"", ""gamma"": 1, ""kernel"": ""rbf"", ""probability"": true, ""random_state"": 1}",svm,19,/home/ubuntu/Desktop/DeepAmes_Full_STL_4_keep_weights/results_TA104_with_S9/artifacts/base/svm/scalers/svm_seed_2_skf_0_paras_19_kernel_rbf_C_1_gamma_1_scaler.joblib,2,0
svm_seed_2_skf_1_paras_19_kernel_rbf_C_1_gamma_1,svm,2_skf_1,36,2,12,4,0.741,0.783,0.25,0.947,0.667,0.75,0.364,0.287,/home/ubuntu/Desktop/DeepAmes_Full_STL_4_keep_weights/results_TA104_with_S9/artifacts/base/svm/estimators/svm_seed_2_skf_1_paras_19_kernel_rbf_C_1_gamma_1.joblib,"{""C"": 1, ""class_weight"": ""balanced"", ""gamma"": 1, ""kernel"": ""rbf"", ""probability"": true, ""random_state"": 1}",svm,19,/home/ubuntu/Desktop/DeepAmes_Full_STL_4_keep_weights/results_TA104_with_S9/artifacts/base/svm/scalers/svm_seed_2_skf_1_paras_19_kernel_rbf_C_1_gamma_1_scaler.joblib,2,1
svm_seed_3_skf_0_paras_19_kernel_rbf_C_1_gamma_1,svm,3_skf_0,35,3,13,3,0.704,0.683,0.188,0.921,0.5,0.729,0.273,0.158,/home/ubuntu/Desktop/DeepAmes_Full_STL_4_keep_weights/results_TA104_with_S9/artifacts/base/svm/estimators/svm_seed_3_skf_0_paras_19_kernel_rbf_C_1_gamma_1.joblib,"{""C"": 1, ""class_weight"": ""balanced"", ""gamma"": 1, ""kernel"": ""rbf"", ""probability"": true, ""random_state"": 1}",svm,19,/home/ubuntu/Desktop/DeepAmes_Full_STL_4_keep_weights/results_TA104_with_S9/artifacts/base/svm/scalers/svm_seed_3_skf_0_paras_19_kernel_rbf_C_1_gamma_1_scaler.joblib,3,0
svm_seed_3_skf_1_paras_19_kernel_rbf_C_1_gamma_1,svm,3_skf_1,36,2,12,4,0.741,0.743,0.25,0.947,0.667,0.75,0.364,0.287,/home/ubuntu/Desktop/DeepAmes_Full_STL_4_keep_weights/results_TA104_with_S9/artifacts/base/svm/estimators/svm_seed_3_skf_1_paras_19_kernel_rbf_C_1_gamma_1.joblib,"{""C"": 1, ""class_weight"": ""balanced"", ""gamma"": 1, ""kernel"": ""rbf"", ""probability"": true, ""random_state"": 1}",svm,19,/home/ubuntu/Desktop/DeepAmes_Full_STL_4_keep_weights/results_TA104_with_S9/artifacts/base/svm/scalers/svm_seed_3_skf_1_paras_19_kernel_rbf_C_1_gamma_1_scaler.joblib,3,1
svm_seed_3_skf_4_paras_19_kernel_rbf_C_1_gamma_1,svm,3_skf_4,36,2,13,3,0.722,0.805,0.188,0.947,0.6,0.735,0.286,0.212,/home/ubuntu/Desktop/DeepAmes_Full_STL_4_keep_weights/results_TA104_with_S9/artifacts/base/svm/estimators/svm_seed_3_skf_4_paras_19_kernel_rbf_C_1_gamma_1.joblib,"{""C"": 1, ""class_weight"": ""balanced"", ""gamma"": 1, ""kernel"": ""rbf"", ""probability"": true, ""random_state"": 1}",svm,19,/home/ubuntu/Desktop/DeepAmes_Full_STL_4_keep_weights/results_TA104_with_S9/artifacts/base/svm/scalers/svm_seed_3_skf_4_paras_19_kernel_rbf_C_1_gamma_1_scaler.joblib,3,4
svm_seed_4_skf_1_paras_19_kernel_rbf_C_1_gamma_1,svm,4_skf_1,35,3,12,4,0.722,0.706,0.25,0.921,0.571,0.745,0.348,0.233,/home/ubuntu/Desktop/DeepAmes_Full_STL_4_keep_weights/results_TA104_with_S9/artifacts/base/svm/estimators/svm_seed_4_skf_1_paras_19_kernel_rbf_C_1_gamma_1.joblib,"{""C"": 1, ""class_weight"": ""balanced"", ""gamma"": 1, ""kernel"": ""rbf"", ""probability"": true, ""random_state"": 1}",svm,19,/home/ubuntu/Desktop/DeepAmes_Full_STL_4_keep_weights/results_TA104_with_S9/artifacts/base/svm/scalers/svm_seed_4_skf_1_paras_19_kernel_rbf_C_1_gamma_1_scaler.joblib,4,1
svm_seed_4_skf_2_paras_19_kernel_rbf_C_1_gamma_1,svm,4_skf_2,36,2,12,4,0.741,0.762,0.25,0.947,0.667,0.75,0.364,0.287,/home/ubuntu/Desktop/DeepAmes_Full_STL_4_keep_weights/results_TA104_with_S9/artifacts/base/svm/estimators/svm_seed_4_skf_2_paras_19_kernel_rbf_C_1_gamma_1.joblib,"{""C"": 1, ""class_weight"": ""balanced"", ""gamma"": 1, ""kernel"": ""rbf"", ""probability"": true, ""random_state"": 1}",svm,19,/home/ubuntu/Desktop/DeepAmes_Full_STL_4_keep_weights/results_TA104_with_S9/artifacts/base/svm/scalers/svm_seed_4_skf_2_paras_19_kernel_rbf_C_1_gamma_1_scaler.joblib,4,2
svm_seed_4_skf_3_paras_19_kernel_rbf_C_1_gamma_1,svm,4_skf_3,36,2,13,3,0.722,0.75,0.188,0.947,0.6,0.735,0.286,0.212,/home/ubuntu/Desktop/DeepAmes_Full_STL_4_keep_weights/results_TA104_with_S9/artifacts/base/svm/estimators/svm_seed_4_skf_3_paras_19_kernel_rbf_C_1_gamma_1.joblib,"{""C"": 1, ""class_weight"": ""balanced"", ""gamma"": 1, ""kernel"": ""rbf"", ""probability"": true, ""random_state"": 1}",svm,19,/home/ubuntu/Desktop/DeepAmes_Full_STL_4_keep_weights/results_TA104_with_S9/artifacts/base/svm/scalers/svm_seed_4_skf_3_paras_19_kernel_rbf_C_1_gamma_1_scaler.joblib,4,3
svm_seed_5_skf_0_paras_19_kernel_rbf_C_1_gamma_1,svm,5_skf_0,36,2,12,4,0.741,0.703,0.25,0.947,0.667,0.75,0.364,0.287,/home/ubuntu/Desktop/DeepAmes_Full_STL_4_keep_weights/results_TA104_with_S9/artifacts/base/svm/estimators/svm_seed_5_skf_0_paras_19_kernel_rbf_C_1_gamma_1.joblib,"{""C"": 1, ""class_weight"": ""balanced"", ""gamma"": 1, ""kernel"": ""rbf"", ""probability"": true, ""random_state"": 1}",svm,19,/home/ubuntu/Desktop/DeepAmes_Full_STL_4_keep_weights/results_TA104_with_S9/artifacts/base/svm/scalers/svm_seed_5_skf_0_paras_19_kernel_rbf_C_1_gamma_1_scaler.joblib,5,0
svm_seed_5_skf_1_paras_19_kernel_rbf_C_1_gamma_1,svm,5_skf_1,37,1,14,2,0.722,0.743,0.125,0.974,0.667,0.725,0.211,0.197,/home/ubuntu/Desktop/DeepAmes_Full_STL_4_keep_weights/results_TA104_with_S9/artifacts/base/svm/estimators/svm_seed_5_skf_1_paras_19_kernel_rbf_C_1_gamma_1.joblib,"{""C"": 1, ""class_weight"": ""balanced"", ""gamma"": 1, ""kernel"": ""rbf"", ""probability"": true, ""random_state"": 1}",svm,19,/home/ubuntu/Desktop/DeepAmes_Full_STL_4_keep_weights/results_TA104_with_S9/artifacts/base/svm/scalers/svm_seed_5_skf_1_paras_19_kernel_rbf_C_1_gamma_1_scaler.joblib,5,1
svm_seed_5_skf_2_paras_19_kernel_rbf_C_1_gamma_1,svm,5_skf_2,36,2,13,3,0.722,0.704,0.188,0.947,0.6,0.735,0.286,0.212,/home/ubuntu/Desktop/DeepAmes_Full_STL_4_keep_weights/results_TA104_with_S9/artifacts/base/svm/estimators/svm_seed_5_skf_2_paras_19_kernel_rbf_C_1_gamma_1.joblib,"{""C"": 1, ""class_weight"": ""balanced"", ""gamma"": 1, ""kernel"": ""rbf"", ""probability"": true, ""random_state"": 1}",svm,19,/home/ubuntu/Desktop/DeepAmes_Full_STL_4_keep_weights/results_TA104_with_S9/artifacts/base/svm/scalers/svm_seed_5_skf_2_paras_19_kernel_rbf_C_1_gamma_1_scaler.joblib,5,2
svm_seed_5_skf_3_paras_19_kernel_rbf_C_1_gamma_1,svm,5_skf_3,36,2,13,3,0.722,0.755,0.188,0.947,0.6,0.735,0.286,0.212,/home/ubuntu/Desktop/DeepAmes_Full_STL_4_keep_weights/results_TA104_with_S9/artifacts/base/svm/estimators/svm_seed_5_skf_3_paras_19_kernel_rbf_C_1_gamma_1.joblib,"{""C"": 1, ""class_weight"": ""balanced"", ""gamma"": 1, ""kernel"": ""rbf"", ""probability"": true, ""random_state"": 1}",svm,19,/home/ubuntu/Desktop/DeepAmes_Full_STL_4_keep_weights/results_TA104_with_S9/artifacts/base/svm/scalers/svm_seed_5_skf_3_paras_19_kernel_rbf_C_1_gamma_1_scaler.joblib,5,3
svm_seed_6_skf_0_paras_19_kernel_rbf_C_1_gamma_1,svm,6_skf_0,36,2,12,4,0.741,0.711,0.25,0.947,0.667,0.75,0.364,0.287,/home/ubuntu/Desktop/DeepAmes_Full_STL_4_keep_weights/results_TA104_with_S9/artifacts/base/svm/estimators/svm_seed_6_skf_0_paras_19_kernel_rbf_C_1_gamma_1.joblib,"{""C"": 1, ""class_weight"": ""balanced"", ""gamma"": 1, ""kernel"": ""rbf"", ""probability"": true, ""random_state"": 1}",svm,19,/home/ubuntu/Desktop/DeepAmes_Full_STL_4_keep_weights/results_TA104_with_S9/artifacts/base/svm/scalers/svm_seed_6_skf_0_paras_19_kernel_rbf_C_1_gamma_1_scaler.joblib,6,0
svm_seed_6_skf_1_paras_19_kernel_rbf_C_1_gamma_1,svm,6_skf_1,35,3,13,3,0.704,0.706,0.188,0.921,0.5,0.729,0.273,0.158,/home/ubuntu/Desktop/DeepAmes_Full_STL_4_keep_weights/results_TA104_with_S9/artifacts/base/svm/estimators/svm_seed_6_skf_1_paras_19_kernel_rbf_C_1_gamma_1.joblib,"{""C"": 1, ""class_weight"": ""balanced"", ""gamma"": 1, ""kernel"": ""rbf"", ""probability"": true, ""random_state"": 1}",svm,19,/home/ubuntu/Desktop/DeepAmes_Full_STL_4_keep_weights/results_TA104_with_S9/artifacts/base/svm/scalers/svm_seed_6_skf_1_paras_19_kernel_rbf_C_1_gamma_1_scaler.joblib,6,1
svm_seed_6_skf_2_paras_19_kernel_rbf_C_1_gamma_1,svm,6_skf_2,36,2,13,3,0.722,0.765,0.188,0.947,0.6,0.735,0.286,0.212,/home/ubuntu/Desktop/DeepAmes_Full_STL_4_keep_weights/results_TA104_with_S9/artifacts/base/svm/estimators/svm_seed_6_skf_2_paras_19_kernel_rbf_C_1_gamma_1.joblib,"{""C"": 1, ""class_weight"": ""balanced"", ""gamma"": 1, ""kernel"": ""rbf"", ""probability"": true, ""random_state"": 1}",svm,19,/home/ubuntu/Desktop/DeepAmes_Full_STL_4_keep_weights/results_TA104_with_S9/artifacts/base/svm/scalers/svm_seed_6_skf_2_paras_19_kernel_rbf_C_1_gamma_1_scaler.joblib,6,2
svm_seed_6_skf_3_paras_19_kernel_rbf_C_1_gamma_1,svm,6_skf_3,36,2,13,3,0.722,0.773,0.188,0.947,0.6,0.735,0.286,0.212,/home/ubuntu/Desktop/DeepAmes_Full_STL_4_keep_weights/results_TA104_with_S9/artifacts/base/svm/estimators/svm_seed_6_skf_3_paras_19_kernel_rbf_C_1_gamma_1.joblib,"{""C"": 1, ""class_weight"": ""balanced"", ""gamma"": 1, ""kernel"": ""rbf"", ""probability"": true, ""random_state"": 1}",svm,19,/home/ubuntu/Desktop/DeepAmes_Full_STL_4_keep_weights/results_TA104_with_S9/artifacts/base/svm/scalers/svm_seed_6_skf_3_paras_19_kernel_rbf_C_1_gamma_1_scaler.joblib,6,3
svm_seed_7_skf_0_paras_19_kernel_rbf_C_1_gamma_1,svm,7_skf_0,36,2,13,3,0.722,0.738,0.188,0.947,0.6,0.735,0.286,0.212,/home/ubuntu/Desktop/DeepAmes_Full_STL_4_keep_weights/results_TA104_with_S9/artifacts/base/svm/estimators/svm_seed_7_skf_0_paras_19_kernel_rbf_C_1_gamma_1.joblib,"{""C"": 1, ""class_weight"": ""balanced"", ""gamma"": 1, ""kernel"": ""rbf"", ""probability"": true, ""random_state"": 1}",svm,19,/home/ubuntu/Desktop/DeepAmes_Full_STL_4_keep_weights/results_TA104_with_S9/artifacts/base/svm/scalers/svm_seed_7_skf_0_paras_19_kernel_rbf_C_1_gamma_1_scaler.joblib,7,0
svm_seed_7_skf_1_paras_19_kernel_rbf_C_1_gamma_1,svm,7_skf_1,36,2,13,3,0.722,0.75,0.188,0.947,0.6,0.735,0.286,0.212,/home/ubuntu/Desktop/DeepAmes_Full_STL_4_keep_weights/results_TA104_with_S9/artifacts/base/svm/estimators/svm_seed_7_skf_1_paras_19_kernel_rbf_C_1_gamma_1.joblib,"{""C"": 1, ""class_weight"": ""balanced"", ""gamma"": 1, ""kernel"": ""rbf"", ""probability"": true, ""random_state"": 1}",svm,19,/home/ubuntu/Desktop/DeepAmes_Full_STL_4_keep_weights/results_TA104_with_S9/artifacts/base/svm/scalers/svm_seed_7_skf_1_paras_19_kernel_rbf_C_1_gamma_1_scaler.joblib,7,1
svm_seed_7_skf_3_paras_19_kernel_rbf_C_1_gamma_1,svm,7_skf_3,36,2,13,3,0.722,0.783,0.188,0.947,0.6,0.735,0.286,0.212,/home/ubuntu/Desktop/DeepAmes_Full_STL_4_keep_weights/results_TA104_with_S9/artifacts/base/svm/estimators/svm_seed_7_skf_3_paras_19_kernel_rbf_C_1_gamma_1.joblib,"{""C"": 1, ""class_weight"": ""balanced"", ""gamma"": 1, ""kernel"": ""rbf"", ""probability"": true, ""random_state"": 1}",svm,19,/home/ubuntu/Desktop/DeepAmes_Full_STL_4_keep_weights/results_TA104_with_S9/artifacts/base/svm/scalers/svm_seed_7_skf_3_paras_19_kernel_rbf_C_1_gamma_1_scaler.joblib,7,3
svm_seed_7_skf_4_paras_19_kernel_rbf_C_1_gamma_1,svm,7_skf_4,37,1,14,2,0.722,0.72,0.125,0.974,0.667,0.725,0.211,0.197,/home/ubuntu/Desktop/DeepAmes_Full_STL_4_keep_weights/results_TA104_with_S9/artifacts/base/svm/estimators/svm_seed_7_skf_4_paras_19_kernel_rbf_C_1_gamma_1.joblib,"{""C"": 1, ""class_weight"": ""balanced"", ""gamma"": 1, ""kernel"": ""rbf"", ""probability"": true, ""random_state"": 1}",svm,19,/home/ubuntu/Desktop/DeepAmes_Full_STL_4_keep_weights/results_TA104_with_S9/artifacts/base/svm/scalers/svm_seed_7_skf_4_paras_19_kernel_rbf_C_1_gamma_1_scaler.joblib,7,4
svm_seed_8_skf_1_paras_19_kernel_rbf_C_1_gamma_1,svm,8_skf_1,36,2,12,4,0.741,0.753,0.25,0.947,0.667,0.75,0.364,0.287,/home/ubuntu/Desktop/DeepAmes_Full_STL_4_keep_weights/results_TA104_with_S9/artifacts/base/svm/estimators/svm_seed_8_skf_1_paras_19_kernel_rbf_C_1_gamma_1.joblib,"{""C"": 1, ""class_weight"": ""balanced"", ""gamma"": 1, ""kernel"": ""rbf"", ""probability"": true, ""random_state"": 1}",svm,19,/home/ubuntu/Desktop/DeepAmes_Full_STL_4_keep_weights/results_TA104_with_S9/artifacts/base/svm/scalers/svm_seed_8_skf_1_paras_19_kernel_rbf_C_1_gamma_1_scaler.joblib,8,1
svm_seed_8_skf_2_paras_19_kernel_rbf_C_1_gamma_1,svm,8_skf_2,36,2,13,3,0.722,0.691,0.188,0.947,0.6,0.735,0.286,0.212,/home/ubuntu/Desktop/DeepAmes_Full_STL_4_keep_weights/results_TA104_with_S9/artifacts/base/svm/estimators/svm_seed_8_skf_2_paras_19_kernel_rbf_C_1_gamma_1.joblib,"{""C"": 1, ""class_weight"": ""balanced"", ""gamma"": 1, ""kernel"": ""rbf"", ""probability"": true, ""random_state"": 1}",svm,19,/home/ubuntu/Desktop/DeepAmes_Full_STL_4_keep_weights/results_TA104_with_S9/artifacts/base/svm/scalers/svm_seed_8_skf_2_paras_19_kernel_rbf_C_1_gamma_1_scaler.joblib,8,2
svm_seed_9_skf_1_paras_19_kernel_rbf_C_1_gamma_1,svm,9_skf_1,36,2,12,4,0.741,0.793,0.25,0.947,0.667,0.75,0.364,0.287,/home/ubuntu/Desktop/DeepAmes_Full_STL_4_keep_weights/results_TA104_with_S9/artifacts/base/svm/estimators/svm_seed_9_skf_1_paras_19_kernel_rbf_C_1_gamma_1.joblib,"{""C"": 1, ""class_weight"": ""balanced"", ""gamma"": 1, ""kernel"": ""rbf"", ""probability"": true, ""random_state"": 1}",svm,19,/home/ubuntu/Desktop/DeepAmes_Full_STL_4_keep_weights/results_TA104_with_S9/artifacts/base/svm/scalers/svm_seed_9_skf_1_paras_19_kernel_rbf_C_1_gamma_1_scaler.joblib,9,1
svm_seed_9_skf_2_paras_19_kernel_rbf_C_1_gamma_1,svm,9_skf_2,37,1,13,3,0.741,0.742,0.188,0.974,0.75,0.74,0.3,0.281,/home/ubuntu/Desktop/DeepAmes_Full_STL_4_keep_weights/results_TA104_with_S9/artifacts/base/svm/estimators/svm_seed_9_skf_2_paras_19_kernel_rbf_C_1_gamma_1.joblib,"{""C"": 1, ""class_weight"": ""balanced"", ""gamma"": 1, ""kernel"": ""rbf"", ""probability"": true, ""random_state"": 1}",svm,19,/home/ubuntu/Desktop/DeepAmes_Full_STL_4_keep_weights/results_TA104_with_S9/artifacts/base/svm/scalers/svm_seed_9_skf_2_paras_19_kernel_rbf_C_1_gamma_1_scaler.joblib,9,2
svm_seed_9_skf_3_paras_19_kernel_rbf_C_1_gamma_1,svm,9_skf_3,36,2,13,3,0.722,0.712,0.188,0.947,0.6,0.735,0.286,0.212,/home/ubuntu/Desktop/DeepAmes_Full_STL_4_keep_weights/results_TA104_with_S9/artifacts/base/svm/estimators/svm_seed_9_skf_3_paras_19_kernel_rbf_C_1_gamma_1.joblib,"{""C"": 1, ""class_weight"": ""balanced"", ""gamma"": 1, ""kernel"": ""rbf"", ""probability"": true, ""random_state"": 1}",svm,19,/home/ubuntu/Desktop/DeepAmes_Full_STL_4_keep_weights/results_TA104_with_S9/artifacts/base/svm/scalers/svm_seed_9_skf_3_paras_19_kernel_rbf_C_1_gamma_1_scaler.joblib,9,3
svm_seed_10_skf_0_paras_19_kernel_rbf_C_1_gamma_1,svm,10_skf_0,35,3,13,3,0.704,0.709,0.188,0.921,0.5,0.729,0.273,0.158,/home/ubuntu/Desktop/DeepAmes_Full_STL_4_keep_weights/results_TA104_with_S9/artifacts/base/svm/estimators/svm_seed_10_skf_0_paras_19_kernel_rbf_C_1_gamma_1.joblib,"{""C"": 1, ""class_weight"": ""balanced"", ""gamma"": 1, ""kernel"": ""rbf"", ""probability"": true, ""random_state"": 1}",svm,19,/home/ubuntu/Desktop/DeepAmes_Full_STL_4_keep_weights/results_TA104_with_S9/artifacts/base/svm/scalers/svm_seed_10_skf_0_paras_19_kernel_rbf_C_1_gamma_1_scaler.joblib,10,0
svm_seed_10_skf_1_paras_19_kernel_rbf_C_1_gamma_1,svm,10_skf_1,36,2,13,3,0.722,0.724,0.188,0.947,0.6,0.735,0.286,0.212,/home/ubuntu/Desktop/DeepAmes_Full_STL_4_keep_weights/results_TA104_with_S9/artifacts/base/svm/estimators/svm_seed_10_skf_1_paras_19_kernel_rbf_C_1_gamma_1.joblib,"{""C"": 1, ""class_weight"": ""balanced"", ""gamma"": 1, ""kernel"": ""rbf"", ""probability"": true, ""random_state"": 1}",svm,19,/home/ubuntu/Desktop/DeepAmes_Full_STL_4_keep_weights/results_TA104_with_S9/artifacts/base/svm/scalers/svm_seed_10_skf_1_paras_19_kernel_rbf_C_1_gamma_1_scaler.joblib,10,1
svm_seed_10_skf_2_paras_19_kernel_rbf_C_1_gamma_1,svm,10_skf_2,36,2,13,3,0.722,0.707,0.188,0.947,0.6,0.735,0.286,0.212,/home/ubuntu/Desktop/DeepAmes_Full_STL_4_keep_weights/results_TA104_with_S9/artifacts/base/svm/estimators/svm_seed_10_skf_2_paras_19_kernel_rbf_C_1_gamma_1.joblib,"{""C"": 1, ""class_weight"": ""balanced"", ""gamma"": 1, ""kernel"": ""rbf"", ""probability"": true, ""random_state"": 1}",svm,19,/home/ubuntu/Desktop/DeepAmes_Full_STL_4_keep_weights/results_TA104_with_S9/artifacts/base/svm/scalers/svm_seed_10_skf_2_paras_19_kernel_rbf_C_1_gamma_1_scaler.joblib,10,2
svm_seed_10_skf_4_paras_19_kernel_rbf_C_1_gamma_1,svm,10_skf_4,36,2,13,3,0.722,0.706,0.188,0.947,0.6,0.735,0.286,0.212,/home/ubuntu/Desktop/DeepAmes_Full_STL_4_keep_weights/results_TA104_with_S9/artifacts/base/svm/estimators/svm_seed_10_skf_4_paras_19_kernel_rbf_C_1_gamma_1.joblib,"{""C"": 1, ""class_weight"": ""balanced"", ""gamma"": 1, ""kernel"": ""rbf"", ""probability"": true, ""random_state"": 1}",svm,19,/home/ubuntu/Desktop/DeepAmes_Full_STL_4_keep_weights/results_TA104_with_S9/artifacts/base/svm/scalers/svm_seed_10_skf_4_paras_19_kernel_rbf_C_1_gamma_1_scaler.joblib,10,4
svm_seed_11_skf_0_paras_19_kernel_rbf_C_1_gamma_1,svm,11_skf_0,35,3,12,4,0.722,0.732,0.25,0.921,0.571,0.745,0.348,0.233,/home/ubuntu/Desktop/DeepAmes_Full_STL_4_keep_weights/results_TA104_with_S9/artifacts/base/svm/estimators/svm_seed_11_skf_0_paras_19_kernel_rbf_C_1_gamma_1.joblib,"{""C"": 1, ""class_weight"": ""balanced"", ""gamma"": 1, ""kernel"": ""rbf"", ""probability"": true, ""random_state"": 1}",svm,19,/home/ubuntu/Desktop/DeepAmes_Full_STL_4_keep_weights/results_TA104_with_S9/artifacts/base/svm/scalers/svm_seed_11_skf_0_paras_19_kernel_rbf_C_1_gamma_1_scaler.joblib,11,0
svm_seed_11_skf_2_paras_19_kernel_rbf_C_1_gamma_1,svm,11_skf_2,37,1,13,3,0.741,0.734,0.188,0.974,0.75,0.74,0.3,0.281,/home/ubuntu/Desktop/DeepAmes_Full_STL_4_keep_weights/results_TA104_with_S9/artifacts/base/svm/estimators/svm_seed_11_skf_2_paras_19_kernel_rbf_C_1_gamma_1.joblib,"{""C"": 1, ""class_weight"": ""balanced"", ""gamma"": 1, ""kernel"": ""rbf"", ""probability"": true, ""random_state"": 1}",svm,19,/home/ubuntu/Desktop/DeepAmes_Full_STL_4_keep_weights/results_TA104_with_S9/artifacts/base/svm/scalers/svm_seed_11_skf_2_paras_19_kernel_rbf_C_1_gamma_1_scaler.joblib,11,2
svm_seed_11_skf_3_paras_19_kernel_rbf_C_1_gamma_1,svm,11_skf_3,36,2,13,3,0.722,0.73,0.188,0.947,0.6,0.735,0.286,0.212,/home/ubuntu/Desktop/DeepAmes_Full_STL_4_keep_weights/results_TA104_with_S9/artifacts/base/svm/estimators/svm_seed_11_skf_3_paras_19_kernel_rbf_C_1_gamma_1.joblib,"{""C"": 1, ""class_weight"": ""balanced"", ""gamma"": 1, ""kernel"": ""rbf"", ""probability"": true, ""random_state"": 1}",svm,19,/home/ubuntu/Desktop/DeepAmes_Full_STL_4_keep_weights/results_TA104_with_S9/artifacts/base/svm/scalers/svm_seed_11_skf_3_paras_19_kernel_rbf_C_1_gamma_1_scaler.joblib,11,3
svm_seed_12_skf_0_paras_19_kernel_rbf_C_1_gamma_1,svm,12_skf_0,36,2,12,4,0.741,0.738,0.25,0.947,0.667,0.75,0.364,0.287,/home/ubuntu/Desktop/DeepAmes_Full_STL_4_keep_weights/results_TA104_with_S9/artifacts/base/svm/estimators/svm_seed_12_skf_0_paras_19_kernel_rbf_C_1_gamma_1.joblib,"{""C"": 1, ""class_weight"": ""balanced"", ""gamma"": 1, ""kernel"": ""rbf"", ""probability"": true, ""random_state"": 1}",svm,19,/home/ubuntu/Desktop/DeepAmes_Full_STL_4_keep_weights/results_TA104_with_S9/artifacts/base/svm/scalers/svm_seed_12_skf_0_paras_19_kernel_rbf_C_1_gamma_1_scaler.joblib,12,0
svm_seed_12_skf_3_paras_19_kernel_rbf_C_1_gamma_1,svm,12_skf_3,36,2,12,4,0.741,0.709,0.25,0.947,0.667,0.75,0.364,0.287,/home/ubuntu/Desktop/DeepAmes_Full_STL_4_keep_weights/results_TA104_with_S9/artifacts/base/svm/estimators/svm_seed_12_skf_3_paras_19_kernel_rbf_C_1_gamma_1.joblib,"{""C"": 1, ""class_weight"": ""balanced"", ""gamma"": 1, ""kernel"": ""rbf"", ""probability"": true, ""random_state"": 1}",svm,19,/home/ubuntu/Desktop/DeepAmes_Full_STL_4_keep_weights/results_TA104_with_S9/artifacts/base/svm/scalers/svm_seed_12_skf_3_paras_19_kernel_rbf_C_1_gamma_1_scaler.joblib,12,3
svm_seed_13_skf_0_paras_19_kernel_rbf_C_1_gamma_1,svm,13_skf_0,35,3,13,3,0.704,0.712,0.188,0.921,0.5,0.729,0.273,0.158,/home/ubuntu/Desktop/DeepAmes_Full_STL_4_keep_weights/results_TA104_with_S9/artifacts/base/svm/estimators/svm_seed_13_skf_0_paras_19_kernel_rbf_C_1_gamma_1.joblib,"{""C"": 1, ""class_weight"": ""balanced"", ""gamma"": 1, ""kernel"": ""rbf"", ""probability"": true, ""random_state"": 1}",svm,19,/home/ubuntu/Desktop/DeepAmes_Full_STL_4_keep_weights/results_TA104_with_S9/artifacts/base/svm/scalers/svm_seed_13_skf_0_paras_19_kernel_rbf_C_1_gamma_1_scaler.joblib,13,0
svm_seed_13_skf_1_paras_19_kernel_rbf_C_1_gamma_1,svm,13_skf_1,36,2,13,3,0.722,0.771,0.188,0.947,0.6,0.735,0.286,0.212,/home/ubuntu/Desktop/DeepAmes_Full_STL_4_keep_weights/results_TA104_with_S9/artifacts/base/svm/estimators/svm_seed_13_skf_1_paras_19_kernel_rbf_C_1_gamma_1.joblib,"{""C"": 1, ""class_weight"": ""balanced"", ""gamma"": 1, ""kernel"": ""rbf"", ""probability"": true, ""random_state"": 1}",svm,19,/home/ubuntu/Desktop/DeepAmes_Full_STL_4_keep_weights/results_TA104_with_S9/artifacts/base/svm/scalers/svm_seed_13_skf_1_paras_19_kernel_rbf_C_1_gamma_1_scaler.joblib,13,1
svm_seed_13_skf_2_paras_19_kernel_rbf_C_1_gamma_1,svm,13_skf_2,36,2,12,4,0.741,0.753,0.25,0.947,0.667,0.75,0.364,0.287,/home/ubuntu/Desktop/DeepAmes_Full_STL_4_keep_weights/results_TA104_with_S9/artifacts/base/svm/estimators/svm_seed_13_skf_2_paras_19_kernel_rbf_C_1_gamma_1.joblib,"{""C"": 1, ""class_weight"": ""balanced"", ""gamma"": 1, ""kernel"": ""rbf"", ""probability"": true, ""random_state"": 1}",svm,19,/home/ubuntu/Desktop/DeepAmes_Full_STL_4_keep_weights/results_TA104_with_S9/artifacts/base/svm/scalers/svm_seed_13_skf_2_paras_19_kernel_rbf_C_1_gamma_1_scaler.joblib,13,2
svm_seed_13_skf_4_paras_19_kernel_rbf_C_1_gamma_1,svm,13_skf_4,36,2,13,3,0.722,0.72,0.188,0.947,0.6,0.735,0.286,0.212,/home/ubuntu/Desktop/DeepAmes_Full_STL_4_keep_weights/results_TA104_with_S9/artifacts/base/svm/estimators/svm_seed_13_skf_4_paras_19_kernel_rbf_C_1_gamma_1.joblib,"{""C"": 1, ""class_weight"": ""balanced"", ""gamma"": 1, ""kernel"": ""rbf"", ""probability"": true, ""random_state"": 1}",svm,19,/home/ubuntu/Desktop/DeepAmes_Full_STL_4_keep_weights/results_TA104_with_S9/artifacts/base/svm/scalers/svm_seed_13_skf_4_paras_19_kernel_rbf_C_1_gamma_1_scaler.joblib,13,4
svm_seed_14_skf_0_paras_19_kernel_rbf_C_1_gamma_1,svm,14_skf_0,37,1,14,2,0.722,0.732,0.125,0.974,0.667,0.725,0.211,0.197,/home/ubuntu/Desktop/DeepAmes_Full_STL_4_keep_weights/results_TA104_with_S9/artifacts/base/svm/estimators/svm_seed_14_skf_0_paras_19_kernel_rbf_C_1_gamma_1.joblib,"{""C"": 1, ""class_weight"": ""balanced"", ""gamma"": 1, ""kernel"": ""rbf"", ""probability"": true, ""random_state"": 1}",svm,19,/home/ubuntu/Desktop/DeepAmes_Full_STL_4_keep_weights/results_TA104_with_S9/artifacts/base/svm/scalers/svm_seed_14_skf_0_paras_19_kernel_rbf_C_1_gamma_1_scaler.joblib,14,0
svm_seed_14_skf_2_paras_19_kernel_rbf_C_1_gamma_1,svm,14_skf_2,36,2,13,3,0.722,0.735,0.188,0.947,0.6,0.735,0.286,0.212,/home/ubuntu/Desktop/DeepAmes_Full_STL_4_keep_weights/results_TA104_with_S9/artifacts/base/svm/estimators/svm_seed_14_skf_2_paras_19_kernel_rbf_C_1_gamma_1.joblib,"{""C"": 1, ""class_weight"": ""balanced"", ""gamma"": 1, ""kernel"": ""rbf"", ""probability"": true, ""random_state"": 1}",svm,19,/home/ubuntu/Desktop/DeepAmes_Full_STL_4_keep_weights/results_TA104_with_S9/artifacts/base/svm/scalers/svm_seed_14_skf_2_paras_19_kernel_rbf_C_1_gamma_1_scaler.joblib,14,2
svm_seed_15_skf_0_paras_19_kernel_rbf_C_1_gamma_1,svm,15_skf_0,36,2,13,3,0.722,0.709,0.188,0.947,0.6,0.735,0.286,0.212,/home/ubuntu/Desktop/DeepAmes_Full_STL_4_keep_weights/results_TA104_with_S9/artifacts/base/svm/estimators/svm_seed_15_skf_0_paras_19_kernel_rbf_C_1_gamma_1.joblib,"{""C"": 1, ""class_weight"": ""balanced"", ""gamma"": 1, ""kernel"": ""rbf"", ""probability"": true, ""random_state"": 1}",svm,19,/home/ubuntu/Desktop/DeepAmes_Full_STL_4_keep_weights/results_TA104_with_S9/artifacts/base/svm/scalers/svm_seed_15_skf_0_paras_19_kernel_rbf_C_1_gamma_1_scaler.joblib,15,0
svm_seed_15_skf_2_paras_19_kernel_rbf_C_1_gamma_1,svm,15_skf_2,35,3,12,4,0.722,0.725,0.25,0.921,0.571,0.745,0.348,0.233,/home/ubuntu/Desktop/DeepAmes_Full_STL_4_keep_weights/results_TA104_with_S9/artifacts/base/svm/estimators/svm_seed_15_skf_2_paras_19_kernel_rbf_C_1_gamma_1.joblib,"{""C"": 1, ""class_weight"": ""balanced"", ""gamma"": 1, ""kernel"": ""rbf"", ""probability"": true, ""random_state"": 1}",svm,19,/home/ubuntu/Desktop/DeepAmes_Full_STL_4_keep_weights/results_TA104_with_S9/artifacts/base/svm/scalers/svm_seed_15_skf_2_paras_19_kernel_rbf_C_1_gamma_1_scaler.joblib,15,2
svm_seed_15_skf_3_paras_19_kernel_rbf_C_1_gamma_1,svm,15_skf_3,36,2,13,3,0.722,0.738,0.188,0.947,0.6,0.735,0.286,0.212,/home/ubuntu/Desktop/DeepAmes_Full_STL_4_keep_weights/results_TA104_with_S9/artifacts/base/svm/estimators/svm_seed_15_skf_3_paras_19_kernel_rbf_C_1_gamma_1.joblib,"{""C"": 1, ""class_weight"": ""balanced"", ""gamma"": 1, ""kernel"": ""rbf"", ""probability"": true, ""random_state"": 1}",svm,19,/home/ubuntu/Desktop/DeepAmes_Full_STL_4_keep_weights/results_TA104_with_S9/artifacts/base/svm/scalers/svm_seed_15_skf_3_paras_19_kernel_rbf_C_1_gamma_1_scaler.joblib,15,3
svm_seed_16_skf_0_paras_19_kernel_rbf_C_1_gamma_1,svm,16_skf_0,35,3,13,3,0.704,0.681,0.188,0.921,0.5,0.729,0.273,0.158,/home/ubuntu/Desktop/DeepAmes_Full_STL_4_keep_weights/results_TA104_with_S9/artifacts/base/svm/estimators/svm_seed_16_skf_0_paras_19_kernel_rbf_C_1_gamma_1.joblib,"{""C"": 1, ""class_weight"": ""balanced"", ""gamma"": 1, ""kernel"": ""rbf"", ""probability"": true, ""random_state"": 1}",svm,19,/home/ubuntu/Desktop/DeepAmes_Full_STL_4_keep_weights/results_TA104_with_S9/artifacts/base/svm/scalers/svm_seed_16_skf_0_paras_19_kernel_rbf_C_1_gamma_1_scaler.joblib,16,0
svm_seed_16_skf_2_paras_19_kernel_rbf_C_1_gamma_1,svm,16_skf_2,36,2,13,3,0.722,0.76,0.188,0.947,0.6,0.735,0.286,0.212,/home/ubuntu/Desktop/DeepAmes_Full_STL_4_keep_weights/results_TA104_with_S9/artifacts/base/svm/estimators/svm_seed_16_skf_2_paras_19_kernel_rbf_C_1_gamma_1.joblib,"{""C"": 1, ""class_weight"": ""balanced"", ""gamma"": 1, ""kernel"": ""rbf"", ""probability"": true, ""random_state"": 1}",svm,19,/home/ubuntu/Desktop/DeepAmes_Full_STL_4_keep_weights/results_TA104_with_S9/artifacts/base/svm/scalers/svm_seed_16_skf_2_paras_19_kernel_rbf_C_1_gamma_1_scaler.joblib,16,2
svm_seed_16_skf_4_paras_19_kernel_rbf_C_1_gamma_1,svm,16_skf_4,36,2,13,3,0.722,0.785,0.188,0.947,0.6,0.735,0.286,0.212,/home/ubuntu/Desktop/DeepAmes_Full_STL_4_keep_weights/results_TA104_with_S9/artifacts/base/svm/estimators/svm_seed_16_skf_4_paras_19_kernel_rbf_C_1_gamma_1.joblib,"{""C"": 1, ""class_weight"": ""balanced"", ""gamma"": 1, ""kernel"": ""rbf"", ""probability"": true, ""random_state"": 1}",svm,19,/home/ubuntu/Desktop/DeepAmes_Full_STL_4_keep_weights/results_TA104_with_S9/artifacts/base/svm/scalers/svm_seed_16_skf_4_paras_19_kernel_rbf_C_1_gamma_1_scaler.joblib,16,4
svm_seed_17_skf_0_paras_19_kernel_rbf_C_1_gamma_1,svm,17_skf_0,36,2,12,4,0.741,0.72,0.25,0.947,0.667,0.75,0.364,0.287,/home/ubuntu/Desktop/DeepAmes_Full_STL_4_keep_weights/results_TA104_with_S9/artifacts/base/svm/estimators/svm_seed_17_skf_0_paras_19_kernel_rbf_C_1_gamma_1.joblib,"{""C"": 1, ""class_weight"": ""balanced"", ""gamma"": 1, ""kernel"": ""rbf"", ""probability"": true, ""random_state"": 1}",svm,19,/home/ubuntu/Desktop/DeepAmes_Full_STL_4_keep_weights/results_TA104_with_S9/artifacts/base/svm/scalers/svm_seed_17_skf_0_paras_19_kernel_rbf_C_1_gamma_1_scaler.joblib,17,0
svm_seed_17_skf_1_paras_19_kernel_rbf_C_1_gamma_1,svm,17_skf_1,36,2,13,3,0.722,0.743,0.188,0.947,0.6,0.735,0.286,0.212,/home/ubuntu/Desktop/DeepAmes_Full_STL_4_keep_weights/results_TA104_with_S9/artifacts/base/svm/estimators/svm_seed_17_skf_1_paras_19_kernel_rbf_C_1_gamma_1.joblib,"{""C"": 1, ""class_weight"": ""balanced"", ""gamma"": 1, ""kernel"": ""rbf"", ""probability"": true, ""random_state"": 1}",svm,19,/home/ubuntu/Desktop/DeepAmes_Full_STL_4_keep_weights/results_TA104_with_S9/artifacts/base/svm/scalers/svm_seed_17_skf_1_paras_19_kernel_rbf_C_1_gamma_1_scaler.joblib,17,1
svm_seed_17_skf_3_paras_19_kernel_rbf_C_1_gamma_1,svm,17_skf_3,36,2,13,3,0.722,0.748,0.188,0.947,0.6,0.735,0.286,0.212,/home/ubuntu/Desktop/DeepAmes_Full_STL_4_keep_weights/results_TA104_with_S9/artifacts/base/svm/estimators/svm_seed_17_skf_3_paras_19_kernel_rbf_C_1_gamma_1.joblib,"{""C"": 1, ""class_weight"": ""balanced"", ""gamma"": 1, ""kernel"": ""rbf"", ""probability"": true, ""random_state"": 1}",svm,19,/home/ubuntu/Desktop/DeepAmes_Full_STL_4_keep_weights/results_TA104_with_S9/artifacts/base/svm/scalers/svm_seed_17_skf_3_paras_19_kernel_rbf_C_1_gamma_1_scaler.joblib,17,3
svm_seed_18_skf_1_paras_19_kernel_rbf_C_1_gamma_1,svm,18_skf_1,36,2,13,3,0.722,0.732,0.188,0.947,0.6,0.735,0.286,0.212,/home/ubuntu/Desktop/DeepAmes_Full_STL_4_keep_weights/results_TA104_with_S9/artifacts/base/svm/estimators/svm_seed_18_skf_1_paras_19_kernel_rbf_C_1_gamma_1.joblib,"{""C"": 1, ""class_weight"": ""balanced"", ""gamma"": 1, ""kernel"": ""rbf"", ""probability"": true, ""random_state"": 1}",svm,19,/home/ubuntu/Desktop/DeepAmes_Full_STL_4_keep_weights/results_TA104_with_S9/artifacts/base/svm/scalers/svm_seed_18_skf_1_paras_19_kernel_rbf_C_1_gamma_1_scaler.joblib,18,1
svm_seed_18_skf_2_paras_19_kernel_rbf_C_1_gamma_1,svm,18_skf_2,36,2,13,3,0.722,0.715,0.188,0.947,0.6,0.735,0.286,0.212,/home/ubuntu/Desktop/DeepAmes_Full_STL_4_keep_weights/results_TA104_with_S9/artifacts/base/svm/estimators/svm_seed_18_skf_2_paras_19_kernel_rbf_C_1_gamma_1.joblib,"{""C"": 1, ""class_weight"": ""balanced"", ""gamma"": 1, ""kernel"": ""rbf"", ""probability"": true, ""random_state"": 1}",svm,19,/home/ubuntu/Desktop/DeepAmes_Full_STL_4_keep_weights/results_TA104_with_S9/artifacts/base/svm/scalers/svm_seed_18_skf_2_paras_19_kernel_rbf_C_1_gamma_1_scaler.joblib,18,2
svm_seed_18_skf_3_paras_19_kernel_rbf_C_1_gamma_1,svm,18_skf_3,36,2,13,3,0.722,0.743,0.188,0.947,0.6,0.735,0.286,0.212,/home/ubuntu/Desktop/DeepAmes_Full_STL_4_keep_weights/results_TA104_with_S9/artifacts/base/svm/estimators/svm_seed_18_skf_3_paras_19_kernel_rbf_C_1_gamma_1.joblib,"{""C"": 1, ""class_weight"": ""balanced"", ""gamma"": 1, ""kernel"": ""rbf"", ""probability"": true, ""random_state"": 1}",svm,19,/home/ubuntu/Desktop/DeepAmes_Full_STL_4_keep_weights/results_TA104_with_S9/artifacts/base/svm/scalers/svm_seed_18_skf_3_paras_19_kernel_rbf_C_1_gamma_1_scaler.joblib,18,3
svm_seed_19_skf_0_paras_19_kernel_rbf_C_1_gamma_1,svm,19_skf_0,35,3,13,3,0.704,0.75,0.188,0.921,0.5,0.729,0.273,0.158,/home/ubuntu/Desktop/DeepAmes_Full_STL_4_keep_weights/results_TA104_with_S9/artifacts/base/svm/estimators/svm_seed_19_skf_0_paras_19_kernel_rbf_C_1_gamma_1.joblib,"{""C"": 1, ""class_weight"": ""balanced"", ""gamma"": 1, ""kernel"": ""rbf"", ""probability"": true, ""random_state"": 1}",svm,19,/home/ubuntu/Desktop/DeepAmes_Full_STL_4_keep_weights/results_TA104_with_S9/artifacts/base/svm/scalers/svm_seed_19_skf_0_paras_19_kernel_rbf_C_1_gamma_1_scaler.joblib,19,0
svm_seed_19_skf_2_paras_19_kernel_rbf_C_1_gamma_1,svm,19_skf_2,36,2,13,3,0.722,0.714,0.188,0.947,0.6,0.735,0.286,0.212,/home/ubuntu/Desktop/DeepAmes_Full_STL_4_keep_weights/results_TA104_with_S9/artifacts/base/svm/estimators/svm_seed_19_skf_2_paras_19_kernel_rbf_C_1_gamma_1.joblib,"{""C"": 1, ""class_weight"": ""balanced"", ""gamma"": 1, ""kernel"": ""rbf"", ""probability"": true, ""random_state"": 1}",svm,19,/home/ubuntu/Desktop/DeepAmes_Full_STL_4_keep_weights/results_TA104_with_S9/artifacts/base/svm/scalers/svm_seed_19_skf_2_paras_19_kernel_rbf_C_1_gamma_1_scaler.joblib,19,2
svm_seed_19_skf_3_paras_19_kernel_rbf_C_1_gamma_1,svm,19_skf_3,36,2,13,3,0.722,0.686,0.188,0.947,0.6,0.735,0.286,0.212,/home/ubuntu/Desktop/DeepAmes_Full_STL_4_keep_weights/results_TA104_with_S9/artifacts/base/svm/estimators/svm_seed_19_skf_3_paras_19_kernel_rbf_C_1_gamma_1.joblib,"{""C"": 1, ""class_weight"": ""balanced"", ""gamma"": 1, ""kernel"": ""rbf"", ""probability"": true, ""random_state"": 1}",svm,19,/home/ubuntu/Desktop/DeepAmes_Full_STL_4_keep_weights/results_TA104_with_S9/artifacts/base/svm/scalers/svm_seed_19_skf_3_paras_19_kernel_rbf_C_1_gamma_1_scaler.joblib,19,3
lr_seed_0_skf_0_paras_22_C_100_weight_None_solver_lbfgs,lr,0_skf_0,33,5,6,10,0.796,0.822,0.625,0.868,0.667,0.846,0.645,0.503,/home/ubuntu/Desktop/DeepAmes_Full_STL_4_keep_weights/results_TA104_with_S9/artifacts/base/lr/estimators/lr_seed_0_skf_0_paras_22_C_100_weight_None_solver_lbfgs.joblib,"{""C"": 100, ""class_weight"": null, ""max_iter"": 300, ""random_state"": 1, ""solver"": ""lbfgs""}",lr,22,/home/ubuntu/Desktop/DeepAmes_Full_STL_4_keep_weights/results_TA104_with_S9/artifacts/base/lr/scalers/lr_seed_0_skf_0_paras_22_C_100_weight_None_solver_lbfgs_scaler.joblib,0,0
lr_seed_0_skf_1_paras_22_C_100_weight_None_solver_lbfgs,lr,0_skf_1,32,6,6,10,0.778,0.88,0.625,0.842,0.625,0.842,0.625,0.467,/home/ubuntu/Desktop/DeepAmes_Full_STL_4_keep_weights/results_TA104_with_S9/artifacts/base/lr/estimators/lr_seed_0_skf_1_paras_22_C_100_weight_None_solver_lbfgs.joblib,"{""C"": 100, ""class_weight"": null, ""max_iter"": 300, ""random_state"": 1, ""solver"": ""lbfgs""}",lr,22,/home/ubuntu/Desktop/DeepAmes_Full_STL_4_keep_weights/results_TA104_with_S9/artifacts/base/lr/scalers/lr_seed_0_skf_1_paras_22_C_100_weight_None_solver_lbfgs_scaler.joblib,0,1
lr_seed_0_skf_2_paras_22_C_100_weight_None_solver_lbfgs,lr,0_skf_2,31,7,4,12,0.796,0.814,0.75,0.816,0.632,0.886,0.686,0.541,/home/ubuntu/Desktop/DeepAmes_Full_STL_4_keep_weights/results_TA104_with_S9/artifacts/base/lr/estimators/lr_seed_0_skf_2_paras_22_C_100_weight_None_solver_lbfgs.joblib,"{""C"": 100, ""class_weight"": null, ""max_iter"": 300, ""random_state"": 1, ""solver"": ""lbfgs""}",lr,22,/home/ubuntu/Desktop/DeepAmes_Full_STL_4_keep_weights/results_TA104_with_S9/artifacts/base/lr/scalers/lr_seed_0_skf_2_paras_22_C_100_weight_None_solver_lbfgs_scaler.joblib,0,2
lr_seed_0_skf_3_paras_22_C_100_weight_None_solver_lbfgs,lr,0_skf_3,33,5,8,8,0.759,0.783,0.5,0.868,0.615,0.805,0.552,0.393,/home/ubuntu/Desktop/DeepAmes_Full_STL_4_keep_weights/results_TA104_with_S9/artifacts/base/lr/estimators/lr_seed_0_skf_3_paras_22_C_100_weight_None_solver_lbfgs.joblib,"{""C"": 100, ""class_weight"": null, ""max_iter"": 300, ""random_state"": 1, ""solver"": ""lbfgs""}",lr,22,/home/ubuntu/Desktop/DeepAmes_Full_STL_4_keep_weights/results_TA104_with_S9/artifacts/base/lr/scalers/lr_seed_0_skf_3_paras_22_C_100_weight_None_solver_lbfgs_scaler.joblib,0,3
lr_seed_0_skf_4_paras_22_C_100_weight_None_solver_lbfgs,lr,0_skf_4,33,5,6,10,0.796,0.852,0.625,0.868,0.667,0.846,0.645,0.503,/home/ubuntu/Desktop/DeepAmes_Full_STL_4_keep_weights/results_TA104_with_S9/artifacts/base/lr/estimators/lr_seed_0_skf_4_paras_22_C_100_weight_None_solver_lbfgs.joblib,"{""C"": 100, ""class_weight"": null, ""max_iter"": 300, ""random_state"": 1, ""solver"": ""lbfgs""}",lr,22,/home/ubuntu/Desktop/DeepAmes_Full_STL_4_keep_weights/results_TA104_with_S9/artifacts/base/lr/scalers/lr_seed_0_skf_4_paras_22_C_100_weight_None_solver_lbfgs_scaler.joblib,0,4
lr_seed_1_skf_0_paras_22_C_100_weight_None_solver_lbfgs,lr,1_skf_0,34,4,8,8,0.778,0.857,0.5,0.895,0.667,0.81,0.571,0.434,/home/ubuntu/Desktop/DeepAmes_Full_STL_4_keep_weights/results_TA104_with_S9/artifacts/base/lr/estimators/lr_seed_1_skf_0_paras_22_C_100_weight_None_solver_lbfgs.joblib,"{""C"": 100, ""class_weight"": null, ""max_iter"": 300, ""random_state"": 1, ""solver"": ""lbfgs""}",lr,22,/home/ubuntu/Desktop/DeepAmes_Full_STL_4_keep_weights/results_TA104_with_S9/artifacts/base/lr/scalers/lr_seed_1_skf_0_paras_22_C_100_weight_None_solver_lbfgs_scaler.joblib,1,0
lr_seed_1_skf_1_paras_22_C_100_weight_None_solver_lbfgs,lr,1_skf_1,33,5,7,9,0.778,0.786,0.562,0.868,0.643,0.825,0.6,0.449,/home/ubuntu/Desktop/DeepAmes_Full_STL_4_keep_weights/results_TA104_with_S9/artifacts/base/lr/estimators/lr_seed_1_skf_1_paras_22_C_100_weight_None_solver_lbfgs.joblib,"{""C"": 100, ""class_weight"": null, ""max_iter"": 300, ""random_state"": 1, ""solver"": ""lbfgs""}",lr,22,/home/ubuntu/Desktop/DeepAmes_Full_STL_4_keep_weights/results_TA104_with_S9/artifacts/base/lr/scalers/lr_seed_1_skf_1_paras_22_C_100_weight_None_solver_lbfgs_scaler.joblib,1,1
lr_seed_1_skf_2_paras_22_C_100_weight_None_solver_lbfgs,lr,1_skf_2,31,7,9,7,0.704,0.799,0.438,0.816,0.5,0.775,0.467,0.264,/home/ubuntu/Desktop/DeepAmes_Full_STL_4_keep_weights/results_TA104_with_S9/artifacts/base/lr/estimators/lr_seed_1_skf_2_paras_22_C_100_weight_None_solver_lbfgs.joblib,"{""C"": 100, ""class_weight"": null, ""max_iter"": 300, ""random_state"": 1, ""solver"": ""lbfgs""}",lr,22,/home/ubuntu/Desktop/DeepAmes_Full_STL_4_keep_weights/results_TA104_with_S9/artifacts/base/lr/scalers/lr_seed_1_skf_2_paras_22_C_100_weight_None_solver_lbfgs_scaler.joblib,1,2
lr_seed_1_skf_3_paras_22_C_100_weight_None_solver_lbfgs,lr,1_skf_3,32,6,7,9,0.759,0.86,0.562,0.842,0.6,0.821,0.581,0.412,/home/ubuntu/Desktop/DeepAmes_Full_STL_4_keep_weights/results_TA104_with_S9/artifacts/base/lr/estimators/lr_seed_1_skf_3_paras_22_C_100_weight_None_solver_lbfgs.joblib,"{""C"": 100, ""class_weight"": null, ""max_iter"": 300, ""random_state"": 1, ""solver"": ""lbfgs""}",lr,22,/home/ubuntu/Desktop/DeepAmes_Full_STL_4_keep_weights/results_TA104_with_S9/artifacts/base/lr/scalers/lr_seed_1_skf_3_paras_22_C_100_weight_None_solver_lbfgs_scaler.joblib,1,3
lr_seed_2_skf_0_paras_22_C_100_weight_None_solver_lbfgs,lr,2_skf_0,32,6,7,9,0.759,0.775,0.562,0.842,0.6,0.821,0.581,0.412,/home/ubuntu/Desktop/DeepAmes_Full_STL_4_keep_weights/results_TA104_with_S9/artifacts/base/lr/estimators/lr_seed_2_skf_0_paras_22_C_100_weight_None_solver_lbfgs.joblib,"{""C"": 100, ""class_weight"": null, ""max_iter"": 300, ""random_state"": 1, ""solver"": ""lbfgs""}",lr,22,/home/ubuntu/Desktop/DeepAmes_Full_STL_4_keep_weights/results_TA104_with_S9/artifacts/base/lr/scalers/lr_seed_2_skf_0_paras_22_C_100_weight_None_solver_lbfgs_scaler.joblib,2,0
lr_seed_2_skf_1_paras_22_C_100_weight_None_solver_lbfgs,lr,2_skf_1,33,5,6,10,0.796,0.798,0.625,0.868,0.667,0.846,0.645,0.503,/home/ubuntu/Desktop/DeepAmes_Full_STL_4_keep_weights/results_TA104_with_S9/artifacts/base/lr/estimators/lr_seed_2_skf_1_paras_22_C_100_weight_None_solver_lbfgs.joblib,"{""C"": 100, ""class_weight"": null, ""max_iter"": 300, ""random_state"": 1, ""solver"": ""lbfgs""}",lr,22,/home/ubuntu/Desktop/DeepAmes_Full_STL_4_keep_weights/results_TA104_with_S9/artifacts/base/lr/scalers/lr_seed_2_skf_1_paras_22_C_100_weight_None_solver_lbfgs_scaler.joblib,2,1
lr_seed_2_skf_2_paras_22_C_100_weight_None_solver_lbfgs,lr,2_skf_2,33,5,7,9,0.778,0.803,0.562,0.868,0.643,0.825,0.6,0.449,/home/ubuntu/Desktop/DeepAmes_Full_STL_4_keep_weights/results_TA104_with_S9/artifacts/base/lr/estimators/lr_seed_2_skf_2_paras_22_C_100_weight_None_solver_lbfgs.joblib,"{""C"": 100, ""class_weight"": null, ""max_iter"": 300, ""random_state"": 1, ""solver"": ""lbfgs""}",lr,22,/home/ubuntu/Desktop/DeepAmes_Full_STL_4_keep_weights/results_TA104_with_S9/artifacts/base/lr/scalers/lr_seed_2_skf_2_paras_22_C_100_weight_None_solver_lbfgs_scaler.joblib,2,2
lr_seed_2_skf_3_paras_22_C_100_weight_None_solver_lbfgs,lr,2_skf_3,32,6,8,8,0.741,0.812,0.5,0.842,0.571,0.8,0.533,0.356,/home/ubuntu/Desktop/DeepAmes_Full_STL_4_keep_weights/results_TA104_with_S9/artifacts/base/lr/estimators/lr_seed_2_skf_3_paras_22_C_100_weight_None_solver_lbfgs.joblib,"{""C"": 100, ""class_weight"": null, ""max_iter"": 300, ""random_state"": 1, ""solver"": ""lbfgs""}",lr,22,/home/ubuntu/Desktop/DeepAmes_Full_STL_4_keep_weights/results_TA104_with_S9/artifacts/base/lr/scalers/lr_seed_2_skf_3_paras_22_C_100_weight_None_solver_lbfgs_scaler.joblib,2,3
lr_seed_3_skf_0_paras_22_C_100_weight_None_solver_lbfgs,lr,3_skf_0,30,8,5,11,0.759,0.845,0.688,0.789,0.579,0.857,0.629,0.456,/home/ubuntu/Desktop/DeepAmes_Full_STL_4_keep_weights/results_TA104_with_S9/artifacts/base/lr/estimators/lr_seed_3_skf_0_paras_22_C_100_weight_None_solver_lbfgs.joblib,"{""C"": 100, ""class_weight"": null, ""max_iter"": 300, ""random_state"": 1, ""solver"": ""lbfgs""}",lr,22,/home/ubuntu/Desktop/DeepAmes_Full_STL_4_keep_weights/results_TA104_with_S9/artifacts/base/lr/scalers/lr_seed_3_skf_0_paras_22_C_100_weight_None_solver_lbfgs_scaler.joblib,3,0
lr_seed_3_skf_2_paras_22_C_100_weight_None_solver_lbfgs,lr,3_skf_2,32,6,6,10,0.778,0.799,0.625,0.842,0.625,0.842,0.625,0.467,/home/ubuntu/Desktop/DeepAmes_Full_STL_4_keep_weights/results_TA104_with_S9/artifacts/base/lr/estimators/lr_seed_3_skf_2_paras_22_C_100_weight_None_solver_lbfgs.joblib,"{""C"": 100, ""class_weight"": null, ""max_iter"": 300, ""random_state"": 1, ""solver"": ""lbfgs""}",lr,22,/home/ubuntu/Desktop/DeepAmes_Full_STL_4_keep_weights/results_TA104_with_S9/artifacts/base/lr/scalers/lr_seed_3_skf_2_paras_22_C_100_weight_None_solver_lbfgs_scaler.joblib,3,2
lr_seed_3_skf_3_paras_22_C_100_weight_None_solver_lbfgs,lr,3_skf_3,34,4,7,9,0.796,0.812,0.562,0.895,0.692,0.829,0.621,0.488,/home/ubuntu/Desktop/DeepAmes_Full_STL_4_keep_weights/results_TA104_with_S9/artifacts/base/lr/estimators/lr_seed_3_skf_3_paras_22_C_100_weight_None_solver_lbfgs.joblib,"{""C"": 100, ""class_weight"": null, ""max_iter"": 300, ""random_state"": 1, ""solver"": ""lbfgs""}",lr,22,/home/ubuntu/Desktop/DeepAmes_Full_STL_4_keep_weights/results_TA104_with_S9/artifacts/base/lr/scalers/lr_seed_3_skf_3_paras_22_C_100_weight_None_solver_lbfgs_scaler.joblib,3,3
lr_seed_4_skf_0_paras_22_C_100_weight_None_solver_lbfgs,lr,4_skf_0,30,8,6,10,0.741,0.803,0.625,0.789,0.556,0.833,0.588,0.401,/home/ubuntu/Desktop/DeepAmes_Full_STL_4_keep_weights/results_TA104_with_S9/artifacts/base/lr/estimators/lr_seed_4_skf_0_paras_22_C_100_weight_None_solver_lbfgs.joblib,"{""C"": 100, ""class_weight"": null, ""max_iter"": 300, ""random_state"": 1, ""solver"": ""lbfgs""}",lr,22,/home/ubuntu/Desktop/DeepAmes_Full_STL_4_keep_weights/results_TA104_with_S9/artifacts/base/lr/scalers/lr_seed_4_skf_0_paras_22_C_100_weight_None_solver_lbfgs_scaler.joblib,4,0
lr_seed_4_skf_1_paras_22_C_100_weight_None_solver_lbfgs,lr,4_skf_1,30,8,7,9,0.722,0.794,0.562,0.789,0.529,0.811,0.545,0.346,/home/ubuntu/Desktop/DeepAmes_Full_STL_4_keep_weights/results_TA104_with_S9/artifacts/base/lr/estimators/lr_seed_4_skf_1_paras_22_C_100_weight_None_solver_lbfgs.joblib,"{""C"": 100, ""class_weight"": null, ""max_iter"": 300, ""random_state"": 1, ""solver"": ""lbfgs""}",lr,22,/home/ubuntu/Desktop/DeepAmes_Full_STL_4_keep_weights/results_TA104_with_S9/artifacts/base/lr/scalers/lr_seed_4_skf_1_paras_22_C_100_weight_None_solver_lbfgs_scaler.joblib,4,1
lr_seed_4_skf_2_paras_22_C_100_weight_None_solver_lbfgs,lr,4_skf_2,31,7,7,9,0.741,0.865,0.562,0.816,0.562,0.816,0.562,0.378,/home/ubuntu/Desktop/DeepAmes_Full_STL_4_keep_weights/results_TA104_with_S9/artifacts/base/lr/estimators/lr_seed_4_skf_2_paras_22_C_100_weight_None_solver_lbfgs.joblib,"{""C"": 100, ""class_weight"": null, ""max_iter"": 300, ""random_state"": 1, ""solver"": ""lbfgs""}",lr,22,/home/ubuntu/Desktop/DeepAmes_Full_STL_4_keep_weights/results_TA104_with_S9/artifacts/base/lr/scalers/lr_seed_4_skf_2_paras_22_C_100_weight_None_solver_lbfgs_scaler.joblib,4,2
lr_seed_4_skf_3_paras_22_C_100_weight_None_solver_lbfgs,lr,4_skf_3,32,6,6,10,0.778,0.842,0.625,0.842,0.625,0.842,0.625,0.467,/home/ubuntu/Desktop/DeepAmes_Full_STL_4_keep_weights/results_TA104_with_S9/artifacts/base/lr/estimators/lr_seed_4_skf_3_paras_22_C_100_weight_None_solver_lbfgs.joblib,"{""C"": 100, ""class_weight"": null, ""max_iter"": 300, ""random_state"": 1, ""solver"": ""lbfgs""}",lr,22,/home/ubuntu/Desktop/DeepAmes_Full_STL_4_keep_weights/results_TA104_with_S9/artifacts/base/lr/scalers/lr_seed_4_skf_3_paras_22_C_100_weight_None_solver_lbfgs_scaler.joblib,4,3
lr_seed_4_skf_4_paras_22_C_100_weight_None_solver_lbfgs,lr,4_skf_4,34,4,7,9,0.796,0.808,0.562,0.895,0.692,0.829,0.621,0.488,/home/ubuntu/Desktop/DeepAmes_Full_STL_4_keep_weights/results_TA104_with_S9/artifacts/base/lr/estimators/lr_seed_4_skf_4_paras_22_C_100_weight_None_solver_lbfgs.joblib,"{""C"": 100, ""class_weight"": null, ""max_iter"": 300, ""random_state"": 1, ""solver"": ""lbfgs""}",lr,22,/home/ubuntu/Desktop/DeepAmes_Full_STL_4_keep_weights/results_TA104_with_S9/artifacts/base/lr/scalers/lr_seed_4_skf_4_paras_22_C_100_weight_None_solver_lbfgs_scaler.joblib,4,4
lr_seed_5_skf_0_paras_22_C_100_weight_None_solver_lbfgs,lr,5_skf_0,35,3,7,9,0.815,0.845,0.562,0.921,0.75,0.833,0.643,0.531,/home/ubuntu/Desktop/DeepAmes_Full_STL_4_keep_weights/results_TA104_with_S9/artifacts/base/lr/estimators/lr_seed_5_skf_0_paras_22_C_100_weight_None_solver_lbfgs.joblib,"{""C"": 100, ""class_weight"": null, ""max_iter"": 300, ""random_state"": 1, ""solver"": ""lbfgs""}",lr,22,/home/ubuntu/Desktop/DeepAmes_Full_STL_4_keep_weights/results_TA104_with_S9/artifacts/base/lr/scalers/lr_seed_5_skf_0_paras_22_C_100_weight_None_solver_lbfgs_scaler.joblib,5,0
lr_seed_5_skf_1_paras_22_C_100_weight_None_solver_lbfgs,lr,5_skf_1,31,7,8,8,0.722,0.793,0.5,0.816,0.533,0.795,0.516,0.322,/home/ubuntu/Desktop/DeepAmes_Full_STL_4_keep_weights/results_TA104_with_S9/artifacts/base/lr/estimators/lr_seed_5_skf_1_paras_22_C_100_weight_None_solver_lbfgs.joblib,"{""C"": 100, ""class_weight"": null, ""max_iter"": 300, ""random_state"": 1, ""solver"": ""lbfgs""}",lr,22,/home/ubuntu/Desktop/DeepAmes_Full_STL_4_keep_weights/results_TA104_with_S9/artifacts/base/lr/scalers/lr_seed_5_skf_1_paras_22_C_100_weight_None_solver_lbfgs_scaler.joblib,5,1
lr_seed_5_skf_4_paras_22_C_100_weight_None_solver_lbfgs,lr,5_skf_4,32,6,8,8,0.741,0.845,0.5,0.842,0.571,0.8,0.533,0.356,/home/ubuntu/Desktop/DeepAmes_Full_STL_4_keep_weights/results_TA104_with_S9/artifacts/base/lr/estimators/lr_seed_5_skf_4_paras_22_C_100_weight_None_solver_lbfgs.joblib,"{""C"": 100, ""class_weight"": null, ""max_iter"": 300, ""random_state"": 1, ""solver"": ""lbfgs""}",lr,22,/home/ubuntu/Desktop/DeepAmes_Full_STL_4_keep_weights/results_TA104_with_S9/artifacts/base/lr/scalers/lr_seed_5_skf_4_paras_22_C_100_weight_None_solver_lbfgs_scaler.joblib,5,4
lr_seed_6_skf_0_paras_22_C_100_weight_None_solver_lbfgs,lr,6_skf_0,34,4,7,9,0.796,0.819,0.562,0.895,0.692,0.829,0.621,0.488,/home/ubuntu/Desktop/DeepAmes_Full_STL_4_keep_weights/results_TA104_with_S9/artifacts/base/lr/estimators/lr_seed_6_skf_0_paras_22_C_100_weight_None_solver_lbfgs.joblib,"{""C"": 100, ""class_weight"": null, ""max_iter"": 300, ""random_state"": 1, ""solver"": ""lbfgs""}",lr,22,/home/ubuntu/Desktop/DeepAmes_Full_STL_4_keep_weights/results_TA104_with_S9/artifacts/base/lr/scalers/lr_seed_6_skf_0_paras_22_C_100_weight_None_solver_lbfgs_scaler.joblib,6,0
lr_seed_6_skf_1_paras_22_C_100_weight_None_solver_lbfgs,lr,6_skf_1,32,6,7,9,0.759,0.84,0.562,0.842,0.6,0.821,0.581,0.412,/home/ubuntu/Desktop/DeepAmes_Full_STL_4_keep_weights/results_TA104_with_S9/artifacts/base/lr/estimators/lr_seed_6_skf_1_paras_22_C_100_weight_None_solver_lbfgs.joblib,"{""C"": 100, ""class_weight"": null, ""max_iter"": 300, ""random_state"": 1, ""solver"": ""lbfgs""}",lr,22,/home/ubuntu/Desktop/DeepAmes_Full_STL_4_keep_weights/results_TA104_with_S9/artifacts/base/lr/scalers/lr_seed_6_skf_1_paras_22_C_100_weight_None_solver_lbfgs_scaler.joblib,6,1
lr_seed_6_skf_2_paras_22_C_100_weight_None_solver_lbfgs,lr,6_skf_2,33,5,6,10,0.796,0.829,0.625,0.868,0.667,0.846,0.645,0.503,/home/ubuntu/Desktop/DeepAmes_Full_STL_4_keep_weights/results_TA104_with_S9/artifacts/base/lr/estimators/lr_seed_6_skf_2_paras_22_C_100_weight_None_solver_lbfgs.joblib,"{""C"": 100, ""class_weight"": null, ""max_iter"": 300, ""random_state"": 1, ""solver"": ""lbfgs""}",lr,22,/home/ubuntu/Desktop/DeepAmes_Full_STL_4_keep_weights/results_TA104_with_S9/artifacts/base/lr/scalers/lr_seed_6_skf_2_paras_22_C_100_weight_None_solver_lbfgs_scaler.joblib,6,2
lr_seed_6_skf_3_paras_22_C_100_weight_None_solver_lbfgs,lr,6_skf_3,33,5,7,9,0.778,0.857,0.562,0.868,0.643,0.825,0.6,0.449,/home/ubuntu/Desktop/DeepAmes_Full_STL_4_keep_weights/results_TA104_with_S9/artifacts/base/lr/estimators/lr_seed_6_skf_3_paras_22_C_100_weight_None_solver_lbfgs.joblib,"{""C"": 100, ""class_weight"": null, ""max_iter"": 300, ""random_state"": 1, ""solver"": ""lbfgs""}",lr,22,/home/ubuntu/Desktop/DeepAmes_Full_STL_4_keep_weights/results_TA104_with_S9/artifacts/base/lr/scalers/lr_seed_6_skf_3_paras_22_C_100_weight_None_solver_lbfgs_scaler.joblib,6,3
lr_seed_6_skf_4_paras_22_C_100_weight_None_solver_lbfgs,lr,6_skf_4,33,5,7,9,0.778,0.793,0.562,0.868,0.643,0.825,0.6,0.449,/home/ubuntu/Desktop/DeepAmes_Full_STL_4_keep_weights/results_TA104_with_S9/artifacts/base/lr/estimators/lr_seed_6_skf_4_paras_22_C_100_weight_None_solver_lbfgs.joblib,"{""C"": 100, ""class_weight"": null, ""max_iter"": 300, ""random_state"": 1, ""solver"": ""lbfgs""}",lr,22,/home/ubuntu/Desktop/DeepAmes_Full_STL_4_keep_weights/results_TA104_with_S9/artifacts/base/lr/scalers/lr_seed_6_skf_4_paras_22_C_100_weight_None_solver_lbfgs_scaler.joblib,6,4
lr_seed_7_skf_0_paras_22_C_100_weight_None_solver_lbfgs,lr,7_skf_0,32,6,7,9,0.759,0.852,0.562,0.842,0.6,0.821,0.581,0.412,/home/ubuntu/Desktop/DeepAmes_Full_STL_4_keep_weights/results_TA104_with_S9/artifacts/base/lr/estimators/lr_seed_7_skf_0_paras_22_C_100_weight_None_solver_lbfgs.joblib,"{""C"": 100, ""class_weight"": null, ""max_iter"": 300, ""random_state"": 1, ""solver"": ""lbfgs""}",lr,22,/home/ubuntu/Desktop/DeepAmes_Full_STL_4_keep_weights/results_TA104_with_S9/artifacts/base/lr/scalers/lr_seed_7_skf_0_paras_22_C_100_weight_None_solver_lbfgs_scaler.joblib,7,0
lr_seed_7_skf_1_paras_22_C_100_weight_None_solver_lbfgs,lr,7_skf_1,32,6,6,10,0.778,0.865,0.625,0.842,0.625,0.842,0.625,0.467,/home/ubuntu/Desktop/DeepAmes_Full_STL_4_keep_weights/results_TA104_with_S9/artifacts/base/lr/estimators/lr_seed_7_skf_1_paras_22_C_100_weight_None_solver_lbfgs.joblib,"{""C"": 100, ""class_weight"": null, ""max_iter"": 300, ""random_state"": 1, ""solver"": ""lbfgs""}",lr,22,/home/ubuntu/Desktop/DeepAmes_Full_STL_4_keep_weights/results_TA104_with_S9/artifacts/base/lr/scalers/lr_seed_7_skf_1_paras_22_C_100_weight_None_solver_lbfgs_scaler.joblib,7,1
lr_seed_7_skf_2_paras_22_C_100_weight_None_solver_lbfgs,lr,7_skf_2,33,5,6,10,0.796,0.819,0.625,0.868,0.667,0.846,0.645,0.503,/home/ubuntu/Desktop/DeepAmes_Full_STL_4_keep_weights/results_TA104_with_S9/artifacts/base/lr/estimators/lr_seed_7_skf_2_paras_22_C_100_weight_None_solver_lbfgs.joblib,"{""C"": 100, ""class_weight"": null, ""max_iter"": 300, ""random_state"": 1, ""solver"": ""lbfgs""}",lr,22,/home/ubuntu/Desktop/DeepAmes_Full_STL_4_keep_weights/results_TA104_with_S9/artifacts/base/lr/scalers/lr_seed_7_skf_2_paras_22_C_100_weight_None_solver_lbfgs_scaler.joblib,7,2
lr_seed_7_skf_3_paras_22_C_100_weight_None_solver_lbfgs,lr,7_skf_3,33,5,8,8,0.759,0.789,0.5,0.868,0.615,0.805,0.552,0.393,/home/ubuntu/Desktop/DeepAmes_Full_STL_4_keep_weights/results_TA104_with_S9/artifacts/base/lr/estimators/lr_seed_7_skf_3_paras_22_C_100_weight_None_solver_lbfgs.joblib,"{""C"": 100, ""class_weight"": null, ""max_iter"": 300, ""random_state"": 1, ""solver"": ""lbfgs""}",lr,22,/home/ubuntu/Desktop/DeepAmes_Full_STL_4_keep_weights/results_TA104_with_S9/artifacts/base/lr/scalers/lr_seed_7_skf_3_paras_22_C_100_weight_None_solver_lbfgs_scaler.joblib,7,3
lr_seed_7_skf_4_paras_22_C_100_weight_None_solver_lbfgs,lr,7_skf_4,31,7,7,9,0.741,0.742,0.562,0.816,0.562,0.816,0.562,0.378,/home/ubuntu/Desktop/DeepAmes_Full_STL_4_keep_weights/results_TA104_with_S9/artifacts/base/lr/estimators/lr_seed_7_skf_4_paras_22_C_100_weight_None_solver_lbfgs.joblib,"{""C"": 100, ""class_weight"": null, ""max_iter"": 300, ""random_state"": 1, ""solver"": ""lbfgs""}",lr,22,/home/ubuntu/Desktop/DeepAmes_Full_STL_4_keep_weights/results_TA104_with_S9/artifacts/base/lr/scalers/lr_seed_7_skf_4_paras_22_C_100_weight_None_solver_lbfgs_scaler.joblib,7,4
lr_seed_8_skf_2_paras_22_C_100_weight_None_solver_lbfgs,lr,8_skf_2,32,6,6,10,0.778,0.873,0.625,0.842,0.625,0.842,0.625,0.467,/home/ubuntu/Desktop/DeepAmes_Full_STL_4_keep_weights/results_TA104_with_S9/artifacts/base/lr/estimators/lr_seed_8_skf_2_paras_22_C_100_weight_None_solver_lbfgs.joblib,"{""C"": 100, ""class_weight"": null, ""max_iter"": 300, ""random_state"": 1, ""solver"": ""lbfgs""}",lr,22,/home/ubuntu/Desktop/DeepAmes_Full_STL_4_keep_weights/results_TA104_with_S9/artifacts/base/lr/scalers/lr_seed_8_skf_2_paras_22_C_100_weight_None_solver_lbfgs_scaler.joblib,8,2
lr_seed_8_skf_3_paras_22_C_100_weight_None_solver_lbfgs,lr,8_skf_3,32,6,8,8,0.741,0.808,0.5,0.842,0.571,0.8,0.533,0.356,/home/ubuntu/Desktop/DeepAmes_Full_STL_4_keep_weights/results_TA104_with_S9/artifacts/base/lr/estimators/lr_seed_8_skf_3_paras_22_C_100_weight_None_solver_lbfgs.joblib,"{""C"": 100, ""class_weight"": null, ""max_iter"": 300, ""random_state"": 1, ""solver"": ""lbfgs""}",lr,22,/home/ubuntu/Desktop/DeepAmes_Full_STL_4_keep_weights/results_TA104_with_S9/artifacts/base/lr/scalers/lr_seed_8_skf_3_paras_22_C_100_weight_None_solver_lbfgs_scaler.joblib,8,3
lr_seed_8_skf_4_paras_22_C_100_weight_None_solver_lbfgs,lr,8_skf_4,33,5,7,9,0.778,0.794,0.562,0.868,0.643,0.825,0.6,0.449,/home/ubuntu/Desktop/DeepAmes_Full_STL_4_keep_weights/results_TA104_with_S9/artifacts/base/lr/estimators/lr_seed_8_skf_4_paras_22_C_100_weight_None_solver_lbfgs.joblib,"{""C"": 100, ""class_weight"": null, ""max_iter"": 300, ""random_state"": 1, ""solver"": ""lbfgs""}",lr,22,/home/ubuntu/Desktop/DeepAmes_Full_STL_4_keep_weights/results_TA104_with_S9/artifacts/base/lr/scalers/lr_seed_8_skf_4_paras_22_C_100_weight_None_solver_lbfgs_scaler.joblib,8,4
lr_seed_9_skf_0_paras_22_C_100_weight_None_solver_lbfgs,lr,9_skf_0,32,6,8,8,0.741,0.84,0.5,0.842,0.571,0.8,0.533,0.356,/home/ubuntu/Desktop/DeepAmes_Full_STL_4_keep_weights/results_TA104_with_S9/artifacts/base/lr/estimators/lr_seed_9_skf_0_paras_22_C_100_weight_None_solver_lbfgs.joblib,"{""C"": 100, ""class_weight"": null, ""max_iter"": 300, ""random_state"": 1, ""solver"": ""lbfgs""}",lr,22,/home/ubuntu/Desktop/DeepAmes_Full_STL_4_keep_weights/results_TA104_with_S9/artifacts/base/lr/scalers/lr_seed_9_skf_0_paras_22_C_100_weight_None_solver_lbfgs_scaler.joblib,9,0
lr_seed_9_skf_1_paras_22_C_100_weight_None_solver_lbfgs,lr,9_skf_1,34,4,7,9,0.796,0.821,0.562,0.895,0.692,0.829,0.621,0.488,/home/ubuntu/Desktop/DeepAmes_Full_STL_4_keep_weights/results_TA104_with_S9/artifacts/base/lr/estimators/lr_seed_9_skf_1_paras_22_C_100_weight_None_solver_lbfgs.joblib,"{""C"": 100, ""class_weight"": null, ""max_iter"": 300, ""random_state"": 1, ""solver"": ""lbfgs""}",lr,22,/home/ubuntu/Desktop/DeepAmes_Full_STL_4_keep_weights/results_TA104_with_S9/artifacts/base/lr/scalers/lr_seed_9_skf_1_paras_22_C_100_weight_None_solver_lbfgs_scaler.joblib,9,1
lr_seed_9_skf_2_paras_22_C_100_weight_None_solver_lbfgs,lr,9_skf_2,31,7,7,9,0.741,0.824,0.562,0.816,0.562,0.816,0.562,0.378,/home/ubuntu/Desktop/DeepAmes_Full_STL_4_keep_weights/results_TA104_with_S9/artifacts/base/lr/estimators/lr_seed_9_skf_2_paras_22_C_100_weight_None_solver_lbfgs.joblib,"{""C"": 100, ""class_weight"": null, ""max_iter"": 300, ""random_state"": 1, ""solver"": ""lbfgs""}",lr,22,/home/ubuntu/Desktop/DeepAmes_Full_STL_4_keep_weights/results_TA104_with_S9/artifacts/base/lr/scalers/lr_seed_9_skf_2_paras_22_C_100_weight_None_solver_lbfgs_scaler.joblib,9,2
lr_seed_9_skf_3_paras_22_C_100_weight_None_solver_lbfgs,lr,9_skf_3,34,4,8,8,0.778,0.865,0.5,0.895,0.667,0.81,0.571,0.434,/home/ubuntu/Desktop/DeepAmes_Full_STL_4_keep_weights/results_TA104_with_S9/artifacts/base/lr/estimators/lr_seed_9_skf_3_paras_22_C_100_weight_None_solver_lbfgs.joblib,"{""C"": 100, ""class_weight"": null, ""max_iter"": 300, ""random_state"": 1, ""solver"": ""lbfgs""}",lr,22,/home/ubuntu/Desktop/DeepAmes_Full_STL_4_keep_weights/results_TA104_with_S9/artifacts/base/lr/scalers/lr_seed_9_skf_3_paras_22_C_100_weight_None_solver_lbfgs_scaler.joblib,9,3
lr_seed_9_skf_4_paras_22_C_100_weight_None_solver_lbfgs,lr,9_skf_4,32,6,6,10,0.778,0.798,0.625,0.842,0.625,0.842,0.625,0.467,/home/ubuntu/Desktop/DeepAmes_Full_STL_4_keep_weights/results_TA104_with_S9/artifacts/base/lr/estimators/lr_seed_9_skf_4_paras_22_C_100_weight_None_solver_lbfgs.joblib,"{""C"": 100, ""class_weight"": null, ""max_iter"": 300, ""random_state"": 1, ""solver"": ""lbfgs""}",lr,22,/home/ubuntu/Desktop/DeepAmes_Full_STL_4_keep_weights/results_TA104_with_S9/artifacts/base/lr/scalers/lr_seed_9_skf_4_paras_22_C_100_weight_None_solver_lbfgs_scaler.joblib,9,4
lr_seed_10_skf_1_paras_22_C_100_weight_None_solver_lbfgs,lr,10_skf_1,30,8,8,8,0.704,0.785,0.5,0.789,0.5,0.789,0.5,0.289,/home/ubuntu/Desktop/DeepAmes_Full_STL_4_keep_weights/results_TA104_with_S9/artifacts/base/lr/estimators/lr_seed_10_skf_1_paras_22_C_100_weight_None_solver_lbfgs.joblib,"{""C"": 100, ""class_weight"": null, ""max_iter"": 300, ""random_state"": 1, ""solver"": ""lbfgs""}",lr,22,/home/ubuntu/Desktop/DeepAmes_Full_STL_4_keep_weights/results_TA104_with_S9/artifacts/base/lr/scalers/lr_seed_10_skf_1_paras_22_C_100_weight_None_solver_lbfgs_scaler.joblib,10,1
lr_seed_10_skf_2_paras_22_C_100_weight_None_solver_lbfgs,lr,10_skf_2,32,6,6,10,0.778,0.836,0.625,0.842,0.625,0.842,0.625,0.467,/home/ubuntu/Desktop/DeepAmes_Full_STL_4_keep_weights/results_TA104_with_S9/artifacts/base/lr/estimators/lr_seed_10_skf_2_paras_22_C_100_weight_None_solver_lbfgs.joblib,"{""C"": 100, ""class_weight"": null, ""max_iter"": 300, ""random_state"": 1, ""solver"": ""lbfgs""}",lr,22,/home/ubuntu/Desktop/DeepAmes_Full_STL_4_keep_weights/results_TA104_with_S9/artifacts/base/lr/scalers/lr_seed_10_skf_2_paras_22_C_100_weight_None_solver_lbfgs_scaler.joblib,10,2
lr_seed_10_skf_4_paras_22_C_100_weight_None_solver_lbfgs,lr,10_skf_4,32,6,6,10,0.778,0.836,0.625,0.842,0.625,0.842,0.625,0.467,/home/ubuntu/Desktop/DeepAmes_Full_STL_4_keep_weights/results_TA104_with_S9/artifacts/base/lr/estimators/lr_seed_10_skf_4_paras_22_C_100_weight_None_solver_lbfgs.joblib,"{""C"": 100, ""class_weight"": null, ""max_iter"": 300, ""random_state"": 1, ""solver"": ""lbfgs""}",lr,22,/home/ubuntu/Desktop/DeepAmes_Full_STL_4_keep_weights/results_TA104_with_S9/artifacts/base/lr/scalers/lr_seed_10_skf_4_paras_22_C_100_weight_None_solver_lbfgs_scaler.joblib,10,4
lr_seed_11_skf_0_paras_22_C_100_weight_None_solver_lbfgs,lr,11_skf_0,29,9,8,8,0.685,0.712,0.5,0.763,0.471,0.784,0.485,0.259,/home/ubuntu/Desktop/DeepAmes_Full_STL_4_keep_weights/results_TA104_with_S9/artifacts/base/lr/estimators/lr_seed_11_skf_0_paras_22_C_100_weight_None_solver_lbfgs.joblib,"{""C"": 100, ""class_weight"": null, ""max_iter"": 300, ""random_state"": 1, ""solver"": ""lbfgs""}",lr,22,/home/ubuntu/Desktop/DeepAmes_Full_STL_4_keep_weights/results_TA104_with_S9/artifacts/base/lr/scalers/lr_seed_11_skf_0_paras_22_C_100_weight_None_solver_lbfgs_scaler.joblib,11,0
lr_seed_11_skf_1_paras_22_C_100_weight_None_solver_lbfgs,lr,11_skf_1,30,8,5,11,0.759,0.819,0.688,0.789,0.579,0.857,0.629,0.456,/home/ubuntu/Desktop/DeepAmes_Full_STL_4_keep_weights/results_TA104_with_S9/artifacts/base/lr/estimators/lr_seed_11_skf_1_paras_22_C_100_weight_None_solver_lbfgs.joblib,"{""C"": 100, ""class_weight"": null, ""max_iter"": 300, ""random_state"": 1, ""solver"": ""lbfgs""}",lr,22,/home/ubuntu/Desktop/DeepAmes_Full_STL_4_keep_weights/results_TA104_with_S9/artifacts/base/lr/scalers/lr_seed_11_skf_1_paras_22_C_100_weight_None_solver_lbfgs_scaler.joblib,11,1
lr_seed_11_skf_3_paras_22_C_100_weight_None_solver_lbfgs,lr,11_skf_3,35,3,8,8,0.796,0.834,0.5,0.921,0.727,0.814,0.593,0.477,/home/ubuntu/Desktop/DeepAmes_Full_STL_4_keep_weights/results_TA104_with_S9/artifacts/base/lr/estimators/lr_seed_11_skf_3_paras_22_C_100_weight_None_solver_lbfgs.joblib,"{""C"": 100, ""class_weight"": null, ""max_iter"": 300, ""random_state"": 1, ""solver"": ""lbfgs""}",lr,22,/home/ubuntu/Desktop/DeepAmes_Full_STL_4_keep_weights/results_TA104_with_S9/artifacts/base/lr/scalers/lr_seed_11_skf_3_paras_22_C_100_weight_None_solver_lbfgs_scaler.joblib,11,3
lr_seed_11_skf_4_paras_22_C_100_weight_None_solver_lbfgs,lr,11_skf_4,33,5,7,9,0.778,0.806,0.562,0.868,0.643,0.825,0.6,0.449,/home/ubuntu/Desktop/DeepAmes_Full_STL_4_keep_weights/results_TA104_with_S9/artifacts/base/lr/estimators/lr_seed_11_skf_4_paras_22_C_100_weight_None_solver_lbfgs.joblib,"{""C"": 100, ""class_weight"": null, ""max_iter"": 300, ""random_state"": 1, ""solver"": ""lbfgs""}",lr,22,/home/ubuntu/Desktop/DeepAmes_Full_STL_4_keep_weights/results_TA104_with_S9/artifacts/base/lr/scalers/lr_seed_11_skf_4_paras_22_C_100_weight_None_solver_lbfgs_scaler.joblib,11,4
lr_seed_12_skf_0_paras_22_C_100_weight_None_solver_lbfgs,lr,12_skf_0,35,3,8,8,0.796,0.748,0.5,0.921,0.727,0.814,0.593,0.477,/home/ubuntu/Desktop/DeepAmes_Full_STL_4_keep_weights/results_TA104_with_S9/artifacts/base/lr/estimators/lr_seed_12_skf_0_paras_22_C_100_weight_None_solver_lbfgs.joblib,"{""C"": 100, ""class_weight"": null, ""max_iter"": 300, ""random_state"": 1, ""solver"": ""lbfgs""}",lr,22,/home/ubuntu/Desktop/DeepAmes_Full_STL_4_keep_weights/results_TA104_with_S9/artifacts/base/lr/scalers/lr_seed_12_skf_0_paras_22_C_100_weight_None_solver_lbfgs_scaler.joblib,12,0
lr_seed_12_skf_2_paras_22_C_100_weight_None_solver_lbfgs,lr,12_skf_2,33,5,8,8,0.759,0.849,0.5,0.868,0.615,0.805,0.552,0.393,/home/ubuntu/Desktop/DeepAmes_Full_STL_4_keep_weights/results_TA104_with_S9/artifacts/base/lr/estimators/lr_seed_12_skf_2_paras_22_C_100_weight_None_solver_lbfgs.joblib,"{""C"": 100, ""class_weight"": null, ""max_iter"": 300, ""random_state"": 1, ""solver"": ""lbfgs""}",lr,22,/home/ubuntu/Desktop/DeepAmes_Full_STL_4_keep_weights/results_TA104_with_S9/artifacts/base/lr/scalers/lr_seed_12_skf_2_paras_22_C_100_weight_None_solver_lbfgs_scaler.joblib,12,2
lr_seed_12_skf_3_paras_22_C_100_weight_None_solver_lbfgs,lr,12_skf_3,33,5,7,9,0.778,0.781,0.562,0.868,0.643,0.825,0.6,0.449,/home/ubuntu/Desktop/DeepAmes_Full_STL_4_keep_weights/results_TA104_with_S9/artifacts/base/lr/estimators/lr_seed_12_skf_3_paras_22_C_100_weight_None_solver_lbfgs.joblib,"{""C"": 100, ""class_weight"": null, ""max_iter"": 300, ""random_state"": 1, ""solver"": ""lbfgs""}",lr,22,/home/ubuntu/Desktop/DeepAmes_Full_STL_4_keep_weights/results_TA104_with_S9/artifacts/base/lr/scalers/lr_seed_12_skf_3_paras_22_C_100_weight_None_solver_lbfgs_scaler.joblib,12,3
lr_seed_12_skf_4_paras_22_C_100_weight_None_solver_lbfgs,lr,12_skf_4,30,8,5,11,0.759,0.836,0.688,0.789,0.579,0.857,0.629,0.456,/home/ubuntu/Desktop/DeepAmes_Full_STL_4_keep_weights/results_TA104_with_S9/artifacts/base/lr/estimators/lr_seed_12_skf_4_paras_22_C_100_weight_None_solver_lbfgs.joblib,"{""C"": 100, ""class_weight"": null, ""max_iter"": 300, ""random_state"": 1, ""solver"": ""lbfgs""}",lr,22,/home/ubuntu/Desktop/DeepAmes_Full_STL_4_keep_weights/results_TA104_with_S9/artifacts/base/lr/scalers/lr_seed_12_skf_4_paras_22_C_100_weight_None_solver_lbfgs_scaler.joblib,12,4
lr_seed_13_skf_0_paras_22_C_100_weight_None_solver_lbfgs,lr,13_skf_0,33,5,10,6,0.722,0.796,0.375,0.868,0.545,0.767,0.444,0.276,/home/ubuntu/Desktop/DeepAmes_Full_STL_4_keep_weights/results_TA104_with_S9/artifacts/base/lr/estimators/lr_seed_13_skf_0_paras_22_C_100_weight_None_solver_lbfgs.joblib,"{""C"": 100, ""class_weight"": null, ""max_iter"": 300, ""random_state"": 1, ""solver"": ""lbfgs""}",lr,22,/home/ubuntu/Desktop/DeepAmes_Full_STL_4_keep_weights/results_TA104_with_S9/artifacts/base/lr/scalers/lr_seed_13_skf_0_paras_22_C_100_weight_None_solver_lbfgs_scaler.joblib,13,0
lr_seed_13_skf_1_paras_22_C_100_weight_None_solver_lbfgs,lr,13_skf_1,32,6,6,10,0.778,0.811,0.625,0.842,0.625,0.842,0.625,0.467,/home/ubuntu/Desktop/DeepAmes_Full_STL_4_keep_weights/results_TA104_with_S9/artifacts/base/lr/estimators/lr_seed_13_skf_1_paras_22_C_100_weight_None_solver_lbfgs.joblib,"{""C"": 100, ""class_weight"": null, ""max_iter"": 300, ""random_state"": 1, ""solver"": ""lbfgs""}",lr,22,/home/ubuntu/Desktop/DeepAmes_Full_STL_4_keep_weights/results_TA104_with_S9/artifacts/base/lr/scalers/lr_seed_13_skf_1_paras_22_C_100_weight_None_solver_lbfgs_scaler.joblib,13,1
lr_seed_13_skf_2_paras_22_C_100_weight_None_solver_lbfgs,lr,13_skf_2,35,3,7,9,0.815,0.824,0.562,0.921,0.75,0.833,0.643,0.531,/home/ubuntu/Desktop/DeepAmes_Full_STL_4_keep_weights/results_TA104_with_S9/artifacts/base/lr/estimators/lr_seed_13_skf_2_paras_22_C_100_weight_None_solver_lbfgs.joblib,"{""C"": 100, ""class_weight"": null, ""max_iter"": 300, ""random_state"": 1, ""solver"": ""lbfgs""}",lr,22,/home/ubuntu/Desktop/DeepAmes_Full_STL_4_keep_weights/results_TA104_with_S9/artifacts/base/lr/scalers/lr_seed_13_skf_2_paras_22_C_100_weight_None_solver_lbfgs_scaler.joblib,13,2
lr_seed_13_skf_3_paras_22_C_100_weight_None_solver_lbfgs,lr,13_skf_3,30,8,6,10,0.741,0.842,0.625,0.789,0.556,0.833,0.588,0.401,/home/ubuntu/Desktop/DeepAmes_Full_STL_4_keep_weights/results_TA104_with_S9/artifacts/base/lr/estimators/lr_seed_13_skf_3_paras_22_C_100_weight_None_solver_lbfgs.joblib,"{""C"": 100, ""class_weight"": null, ""max_iter"": 300, ""random_state"": 1, ""solver"": ""lbfgs""}",lr,22,/home/ubuntu/Desktop/DeepAmes_Full_STL_4_keep_weights/results_TA104_with_S9/artifacts/base/lr/scalers/lr_seed_13_skf_3_paras_22_C_100_weight_None_solver_lbfgs_scaler.joblib,13,3
lr_seed_13_skf_4_paras_22_C_100_weight_None_solver_lbfgs,lr,13_skf_4,33,5,8,8,0.759,0.852,0.5,0.868,0.615,0.805,0.552,0.393,/home/ubuntu/Desktop/DeepAmes_Full_STL_4_keep_weights/results_TA104_with_S9/artifacts/base/lr/estimators/lr_seed_13_skf_4_paras_22_C_100_weight_None_solver_lbfgs.joblib,"{""C"": 100, ""class_weight"": null, ""max_iter"": 300, ""random_state"": 1, ""solver"": ""lbfgs""}",lr,22,/home/ubuntu/Desktop/DeepAmes_Full_STL_4_keep_weights/results_TA104_with_S9/artifacts/base/lr/scalers/lr_seed_13_skf_4_paras_22_C_100_weight_None_solver_lbfgs_scaler.joblib,13,4
lr_seed_14_skf_0_paras_22_C_100_weight_None_solver_lbfgs,lr,14_skf_0,32,6,7,9,0.759,0.824,0.562,0.842,0.6,0.821,0.581,0.412,/home/ubuntu/Desktop/DeepAmes_Full_STL_4_keep_weights/results_TA104_with_S9/artifacts/base/lr/estimators/lr_seed_14_skf_0_paras_22_C_100_weight_None_solver_lbfgs.joblib,"{""C"": 100, ""class_weight"": null, ""max_iter"": 300, ""random_state"": 1, ""solver"": ""lbfgs""}",lr,22,/home/ubuntu/Desktop/DeepAmes_Full_STL_4_keep_weights/results_TA104_with_S9/artifacts/base/lr/scalers/lr_seed_14_skf_0_paras_22_C_100_weight_None_solver_lbfgs_scaler.joblib,14,0
lr_seed_14_skf_1_paras_22_C_100_weight_None_solver_lbfgs,lr,14_skf_1,29,9,6,10,0.722,0.799,0.625,0.763,0.526,0.829,0.571,0.371,/home/ubuntu/Desktop/DeepAmes_Full_STL_4_keep_weights/results_TA104_with_S9/artifacts/base/lr/estimators/lr_seed_14_skf_1_paras_22_C_100_weight_None_solver_lbfgs.joblib,"{""C"": 100, ""class_weight"": null, ""max_iter"": 300, ""random_state"": 1, ""solver"": ""lbfgs""}",lr,22,/home/ubuntu/Desktop/DeepAmes_Full_STL_4_keep_weights/results_TA104_with_S9/artifacts/base/lr/scalers/lr_seed_14_skf_1_paras_22_C_100_weight_None_solver_lbfgs_scaler.joblib,14,1
lr_seed_14_skf_3_paras_22_C_100_weight_None_solver_lbfgs,lr,14_skf_3,33,5,6,10,0.796,0.809,0.625,0.868,0.667,0.846,0.645,0.503,/home/ubuntu/Desktop/DeepAmes_Full_STL_4_keep_weights/results_TA104_with_S9/artifacts/base/lr/estimators/lr_seed_14_skf_3_paras_22_C_100_weight_None_solver_lbfgs.joblib,"{""C"": 100, ""class_weight"": null, ""max_iter"": 300, ""random_state"": 1, ""solver"": ""lbfgs""}",lr,22,/home/ubuntu/Desktop/DeepAmes_Full_STL_4_keep_weights/results_TA104_with_S9/artifacts/base/lr/scalers/lr_seed_14_skf_3_paras_22_C_100_weight_None_solver_lbfgs_scaler.joblib,14,3
lr_seed_14_skf_4_paras_22_C_100_weight_None_solver_lbfgs,lr,14_skf_4,35,3,8,8,0.796,0.847,0.5,0.921,0.727,0.814,0.593,0.477,/home/ubuntu/Desktop/DeepAmes_Full_STL_4_keep_weights/results_TA104_with_S9/artifacts/base/lr/estimators/lr_seed_14_skf_4_paras_22_C_100_weight_None_solver_lbfgs.joblib,"{""C"": 100, ""class_weight"": null, ""max_iter"": 300, ""random_state"": 1, ""solver"": ""lbfgs""}",lr,22,/home/ubuntu/Desktop/DeepAmes_Full_STL_4_keep_weights/results_TA104_with_S9/artifacts/base/lr/scalers/lr_seed_14_skf_4_paras_22_C_100_weight_None_solver_lbfgs_scaler.joblib,14,4
lr_seed_15_skf_0_paras_22_C_100_weight_None_solver_lbfgs,lr,15_skf_0,34,4,7,9,0.796,0.801,0.562,0.895,0.692,0.829,0.621,0.488,/home/ubuntu/Desktop/DeepAmes_Full_STL_4_keep_weights/results_TA104_with_S9/artifacts/base/lr/estimators/lr_seed_15_skf_0_paras_22_C_100_weight_None_solver_lbfgs.joblib,"{""C"": 100, ""class_weight"": null, ""max_iter"": 300, ""random_state"": 1, ""solver"": ""lbfgs""}",lr,22,/home/ubuntu/Desktop/DeepAmes_Full_STL_4_keep_weights/results_TA104_with_S9/artifacts/base/lr/scalers/lr_seed_15_skf_0_paras_22_C_100_weight_None_solver_lbfgs_scaler.joblib,15,0
lr_seed_15_skf_1_paras_22_C_100_weight_None_solver_lbfgs,lr,15_skf_1,33,5,6,10,0.796,0.836,0.625,0.868,0.667,0.846,0.645,0.503,/home/ubuntu/Desktop/DeepAmes_Full_STL_4_keep_weights/results_TA104_with_S9/artifacts/base/lr/estimators/lr_seed_15_skf_1_paras_22_C_100_weight_None_solver_lbfgs.joblib,"{""C"": 100, ""class_weight"": null, ""max_iter"": 300, ""random_state"": 1, ""solver"": ""lbfgs""}",lr,22,/home/ubuntu/Desktop/DeepAmes_Full_STL_4_keep_weights/results_TA104_with_S9/artifacts/base/lr/scalers/lr_seed_15_skf_1_paras_22_C_100_weight_None_solver_lbfgs_scaler.joblib,15,1
lr_seed_15_skf_2_paras_22_C_100_weight_None_solver_lbfgs,lr,15_skf_2,33,5,7,9,0.778,0.806,0.562,0.868,0.643,0.825,0.6,0.449,/home/ubuntu/Desktop/DeepAmes_Full_STL_4_keep_weights/results_TA104_with_S9/artifacts/base/lr/estimators/lr_seed_15_skf_2_paras_22_C_100_weight_None_solver_lbfgs.joblib,"{""C"": 100, ""class_weight"": null, ""max_iter"": 300, ""random_state"": 1, ""solver"": ""lbfgs""}",lr,22,/home/ubuntu/Desktop/DeepAmes_Full_STL_4_keep_weights/results_TA104_with_S9/artifacts/base/lr/scalers/lr_seed_15_skf_2_paras_22_C_100_weight_None_solver_lbfgs_scaler.joblib,15,2
lr_seed_15_skf_3_paras_22_C_100_weight_None_solver_lbfgs,lr,15_skf_3,33,5,6,10,0.796,0.855,0.625,0.868,0.667,0.846,0.645,0.503,/home/ubuntu/Desktop/DeepAmes_Full_STL_4_keep_weights/results_TA104_with_S9/artifacts/base/lr/estimators/lr_seed_15_skf_3_paras_22_C_100_weight_None_solver_lbfgs.joblib,"{""C"": 100, ""class_weight"": null, ""max_iter"": 300, ""random_state"": 1, ""solver"": ""lbfgs""}",lr,22,/home/ubuntu/Desktop/DeepAmes_Full_STL_4_keep_weights/results_TA104_with_S9/artifacts/base/lr/scalers/lr_seed_15_skf_3_paras_22_C_100_weight_None_solver_lbfgs_scaler.joblib,15,3
lr_seed_15_skf_4_paras_22_C_100_weight_None_solver_lbfgs,lr,15_skf_4,33,5,6,10,0.796,0.817,0.625,0.868,0.667,0.846,0.645,0.503,/home/ubuntu/Desktop/DeepAmes_Full_STL_4_keep_weights/results_TA104_with_S9/artifacts/base/lr/estimators/lr_seed_15_skf_4_paras_22_C_100_weight_None_solver_lbfgs.joblib,"{""C"": 100, ""class_weight"": null, ""max_iter"": 300, ""random_state"": 1, ""solver"": ""lbfgs""}",lr,22,/home/ubuntu/Desktop/DeepAmes_Full_STL_4_keep_weights/results_TA104_with_S9/artifacts/base/lr/scalers/lr_seed_15_skf_4_paras_22_C_100_weight_None_solver_lbfgs_scaler.joblib,15,4
lr_seed_16_skf_0_paras_22_C_100_weight_None_solver_lbfgs,lr,16_skf_0,32,6,7,9,0.759,0.816,0.562,0.842,0.6,0.821,0.581,0.412,/home/ubuntu/Desktop/DeepAmes_Full_STL_4_keep_weights/results_TA104_with_S9/artifacts/base/lr/estimators/lr_seed_16_skf_0_paras_22_C_100_weight_None_solver_lbfgs.joblib,"{""C"": 100, ""class_weight"": null, ""max_iter"": 300, ""random_state"": 1, ""solver"": ""lbfgs""}",lr,22,/home/ubuntu/Desktop/DeepAmes_Full_STL_4_keep_weights/results_TA104_with_S9/artifacts/base/lr/scalers/lr_seed_16_skf_0_paras_22_C_100_weight_None_solver_lbfgs_scaler.joblib,16,0
lr_seed_16_skf_2_paras_22_C_100_weight_None_solver_lbfgs,lr,16_skf_2,33,5,8,8,0.759,0.796,0.5,0.868,0.615,0.805,0.552,0.393,/home/ubuntu/Desktop/DeepAmes_Full_STL_4_keep_weights/results_TA104_with_S9/artifacts/base/lr/estimators/lr_seed_16_skf_2_paras_22_C_100_weight_None_solver_lbfgs.joblib,"{""C"": 100, ""class_weight"": null, ""max_iter"": 300, ""random_state"": 1, ""solver"": ""lbfgs""}",lr,22,/home/ubuntu/Desktop/DeepAmes_Full_STL_4_keep_weights/results_TA104_with_S9/artifacts/base/lr/scalers/lr_seed_16_skf_2_paras_22_C_100_weight_None_solver_lbfgs_scaler.joblib,16,2
lr_seed_16_skf_4_paras_22_C_100_weight_None_solver_lbfgs,lr,16_skf_4,33,5,6,10,0.796,0.849,0.625,0.868,0.667,0.846,0.645,0.503,/home/ubuntu/Desktop/DeepAmes_Full_STL_4_keep_weights/results_TA104_with_S9/artifacts/base/lr/estimators/lr_seed_16_skf_4_paras_22_C_100_weight_None_solver_lbfgs.joblib,"{""C"": 100, ""class_weight"": null, ""max_iter"": 300, ""random_state"": 1, ""solver"": ""lbfgs""}",lr,22,/home/ubuntu/Desktop/DeepAmes_Full_STL_4_keep_weights/results_TA104_with_S9/artifacts/base/lr/scalers/lr_seed_16_skf_4_paras_22_C_100_weight_None_solver_lbfgs_scaler.joblib,16,4
lr_seed_17_skf_0_paras_22_C_100_weight_None_solver_lbfgs,lr,17_skf_0,32,6,8,8,0.741,0.766,0.5,0.842,0.571,0.8,0.533,0.356,/home/ubuntu/Desktop/DeepAmes_Full_STL_4_keep_weights/results_TA104_with_S9/artifacts/base/lr/estimators/lr_seed_17_skf_0_paras_22_C_100_weight_None_solver_lbfgs.joblib,"{""C"": 100, ""class_weight"": null, ""max_iter"": 300, ""random_state"": 1, ""solver"": ""lbfgs""}",lr,22,/home/ubuntu/Desktop/DeepAmes_Full_STL_4_keep_weights/results_TA104_with_S9/artifacts/base/lr/scalers/lr_seed_17_skf_0_paras_22_C_100_weight_None_solver_lbfgs_scaler.joblib,17,0
lr_seed_17_skf_1_paras_22_C_100_weight_None_solver_lbfgs,lr,17_skf_1,33,5,7,9,0.778,0.857,0.562,0.868,0.643,0.825,0.6,0.449,/home/ubuntu/Desktop/DeepAmes_Full_STL_4_keep_weights/results_TA104_with_S9/artifacts/base/lr/estimators/lr_seed_17_skf_1_paras_22_C_100_weight_None_solver_lbfgs.joblib,"{""C"": 100, ""class_weight"": null, ""max_iter"": 300, ""random_state"": 1, ""solver"": ""lbfgs""}",lr,22,/home/ubuntu/Desktop/DeepAmes_Full_STL_4_keep_weights/results_TA104_with_S9/artifacts/base/lr/scalers/lr_seed_17_skf_1_paras_22_C_100_weight_None_solver_lbfgs_scaler.joblib,17,1
lr_seed_17_skf_3_paras_22_C_100_weight_None_solver_lbfgs,lr,17_skf_3,33,5,10,6,0.722,0.832,0.375,0.868,0.545,0.767,0.444,0.276,/home/ubuntu/Desktop/DeepAmes_Full_STL_4_keep_weights/results_TA104_with_S9/artifacts/base/lr/estimators/lr_seed_17_skf_3_paras_22_C_100_weight_None_solver_lbfgs.joblib,"{""C"": 100, ""class_weight"": null, ""max_iter"": 300, ""random_state"": 1, ""solver"": ""lbfgs""}",lr,22,/home/ubuntu/Desktop/DeepAmes_Full_STL_4_keep_weights/results_TA104_with_S9/artifacts/base/lr/scalers/lr_seed_17_skf_3_paras_22_C_100_weight_None_solver_lbfgs_scaler.joblib,17,3
lr_seed_17_skf_4_paras_22_C_100_weight_None_solver_lbfgs,lr,17_skf_4,33,5,6,10,0.796,0.844,0.625,0.868,0.667,0.846,0.645,0.503,/home/ubuntu/Desktop/DeepAmes_Full_STL_4_keep_weights/results_TA104_with_S9/artifacts/base/lr/estimators/lr_seed_17_skf_4_paras_22_C_100_weight_None_solver_lbfgs.joblib,"{""C"": 100, ""class_weight"": null, ""max_iter"": 300, ""random_state"": 1, ""solver"": ""lbfgs""}",lr,22,/home/ubuntu/Desktop/DeepAmes_Full_STL_4_keep_weights/results_TA104_with_S9/artifacts/base/lr/scalers/lr_seed_17_skf_4_paras_22_C_100_weight_None_solver_lbfgs_scaler.joblib,17,4
lr_seed_18_skf_0_paras_22_C_100_weight_None_solver_lbfgs,lr,18_skf_0,33,5,6,10,0.796,0.845,0.625,0.868,0.667,0.846,0.645,0.503,/home/ubuntu/Desktop/DeepAmes_Full_STL_4_keep_weights/results_TA104_with_S9/artifacts/base/lr/estimators/lr_seed_18_skf_0_paras_22_C_100_weight_None_solver_lbfgs.joblib,"{""C"": 100, ""class_weight"": null, ""max_iter"": 300, ""random_state"": 1, ""solver"": ""lbfgs""}",lr,22,/home/ubuntu/Desktop/DeepAmes_Full_STL_4_keep_weights/results_TA104_with_S9/artifacts/base/lr/scalers/lr_seed_18_skf_0_paras_22_C_100_weight_None_solver_lbfgs_scaler.joblib,18,0
lr_seed_18_skf_1_paras_22_C_100_weight_None_solver_lbfgs,lr,18_skf_1,33,5,9,7,0.741,0.783,0.438,0.868,0.583,0.786,0.5,0.336,/home/ubuntu/Desktop/DeepAmes_Full_STL_4_keep_weights/results_TA104_with_S9/artifacts/base/lr/estimators/lr_seed_18_skf_1_paras_22_C_100_weight_None_solver_lbfgs.joblib,"{""C"": 100, ""class_weight"": null, ""max_iter"": 300, ""random_state"": 1, ""solver"": ""lbfgs""}",lr,22,/home/ubuntu/Desktop/DeepAmes_Full_STL_4_keep_weights/results_TA104_with_S9/artifacts/base/lr/scalers/lr_seed_18_skf_1_paras_22_C_100_weight_None_solver_lbfgs_scaler.joblib,18,1
lr_seed_18_skf_2_paras_22_C_100_weight_None_solver_lbfgs,lr,18_skf_2,31,7,6,10,0.759,0.842,0.625,0.816,0.588,0.838,0.606,0.433,/home/ubuntu/Desktop/DeepAmes_Full_STL_4_keep_weights/results_TA104_with_S9/artifacts/base/lr/estimators/lr_seed_18_skf_2_paras_22_C_100_weight_None_solver_lbfgs.joblib,"{""C"": 100, ""class_weight"": null, ""max_iter"": 300, ""random_state"": 1, ""solver"": ""lbfgs""}",lr,22,/home/ubuntu/Desktop/DeepAmes_Full_STL_4_keep_weights/results_TA104_with_S9/artifacts/base/lr/scalers/lr_seed_18_skf_2_paras_22_C_100_weight_None_solver_lbfgs_scaler.joblib,18,2
lr_seed_18_skf_3_paras_22_C_100_weight_None_solver_lbfgs,lr,18_skf_3,34,4,7,9,0.796,0.831,0.562,0.895,0.692,0.829,0.621,0.488,/home/ubuntu/Desktop/DeepAmes_Full_STL_4_keep_weights/results_TA104_with_S9/artifacts/base/lr/estimators/lr_seed_18_skf_3_paras_22_C_100_weight_None_solver_lbfgs.joblib,"{""C"": 100, ""class_weight"": null, ""max_iter"": 300, ""random_state"": 1, ""solver"": ""lbfgs""}",lr,22,/home/ubuntu/Desktop/DeepAmes_Full_STL_4_keep_weights/results_TA104_with_S9/artifacts/base/lr/scalers/lr_seed_18_skf_3_paras_22_C_100_weight_None_solver_lbfgs_scaler.joblib,18,3
lr_seed_18_skf_4_paras_22_C_100_weight_None_solver_lbfgs,lr,18_skf_4,33,5,8,8,0.759,0.753,0.5,0.868,0.615,0.805,0.552,0.393,/home/ubuntu/Desktop/DeepAmes_Full_STL_4_keep_weights/results_TA104_with_S9/artifacts/base/lr/estimators/lr_seed_18_skf_4_paras_22_C_100_weight_None_solver_lbfgs.joblib,"{""C"": 100, ""class_weight"": null, ""max_iter"": 300, ""random_state"": 1, ""solver"": ""lbfgs""}",lr,22,/home/ubuntu/Desktop/DeepAmes_Full_STL_4_keep_weights/results_TA104_with_S9/artifacts/base/lr/scalers/lr_seed_18_skf_4_paras_22_C_100_weight_None_solver_lbfgs_scaler.joblib,18,4
lr_seed_19_skf_1_paras_22_C_100_weight_None_solver_lbfgs,lr,19_skf_1,33,5,6,10,0.796,0.862,0.625,0.868,0.667,0.846,0.645,0.503,/home/ubuntu/Desktop/DeepAmes_Full_STL_4_keep_weights/results_TA104_with_S9/artifacts/base/lr/estimators/lr_seed_19_skf_1_paras_22_C_100_weight_None_solver_lbfgs.joblib,"{""C"": 100, ""class_weight"": null, ""max_iter"": 300, ""random_state"": 1, ""solver"": ""lbfgs""}",lr,22,/home/ubuntu/Desktop/DeepAmes_Full_STL_4_keep_weights/results_TA104_with_S9/artifacts/base/lr/scalers/lr_seed_19_skf_1_paras_22_C_100_weight_None_solver_lbfgs_scaler.joblib,19,1
lr_seed_19_skf_2_paras_22_C_100_weight_None_solver_lbfgs,lr,19_skf_2,31,7,6,10,0.759,0.857,0.625,0.816,0.588,0.838,0.606,0.433,/home/ubuntu/Desktop/DeepAmes_Full_STL_4_keep_weights/results_TA104_with_S9/artifacts/base/lr/estimators/lr_seed_19_skf_2_paras_22_C_100_weight_None_solver_lbfgs.joblib,"{""C"": 100, ""class_weight"": null, ""max_iter"": 300, ""random_state"": 1, ""solver"": ""lbfgs""}",lr,22,/home/ubuntu/Desktop/DeepAmes_Full_STL_4_keep_weights/results_TA104_with_S9/artifacts/base/lr/scalers/lr_seed_19_skf_2_paras_22_C_100_weight_None_solver_lbfgs_scaler.joblib,19,2
lr_seed_19_skf_3_paras_22_C_100_weight_None_solver_lbfgs,lr,19_skf_3,30,8,9,7,0.685,0.752,0.438,0.789,0.467,0.769,0.452,0.231,/home/ubuntu/Desktop/DeepAmes_Full_STL_4_keep_weights/results_TA104_with_S9/artifacts/base/lr/estimators/lr_seed_19_skf_3_paras_22_C_100_weight_None_solver_lbfgs.joblib,"{""C"": 100, ""class_weight"": null, ""max_iter"": 300, ""random_state"": 1, ""solver"": ""lbfgs""}",lr,22,/home/ubuntu/Desktop/DeepAmes_Full_STL_4_keep_weights/results_TA104_with_S9/artifacts/base/lr/scalers/lr_seed_19_skf_3_paras_22_C_100_weight_None_solver_lbfgs_scaler.joblib,19,3
lr_seed_19_skf_4_paras_22_C_100_weight_None_solver_lbfgs,lr,19_skf_4,30,8,5,11,0.759,0.827,0.688,0.789,0.579,0.857,0.629,0.456,/home/ubuntu/Desktop/DeepAmes_Full_STL_4_keep_weights/results_TA104_with_S9/artifacts/base/lr/estimators/lr_seed_19_skf_4_paras_22_C_100_weight_None_solver_lbfgs.joblib,"{""C"": 100, ""class_weight"": null, ""max_iter"": 300, ""random_state"": 1, ""solver"": ""lbfgs""}",lr,22,/home/ubuntu/Desktop/DeepAmes_Full_STL_4_keep_weights/results_TA104_with_S9/artifacts/base/lr/scalers/lr_seed_19_skf_4_paras_22_C_100_weight_None_solver_lbfgs_scaler.joblib,19,4
knn_seed_0_skf_0_paras_0_K_3,knn,0_skf_0,33,5,10,6,0.722,0.703,0.375,0.868,0.545,0.767,0.444,0.276,/home/ubuntu/Desktop/DeepAmes_Full_STL_4_keep_weights/results_TA104_with_S9/artifacts/base/knn/estimators/knn_seed_0_skf_0_paras_0_K_3.joblib,"{""n_neighbors"": 3}",knn,0,/home/ubuntu/Desktop/DeepAmes_Full_STL_4_keep_weights/results_TA104_with_S9/artifacts/base/knn/scalers/knn_seed_0_skf_0_paras_0_K_3_scaler.joblib,0,0
knn_seed_0_skf_1_paras_0_K_3,knn,0_skf_1,33,5,7,9,0.778,0.727,0.562,0.868,0.643,0.825,0.6,0.449,/home/ubuntu/Desktop/DeepAmes_Full_STL_4_keep_weights/results_TA104_with_S9/artifacts/base/knn/estimators/knn_seed_0_skf_1_paras_0_K_3.joblib,"{""n_neighbors"": 3}",knn,0,/home/ubuntu/Desktop/DeepAmes_Full_STL_4_keep_weights/results_TA104_with_S9/artifacts/base/knn/scalers/knn_seed_0_skf_1_paras_0_K_3_scaler.joblib,0,1
knn_seed_0_skf_2_paras_0_K_3,knn,0_skf_2,33,5,8,8,0.759,0.727,0.5,0.868,0.615,0.805,0.552,0.393,/home/ubuntu/Desktop/DeepAmes_Full_STL_4_keep_weights/results_TA104_with_S9/artifacts/base/knn/estimators/knn_seed_0_skf_2_paras_0_K_3.joblib,"{""n_neighbors"": 3}",knn,0,/home/ubuntu/Desktop/DeepAmes_Full_STL_4_keep_weights/results_TA104_with_S9/artifacts/base/knn/scalers/knn_seed_0_skf_2_paras_0_K_3_scaler.joblib,0,2
knn_seed_0_skf_3_paras_0_K_3,knn,0_skf_3,33,5,9,7,0.741,0.688,0.438,0.868,0.583,0.786,0.5,0.336,/home/ubuntu/Desktop/DeepAmes_Full_STL_4_keep_weights/results_TA104_with_S9/artifacts/base/knn/estimators/knn_seed_0_skf_3_paras_0_K_3.joblib,"{""n_neighbors"": 3}",knn,0,/home/ubuntu/Desktop/DeepAmes_Full_STL_4_keep_weights/results_TA104_with_S9/artifacts/base/knn/scalers/knn_seed_0_skf_3_paras_0_K_3_scaler.joblib,0,3
knn_seed_0_skf_4_paras_0_K_3,knn,0_skf_4,34,4,9,7,0.759,0.655,0.438,0.895,0.636,0.791,0.519,0.377,/home/ubuntu/Desktop/DeepAmes_Full_STL_4_keep_weights/results_TA104_with_S9/artifacts/base/knn/estimators/knn_seed_0_skf_4_paras_0_K_3.joblib,"{""n_neighbors"": 3}",knn,0,/home/ubuntu/Desktop/DeepAmes_Full_STL_4_keep_weights/results_TA104_with_S9/artifacts/base/knn/scalers/knn_seed_0_skf_4_paras_0_K_3_scaler.joblib,0,4
knn_seed_1_skf_0_paras_0_K_3,knn,1_skf_0,33,5,9,7,0.741,0.674,0.438,0.868,0.583,0.786,0.5,0.336,/home/ubuntu/Desktop/DeepAmes_Full_STL_4_keep_weights/results_TA104_with_S9/artifacts/base/knn/estimators/knn_seed_1_skf_0_paras_0_K_3.joblib,"{""n_neighbors"": 3}",knn,0,/home/ubuntu/Desktop/DeepAmes_Full_STL_4_keep_weights/results_TA104_with_S9/artifacts/base/knn/scalers/knn_seed_1_skf_0_paras_0_K_3_scaler.joblib,1,0
knn_seed_1_skf_1_paras_0_K_3,knn,1_skf_1,32,6,8,8,0.741,0.656,0.5,0.842,0.571,0.8,0.533,0.356,/home/ubuntu/Desktop/DeepAmes_Full_STL_4_keep_weights/results_TA104_with_S9/artifacts/base/knn/estimators/knn_seed_1_skf_1_paras_0_K_3.joblib,"{""n_neighbors"": 3}",knn,0,/home/ubuntu/Desktop/DeepAmes_Full_STL_4_keep_weights/results_TA104_with_S9/artifacts/base/knn/scalers/knn_seed_1_skf_1_paras_0_K_3_scaler.joblib,1,1
knn_seed_1_skf_2_paras_0_K_3,knn,1_skf_2,32,6,9,7,0.722,0.69,0.438,0.842,0.538,0.78,0.483,0.299,/home/ubuntu/Desktop/DeepAmes_Full_STL_4_keep_weights/results_TA104_with_S9/artifacts/base/knn/estimators/knn_seed_1_skf_2_paras_0_K_3.joblib,"{""n_neighbors"": 3}",knn,0,/home/ubuntu/Desktop/DeepAmes_Full_STL_4_keep_weights/results_TA104_with_S9/artifacts/base/knn/scalers/knn_seed_1_skf_2_paras_0_K_3_scaler.joblib,1,2
knn_seed_1_skf_3_paras_0_K_3,knn,1_skf_3,34,4,8,8,0.778,0.714,0.5,0.895,0.667,0.81,0.571,0.434,/home/ubuntu/Desktop/DeepAmes_Full_STL_4_keep_weights/results_TA104_with_S9/artifacts/base/knn/estimators/knn_seed_1_skf_3_paras_0_K_3.joblib,"{""n_neighbors"": 3}",knn,0,/home/ubuntu/Desktop/DeepAmes_Full_STL_4_keep_weights/results_TA104_with_S9/artifacts/base/knn/scalers/knn_seed_1_skf_3_paras_0_K_3_scaler.joblib,1,3
knn_seed_1_skf_4_paras_0_K_3,knn,1_skf_4,32,6,6,10,0.778,0.75,0.625,0.842,0.625,0.842,0.625,0.467,/home/ubuntu/Desktop/DeepAmes_Full_STL_4_keep_weights/results_TA104_with_S9/artifacts/base/knn/estimators/knn_seed_1_skf_4_paras_0_K_3.joblib,"{""n_neighbors"": 3}",knn,0,/home/ubuntu/Desktop/DeepAmes_Full_STL_4_keep_weights/results_TA104_with_S9/artifacts/base/knn/scalers/knn_seed_1_skf_4_paras_0_K_3_scaler.joblib,1,4
knn_seed_2_skf_0_paras_0_K_3,knn,2_skf_0,31,7,9,7,0.704,0.646,0.438,0.816,0.5,0.775,0.467,0.264,/home/ubuntu/Desktop/DeepAmes_Full_STL_4_keep_weights/results_TA104_with_S9/artifacts/base/knn/estimators/knn_seed_2_skf_0_paras_0_K_3.joblib,"{""n_neighbors"": 3}",knn,0,/home/ubuntu/Desktop/DeepAmes_Full_STL_4_keep_weights/results_TA104_with_S9/artifacts/base/knn/scalers/knn_seed_2_skf_0_paras_0_K_3_scaler.joblib,2,0
knn_seed_2_skf_1_paras_0_K_3,knn,2_skf_1,35,3,9,7,0.778,0.748,0.438,0.921,0.7,0.795,0.538,0.421,/home/ubuntu/Desktop/DeepAmes_Full_STL_4_keep_weights/results_TA104_with_S9/artifacts/base/knn/estimators/knn_seed_2_skf_1_paras_0_K_3.joblib,"{""n_neighbors"": 3}",knn,0,/home/ubuntu/Desktop/DeepAmes_Full_STL_4_keep_weights/results_TA104_with_S9/artifacts/base/knn/scalers/knn_seed_2_skf_1_paras_0_K_3_scaler.joblib,2,1
knn_seed_2_skf_2_paras_0_K_3,knn,2_skf_2,33,5,10,6,0.722,0.678,0.375,0.868,0.545,0.767,0.444,0.276,/home/ubuntu/Desktop/DeepAmes_Full_STL_4_keep_weights/results_TA104_with_S9/artifacts/base/knn/estimators/knn_seed_2_skf_2_paras_0_K_3.joblib,"{""n_neighbors"": 3}",knn,0,/home/ubuntu/Desktop/DeepAmes_Full_STL_4_keep_weights/results_TA104_with_S9/artifacts/base/knn/scalers/knn_seed_2_skf_2_paras_0_K_3_scaler.joblib,2,2
knn_seed_2_skf_3_paras_0_K_3,knn,2_skf_3,34,4,9,7,0.759,0.691,0.438,0.895,0.636,0.791,0.519,0.377,/home/ubuntu/Desktop/DeepAmes_Full_STL_4_keep_weights/results_TA104_with_S9/artifacts/base/knn/estimators/knn_seed_2_skf_3_paras_0_K_3.joblib,"{""n_neighbors"": 3}",knn,0,/home/ubuntu/Desktop/DeepAmes_Full_STL_4_keep_weights/results_TA104_with_S9/artifacts/base/knn/scalers/knn_seed_2_skf_3_paras_0_K_3_scaler.joblib,2,3
knn_seed_2_skf_4_paras_0_K_3,knn,2_skf_4,33,5,7,9,0.778,0.731,0.562,0.868,0.643,0.825,0.6,0.449,/home/ubuntu/Desktop/DeepAmes_Full_STL_4_keep_weights/results_TA104_with_S9/artifacts/base/knn/estimators/knn_seed_2_skf_4_paras_0_K_3.joblib,"{""n_neighbors"": 3}",knn,0,/home/ubuntu/Desktop/DeepAmes_Full_STL_4_keep_weights/results_TA104_with_S9/artifacts/base/knn/scalers/knn_seed_2_skf_4_paras_0_K_3_scaler.joblib,2,4
knn_seed_3_skf_0_paras_0_K_3,knn,3_skf_0,33,5,9,7,0.741,0.726,0.438,0.868,0.583,0.786,0.5,0.336,/home/ubuntu/Desktop/DeepAmes_Full_STL_4_keep_weights/results_TA104_with_S9/artifacts/base/knn/estimators/knn_seed_3_skf_0_paras_0_K_3.joblib,"{""n_neighbors"": 3}",knn,0,/home/ubuntu/Desktop/DeepAmes_Full_STL_4_keep_weights/results_TA104_with_S9/artifacts/base/knn/scalers/knn_seed_3_skf_0_paras_0_K_3_scaler.joblib,3,0
knn_seed_3_skf_1_paras_0_K_3,knn,3_skf_1,32,6,9,7,0.722,0.647,0.438,0.842,0.538,0.78,0.483,0.299,/home/ubuntu/Desktop/DeepAmes_Full_STL_4_keep_weights/results_TA104_with_S9/artifacts/base/knn/estimators/knn_seed_3_skf_1_paras_0_K_3.joblib,"{""n_neighbors"": 3}",knn,0,/home/ubuntu/Desktop/DeepAmes_Full_STL_4_keep_weights/results_TA104_with_S9/artifacts/base/knn/scalers/knn_seed_3_skf_1_paras_0_K_3_scaler.joblib,3,1
knn_seed_3_skf_2_paras_0_K_3,knn,3_skf_2,34,4,10,6,0.741,0.673,0.375,0.895,0.6,0.773,0.462,0.317,/home/ubuntu/Desktop/DeepAmes_Full_STL_4_keep_weights/results_TA104_with_S9/artifacts/base/knn/estimators/knn_seed_3_skf_2_paras_0_K_3.joblib,"{""n_neighbors"": 3}",knn,0,/home/ubuntu/Desktop/DeepAmes_Full_STL_4_keep_weights/results_TA104_with_S9/artifacts/base/knn/scalers/knn_seed_3_skf_2_paras_0_K_3_scaler.joblib,3,2
knn_seed_3_skf_3_paras_0_K_3,knn,3_skf_3,33,5,10,6,0.722,0.657,0.375,0.868,0.545,0.767,0.444,0.276,/home/ubuntu/Desktop/DeepAmes_Full_STL_4_keep_weights/results_TA104_with_S9/artifacts/base/knn/estimators/knn_seed_3_skf_3_paras_0_K_3.joblib,"{""n_neighbors"": 3}",knn,0,/home/ubuntu/Desktop/DeepAmes_Full_STL_4_keep_weights/results_TA104_with_S9/artifacts/base/knn/scalers/knn_seed_3_skf_3_paras_0_K_3_scaler.joblib,3,3
knn_seed_3_skf_4_paras_0_K_3,knn,3_skf_4,33,5,8,8,0.759,0.745,0.5,0.868,0.615,0.805,0.552,0.393,/home/ubuntu/Desktop/DeepAmes_Full_STL_4_keep_weights/results_TA104_with_S9/artifacts/base/knn/estimators/knn_seed_3_skf_4_paras_0_K_3.joblib,"{""n_neighbors"": 3}",knn,0,/home/ubuntu/Desktop/DeepAmes_Full_STL_4_keep_weights/results_TA104_with_S9/artifacts/base/knn/scalers/knn_seed_3_skf_4_paras_0_K_3_scaler.joblib,3,4
knn_seed_4_skf_0_paras_0_K_3,knn,4_skf_0,33,5,7,9,0.778,0.712,0.562,0.868,0.643,0.825,0.6,0.449,/home/ubuntu/Desktop/DeepAmes_Full_STL_4_keep_weights/results_TA104_with_S9/artifacts/base/knn/estimators/knn_seed_4_skf_0_paras_0_K_3.joblib,"{""n_neighbors"": 3}",knn,0,/home/ubuntu/Desktop/DeepAmes_Full_STL_4_keep_weights/results_TA104_with_S9/artifacts/base/knn/scalers/knn_seed_4_skf_0_paras_0_K_3_scaler.joblib,4,0
knn_seed_4_skf_1_paras_0_K_3,knn,4_skf_1,32,6,9,7,0.722,0.606,0.438,0.842,0.538,0.78,0.483,0.299,/home/ubuntu/Desktop/DeepAmes_Full_STL_4_keep_weights/results_TA104_with_S9/artifacts/base/knn/estimators/knn_seed_4_skf_1_paras_0_K_3.joblib,"{""n_neighbors"": 3}",knn,0,/home/ubuntu/Desktop/DeepAmes_Full_STL_4_keep_weights/results_TA104_with_S9/artifacts/base/knn/scalers/knn_seed_4_skf_1_paras_0_K_3_scaler.joblib,4,1
knn_seed_4_skf_2_paras_0_K_3,knn,4_skf_2,33,5,9,7,0.741,0.663,0.438,0.868,0.583,0.786,0.5,0.336,/home/ubuntu/Desktop/DeepAmes_Full_STL_4_keep_weights/results_TA104_with_S9/artifacts/base/knn/estimators/knn_seed_4_skf_2_paras_0_K_3.joblib,"{""n_neighbors"": 3}",knn,0,/home/ubuntu/Desktop/DeepAmes_Full_STL_4_keep_weights/results_TA104_with_S9/artifacts/base/knn/scalers/knn_seed_4_skf_2_paras_0_K_3_scaler.joblib,4,2
knn_seed_4_skf_3_paras_0_K_3,knn,4_skf_3,36,2,8,8,0.815,0.74,0.5,0.947,0.8,0.818,0.615,0.526,/home/ubuntu/Desktop/DeepAmes_Full_STL_4_keep_weights/results_TA104_with_S9/artifacts/base/knn/estimators/knn_seed_4_skf_3_paras_0_K_3.joblib,"{""n_neighbors"": 3}",knn,0,/home/ubuntu/Desktop/DeepAmes_Full_STL_4_keep_weights/results_TA104_with_S9/artifacts/base/knn/scalers/knn_seed_4_skf_3_paras_0_K_3_scaler.joblib,4,3
knn_seed_4_skf_4_paras_0_K_3,knn,4_skf_4,33,5,9,7,0.741,0.724,0.438,0.868,0.583,0.786,0.5,0.336,/home/ubuntu/Desktop/DeepAmes_Full_STL_4_keep_weights/results_TA104_with_S9/artifacts/base/knn/estimators/knn_seed_4_skf_4_paras_0_K_3.joblib,"{""n_neighbors"": 3}",knn,0,/home/ubuntu/Desktop/DeepAmes_Full_STL_4_keep_weights/results_TA104_with_S9/artifacts/base/knn/scalers/knn_seed_4_skf_4_paras_0_K_3_scaler.joblib,4,4
knn_seed_5_skf_0_paras_0_K_3,knn,5_skf_0,33,5,9,7,0.741,0.655,0.438,0.868,0.583,0.786,0.5,0.336,/home/ubuntu/Desktop/DeepAmes_Full_STL_4_keep_weights/results_TA104_with_S9/artifacts/base/knn/estimators/knn_seed_5_skf_0_paras_0_K_3.joblib,"{""n_neighbors"": 3}",knn,0,/home/ubuntu/Desktop/DeepAmes_Full_STL_4_keep_weights/results_TA104_with_S9/artifacts/base/knn/scalers/knn_seed_5_skf_0_paras_0_K_3_scaler.joblib,5,0
knn_seed_5_skf_1_paras_0_K_3,knn,5_skf_1,31,7,8,8,0.722,0.698,0.5,0.816,0.533,0.795,0.516,0.322,/home/ubuntu/Desktop/DeepAmes_Full_STL_4_keep_weights/results_TA104_with_S9/artifacts/base/knn/estimators/knn_seed_5_skf_1_paras_0_K_3.joblib,"{""n_neighbors"": 3}",knn,0,/home/ubuntu/Desktop/DeepAmes_Full_STL_4_keep_weights/results_TA104_with_S9/artifacts/base/knn/scalers/knn_seed_5_skf_1_paras_0_K_3_scaler.joblib,5,1
knn_seed_5_skf_2_paras_0_K_3,knn,5_skf_2,33,5,8,8,0.759,0.731,0.5,0.868,0.615,0.805,0.552,0.393,/home/ubuntu/Desktop/DeepAmes_Full_STL_4_keep_weights/results_TA104_with_S9/artifacts/base/knn/estimators/knn_seed_5_skf_2_paras_0_K_3.joblib,"{""n_neighbors"": 3}",knn,0,/home/ubuntu/Desktop/DeepAmes_Full_STL_4_keep_weights/results_TA104_with_S9/artifacts/base/knn/scalers/knn_seed_5_skf_2_paras_0_K_3_scaler.joblib,5,2
knn_seed_5_skf_3_paras_0_K_3,knn,5_skf_3,32,6,9,7,0.722,0.736,0.438,0.842,0.538,0.78,0.483,0.299,/home/ubuntu/Desktop/DeepAmes_Full_STL_4_keep_weights/results_TA104_with_S9/artifacts/base/knn/estimators/knn_seed_5_skf_3_paras_0_K_3.joblib,"{""n_neighbors"": 3}",knn,0,/home/ubuntu/Desktop/DeepAmes_Full_STL_4_keep_weights/results_TA104_with_S9/artifacts/base/knn/scalers/knn_seed_5_skf_3_paras_0_K_3_scaler.joblib,5,3
knn_seed_5_skf_4_paras_0_K_3,knn,5_skf_4,34,4,9,7,0.759,0.642,0.438,0.895,0.636,0.791,0.519,0.377,/home/ubuntu/Desktop/DeepAmes_Full_STL_4_keep_weights/results_TA104_with_S9/artifacts/base/knn/estimators/knn_seed_5_skf_4_paras_0_K_3.joblib,"{""n_neighbors"": 3}",knn,0,/home/ubuntu/Desktop/DeepAmes_Full_STL_4_keep_weights/results_TA104_with_S9/artifacts/base/knn/scalers/knn_seed_5_skf_4_paras_0_K_3_scaler.joblib,5,4
knn_seed_6_skf_0_paras_0_K_3,knn,6_skf_0,33,5,8,8,0.759,0.737,0.5,0.868,0.615,0.805,0.552,0.393,/home/ubuntu/Desktop/DeepAmes_Full_STL_4_keep_weights/results_TA104_with_S9/artifacts/base/knn/estimators/knn_seed_6_skf_0_paras_0_K_3.joblib,"{""n_neighbors"": 3}",knn,0,/home/ubuntu/Desktop/DeepAmes_Full_STL_4_keep_weights/results_TA104_with_S9/artifacts/base/knn/scalers/knn_seed_6_skf_0_paras_0_K_3_scaler.joblib,6,0
knn_seed_6_skf_1_paras_0_K_3,knn,6_skf_1,34,4,10,6,0.741,0.681,0.375,0.895,0.6,0.773,0.462,0.317,/home/ubuntu/Desktop/DeepAmes_Full_STL_4_keep_weights/results_TA104_with_S9/artifacts/base/knn/estimators/knn_seed_6_skf_1_paras_0_K_3.joblib,"{""n_neighbors"": 3}",knn,0,/home/ubuntu/Desktop/DeepAmes_Full_STL_4_keep_weights/results_TA104_with_S9/artifacts/base/knn/scalers/knn_seed_6_skf_1_paras_0_K_3_scaler.joblib,6,1
knn_seed_6_skf_2_paras_0_K_3,knn,6_skf_2,33,5,9,7,0.741,0.673,0.438,0.868,0.583,0.786,0.5,0.336,/home/ubuntu/Desktop/DeepAmes_Full_STL_4_keep_weights/results_TA104_with_S9/artifacts/base/knn/estimators/knn_seed_6_skf_2_paras_0_K_3.joblib,"{""n_neighbors"": 3}",knn,0,/home/ubuntu/Desktop/DeepAmes_Full_STL_4_keep_weights/results_TA104_with_S9/artifacts/base/knn/scalers/knn_seed_6_skf_2_paras_0_K_3_scaler.joblib,6,2
knn_seed_6_skf_3_paras_0_K_3,knn,6_skf_3,32,6,8,8,0.741,0.669,0.5,0.842,0.571,0.8,0.533,0.356,/home/ubuntu/Desktop/DeepAmes_Full_STL_4_keep_weights/results_TA104_with_S9/artifacts/base/knn/estimators/knn_seed_6_skf_3_paras_0_K_3.joblib,"{""n_neighbors"": 3}",knn,0,/home/ubuntu/Desktop/DeepAmes_Full_STL_4_keep_weights/results_TA104_with_S9/artifacts/base/knn/scalers/knn_seed_6_skf_3_paras_0_K_3_scaler.joblib,6,3
knn_seed_6_skf_4_paras_0_K_3,knn,6_skf_4,31,7,8,8,0.722,0.674,0.5,0.816,0.533,0.795,0.516,0.322,/home/ubuntu/Desktop/DeepAmes_Full_STL_4_keep_weights/results_TA104_with_S9/artifacts/base/knn/estimators/knn_seed_6_skf_4_paras_0_K_3.joblib,"{""n_neighbors"": 3}",knn,0,/home/ubuntu/Desktop/DeepAmes_Full_STL_4_keep_weights/results_TA104_with_S9/artifacts/base/knn/scalers/knn_seed_6_skf_4_paras_0_K_3_scaler.joblib,6,4
knn_seed_7_skf_0_paras_0_K_3,knn,7_skf_0,33,5,8,8,0.759,0.685,0.5,0.868,0.615,0.805,0.552,0.393,/home/ubuntu/Desktop/DeepAmes_Full_STL_4_keep_weights/results_TA104_with_S9/artifacts/base/knn/estimators/knn_seed_7_skf_0_paras_0_K_3.joblib,"{""n_neighbors"": 3}",knn,0,/home/ubuntu/Desktop/DeepAmes_Full_STL_4_keep_weights/results_TA104_with_S9/artifacts/base/knn/scalers/knn_seed_7_skf_0_paras_0_K_3_scaler.joblib,7,0
knn_seed_7_skf_1_paras_0_K_3,knn,7_skf_1,34,4,9,7,0.759,0.713,0.438,0.895,0.636,0.791,0.519,0.377,/home/ubuntu/Desktop/DeepAmes_Full_STL_4_keep_weights/results_TA104_with_S9/artifacts/base/knn/estimators/knn_seed_7_skf_1_paras_0_K_3.joblib,"{""n_neighbors"": 3}",knn,0,/home/ubuntu/Desktop/DeepAmes_Full_STL_4_keep_weights/results_TA104_with_S9/artifacts/base/knn/scalers/knn_seed_7_skf_1_paras_0_K_3_scaler.joblib,7,1
knn_seed_7_skf_2_paras_0_K_3,knn,7_skf_2,34,4,8,8,0.778,0.719,0.5,0.895,0.667,0.81,0.571,0.434,/home/ubuntu/Desktop/DeepAmes_Full_STL_4_keep_weights/results_TA104_with_S9/artifacts/base/knn/estimators/knn_seed_7_skf_2_paras_0_K_3.joblib,"{""n_neighbors"": 3}",knn,0,/home/ubuntu/Desktop/DeepAmes_Full_STL_4_keep_weights/results_TA104_with_S9/artifacts/base/knn/scalers/knn_seed_7_skf_2_paras_0_K_3_scaler.joblib,7,2
knn_seed_7_skf_3_paras_0_K_3,knn,7_skf_3,33,5,9,7,0.741,0.667,0.438,0.868,0.583,0.786,0.5,0.336,/home/ubuntu/Desktop/DeepAmes_Full_STL_4_keep_weights/results_TA104_with_S9/artifacts/base/knn/estimators/knn_seed_7_skf_3_paras_0_K_3.joblib,"{""n_neighbors"": 3}",knn,0,/home/ubuntu/Desktop/DeepAmes_Full_STL_4_keep_weights/results_TA104_with_S9/artifacts/base/knn/scalers/knn_seed_7_skf_3_paras_0_K_3_scaler.joblib,7,3
knn_seed_7_skf_4_paras_0_K_3,knn,7_skf_4,31,7,9,7,0.704,0.663,0.438,0.816,0.5,0.775,0.467,0.264,/home/ubuntu/Desktop/DeepAmes_Full_STL_4_keep_weights/results_TA104_with_S9/artifacts/base/knn/estimators/knn_seed_7_skf_4_paras_0_K_3.joblib,"{""n_neighbors"": 3}",knn,0,/home/ubuntu/Desktop/DeepAmes_Full_STL_4_keep_weights/results_TA104_with_S9/artifacts/base/knn/scalers/knn_seed_7_skf_4_paras_0_K_3_scaler.joblib,7,4
knn_seed_8_skf_0_paras_0_K_3,knn,8_skf_0,33,5,8,8,0.759,0.697,0.5,0.868,0.615,0.805,0.552,0.393,/home/ubuntu/Desktop/DeepAmes_Full_STL_4_keep_weights/results_TA104_with_S9/artifacts/base/knn/estimators/knn_seed_8_skf_0_paras_0_K_3.joblib,"{""n_neighbors"": 3}",knn,0,/home/ubuntu/Desktop/DeepAmes_Full_STL_4_keep_weights/results_TA104_with_S9/artifacts/base/knn/scalers/knn_seed_8_skf_0_paras_0_K_3_scaler.joblib,8,0
knn_seed_8_skf_1_paras_0_K_3,knn,8_skf_1,33,5,8,8,0.759,0.636,0.5,0.868,0.615,0.805,0.552,0.393,/home/ubuntu/Desktop/DeepAmes_Full_STL_4_keep_weights/results_TA104_with_S9/artifacts/base/knn/estimators/knn_seed_8_skf_1_paras_0_K_3.joblib,"{""n_neighbors"": 3}",knn,0,/home/ubuntu/Desktop/DeepAmes_Full_STL_4_keep_weights/results_TA104_with_S9/artifacts/base/knn/scalers/knn_seed_8_skf_1_paras_0_K_3_scaler.joblib,8,1
knn_seed_8_skf_2_paras_0_K_3,knn,8_skf_2,33,5,11,5,0.704,0.647,0.312,0.868,0.5,0.75,0.385,0.213,/home/ubuntu/Desktop/DeepAmes_Full_STL_4_keep_weights/results_TA104_with_S9/artifacts/base/knn/estimators/knn_seed_8_skf_2_paras_0_K_3.joblib,"{""n_neighbors"": 3}",knn,0,/home/ubuntu/Desktop/DeepAmes_Full_STL_4_keep_weights/results_TA104_with_S9/artifacts/base/knn/scalers/knn_seed_8_skf_2_paras_0_K_3_scaler.joblib,8,2
knn_seed_8_skf_3_paras_0_K_3,knn,8_skf_3,32,6,10,6,0.704,0.637,0.375,0.842,0.5,0.762,0.429,0.238,/home/ubuntu/Desktop/DeepAmes_Full_STL_4_keep_weights/results_TA104_with_S9/artifacts/base/knn/estimators/knn_seed_8_skf_3_paras_0_K_3.joblib,"{""n_neighbors"": 3}",knn,0,/home/ubuntu/Desktop/DeepAmes_Full_STL_4_keep_weights/results_TA104_with_S9/artifacts/base/knn/scalers/knn_seed_8_skf_3_paras_0_K_3_scaler.joblib,8,3
knn_seed_8_skf_4_paras_0_K_3,knn,8_skf_4,33,5,8,8,0.759,0.716,0.5,0.868,0.615,0.805,0.552,0.393,/home/ubuntu/Desktop/DeepAmes_Full_STL_4_keep_weights/results_TA104_with_S9/artifacts/base/knn/estimators/knn_seed_8_skf_4_paras_0_K_3.joblib,"{""n_neighbors"": 3}",knn,0,/home/ubuntu/Desktop/DeepAmes_Full_STL_4_keep_weights/results_TA104_with_S9/artifacts/base/knn/scalers/knn_seed_8_skf_4_paras_0_K_3_scaler.joblib,8,4
knn_seed_9_skf_0_paras_0_K_3,knn,9_skf_0,33,5,7,9,0.778,0.748,0.562,0.868,0.643,0.825,0.6,0.449,/home/ubuntu/Desktop/DeepAmes_Full_STL_4_keep_weights/results_TA104_with_S9/artifacts/base/knn/estimators/knn_seed_9_skf_0_paras_0_K_3.joblib,"{""n_neighbors"": 3}",knn,0,/home/ubuntu/Desktop/DeepAmes_Full_STL_4_keep_weights/results_TA104_with_S9/artifacts/base/knn/scalers/knn_seed_9_skf_0_paras_0_K_3_scaler.joblib,9,0
knn_seed_9_skf_1_paras_0_K_3,knn,9_skf_1,34,4,10,6,0.741,0.748,0.375,0.895,0.6,0.773,0.462,0.317,/home/ubuntu/Desktop/DeepAmes_Full_STL_4_keep_weights/results_TA104_with_S9/artifacts/base/knn/estimators/knn_seed_9_skf_1_paras_0_K_3.joblib,"{""n_neighbors"": 3}",knn,0,/home/ubuntu/Desktop/DeepAmes_Full_STL_4_keep_weights/results_TA104_with_S9/artifacts/base/knn/scalers/knn_seed_9_skf_1_paras_0_K_3_scaler.joblib,9,1
knn_seed_9_skf_2_paras_0_K_3,knn,9_skf_2,34,4,10,6,0.741,0.684,0.375,0.895,0.6,0.773,0.462,0.317,/home/ubuntu/Desktop/DeepAmes_Full_STL_4_keep_weights/results_TA104_with_S9/artifacts/base/knn/estimators/knn_seed_9_skf_2_paras_0_K_3.joblib,"{""n_neighbors"": 3}",knn,0,/home/ubuntu/Desktop/DeepAmes_Full_STL_4_keep_weights/results_TA104_with_S9/artifacts/base/knn/scalers/knn_seed_9_skf_2_paras_0_K_3_scaler.joblib,9,2
knn_seed_9_skf_3_paras_0_K_3,knn,9_skf_3,34,4,8,8,0.778,0.735,0.5,0.895,0.667,0.81,0.571,0.434,/home/ubuntu/Desktop/DeepAmes_Full_STL_4_keep_weights/results_TA104_with_S9/artifacts/base/knn/estimators/knn_seed_9_skf_3_paras_0_K_3.joblib,"{""n_neighbors"": 3}",knn,0,/home/ubuntu/Desktop/DeepAmes_Full_STL_4_keep_weights/results_TA104_with_S9/artifacts/base/knn/scalers/knn_seed_9_skf_3_paras_0_K_3_scaler.joblib,9,3
knn_seed_9_skf_4_paras_0_K_3,knn,9_skf_4,32,6,9,7,0.722,0.66,0.438,0.842,0.538,0.78,0.483,0.299,/home/ubuntu/Desktop/DeepAmes_Full_STL_4_keep_weights/results_TA104_with_S9/artifacts/base/knn/estimators/knn_seed_9_skf_4_paras_0_K_3.joblib,"{""n_neighbors"": 3}",knn,0,/home/ubuntu/Desktop/DeepAmes_Full_STL_4_keep_weights/results_TA104_with_S9/artifacts/base/knn/scalers/knn_seed_9_skf_4_paras_0_K_3_scaler.joblib,9,4
knn_seed_10_skf_0_paras_0_K_3,knn,10_skf_0,32,6,9,7,0.722,0.683,0.438,0.842,0.538,0.78,0.483,0.299,/home/ubuntu/Desktop/DeepAmes_Full_STL_4_keep_weights/results_TA104_with_S9/artifacts/base/knn/estimators/knn_seed_10_skf_0_paras_0_K_3.joblib,"{""n_neighbors"": 3}",knn,0,/home/ubuntu/Desktop/DeepAmes_Full_STL_4_keep_weights/results_TA104_with_S9/artifacts/base/knn/scalers/knn_seed_10_skf_0_paras_0_K_3_scaler.joblib,10,0
knn_seed_10_skf_1_paras_0_K_3,knn,10_skf_1,33,5,9,7,0.741,0.638,0.438,0.868,0.583,0.786,0.5,0.336,/home/ubuntu/Desktop/DeepAmes_Full_STL_4_keep_weights/results_TA104_with_S9/artifacts/base/knn/estimators/knn_seed_10_skf_1_paras_0_K_3.joblib,"{""n_neighbors"": 3}",knn,0,/home/ubuntu/Desktop/DeepAmes_Full_STL_4_keep_weights/results_TA104_with_S9/artifacts/base/knn/scalers/knn_seed_10_skf_1_paras_0_K_3_scaler.joblib,10,1
knn_seed_10_skf_2_paras_0_K_3,knn,10_skf_2,33,5,9,7,0.741,0.772,0.438,0.868,0.583,0.786,0.5,0.336,/home/ubuntu/Desktop/DeepAmes_Full_STL_4_keep_weights/results_TA104_with_S9/artifacts/base/knn/estimators/knn_seed_10_skf_2_paras_0_K_3.joblib,"{""n_neighbors"": 3}",knn,0,/home/ubuntu/Desktop/DeepAmes_Full_STL_4_keep_weights/results_TA104_with_S9/artifacts/base/knn/scalers/knn_seed_10_skf_2_paras_0_K_3_scaler.joblib,10,2
knn_seed_10_skf_3_paras_0_K_3,knn,10_skf_3,33,5,8,8,0.759,0.72,0.5,0.868,0.615,0.805,0.552,0.393,/home/ubuntu/Desktop/DeepAmes_Full_STL_4_keep_weights/results_TA104_with_S9/artifacts/base/knn/estimators/knn_seed_10_skf_3_paras_0_K_3.joblib,"{""n_neighbors"": 3}",knn,0,/home/ubuntu/Desktop/DeepAmes_Full_STL_4_keep_weights/results_TA104_with_S9/artifacts/base/knn/scalers/knn_seed_10_skf_3_paras_0_K_3_scaler.joblib,10,3
knn_seed_10_skf_4_paras_0_K_3,knn,10_skf_4,33,5,8,8,0.759,0.674,0.5,0.868,0.615,0.805,0.552,0.393,/home/ubuntu/Desktop/DeepAmes_Full_STL_4_keep_weights/results_TA104_with_S9/artifacts/base/knn/estimators/knn_seed_10_skf_4_paras_0_K_3.joblib,"{""n_neighbors"": 3}",knn,0,/home/ubuntu/Desktop/DeepAmes_Full_STL_4_keep_weights/results_TA104_with_S9/artifacts/base/knn/scalers/knn_seed_10_skf_4_paras_0_K_3_scaler.joblib,10,4
knn_seed_11_skf_0_paras_0_K_3,knn,11_skf_0,33,5,9,7,0.741,0.692,0.438,0.868,0.583,0.786,0.5,0.336,/home/ubuntu/Desktop/DeepAmes_Full_STL_4_keep_weights/results_TA104_with_S9/artifacts/base/knn/estimators/knn_seed_11_skf_0_paras_0_K_3.joblib,"{""n_neighbors"": 3}",knn,0,/home/ubuntu/Desktop/DeepAmes_Full_STL_4_keep_weights/results_TA104_with_S9/artifacts/base/knn/scalers/knn_seed_11_skf_0_paras_0_K_3_scaler.joblib,11,0
knn_seed_11_skf_1_paras_0_K_3,knn,11_skf_1,33,5,10,6,0.722,0.707,0.375,0.868,0.545,0.767,0.444,0.276,/home/ubuntu/Desktop/DeepAmes_Full_STL_4_keep_weights/results_TA104_with_S9/artifacts/base/knn/estimators/knn_seed_11_skf_1_paras_0_K_3.joblib,"{""n_neighbors"": 3}",knn,0,/home/ubuntu/Desktop/DeepAmes_Full_STL_4_keep_weights/results_TA104_with_S9/artifacts/base/knn/scalers/knn_seed_11_skf_1_paras_0_K_3_scaler.joblib,11,1
knn_seed_11_skf_2_paras_0_K_3,knn,11_skf_2,34,4,9,7,0.759,0.633,0.438,0.895,0.636,0.791,0.519,0.377,/home/ubuntu/Desktop/DeepAmes_Full_STL_4_keep_weights/results_TA104_with_S9/artifacts/base/knn/estimators/knn_seed_11_skf_2_paras_0_K_3.joblib,"{""n_neighbors"": 3}",knn,0,/home/ubuntu/Desktop/DeepAmes_Full_STL_4_keep_weights/results_TA104_with_S9/artifacts/base/knn/scalers/knn_seed_11_skf_2_paras_0_K_3_scaler.joblib,11,2
knn_seed_11_skf_3_paras_0_K_3,knn,11_skf_3,33,5,9,7,0.741,0.623,0.438,0.868,0.583,0.786,0.5,0.336,/home/ubuntu/Desktop/DeepAmes_Full_STL_4_keep_weights/results_TA104_with_S9/artifacts/base/knn/estimators/knn_seed_11_skf_3_paras_0_K_3.joblib,"{""n_neighbors"": 3}",knn,0,/home/ubuntu/Desktop/DeepAmes_Full_STL_4_keep_weights/results_TA104_with_S9/artifacts/base/knn/scalers/knn_seed_11_skf_3_paras_0_K_3_scaler.joblib,11,3
knn_seed_11_skf_4_paras_0_K_3,knn,11_skf_4,34,4,8,8,0.778,0.757,0.5,0.895,0.667,0.81,0.571,0.434,/home/ubuntu/Desktop/DeepAmes_Full_STL_4_keep_weights/results_TA104_with_S9/artifacts/base/knn/estimators/knn_seed_11_skf_4_paras_0_K_3.joblib,"{""n_neighbors"": 3}",knn,0,/home/ubuntu/Desktop/DeepAmes_Full_STL_4_keep_weights/results_TA104_with_S9/artifacts/base/knn/scalers/knn_seed_11_skf_4_paras_0_K_3_scaler.joblib,11,4
knn_seed_12_skf_0_paras_0_K_3,knn,12_skf_0,35,3,9,7,0.778,0.666,0.438,0.921,0.7,0.795,0.538,0.421,/home/ubuntu/Desktop/DeepAmes_Full_STL_4_keep_weights/results_TA104_with_S9/artifacts/base/knn/estimators/knn_seed_12_skf_0_paras_0_K_3.joblib,"{""n_neighbors"": 3}",knn,0,/home/ubuntu/Desktop/DeepAmes_Full_STL_4_keep_weights/results_TA104_with_S9/artifacts/base/knn/scalers/knn_seed_12_skf_0_paras_0_K_3_scaler.joblib,12,0
knn_seed_12_skf_1_paras_0_K_3,knn,12_skf_1,32,6,8,8,0.741,0.697,0.5,0.842,0.571,0.8,0.533,0.356,/home/ubuntu/Desktop/DeepAmes_Full_STL_4_keep_weights/results_TA104_with_S9/artifacts/base/knn/estimators/knn_seed_12_skf_1_paras_0_K_3.joblib,"{""n_neighbors"": 3}",knn,0,/home/ubuntu/Desktop/DeepAmes_Full_STL_4_keep_weights/results_TA104_with_S9/artifacts/base/knn/scalers/knn_seed_12_skf_1_paras_0_K_3_scaler.joblib,12,1
knn_seed_12_skf_2_paras_0_K_3,knn,12_skf_2,33,5,8,8,0.759,0.703,0.5,0.868,0.615,0.805,0.552,0.393,/home/ubuntu/Desktop/DeepAmes_Full_STL_4_keep_weights/results_TA104_with_S9/artifacts/base/knn/estimators/knn_seed_12_skf_2_paras_0_K_3.joblib,"{""n_neighbors"": 3}",knn,0,/home/ubuntu/Desktop/DeepAmes_Full_STL_4_keep_weights/results_TA104_with_S9/artifacts/base/knn/scalers/knn_seed_12_skf_2_paras_0_K_3_scaler.joblib,12,2
knn_seed_12_skf_3_paras_0_K_3,knn,12_skf_3,33,5,8,8,0.759,0.732,0.5,0.868,0.615,0.805,0.552,0.393,/home/ubuntu/Desktop/DeepAmes_Full_STL_4_keep_weights/results_TA104_with_S9/artifacts/base/knn/estimators/knn_seed_12_skf_3_paras_0_K_3.joblib,"{""n_neighbors"": 3}",knn,0,/home/ubuntu/Desktop/DeepAmes_Full_STL_4_keep_weights/results_TA104_with_S9/artifacts/base/knn/scalers/knn_seed_12_skf_3_paras_0_K_3_scaler.joblib,12,3
knn_seed_12_skf_4_paras_0_K_3,knn,12_skf_4,32,6,9,7,0.722,0.66,0.438,0.842,0.538,0.78,0.483,0.299,/home/ubuntu/Desktop/DeepAmes_Full_STL_4_keep_weights/results_TA104_with_S9/artifacts/base/knn/estimators/knn_seed_12_skf_4_paras_0_K_3.joblib,"{""n_neighbors"": 3}",knn,0,/home/ubuntu/Desktop/DeepAmes_Full_STL_4_keep_weights/results_TA104_with_S9/artifacts/base/knn/scalers/knn_seed_12_skf_4_paras_0_K_3_scaler.joblib,12,4
knn_seed_13_skf_0_paras_0_K_3,knn,13_skf_0,34,4,9,7,0.759,0.698,0.438,0.895,0.636,0.791,0.519,0.377,/home/ubuntu/Desktop/DeepAmes_Full_STL_4_keep_weights/results_TA104_with_S9/artifacts/base/knn/estimators/knn_seed_13_skf_0_paras_0_K_3.joblib,"{""n_neighbors"": 3}",knn,0,/home/ubuntu/Desktop/DeepAmes_Full_STL_4_keep_weights/results_TA104_with_S9/artifacts/base/knn/scalers/knn_seed_13_skf_0_paras_0_K_3_scaler.joblib,13,0
knn_seed_13_skf_1_paras_0_K_3,knn,13_skf_1,35,3,9,7,0.778,0.715,0.438,0.921,0.7,0.795,0.538,0.421,/home/ubuntu/Desktop/DeepAmes_Full_STL_4_keep_weights/results_TA104_with_S9/artifacts/base/knn/estimators/knn_seed_13_skf_1_paras_0_K_3.joblib,"{""n_neighbors"": 3}",knn,0,/home/ubuntu/Desktop/DeepAmes_Full_STL_4_keep_weights/results_TA104_with_S9/artifacts/base/knn/scalers/knn_seed_13_skf_1_paras_0_K_3_scaler.joblib,13,1
knn_seed_13_skf_2_paras_0_K_3,knn,13_skf_2,33,5,8,8,0.759,0.693,0.5,0.868,0.615,0.805,0.552,0.393,/home/ubuntu/Desktop/DeepAmes_Full_STL_4_keep_weights/results_TA104_with_S9/artifacts/base/knn/estimators/knn_seed_13_skf_2_paras_0_K_3.joblib,"{""n_neighbors"": 3}",knn,0,/home/ubuntu/Desktop/DeepAmes_Full_STL_4_keep_weights/results_TA104_with_S9/artifacts/base/knn/scalers/knn_seed_13_skf_2_paras_0_K_3_scaler.joblib,13,2
knn_seed_13_skf_3_paras_0_K_3,knn,13_skf_3,34,4,10,6,0.741,0.714,0.375,0.895,0.6,0.773,0.462,0.317,/home/ubuntu/Desktop/DeepAmes_Full_STL_4_keep_weights/results_TA104_with_S9/artifacts/base/knn/estimators/knn_seed_13_skf_3_paras_0_K_3.joblib,"{""n_neighbors"": 3}",knn,0,/home/ubuntu/Desktop/DeepAmes_Full_STL_4_keep_weights/results_TA104_with_S9/artifacts/base/knn/scalers/knn_seed_13_skf_3_paras_0_K_3_scaler.joblib,13,3
knn_seed_13_skf_4_paras_0_K_3,knn,13_skf_4,32,6,10,6,0.704,0.669,0.375,0.842,0.5,0.762,0.429,0.238,/home/ubuntu/Desktop/DeepAmes_Full_STL_4_keep_weights/results_TA104_with_S9/artifacts/base/knn/estimators/knn_seed_13_skf_4_paras_0_K_3.joblib,"{""n_neighbors"": 3}",knn,0,/home/ubuntu/Desktop/DeepAmes_Full_STL_4_keep_weights/results_TA104_with_S9/artifacts/base/knn/scalers/knn_seed_13_skf_4_paras_0_K_3_scaler.joblib,13,4
knn_seed_14_skf_0_paras_0_K_3,knn,14_skf_0,35,3,10,6,0.759,0.675,0.375,0.921,0.667,0.778,0.48,0.363,/home/ubuntu/Desktop/DeepAmes_Full_STL_4_keep_weights/results_TA104_with_S9/artifacts/base/knn/estimators/knn_seed_14_skf_0_paras_0_K_3.joblib,"{""n_neighbors"": 3}",knn,0,/home/ubuntu/Desktop/DeepAmes_Full_STL_4_keep_weights/results_TA104_with_S9/artifacts/base/knn/scalers/knn_seed_14_skf_0_paras_0_K_3_scaler.joblib,14,0
knn_seed_14_skf_1_paras_0_K_3,knn,14_skf_1,33,5,9,7,0.741,0.637,0.438,0.868,0.583,0.786,0.5,0.336,/home/ubuntu/Desktop/DeepAmes_Full_STL_4_keep_weights/results_TA104_with_S9/artifacts/base/knn/estimators/knn_seed_14_skf_1_paras_0_K_3.joblib,"{""n_neighbors"": 3}",knn,0,/home/ubuntu/Desktop/DeepAmes_Full_STL_4_keep_weights/results_TA104_with_S9/artifacts/base/knn/scalers/knn_seed_14_skf_1_paras_0_K_3_scaler.joblib,14,1
knn_seed_14_skf_2_paras_0_K_3,knn,14_skf_2,34,4,8,8,0.778,0.669,0.5,0.895,0.667,0.81,0.571,0.434,/home/ubuntu/Desktop/DeepAmes_Full_STL_4_keep_weights/results_TA104_with_S9/artifacts/base/knn/estimators/knn_seed_14_skf_2_paras_0_K_3.joblib,"{""n_neighbors"": 3}",knn,0,/home/ubuntu/Desktop/DeepAmes_Full_STL_4_keep_weights/results_TA104_with_S9/artifacts/base/knn/scalers/knn_seed_14_skf_2_paras_0_K_3_scaler.joblib,14,2
knn_seed_14_skf_3_paras_0_K_3,knn,14_skf_3,32,6,7,9,0.759,0.729,0.562,0.842,0.6,0.821,0.581,0.412,/home/ubuntu/Desktop/DeepAmes_Full_STL_4_keep_weights/results_TA104_with_S9/artifacts/base/knn/estimators/knn_seed_14_skf_3_paras_0_K_3.joblib,"{""n_neighbors"": 3}",knn,0,/home/ubuntu/Desktop/DeepAmes_Full_STL_4_keep_weights/results_TA104_with_S9/artifacts/base/knn/scalers/knn_seed_14_skf_3_paras_0_K_3_scaler.joblib,14,3
knn_seed_14_skf_4_paras_0_K_3,knn,14_skf_4,30,8,8,8,0.704,0.661,0.5,0.789,0.5,0.789,0.5,0.289,/home/ubuntu/Desktop/DeepAmes_Full_STL_4_keep_weights/results_TA104_with_S9/artifacts/base/knn/estimators/knn_seed_14_skf_4_paras_0_K_3.joblib,"{""n_neighbors"": 3}",knn,0,/home/ubuntu/Desktop/DeepAmes_Full_STL_4_keep_weights/results_TA104_with_S9/artifacts/base/knn/scalers/knn_seed_14_skf_4_paras_0_K_3_scaler.joblib,14,4
knn_seed_15_skf_0_paras_0_K_3,knn,15_skf_0,34,4,9,7,0.759,0.682,0.438,0.895,0.636,0.791,0.519,0.377,/home/ubuntu/Desktop/DeepAmes_Full_STL_4_keep_weights/results_TA104_with_S9/artifacts/base/knn/estimators/knn_seed_15_skf_0_paras_0_K_3.joblib,"{""n_neighbors"": 3}",knn,0,/home/ubuntu/Desktop/DeepAmes_Full_STL_4_keep_weights/results_TA104_with_S9/artifacts/base/knn/scalers/knn_seed_15_skf_0_paras_0_K_3_scaler.joblib,15,0
knn_seed_15_skf_1_paras_0_K_3,knn,15_skf_1,33,5,7,9,0.778,0.695,0.562,0.868,0.643,0.825,0.6,0.449,/home/ubuntu/Desktop/DeepAmes_Full_STL_4_keep_weights/results_TA104_with_S9/artifacts/base/knn/estimators/knn_seed_15_skf_1_paras_0_K_3.joblib,"{""n_neighbors"": 3}",knn,0,/home/ubuntu/Desktop/DeepAmes_Full_STL_4_keep_weights/results_TA104_with_S9/artifacts/base/knn/scalers/knn_seed_15_skf_1_paras_0_K_3_scaler.joblib,15,1
knn_seed_15_skf_2_paras_0_K_3,knn,15_skf_2,33,5,9,7,0.741,0.701,0.438,0.868,0.583,0.786,0.5,0.336,/home/ubuntu/Desktop/DeepAmes_Full_STL_4_keep_weights/results_TA104_with_S9/artifacts/base/knn/estimators/knn_seed_15_skf_2_paras_0_K_3.joblib,"{""n_neighbors"": 3}",knn,0,/home/ubuntu/Desktop/DeepAmes_Full_STL_4_keep_weights/results_TA104_with_S9/artifacts/base/knn/scalers/knn_seed_15_skf_2_paras_0_K_3_scaler.joblib,15,2
knn_seed_15_skf_3_paras_0_K_3,knn,15_skf_3,32,6,9,7,0.722,0.667,0.438,0.842,0.538,0.78,0.483,0.299,/home/ubuntu/Desktop/DeepAmes_Full_STL_4_keep_weights/results_TA104_with_S9/artifacts/base/knn/estimators/knn_seed_15_skf_3_paras_0_K_3.joblib,"{""n_neighbors"": 3}",knn,0,/home/ubuntu/Desktop/DeepAmes_Full_STL_4_keep_weights/results_TA104_with_S9/artifacts/base/knn/scalers/knn_seed_15_skf_3_paras_0_K_3_scaler.joblib,15,3
knn_seed_15_skf_4_paras_0_K_3,knn,15_skf_4,34,4,8,8,0.778,0.753,0.5,0.895,0.667,0.81,0.571,0.434,/home/ubuntu/Desktop/DeepAmes_Full_STL_4_keep_weights/results_TA104_with_S9/artifacts/base/knn/estimators/knn_seed_15_skf_4_paras_0_K_3.joblib,"{""n_neighbors"": 3}",knn,0,/home/ubuntu/Desktop/DeepAmes_Full_STL_4_keep_weights/results_TA104_with_S9/artifacts/base/knn/scalers/knn_seed_15_skf_4_paras_0_K_3_scaler.joblib,15,4
knn_seed_16_skf_0_paras_0_K_3,knn,16_skf_0,32,6,9,7,0.722,0.7,0.438,0.842,0.538,0.78,0.483,0.299,/home/ubuntu/Desktop/DeepAmes_Full_STL_4_keep_weights/results_TA104_with_S9/artifacts/base/knn/estimators/knn_seed_16_skf_0_paras_0_K_3.joblib,"{""n_neighbors"": 3}",knn,0,/home/ubuntu/Desktop/DeepAmes_Full_STL_4_keep_weights/results_TA104_with_S9/artifacts/base/knn/scalers/knn_seed_16_skf_0_paras_0_K_3_scaler.joblib,16,0
knn_seed_16_skf_1_paras_0_K_3,knn,16_skf_1,32,6,8,8,0.741,0.701,0.5,0.842,0.571,0.8,0.533,0.356,/home/ubuntu/Desktop/DeepAmes_Full_STL_4_keep_weights/results_TA104_with_S9/artifacts/base/knn/estimators/knn_seed_16_skf_1_paras_0_K_3.joblib,"{""n_neighbors"": 3}",knn,0,/home/ubuntu/Desktop/DeepAmes_Full_STL_4_keep_weights/results_TA104_with_S9/artifacts/base/knn/scalers/knn_seed_16_skf_1_paras_0_K_3_scaler.joblib,16,1
knn_seed_16_skf_2_paras_0_K_3,knn,16_skf_2,34,4,9,7,0.759,0.743,0.438,0.895,0.636,0.791,0.519,0.377,/home/ubuntu/Desktop/DeepAmes_Full_STL_4_keep_weights/results_TA104_with_S9/artifacts/base/knn/estimators/knn_seed_16_skf_2_paras_0_K_3.joblib,"{""n_neighbors"": 3}",knn,0,/home/ubuntu/Desktop/DeepAmes_Full_STL_4_keep_weights/results_TA104_with_S9/artifacts/base/knn/scalers/knn_seed_16_skf_2_paras_0_K_3_scaler.joblib,16,2
knn_seed_16_skf_3_paras_0_K_3,knn,16_skf_3,34,4,9,7,0.759,0.664,0.438,0.895,0.636,0.791,0.519,0.377,/home/ubuntu/Desktop/DeepAmes_Full_STL_4_keep_weights/results_TA104_with_S9/artifacts/base/knn/estimators/knn_seed_16_skf_3_paras_0_K_3.joblib,"{""n_neighbors"": 3}",knn,0,/home/ubuntu/Desktop/DeepAmes_Full_STL_4_keep_weights/results_TA104_with_S9/artifacts/base/knn/scalers/knn_seed_16_skf_3_paras_0_K_3_scaler.joblib,16,3
knn_seed_16_skf_4_paras_0_K_3,knn,16_skf_4,32,6,10,6,0.704,0.684,0.375,0.842,0.5,0.762,0.429,0.238,/home/ubuntu/Desktop/DeepAmes_Full_STL_4_keep_weights/results_TA104_with_S9/artifacts/base/knn/estimators/knn_seed_16_skf_4_paras_0_K_3.joblib,"{""n_neighbors"": 3}",knn,0,/home/ubuntu/Desktop/DeepAmes_Full_STL_4_keep_weights/results_TA104_with_S9/artifacts/base/knn/scalers/knn_seed_16_skf_4_paras_0_K_3_scaler.joblib,16,4
knn_seed_17_skf_0_paras_0_K_3,knn,17_skf_0,33,5,10,6,0.722,0.664,0.375,0.868,0.545,0.767,0.444,0.276,/home/ubuntu/Desktop/DeepAmes_Full_STL_4_keep_weights/results_TA104_with_S9/artifacts/base/knn/estimators/knn_seed_17_skf_0_paras_0_K_3.joblib,"{""n_neighbors"": 3}",knn,0,/home/ubuntu/Desktop/DeepAmes_Full_STL_4_keep_weights/results_TA104_with_S9/artifacts/base/knn/scalers/knn_seed_17_skf_0_paras_0_K_3_scaler.joblib,17,0
knn_seed_17_skf_1_paras_0_K_3,knn,17_skf_1,33,5,9,7,0.741,0.655,0.438,0.868,0.583,0.786,0.5,0.336,/home/ubuntu/Desktop/DeepAmes_Full_STL_4_keep_weights/results_TA104_with_S9/artifacts/base/knn/estimators/knn_seed_17_skf_1_paras_0_K_3.joblib,"{""n_neighbors"": 3}",knn,0,/home/ubuntu/Desktop/DeepAmes_Full_STL_4_keep_weights/results_TA104_with_S9/artifacts/base/knn/scalers/knn_seed_17_skf_1_paras_0_K_3_scaler.joblib,17,1
knn_seed_17_skf_2_paras_0_K_3,knn,17_skf_2,31,7,8,8,0.722,0.686,0.5,0.816,0.533,0.795,0.516,0.322,/home/ubuntu/Desktop/DeepAmes_Full_STL_4_keep_weights/results_TA104_with_S9/artifacts/base/knn/estimators/knn_seed_17_skf_2_paras_0_K_3.joblib,"{""n_neighbors"": 3}",knn,0,/home/ubuntu/Desktop/DeepAmes_Full_STL_4_keep_weights/results_TA104_with_S9/artifacts/base/knn/scalers/knn_seed_17_skf_2_paras_0_K_3_scaler.joblib,17,2
knn_seed_17_skf_3_paras_0_K_3,knn,17_skf_3,33,5,9,7,0.741,0.669,0.438,0.868,0.583,0.786,0.5,0.336,/home/ubuntu/Desktop/DeepAmes_Full_STL_4_keep_weights/results_TA104_with_S9/artifacts/base/knn/estimators/knn_seed_17_skf_3_paras_0_K_3.joblib,"{""n_neighbors"": 3}",knn,0,/home/ubuntu/Desktop/DeepAmes_Full_STL_4_keep_weights/results_TA104_with_S9/artifacts/base/knn/scalers/knn_seed_17_skf_3_paras_0_K_3_scaler.joblib,17,3
knn_seed_17_skf_4_paras_0_K_3,knn,17_skf_4,34,4,9,7,0.759,0.67,0.438,0.895,0.636,0.791,0.519,0.377,/home/ubuntu/Desktop/DeepAmes_Full_STL_4_keep_weights/results_TA104_with_S9/artifacts/base/knn/estimators/knn_seed_17_skf_4_paras_0_K_3.joblib,"{""n_neighbors"": 3}",knn,0,/home/ubuntu/Desktop/DeepAmes_Full_STL_4_keep_weights/results_TA104_with_S9/artifacts/base/knn/scalers/knn_seed_17_skf_4_paras_0_K_3_scaler.joblib,17,4
knn_seed_18_skf_0_paras_0_K_3,knn,18_skf_0,32,6,9,7,0.722,0.721,0.438,0.842,0.538,0.78,0.483,0.299,/home/ubuntu/Desktop/DeepAmes_Full_STL_4_keep_weights/results_TA104_with_S9/artifacts/base/knn/estimators/knn_seed_18_skf_0_paras_0_K_3.joblib,"{""n_neighbors"": 3}",knn,0,/home/ubuntu/Desktop/DeepAmes_Full_STL_4_keep_weights/results_TA104_with_S9/artifacts/base/knn/scalers/knn_seed_18_skf_0_paras_0_K_3_scaler.joblib,18,0
knn_seed_18_skf_1_paras_0_K_3,knn,18_skf_1,34,4,9,7,0.759,0.729,0.438,0.895,0.636,0.791,0.519,0.377,/home/ubuntu/Desktop/DeepAmes_Full_STL_4_keep_weights/results_TA104_with_S9/artifacts/base/knn/estimators/knn_seed_18_skf_1_paras_0_K_3.joblib,"{""n_neighbors"": 3}",knn,0,/home/ubuntu/Desktop/DeepAmes_Full_STL_4_keep_weights/results_TA104_with_S9/artifacts/base/knn/scalers/knn_seed_18_skf_1_paras_0_K_3_scaler.joblib,18,1
knn_seed_18_skf_2_paras_0_K_3,knn,18_skf_2,34,4,8,8,0.778,0.75,0.5,0.895,0.667,0.81,0.571,0.434,/home/ubuntu/Desktop/DeepAmes_Full_STL_4_keep_weights/results_TA104_with_S9/artifacts/base/knn/estimators/knn_seed_18_skf_2_paras_0_K_3.joblib,"{""n_neighbors"": 3}",knn,0,/home/ubuntu/Desktop/DeepAmes_Full_STL_4_keep_weights/results_TA104_with_S9/artifacts/base/knn/scalers/knn_seed_18_skf_2_paras_0_K_3_scaler.joblib,18,2
knn_seed_18_skf_3_paras_0_K_3,knn,18_skf_3,33,5,9,7,0.741,0.72,0.438,0.868,0.583,0.786,0.5,0.336,/home/ubuntu/Desktop/DeepAmes_Full_STL_4_keep_weights/results_TA104_with_S9/artifacts/base/knn/estimators/knn_seed_18_skf_3_paras_0_K_3.joblib,"{""n_neighbors"": 3}",knn,0,/home/ubuntu/Desktop/DeepAmes_Full_STL_4_keep_weights/results_TA104_with_S9/artifacts/base/knn/scalers/knn_seed_18_skf_3_paras_0_K_3_scaler.joblib,18,3
knn_seed_18_skf_4_paras_0_K_3,knn,18_skf_4,32,6,10,6,0.704,0.66,0.375,0.842,0.5,0.762,0.429,0.238,/home/ubuntu/Desktop/DeepAmes_Full_STL_4_keep_weights/results_TA104_with_S9/artifacts/base/knn/estimators/knn_seed_18_skf_4_paras_0_K_3.joblib,"{""n_neighbors"": 3}",knn,0,/home/ubuntu/Desktop/DeepAmes_Full_STL_4_keep_weights/results_TA104_with_S9/artifacts/base/knn/scalers/knn_seed_18_skf_4_paras_0_K_3_scaler.joblib,18,4
knn_seed_19_skf_0_paras_0_K_3,knn,19_skf_0,35,3,10,6,0.759,0.722,0.375,0.921,0.667,0.778,0.48,0.363,/home/ubuntu/Desktop/DeepAmes_Full_STL_4_keep_weights/results_TA104_with_S9/artifacts/base/knn/estimators/knn_seed_19_skf_0_paras_0_K_3.joblib,"{""n_neighbors"": 3}",knn,0,/home/ubuntu/Desktop/DeepAmes_Full_STL_4_keep_weights/results_TA104_with_S9/artifacts/base/knn/scalers/knn_seed_19_skf_0_paras_0_K_3_scaler.joblib,19,0
knn_seed_19_skf_1_paras_0_K_3,knn,19_skf_1,32,6,9,7,0.722,0.674,0.438,0.842,0.538,0.78,0.483,0.299,/home/ubuntu/Desktop/DeepAmes_Full_STL_4_keep_weights/results_TA104_with_S9/artifacts/base/knn/estimators/knn_seed_19_skf_1_paras_0_K_3.joblib,"{""n_neighbors"": 3}",knn,0,/home/ubuntu/Desktop/DeepAmes_Full_STL_4_keep_weights/results_TA104_with_S9/artifacts/base/knn/scalers/knn_seed_19_skf_1_paras_0_K_3_scaler.joblib,19,1
knn_seed_19_skf_2_paras_0_K_3,knn,19_skf_2,34,4,8,8,0.778,0.76,0.5,0.895,0.667,0.81,0.571,0.434,/home/ubuntu/Desktop/DeepAmes_Full_STL_4_keep_weights/results_TA104_with_S9/artifacts/base/knn/estimators/knn_seed_19_skf_2_paras_0_K_3.joblib,"{""n_neighbors"": 3}",knn,0,/home/ubuntu/Desktop/DeepAmes_Full_STL_4_keep_weights/results_TA104_with_S9/artifacts/base/knn/scalers/knn_seed_19_skf_2_paras_0_K_3_scaler.joblib,19,2
knn_seed_19_skf_3_paras_0_K_3,knn,19_skf_3,33,5,9,7,0.741,0.676,0.438,0.868,0.583,0.786,0.5,0.336,/home/ubuntu/Desktop/DeepAmes_Full_STL_4_keep_weights/results_TA104_with_S9/artifacts/base/knn/estimators/knn_seed_19_skf_3_paras_0_K_3.joblib,"{""n_neighbors"": 3}",knn,0,/home/ubuntu/Desktop/DeepAmes_Full_STL_4_keep_weights/results_TA104_with_S9/artifacts/base/knn/scalers/knn_seed_19_skf_3_paras_0_K_3_scaler.joblib,19,3
knn_seed_19_skf_4_paras_0_K_3,knn,19_skf_4,34,4,9,7,0.759,0.692,0.438,0.895,0.636,0.791,0.519,0.377,/home/ubuntu/Desktop/DeepAmes_Full_STL_4_keep_weights/results_TA104_with_S9/artifacts/base/knn/estimators/knn_seed_19_skf_4_paras_0_K_3.joblib,"{""n_neighbors"": 3}",knn,0,/home/ubuntu/Desktop/DeepAmes_Full_STL_4_keep_weights/results_TA104_with_S9/artifacts/base/knn/scalers/knn_seed_19_skf_4_paras_0_K_3_scaler.joblib,19,4
