,id,y_true,prob_svm_seed_1_skf_2_paras_19_kernel_rbf_C_1_gamma_1,class_svm_seed_1_skf_2_paras_19_kernel_rbf_C_1_gamma_1
0,220,1,0.28003722441748174,0
1,206,0,0.27770403064989607,0
2,196,0,0.25120257582102506,0
3,70,0,0.2785184342592357,0
4,141,0,0.2786755092853836,0
5,57,0,0.28014208268720747,0
6,151,0,0.2783852033318744,0
7,24,0,0.2776199317614502,0
8,85,0,0.21420502847132322,0
9,139,0,0.28014311196364716,0
10,230,0,0.2806300476736766,0
11,166,0,0.21659063932749742,0
12,9,1,0.2803972806931475,0
13,171,0,0.27958417563211796,0
14,122,0,0.011451078217046285,0
15,96,0,0.2801487031931572,0
16,34,0,0.25971160333850624,0
17,123,1,0.280104423468938,0
18,228,0,0.2773299822014977,0
19,2,0,0.04420772636181021,0
20,16,1,0.714946384144948,1
21,44,1,0.2747109791527938,0
22,112,0,0.2801356587984358,0
23,155,1,0.9688487979869315,1
24,27,0,0.280102317427931,0
25,198,1,0.301055411587953,0
26,78,1,0.3172302893987881,0
27,17,0,0.27338329933455535,0
28,30,0,0.2787124860563905,0
29,41,0,0.2780980735111844,0
30,127,1,0.3483210761008342,0
31,60,0,0.2577898419725916,0
32,236,0,0.2801461159189724,0
33,237,0,0.2704855550527341,0
34,20,0,0.184915864270967,0
35,102,0,0.28014293704406024,0
36,121,1,0.27852091929388995,0
37,161,0,0.28016134446432994,0
38,113,0,0.2801450622002916,0
39,259,1,0.2801192100960473,0
40,184,1,0.7751425985499939,1
41,87,0,0.2774342516464385,0
42,261,0,0.21975155401628568,0
