,id,y_true,prob_svm_seed_17_skf_4_paras_19_kernel_rbf_C_1_gamma_1,class_svm_seed_17_skf_4_paras_19_kernel_rbf_C_1_gamma_1
0,224,1,0.2079551410666151,0
1,93,1,0.6745511131304572,1
2,220,1,0.2771332371252365,0
3,196,0,0.24662137577840165,0
4,70,0,0.27654028790217644,0
5,62,0,0.25946170074768554,0
6,57,0,0.2771308971921654,0
7,131,1,0.17770056284620783,0
8,205,0,0.2825709484459566,0
9,138,0,0.2710178783521327,0
10,85,0,0.2758212619887264,0
11,18,0,0.27726532943864246,0
12,157,0,0.3004561065751767,0
13,139,0,0.2771276670173091,0
14,80,1,0.4019298418092996,0
15,74,0,0.18528923674063866,0
16,188,0,0.03130760337488229,0
17,210,0,0.2732667906136036,0
18,29,0,0.2774899201020155,0
19,229,0,0.27711222759706355,0
20,142,0,0.2481113581857063,0
21,160,0,0.1447293081349624,0
22,195,0,0.24845088215835198,0
23,114,1,0.9812496417338546,1
24,67,0,0.276299062134224,0
25,38,0,0.22174810888786117,0
26,208,1,0.2772656622543417,0
27,112,0,0.27723118390635526,0
28,266,1,0.27709767049542144,0
29,180,0,0.27987504200785507,0
30,239,1,0.2771284855172557,0
31,240,1,0.27712847665137164,0
32,60,0,0.2120678938917023,0
33,54,0,0.27601690844771576,0
34,140,0,0.008877921928695872,0
35,248,0,0.27712362315919037,0
36,214,0,0.2780675787931176,0
37,101,0,0.2769779644830479,0
38,189,0,0.2771284855172557,0
39,174,0,0.2771285388752555,0
40,163,1,0.2771284855172557,0
41,64,1,0.5836902240237353,1
