,id,y_true,prob_svm_seed_12_skf_1_paras_19_kernel_rbf_C_1_gamma_1,class_svm_seed_12_skf_1_paras_19_kernel_rbf_C_1_gamma_1
0,220,1,0.27122217641496393,0
1,59,1,0.42472037563150816,0
2,62,0,0.2713376209020927,0
3,159,0,0.2697944194249687,0
4,57,0,0.27133188629239136,0
5,131,1,0.18142269879457432,0
6,92,0,0.2981937704550329,0
7,149,0,0.25750107125256055,0
8,21,0,0.26605793224084284,0
9,205,0,0.2773897501342236,0
10,182,0,0.2318764839109955,0
11,50,0,0.2713376081303551,0
12,18,0,0.2720805536736765,0
13,197,0,0.26897963146083964,0
14,110,0,0.01769558992765912,0
15,219,1,0.27145940059291457,0
16,74,0,0.1100277112136881,0
17,188,0,0.02153421724205033,0
18,9,1,0.27176891241674117,0
19,144,0,0.21678616153650013,0
20,171,0,0.2640952936175226,0
21,223,0,0.2713375126117568,0
22,91,0,0.27133747350614495,0
23,195,0,0.23770085853338033,0
24,67,0,0.2708812094045271,0
25,267,0,0.2707404980018065,0
26,222,0,0.2713129564113803,0
27,250,0,0.27126964951332355,0
28,148,0,0.2713376424050887,0
29,263,0,0.029989021261413756,0
30,155,1,0.9862311579887605,1
31,79,1,0.2703772167467001,0
32,4,1,0.27332325100601873,0
33,211,0,0.2015252418745673,0
34,266,1,0.27133756267954623,0
35,247,0,0.27133436560226937,0
36,237,0,0.2621891840495787,0
37,121,1,0.27133690698355367,0
38,94,1,0.2873717704352267,0
39,172,1,0.8912787481055607,1
40,161,0,0.2713411470087963,0
41,13,0,0.2713373885415992,0
42,243,0,0.2708672007430601,0
