,id,y_true,prob_svm_seed_4_skf_3_paras_19_kernel_rbf_C_1_gamma_1,class_svm_seed_4_skf_3_paras_19_kernel_rbf_C_1_gamma_1
0,220,1,0.2801324664618865,0
1,59,1,0.4489210883462229,0
2,235,0,0.2798042461144757,0
3,63,1,0.2811786524030793,0
4,205,0,0.28204860938142184,0
5,138,0,0.2673654478125798,0
6,24,0,0.2789669830371736,0
7,218,0,0.2797652916650832,0
8,197,0,0.3424985051234628,0
9,219,1,0.34996735959015657,0
10,75,0,0.2752966346322379,0
11,73,1,0.31006265636045205,0
12,144,0,0.20570315223026772,0
13,223,0,0.2812455907555969,0
14,40,0,0.2849727492788701,0
15,96,0,0.28022230782686264,0
16,228,0,0.27665254763420694,0
17,232,0,0.28046978132626404,0
18,209,0,0.2802448165759891,0
19,147,1,0.27993964253184933,0
20,251,0,0.16493324632095274,0
21,181,0,0.20209529970018975,0
22,256,0,0.16503890169588945,0
23,208,1,0.28045813605991676,0
24,250,0,0.2801637629705945,0
25,16,1,0.8809115358090654,1
26,117,0,0.015305179794231981,0
27,19,0,0.2587288435408676,0
28,137,0,0.2804495631146562,0
29,252,0,0.27193055358261603,0
30,103,1,0.2802145609785227,0
31,124,1,0.280258242421024,0
32,58,1,0.28092247834083095,0
33,247,0,0.28025876366129565,0
34,237,0,0.2670876313719877,0
35,190,1,0.2803192820613103,0
36,102,0,0.2802574312592643,0
37,154,0,0.280120995110052,0
38,101,0,0.2800305149067639,0
39,174,0,0.28025786705215505,0
40,150,0,0.09173334324863479,0
41,105,0,0.27842871990272905,0
