,id,y_true,prob_svm_seed_15_skf_2_paras_19_kernel_rbf_C_1_gamma_1,class_svm_seed_15_skf_2_paras_19_kernel_rbf_C_1_gamma_1
0,224,1,0.23108461542663153,0
1,173,1,0.23907102626140067,0
2,39,1,0.2334062448228116,0
3,149,0,0.09351440729736413,0
4,95,0,0.2515659903032735,0
5,7,0,0.2526345430939182,0
6,83,1,0.2535781184881951,0
7,139,0,0.25263359297169713,0
8,12,0,0.16371965690441265,0
9,166,0,0.12829244041141014,0
10,171,0,0.24398858018078654,0
11,215,0,0.25263457764044195,0
12,91,0,0.25263376407049815,0
13,128,1,0.25263452535066516,0
14,164,0,0.06171058935644898,0
15,226,0,0.25165664329195353,0
16,5,0,0.24732225193168664,0
17,209,0,0.2526282273279176,0
18,43,0,0.24570015154846775,0
19,111,0,0.25358940701699023,0
20,250,0,0.2526174537238757,0
21,143,0,0.18520162107760194,0
22,263,0,0.24471112938582096,0
23,109,1,0.9969457711638489,1
24,19,0,0.17773706925610294,0
25,103,1,0.25257450865916664,0
26,45,1,0.329204710233774,0
27,185,0,0.25613983835597853,0
28,170,0,0.27551596472599876,0
29,58,1,0.2530228725431915,0
30,247,0,0.2526287823444421,0
31,190,1,0.2526919863007399,0
32,265,0,0.25263458381089415,0
33,145,0,0.21463163686951914,0
34,20,0,0.12796792756336536,0
35,46,0,0.09819163215646556,0
36,167,0,0.25364630011268413,0
37,244,1,0.25263458378819764,0
38,113,0,0.2526345837965059,0
39,53,1,0.4657980880316665,0
40,84,0,0.1673101276647844,0
41,150,0,0.0808911339759911,0
42,183,0,0.25198262727680193,0
