,id,y_true,prob_svm_seed_2_skf_4_paras_19_kernel_rbf_C_1_gamma_1,class_svm_seed_2_skf_4_paras_19_kernel_rbf_C_1_gamma_1
0,262,0,0.304353883536085,0
1,62,0,0.25600600553215813,0
2,39,1,0.2613503710554319,0
3,131,1,0.16981777594535272,0
4,21,0,0.27606019242427743,0
5,138,0,0.2658309957896232,0
6,157,0,0.2977633659063471,0
7,197,0,0.2733291661129844,0
8,177,0,0.2757226488272121,0
9,166,0,0.2065900458343262,0
10,106,0,0.25034534250702206,0
11,171,0,0.26881668751800175,0
12,47,0,0.27606226676270024,0
13,215,0,0.27606083162451844,0
14,152,0,0.13300259926675917,0
15,114,1,0.9937339786046646,1
16,257,1,0.27606083248303,0
17,67,0,0.2734134970391708,0
18,228,0,0.2716654881889664,0
19,38,0,0.19434546858822568,0
20,5,0,0.276057024374029,0
21,232,0,0.2755487963336049,0
22,203,0,0.18286513798197995,0
23,251,0,0.19466869102089754,0
24,208,1,0.27630588731984085,0
25,56,0,0.38207771408986946,0
26,4,1,0.27821911120971526,0
27,19,0,0.23498228785831402,0
28,242,1,0.2759850739412648,0
29,252,0,0.26883872921420726,0
30,211,0,0.0765507190274238,0
31,266,1,0.27597273122352955,0
32,30,0,0.27600523208793076,0
33,124,1,0.2760613851344423,0
34,264,0,0.2761241589218957,0
35,145,0,0.24857202711494683,0
36,167,0,0.2781006761773189,0
37,121,1,0.27379712245487975,0
38,53,1,0.3641910520081175,0
39,13,0,0.2760605745001334,0
40,163,1,0.27606083174067064,0
41,105,0,0.2750271647606484,0
