,id,y_true,prob_svm_seed_6_skf_3_paras_19_kernel_rbf_C_1_gamma_1,class_svm_seed_6_skf_3_paras_19_kernel_rbf_C_1_gamma_1
0,199,1,0.26102851117375486,0
1,66,0,0.2435552475653059,0
2,62,0,0.2425930664881183,0
3,39,1,0.24997986502649897,0
4,57,0,0.26105034632035745,0
5,151,0,0.19915672191162329,0
6,138,0,0.2590971682302411,0
7,165,0,0.24773007404576453,0
8,197,0,0.2962895728135955,0
9,12,0,0.2242929969309609,0
10,110,0,0.06701326314337404,0
11,80,1,0.357378878195843,0
12,89,0,0.25908962503085436,0
13,188,0,0.0319979231028036,0
14,75,0,0.2572855382311624,0
15,106,0,0.19033600527149364,0
16,223,0,0.2619297870173602,0
17,229,0,0.2610321281939098,0
18,128,1,0.26104382091841255,0
19,142,0,0.2364448562468884,0
20,160,0,0.1036778409826393,0
21,8,1,0.36787544849132,0
22,200,1,0.2666537342371917,0
23,228,0,0.2577433420921513,0
24,5,0,0.25697896380343666,0
25,232,0,0.2603481317203153,0
26,222,0,0.26102809344024336,0
27,143,0,0.21184695069102444,0
28,37,1,0.8994456386695856,1
29,27,0,0.26085513778569325,0
30,198,1,0.2720591145387281,0
31,103,1,0.26093767662744577,0
32,127,1,0.3051600739566934,0
33,58,1,0.26151216529201565,0
34,167,0,0.26271633740451983,0
35,72,0,0.16662497685165922,0
36,94,1,0.3464042074975851,0
37,101,0,0.26082153037192785,0
38,174,0,0.2610442151346892,0
39,150,0,0.13638785375587656,0
40,105,0,0.2287550024969316,0
41,77,0,0.23404133802663948,0
