,id,y_true,prob_svm_seed_4_skf_4_paras_19_kernel_rbf_C_1_gamma_1,class_svm_seed_4_skf_4_paras_19_kernel_rbf_C_1_gamma_1
0,93,1,0.7078495528132772,1
1,206,0,0.275968443174175,0
2,119,0,0.11834536704422902,0
3,18,0,0.28227684995751073,0
4,83,1,0.2824900815223293,0
5,139,0,0.2820856788175226,0
6,166,0,0.2080627547476894,0
7,89,0,0.2814861813180007,0
8,210,0,0.273315363596438,0
9,9,1,0.28226998876766074,0
10,29,0,0.2832777272108773,0
11,229,0,0.28206023648999,0
12,91,0,0.28208732839251305,0
13,122,0,0.28207723520176986,0
14,142,0,0.26687785583332146,0
15,160,0,0.1446583732245099,0
16,152,0,0.17143914880364017,0
17,114,1,0.9374349605518028,1
18,200,1,0.27922323996061343,0
19,175,0,0.27306811289705823,0
20,44,1,0.268814202072222,0
21,37,1,0.805087262252134,1
22,263,0,0.07325049631897933,0
23,78,1,0.3117721918503221,0
24,17,0,0.2771481714265144,0
25,4,1,0.2830860690084141,0
26,211,0,0.13352803968785296,0
27,30,0,0.2819778987031075,0
28,185,0,0.2824894364471232,0
29,265,0,0.28208765420472537,0
30,20,0,0.22000016055060773,0
31,115,0,0.15759033227545344,0
32,72,0,0.18076020920455427,0
33,94,1,0.3459871586146047,0
34,140,0,0.28207723520176986,0
35,248,0,0.28207673528922855,0
36,132,0,0.2820831320279273,0
37,11,1,0.46627274787287504,0
38,243,0,0.2860545801905419,0
39,134,0,0.1904344254712971,0
40,77,0,0.2623072838326904,0
41,184,1,0.7363954176233403,1
