,id,y_true,prob_svm_seed_18_skf_1_paras_19_kernel_rbf_C_1_gamma_1,class_svm_seed_18_skf_1_paras_19_kernel_rbf_C_1_gamma_1
0,220,1,0.25926055830399614,0
1,196,0,0.21010896797009337,0
2,186,1,0.281178804732155,0
3,177,0,0.2539659835743061,0
4,89,0,0.2552827548748373,0
5,106,0,0.17660875349741761,0
6,9,1,0.2601836653902625,0
7,223,0,0.2627196548984207,0
8,164,0,0.0663720129599768,0
9,142,0,0.22143592151307215,0
10,32,0,0.2591460162870443,0
11,195,0,0.23889233093153198,0
12,123,1,0.25917650511143814,0
13,267,0,0.25356975535631376,0
14,203,0,0.13055892691546522,0
15,111,0,0.26054508206064575,0
16,250,0,0.25912590432943267,0
17,143,0,0.19036257089859898,0
18,136,0,0.302859609031215,0
19,17,0,0.24021767787509501,0
20,19,0,0.3121545117961309,0
21,22,0,0.0985541252070999,0
22,252,0,0.25169135998795594,0
23,103,1,0.2590457173220722,0
24,211,0,0.06025753650732036,0
25,45,1,0.33143101702449035,0
26,25,0,0.25919988747127093,0
27,185,0,0.2622191576748528,0
28,170,0,0.6345007166120887,1
29,237,0,0.24425119991826574,0
30,145,0,0.19850757646725442,0
31,234,0,0.25926793844524226,0
32,51,0,0.18724317911110194,0
33,46,0,0.20775532677027753,0
34,72,0,0.09617616918993037,0
35,121,1,0.2555658365464191,0
36,94,1,0.3910777638997728,0
37,244,1,0.259267936785256,0
38,132,0,0.2592676560598703,0
39,174,0,0.25926800096191616,0
40,259,1,0.26391267163420906,0
41,64,1,0.8510544327673895,1
42,184,1,0.9563153691913742,1
