,id,y_true,prob_svm_seed_19_skf_4_paras_19_kernel_rbf_C_1_gamma_1,class_svm_seed_19_skf_4_paras_19_kernel_rbf_C_1_gamma_1
0,59,1,0.2892937365511476,0
1,262,0,0.33152099815945496,0
2,186,1,0.29451264033279706,0
3,141,0,0.2771289408337215,0
4,57,0,0.2797019919698488,0
5,21,0,0.27519819942840984,0
6,182,0,0.2443324499862266,0
7,138,0,0.278012880592978,0
8,12,0,0.23670699362337838,0
9,74,0,0.1426013362912666,0
10,245,1,0.27981482646835776,0
11,229,0,0.27964646893339856,0
12,91,0,0.2796971799450918,0
13,169,0,0.046398818555647266,0
14,122,0,0.0064116871397120224,0
15,160,0,0.10470668063411291,0
16,32,0,0.279668993498785,0
17,114,1,0.9261641958542329,1
18,175,0,0.2663417323359419,0
19,267,0,0.2757741293279361,0
20,2,0,0.04329764422821066,0
21,108,1,0.562698678875718,1
22,147,1,0.2796099528624266,0
23,250,0,0.2796349604840982,0
24,16,1,0.7970410603722557,1
25,178,0,0.2770833458014837,0
26,148,0,0.2630498075903706,0
27,207,0,0.281193083406314,0
28,4,1,0.28035963968382277,0
29,249,0,0.27934626096436854,0
30,137,0,0.279187478250762,0
31,116,0,0.2532084671010879,0
32,266,1,0.2792706771665135,0
33,30,0,0.27797326392051747,0
34,25,0,0.2796801133767523,0
35,129,1,0.7000536402446327,1
36,239,1,0.2796971068601789,0
37,170,0,0.5235942354978386,1
38,247,0,0.27969575344538433,0
39,94,1,0.38860054232772473,0
40,154,0,0.27846543328873635,0
41,216,0,0.27969717310298947,0
