,id,y_true,prob_svm_seed_1_skf_3_paras_19_kernel_rbf_C_1_gamma_1,class_svm_seed_1_skf_3_paras_19_kernel_rbf_C_1_gamma_1
0,93,1,0.8129430312168016,1
1,173,1,0.2673063364333725,0
2,235,0,0.28155166336302484,0
3,186,1,0.3011559847900704,0
4,63,1,0.28290766400204986,0
5,131,1,0.21290291527226876,0
6,21,0,0.2767198866963879,0
7,119,0,0.08780289038058488,0
8,165,0,0.2668356582996605,0
9,50,0,0.2819500854255171,0
10,18,0,0.28188559068138647,0
11,219,1,0.35020948209820907,0
12,188,0,0.016825533475647206,0
13,106,0,0.2058557506090597,0
14,73,1,0.3620006972370779,0
15,47,0,0.2819502475027771,0
16,29,0,0.2829580894550276,0
17,91,0,0.28194910345544794,0
18,8,1,0.5,0
19,226,0,0.281118855694336,0
20,232,0,0.2809570458968612,0
21,108,1,0.802721717330995,1
22,181,0,0.17975001355514406,0
23,111,0,0.28215461536283054,0
24,143,0,0.2194788759721628,0
25,263,0,0.02887813968465318,0
26,4,1,0.28386474691614405,0
27,137,0,0.28154641087749754,0
28,180,0,0.28190385628714115,0
29,14,1,0.9824823500197063,1
30,170,0,0.5680040195740961,1
31,227,1,0.28195009096302,0
32,265,0,0.28195009096302,0
33,145,0,0.24776168023949788,0
34,126,0,0.09651399591919185,0
35,120,0,0.2726279545032132,0
36,248,0,0.28193666207898715,0
37,189,0,0.28195009096302,0
38,174,0,0.28195022275090503,0
39,243,0,0.287170531476533,0
40,134,0,0.14693144633351624,0
41,77,0,0.2486152863646899,0
