,id,y_true,prob_svm_seed_12_skf_0_paras_19_kernel_rbf_C_1_gamma_1,class_svm_seed_12_skf_0_paras_19_kernel_rbf_C_1_gamma_1
0,86,0,0.25227990660078214,0
1,66,0,0.2435725002258471,0
2,70,0,0.2430628466839664,0
3,186,1,0.26495360861762346,0
4,63,1,0.24628043516224946,0
5,151,0,0.15343133790874558,0
6,68,1,0.22308972813896497,0
7,95,0,0.24464087097148637,0
8,119,0,0.05983348889457831,0
9,24,0,0.2419734900496441,0
10,165,0,0.2264983679921363,0
11,260,1,0.24534579952590976,0
12,157,0,0.27534218812530264,0
13,166,0,0.16762461196086265,0
14,89,0,0.24287880021027566,0
15,229,0,0.2453216556131564,0
16,96,0,0.24528700418518576,0
17,257,1,0.2453458003186621,0
18,226,0,0.24454342599673157,0
19,175,0,0.24075777207429155,0
20,123,1,0.2452622744206915,0
21,203,0,0.2836785143399226,0
22,43,0,0.017884433914013276,0
23,111,0,0.24653911363929887,0
24,16,1,0.9002985627552267,1
25,112,0,0.2455464540624001,0
26,27,0,0.24517790726544147,0
27,217,0,0.24534238380232462,0
28,242,1,0.2447852534049508,0
29,252,0,0.23628850992765094,0
30,41,0,0.20223536049374422,0
31,227,1,0.24534579952590976,0
32,115,0,0.12332924022367445,0
33,140,0,0.00125865250609338,0
34,248,0,0.2453344624540612,0
35,132,0,0.24534422517679802,0
36,53,1,0.3911233586008354,0
37,69,0,0.3200763704543816,0
38,84,0,0.17254116725051347,0
39,11,1,0.6285402038124712,1
40,259,1,0.2502685165011145,0
41,64,1,0.8183393111939196,1
42,105,0,0.21178602506347055,0
43,134,0,0.14290101424382032,0
