,id,y_true,prob_svm_seed_11_skf_1_paras_19_kernel_rbf_C_1_gamma_1,class_svm_seed_11_skf_1_paras_19_kernel_rbf_C_1_gamma_1
0,199,1,0.28438454746106745,0
1,93,1,0.9093911511173166,1
2,206,0,0.28333488383675304,0
3,59,1,0.29279191633763113,0
4,173,1,0.2790267449048502,0
5,70,0,0.2841755829641992,0
6,68,1,0.27906331592442457,0
7,241,0,0.28439916192653314,0
8,119,0,0.054776678636386085,0
9,50,0,0.2843991312335512,0
10,15,0,0.13204705925742485,0
11,12,0,0.2157496434906579,0
12,110,0,0.02810950828250042,0
13,75,0,0.2806105796342573,0
14,171,0,0.2826755707834132,0
15,29,0,0.28456574799552536,0
16,215,0,0.2843991515204182,0
17,164,0,0.09298854996218778,0
18,152,0,0.11303737266390859,0
19,32,0,0.2842667140074516,0
20,96,0,0.28433177349070604,0
21,175,0,0.26830849542134727,0
22,5,0,0.2788105430873993,0
23,136,0,0.22447887407096626,0
24,178,0,0.2814424636379721,0
25,148,0,0.2588337778254177,0
26,4,1,0.2864256372611703,0
27,252,0,0.27616195624957557,0
28,124,1,0.2843991637091851,0
29,41,0,0.23672521589095102,0
30,25,0,0.28437259688508426,0
31,127,1,0.3934330149662325,0
32,60,0,0.1446301890714951,0
33,58,1,0.2846907160120004,0
34,265,0,0.2843991619238239,0
35,46,0,0.13001129472595657,0
36,167,0,0.2859675918852688,0
37,255,0,0.2580828429261927,0
38,172,1,0.919369196487814,1
39,11,1,0.586800615922081,1
40,150,0,0.13371882678205743,0
41,64,1,0.791642214031832,1
42,261,0,0.175401658806395,0
