,id,y_true,prob_svm_seed_3_skf_2_paras_19_kernel_rbf_C_1_gamma_1,class_svm_seed_3_skf_2_paras_19_kernel_rbf_C_1_gamma_1
0,220,1,0.2520336355685099,0
1,186,1,0.2727576704795369,0
2,141,0,0.24938236980249978,0
3,57,0,0.2521827203106255,0
4,151,0,0.16151185051426914,0
5,221,0,0.2466823341900389,0
6,68,1,0.23225485536125862,0
7,15,0,0.13049418595046666,0
8,18,0,0.2519955727614396,0
9,83,1,0.25224725577378543,0
10,110,0,0.0137879597678333,0
11,80,1,0.30816130104942985,0
12,74,0,0.1966871634472865,0
13,210,0,0.23987334727197035,0
14,91,0,0.2521827210009114,0
15,122,0,0.0028065355394999727,0
16,40,0,0.2629810091347057,0
17,195,0,0.2449736276632887,0
18,232,0,0.2514650487821211,0
19,251,0,0.13054705082587326,0
20,263,0,0.025786732165237396,0
21,4,1,0.2546961252940562,0
22,19,0,0.2170566576055128,0
23,137,0,0.2529044451436699,0
24,116,0,0.22789728007745674,0
25,252,0,0.24702610078500886,0
26,103,1,0.2521786174567464,0
27,25,0,0.2521797296269576,0
28,190,1,0.2521993748233456,0
29,20,0,0.1387746060490176,0
30,234,0,0.25218319565389025,0
31,126,0,0.33152765025715003,0
32,115,0,0.08349960236805663,0
33,102,0,0.25218292978961826,0
34,72,0,0.22501833885978,0
35,121,1,0.2521825200205258,0
36,214,0,0.25290459269294935,0
37,172,1,0.8987051647866273,1
38,53,1,0.30970973679632424,0
39,84,0,0.20002909507967256,0
40,254,1,0.2875634386939914,0
41,243,0,0.2518391271895223,0
42,87,0,0.24946158602249724,0
