,id,y_true,prob_svm_seed_5_skf_3_paras_19_kernel_rbf_C_1_gamma_1,class_svm_seed_5_skf_3_paras_19_kernel_rbf_C_1_gamma_1
0,59,1,0.44353314444635644,0
1,173,1,0.252686072480134,0
2,196,0,0.2639668985020178,0
3,235,0,0.2686989634130812,0
4,151,0,0.17473566059348136,0
5,149,0,0.1337723736843197,0
6,95,0,0.26849548712683513,0
7,7,0,0.2686990027143365,0
8,182,0,0.26868626687401376,0
9,15,0,0.15059252595446754,0
10,197,0,0.30638798098065695,0
11,166,0,0.15863820481428476,0
12,245,1,0.2685009118623694,0
13,128,1,0.26869814674897863,0
14,122,0,0.0022327916324394437,0
15,96,0,0.26868234697043336,0
16,123,1,0.268606597609591,0
17,228,0,0.2650976127794766,0
18,38,0,0.15882187608374343,0
19,222,0,0.2686952617402629,0
20,16,1,0.9122732167879084,1
21,112,0,0.2686920456207165,0
22,178,0,0.26589899579395543,0
23,117,0,0.011533329332569944,0
24,217,0,0.26867693736484377,0
25,198,1,0.31316533630833443,0
26,109,1,0.9971730541372489,1
27,4,1,0.2720672870573123,0
28,22,0,0.03259709768149614,0
29,266,1,0.268044019583557,0
30,264,0,0.268611929908948,0
31,25,0,0.2686741031109966,0
32,14,1,0.9917848674134582,1
33,185,0,0.2699156841277999,0
34,227,1,0.26869900596692814,0
35,237,0,0.2610209829813733,0
36,167,0,0.2713014280955634,0
37,72,0,0.11319392696338443,0
38,84,0,0.1902261061913084,0
39,13,0,0.268698705967016,0
40,243,0,0.27554108093312024,0
41,77,0,0.22938874495629835,0
