,id,y_true,prob_svm_seed_8_skf_2_paras_19_kernel_rbf_C_1_gamma_1,class_svm_seed_8_skf_2_paras_19_kernel_rbf_C_1_gamma_1
0,199,1,0.27088162520612313,0
1,93,1,0.27926684813697056,0
2,66,0,0.2671879932675118,0
3,70,0,0.27059403493816586,0
4,151,0,0.19797398362720467,0
5,131,1,0.2078204810436876,0
6,95,0,0.26982436411689475,0
7,182,0,0.23003325949379938,0
8,165,0,0.27088271723254687,0
9,139,0,0.27090327957600424,0
10,12,0,0.2002045079488746,0
11,177,0,0.2673213925876815,0
12,74,0,0.22273282323388272,0
13,73,1,0.3770031535606431,0
14,171,0,0.2655922952121563,0
15,164,0,0.10700211294640695,0
16,122,0,0.005426790649796065,0
17,38,0,0.19317618853012009,0
18,209,0,0.2708867646913445,0
19,181,0,0.21013809662024358,0
20,222,0,0.27088850531606257,0
21,16,1,0.3044159583798765,0
22,44,1,0.26559603551930383,0
23,143,0,0.21771294236696928,0
24,263,0,0.035845315091883746,0
25,117,0,0.01893601434204835,0
26,155,1,0.9809661316939099,1
27,17,0,0.270886743754296,0
28,211,0,0.09665685783543773,0
29,239,1,0.2709032795770374,0
30,126,0,0.09718645154927268,0
31,54,0,0.26651468221219815,0
32,115,0,0.09659328370978144,0
33,102,0,0.27090303773433216,0
34,72,0,0.26926163055357955,0
35,121,1,0.2709043498372941,0
36,53,1,0.4141502511725706,0
37,11,1,0.4925188714852414,0
38,101,0,0.270570412214007,0
39,174,0,0.2709033586027069,0
40,243,0,0.2706089474238747,0
41,64,1,0.7786463535119359,1
42,134,0,0.15909785356876924,0
