,id,y_true,prob_svm_seed_1_skf_1_paras_19_kernel_rbf_C_1_gamma_1,class_svm_seed_1_skf_1_paras_19_kernel_rbf_C_1_gamma_1
0,199,1,0.2659658493637189,0
1,224,1,0.18961699922648434,0
2,59,1,0.4206308281393173,0
3,262,0,0.2436327008739761,0
4,92,0,0.27614949998588173,0
5,205,0,0.27278871204254657,0
6,7,0,0.2659796880664425,0
7,182,0,0.22722278335425156,0
8,260,1,0.2659797026497803,0
9,218,0,0.26564035744797093,0
10,110,0,0.035517727429370004,0
11,74,0,0.2398762282609417,0
12,144,0,0.2011367443630492,0
13,223,0,0.2660841746164946,0
14,215,0,0.2659796982729922,0
15,128,1,0.26597970240067803,0
16,142,0,0.2386016376427953,0
17,152,0,0.12181943717766745,0
18,200,1,0.28876635592405164,0
19,175,0,0.266810547110044,0
20,209,0,0.2659742754144332,0
21,251,0,0.17357314208245392,0
22,43,0,0.029856166623525346,0
23,136,0,0.20920389484809923,0
24,42,1,0.3023479091569033,0
25,211,0,0.1029842327207991,0
26,124,1,0.26598011333298077,0
27,25,0,0.2659481632280895,0
28,129,1,0.9019599517620753,1
29,185,0,0.2669745059609709,0
30,58,1,0.26640327458392005,0
31,247,0,0.2659762189556993,0
32,234,0,0.2659797026497803,0
33,51,0,0.20122389013716496,0
34,54,0,0.2527867292307742,0
35,46,0,0.15345717862100114,0
36,72,0,0.24754553738320717,0
37,94,1,0.3758359005216523,0
38,154,0,0.264663216269302,0
39,172,1,0.8956615011382429,1
40,101,0,0.2659229399667611,0
41,183,0,0.26668275129857283,0
42,105,0,0.2651924103298264,0
