,id,y_true,prob_svm_seed_19_skf_0_paras_19_kernel_rbf_C_1_gamma_1,class_svm_seed_19_skf_0_paras_19_kernel_rbf_C_1_gamma_1
0,173,1,0.2480656011357256,0
1,196,0,0.21327070877174018,0
2,62,0,0.2323007348001008,0
3,159,0,0.25060955237980687,0
4,149,0,0.10088610202490689,0
5,68,1,0.23432291741172756,0
6,7,0,0.2592083835023314,0
7,24,0,0.2581780206154189,0
8,165,0,0.23933304104222758,0
9,85,0,0.15960680476825742,0
10,18,0,0.25991521566660536,0
11,177,0,0.25379738658892115,0
12,219,1,0.3611569652058555,0
13,75,0,0.2530501968239055,0
14,73,1,0.29076028428609796,0
15,40,0,0.2583055578435768,0
16,257,1,0.25920847927940616,0
17,226,0,0.2578749780511184,0
18,200,1,0.2971816270334235,0
19,181,0,0.17805592203540796,0
20,43,0,0.013178698784492193,0
21,222,0,0.2591934830812054,0
22,111,0,0.26065660312459793,0
23,44,1,0.23378006238940868,0
24,155,1,0.9959370947568197,1
25,242,1,0.2600755417129654,0
26,48,0,0.16766875659885325,0
27,103,1,0.2591300723126303,0
28,41,0,0.21174703611420534,0
29,185,0,0.26037627784387624,0
30,60,0,0.10376362719963975,0
31,145,0,0.27854655800879724,0
32,20,0,0.17925796518326848,0
33,46,0,0.13744520086275208,0
34,140,0,0.0009790600618364662,0
35,120,0,0.2498759320943272,0
36,244,1,0.25920847556052123,0
37,132,0,0.2591950676144413,0
38,53,1,0.4651283701669103,0
39,11,1,0.5980627414335397,1
40,13,0,0.25920780999423565,0
41,174,0,0.25920868904985916,0
42,183,0,0.2596307430069748,0
43,77,0,0.2201516841057646,0
