,id,y_true,prob_svm_seed_13_skf_2_paras_19_kernel_rbf_C_1_gamma_1,class_svm_seed_13_skf_2_paras_19_kernel_rbf_C_1_gamma_1
0,224,1,0.2801762226252266,0
1,235,0,0.27956538084754684,0
2,262,0,0.2987542806197243,0
3,63,1,0.28000226605724116,0
4,131,1,0.140678706928058,0
5,221,0,0.27795648499785625,0
6,241,0,0.28001374729736855,0
7,76,0,0.2786599040105863,0
8,50,0,0.28001374311069965,0
9,260,1,0.2800137472955467,0
10,12,0,0.217142359878691,0
11,177,0,0.27507730124946245,0
12,80,1,0.4550769847059893,0
13,106,0,0.1980837009987381,0
14,223,0,0.28349750380797556,0
15,229,0,0.2799726208179343,0
16,169,0,0.05734369073367215,0
17,160,0,0.09694336713991426,0
18,32,0,0.2799872842488535,0
19,8,1,0.3525059659025578,0
20,34,0,0.2729587466049635,0
21,228,0,0.2800137472955467,0
22,108,1,0.6205148813832604,1
23,16,1,0.8235924309267151,1
24,136,0,0.21266849517906553,0
25,37,1,0.8591045475182428,1
26,263,0,0.03280588720113508,0
27,42,1,0.33218112762254187,0
28,242,1,0.2807349801421283,0
29,116,0,0.254914753432126,0
30,252,0,0.2800135149311087,0
31,30,0,0.2800478033481205,0
32,180,0,0.284093107977298,0
33,264,0,0.27989674859976,0
34,25,0,0.27996100652942363,0
35,170,0,0.294943521814903,0
36,60,0,0.15418589175309116,0
37,234,0,0.2800137472955467,0
38,54,0,0.2776941421570603,0
39,167,0,0.28229469996376827,0
40,140,0,0.003914762328983735,0
41,254,1,0.28410829496994866,0
42,77,0,0.28070652211379304,0
