,id,y_true,prob_svm_seed_14_skf_4_paras_19_kernel_rbf_C_1_gamma_1,class_svm_seed_14_skf_4_paras_19_kernel_rbf_C_1_gamma_1
0,199,1,0.2673706939242369,0
1,206,0,0.26195004958356966,0
2,262,0,0.30278507445868386,0
3,63,1,0.2681439579417845,0
4,141,0,0.2658591596607891,0
5,92,0,0.28601367189427074,0
6,205,0,0.27171364790938796,0
7,76,0,0.26671338159449753,0
8,85,0,0.20207004288954375,0
9,157,0,0.29172500504845805,0
10,139,0,0.26736430770771014,0
11,177,0,0.2659649451536866,0
12,188,0,0.027682040314698106,0
13,40,0,0.27607280444176835,0
14,195,0,0.2664195934027054,0
15,8,1,0.3326408833347763,0
16,228,0,0.26399529383995424,0
17,38,0,0.20308841846116252,0
18,267,0,0.26578480629602846,0
19,147,1,0.26719009088690326,0
20,44,1,0.26859463397889016,0
21,136,0,0.23842496237591,0
22,37,1,0.39446225669061696,0
23,56,0,0.3291146937071494,0
24,242,1,0.26769332350199343,0
25,116,0,0.24502593108286852,0
26,252,0,0.2622334796400965,0
27,264,0,0.26741326637460455,0
28,185,0,0.2693751303126898,0
29,240,1,0.26736509873828396,0
30,227,1,0.26736523747072344,0
31,20,0,0.17472851556039679,0
32,126,0,0.3299391180390557,0
33,46,0,0.1649775545472748,0
34,121,1,0.2663820122141682,0
35,97,0,0.2585639864287913,0
36,216,0,0.26736798141649526,0
37,69,0,0.29621268762158043,0
38,101,0,0.26726609809514196,0
39,163,1,0.26736523747072344,0
40,64,1,0.27267739334973584,0
41,71,0,0.18269614159595973,0
