,id,y_true,prob_svm_seed_17_skf_3_paras_19_kernel_rbf_C_1_gamma_1,class_svm_seed_17_skf_3_paras_19_kernel_rbf_C_1_gamma_1
0,159,0,0.2527381527072611,0
1,39,1,0.25188320441078343,0
2,21,0,0.2549800702307662,0
3,241,0,0.2574033006446072,0
4,50,0,0.2574032737449618,0
5,12,0,0.2024266031602673,0
6,110,0,0.07315392596620138,0
7,219,1,0.2574080513295527,0
8,215,0,0.2574033006427004,0
9,128,1,0.2574033006440163,0
10,32,0,0.2573935511914631,0
11,257,1,0.2574033012423597,0
12,226,0,0.25676217839091003,0
13,200,1,0.2860178599075645,0
14,123,1,0.2573478911250085,0
15,203,0,0.16679502014535386,0
16,2,0,0.1009855022173033,0
17,147,1,0.25717032226288067,0
18,181,0,0.20919416183127792,0
19,256,0,0.19937389179395093,0
20,37,1,0.8556031963689922,1
21,263,0,0.05567153192496104,0
22,56,0,0.3391509427022637,0
23,27,0,0.25732463613318923,0
24,217,0,0.2574010301669072,0
25,207,0,0.2574320734186439,0
26,124,1,0.25740373274715866,0
27,264,0,0.2573382321094185,0
28,227,1,0.2574033006441368,0
29,237,0,0.2540048173925219,0
30,234,0,0.2574033006441368,0
31,51,0,0.23487792163192728,0
32,46,0,0.19410799655167532,0
33,72,0,0.1542244274583441,0
34,255,0,0.2637390901092777,0
35,97,0,0.25479014772781955,0
36,94,1,0.2580619001976824,0
37,69,0,0.28795731590254914,0
38,84,0,0.21716586333036852,0
39,254,1,0.37994248516510715,0
40,134,0,0.17019804840261707,0
41,87,0,0.2568024111366248,0
