,id,y_true,prob_svm_seed_11_skf_0_paras_19_kernel_rbf_C_1_gamma_1,class_svm_seed_11_skf_0_paras_19_kernel_rbf_C_1_gamma_1
0,196,0,0.1962713706946562,0
1,186,1,0.33985220333334354,0
2,141,0,0.2874810295826735,0
3,39,1,0.24583953537027303,0
4,151,0,0.1240167675287048,0
5,92,0,0.36771823563533584,0
6,21,0,0.27310882449191526,0
7,95,0,0.28679217024776904,0
8,138,0,0.26168896408258896,0
9,18,0,0.2893034837322877,0
10,188,0,0.00012200614441879688,0
11,9,1,0.2889811343436817,0
12,91,0,0.2875433368529724,0
13,142,0,0.2297146760515745,0
14,195,0,0.2724376579152011,0
15,67,0,0.28629822262478277,0
16,200,1,0.3705552088347661,0
17,34,0,0.23357366430642698,0
18,209,0,0.28750114962506707,0
19,108,1,0.999987221421558,1
20,44,1,0.2502568828461014,0
21,112,0,0.2875528714206369,0
22,56,0,0.4315815159612352,0
23,155,1,0.9999999999686903,1
24,79,1,0.2876501079658048,0
25,198,1,0.3505761778928735,0
26,207,0,0.297110237236919,0
27,22,0,0.0037278975773224355,0
28,266,1,0.28600459623142777,0
29,170,0,0.8531241247454602,1
30,247,0,0.287535998647298,0
31,145,0,0.2652439585746912,0
32,234,0,0.28754313490917094,0
33,120,0,0.25888224038883145,0
34,248,0,0.2874929097603697,0
35,216,0,0.2875482856906425,0
36,113,0,0.2875431349404638,0
37,132,0,0.28752799695537073,0
38,53,1,0.7423913353605923,1
39,189,0,0.28754313490917094,0
40,183,0,0.2895366054211722,0
41,259,1,0.2867000699217058,0
42,243,0,0.30528541992230823,0
43,184,1,0.9999815341107803,1
