,id,y_true,prob_svm_seed_10_skf_2_paras_19_kernel_rbf_C_1_gamma_1,class_svm_seed_10_skf_2_paras_19_kernel_rbf_C_1_gamma_1
0,224,1,0.201683702149553,0
1,93,1,0.9008539642483262,1
2,235,0,0.2902736833563148,0
3,262,0,0.30433638557082077,0
4,66,0,0.2866912179695919,0
5,70,0,0.2882166173821678,0
6,186,1,0.31318355618131927,0
7,68,1,0.269348891084298,0
8,241,0,0.29043998320906084,0
9,15,0,0.15966395698628486,0
10,83,1,0.2907524399473356,0
11,230,0,0.2902857537179757,0
12,177,0,0.2885161641153591,0
13,75,0,0.29018263434553715,0
14,210,0,0.2719352688565427,0
15,144,0,0.23190811149795057,0
16,229,0,0.29042764244055846,0
17,8,1,0.5244801616971495,1
18,108,1,0.8239416884404555,1
19,112,0,0.29069110762220457,0
20,136,0,0.27303398823980307,0
21,4,1,0.2936178463277248,0
22,19,0,0.30527125190190424,0
23,48,0,0.24751169729004624,0
24,116,0,0.2545014885139059,0
25,211,0,0.07072271327666826,0
26,30,0,0.2874574984060531,0
27,240,1,0.2904399832081266,0
28,60,0,0.13131875391499515,0
29,236,0,0.29044061642340974,0
30,227,1,0.2904399832081674,0
31,234,0,0.2904399832081674,0
32,54,0,0.28996053685990064,0
33,121,1,0.2904393739317365,0
34,248,0,0.2904280536540843,0
35,154,0,0.2889020401333893,0
36,214,0,0.2921272138402421,0
37,53,1,0.4809119095234206,0
38,13,0,0.2904396239563621,0
39,189,0,0.2904399832081674,0
40,174,0,0.2904400322006125,0
41,243,0,0.2903769032925142,0
42,87,0,0.2895679086368319,0
