,id,y_true,prob_svm_seed_9_skf_4_paras_19_kernel_rbf_C_1_gamma_1,class_svm_seed_9_skf_4_paras_19_kernel_rbf_C_1_gamma_1
0,262,0,0.26631107079827165,0
1,92,0,0.2927231644324637,0
2,7,0,0.27530964089234006,0
3,182,0,0.23667258547313624,0
4,138,0,0.26435297610485137,0
5,89,0,0.2732906367177789,0
6,73,1,0.3147285065231561,0
7,29,0,0.27687760604317585,0
8,229,0,0.2752925991815328,0
9,142,0,0.25949200487471263,0
10,152,0,0.2815874504051674,0
11,40,0,0.2859481220917993,0
12,96,0,0.2753162578033171,0
13,257,1,0.2753096444319946,0
14,67,0,0.2721477240134695,0
15,200,1,0.30826711350031166,0
16,34,0,0.25129061732718566,0
17,44,1,0.25568745525354736,0
18,217,0,0.2753067265801677,0
19,198,1,0.30058508765960257,0
20,78,1,0.31213640841769713,0
21,36,0,0.27529229480668255,0
22,30,0,0.2727870531954685,0
23,129,1,0.8327128693528126,1
24,14,1,0.9431924585044982,1
25,58,1,0.27604882868361674,0
26,20,0,0.18061892161278006,0
27,51,0,0.21390447982514238,0
28,126,0,0.5064070404045687,1
29,167,0,0.27722994965647796,0
30,102,0,0.2753073912938821,0
31,72,0,0.1417221554327948,0
32,97,0,0.27799967117324076,0
33,140,0,0.007112251652115513,0
34,172,1,0.2967697815852326,0
35,11,1,0.580905190683115,1
36,174,0,0.2753096954505908,0
37,150,0,0.11181644599670766,0
38,243,0,0.2798317506803813,0
39,134,0,0.15923938077826963,0
40,184,1,0.26753363491331195,0
41,261,0,0.20631546524061928,0
