,id,y_true,prob_svm_seed_5_skf_2_paras_19_kernel_rbf_C_1_gamma_1,class_svm_seed_5_skf_2_paras_19_kernel_rbf_C_1_gamma_1
0,93,1,0.8691935944584759,1
1,141,0,0.299202339838915,0
2,221,0,0.29263303960446346,0
3,138,0,0.28744920143959446,0
4,165,0,0.29920442563208305,0
5,139,0,0.2992286427928426,0
6,230,0,0.2991111968362761,0
7,177,0,0.2953804693526892,0
8,80,1,0.45646561779231276,0
9,144,0,0.23199165703625296,0
10,47,0,0.2992286819051101,0
11,91,0,0.29922877628662387,0
12,40,0,0.30898667268661195,0
13,8,1,0.372279087619308,0
14,226,0,0.29876699068802803,0
15,175,0,0.28513904556893954,0
16,181,0,0.19871363696928954,0
17,43,0,0.29922865348141847,0
18,37,1,0.9574232094134466,1
19,263,0,0.2992286448040197,0
20,56,0,0.38478766485220256,0
21,42,1,0.338887218257292,0
22,27,0,0.2990594138697816,0
23,207,0,0.3036959278727502,0
24,17,0,0.29921035105883415,0
25,19,0,0.24841362991557756,0
26,116,0,0.29922860327792283,0
27,252,0,0.2913088863414263,0
28,103,1,0.2992175012878462,0
29,129,1,0.937265085460193,1
30,239,1,0.2992286427926925,0
31,145,0,0.29115721799427524,0
32,126,0,0.38565901690992616,0
33,46,0,0.14019369258490347,0
34,94,1,0.4133785022620918,0
35,248,0,0.29922415356731197,0
36,216,0,0.2992319015236687,0
37,244,1,0.2992286427746285,0
38,69,0,0.3157299842341918,0
39,101,0,0.29911723377684946,0
40,254,1,0.30304815487332154,0
41,105,0,0.258707691786441,0
42,184,1,0.8705881499394474,1
