,id,y_true,prob_svm_seed_15_skf_4_paras_19_kernel_rbf_C_1_gamma_1,class_svm_seed_15_skf_4_paras_19_kernel_rbf_C_1_gamma_1
0,93,1,0.6495053413927562,1
1,86,0,0.17662933494274755,0
2,186,1,0.293136199886428,0
3,57,0,0.2794103326367119,0
4,68,1,0.2716865315438823,0
5,21,0,0.27718139501111766,0
6,205,0,0.28148740164808184,0
7,182,0,0.25041489946777057,0
8,24,0,0.27711504329009934,0
9,177,0,0.27872255284744013,0
10,219,1,0.3347138078725607,0
11,74,0,0.17031629024596137,0
12,188,0,0.043759384151710455,0
13,210,0,0.26923934812382005,0
14,9,1,0.279200704691915,0
15,245,1,0.27942237231876904,0
16,229,0,0.2793768168062395,0
17,169,0,0.07902854391539499,0
18,142,0,0.26434819638018436,0
19,96,0,0.2794119228013839,0
20,34,0,0.2665780330982943,0
21,123,1,0.2793734509500796,0
22,232,0,0.2790451433072145,0
23,251,0,0.20836482990874902,0
24,256,0,0.22569991450228227,0
25,178,0,0.2774407282372928,0
26,201,0,0.27938726758740917,0
27,252,0,0.2758282357878774,0
28,30,0,0.27913697726601555,0
29,124,1,0.2794105961379355,0
30,41,0,0.23851756148820874,0
31,14,1,0.920721302109868,1
32,239,1,0.2794105961379384,0
33,237,0,0.27653976298283206,0
34,234,0,0.2794105961379384,0
35,51,0,0.24453242965676708,0
36,97,0,0.2775266040622296,0
37,216,0,0.2794106241962965,0
38,172,1,0.8246853633261909,1
39,13,0,0.27941059632757,0
40,259,1,0.2805636674789845,0
41,105,0,0.27894691986917286,0
