,id,y_true,prob_svm_seed_1_skf_4_paras_19_kernel_rbf_C_1_gamma_1,class_svm_seed_1_skf_4_paras_19_kernel_rbf_C_1_gamma_1
0,86,0,0.2760075679711899,0
1,62,0,0.2732604142521384,0
2,159,0,0.2724484537448847,0
3,221,0,0.27183996968822394,0
4,68,1,0.27327455767277714,0
5,241,0,0.2732604151873537,0
6,138,0,0.2670835758114633,0
7,76,0,0.2729219318898411,0
8,177,0,0.2716610436289296,0
9,80,1,0.3745780085897788,0
10,229,0,0.2732411210657982,0
11,160,0,0.13759386440930524,0
12,32,0,0.2731781297433813,0
13,195,0,0.26997243847374197,0
14,114,1,0.958876371143585,1
15,257,1,0.2732604152813028,0
16,67,0,0.27214741799466635,0
17,38,0,0.21032678002368257,0
18,267,0,0.2731007343587812,0
19,203,0,0.28327618689487055,0
20,147,1,0.2730788120332111,0
21,256,0,0.19344405910090162,0
22,250,0,0.273243366852744,0
23,148,0,0.27326041509436333,0
24,56,0,0.2732915037542553,0
25,79,1,0.2732639805941752,0
26,201,0,0.27323350631543386,0
27,116,0,0.2526518774260818,0
28,266,1,0.273203996277467,0
29,190,1,0.27326721037722024,0
30,97,0,0.2715630546982424,0
31,140,0,0.01118208378070867,0
32,216,0,0.27326091447997847,0
33,214,0,0.2738776381881839,0
34,132,0,0.27325951875292387,0
35,84,0,0.2214230211874769,0
36,11,1,0.38938837155563705,0
37,13,0,0.27326036073003374,0
38,163,1,0.27326041518735417,0
39,150,0,0.13420535715806597,0
40,254,1,0.38094130166479656,0
41,64,1,0.5426779756686118,1
