,id,y_true,prob_svm_seed_6_skf_0_paras_19_kernel_rbf_C_1_gamma_1,class_svm_seed_6_skf_0_paras_19_kernel_rbf_C_1_gamma_1
0,220,1,0.24560045063848318,0
1,206,0,0.23169185694935823,0
2,196,0,0.19041076721403738,0
3,262,0,0.27991722234560135,0
4,186,1,0.27390906772000995,0
5,24,0,0.2442716307186789,0
6,260,1,0.24560175127216702,0
7,18,0,0.24501485439965037,0
8,139,0,0.24559678502865046,0
9,177,0,0.24014122696982465,0
10,74,0,0.0467503293473173,0
11,73,1,0.2742084756501128,0
12,210,0,0.22815503028584053,0
13,144,0,0.14665027654794044,0
14,91,0,0.24560221566352264,0
15,122,0,0.24559730884297182,0
16,40,0,0.266285590820889,0
17,114,1,0.9999999878598995,1
18,257,1,0.24560175236174422,0
19,226,0,0.24407582469979364,0
20,267,0,0.2391421493565738,0
21,203,0,0.11548759658743962,0
22,2,0,0.006156149314974303,0
23,208,1,0.24589186951447078,0
24,250,0,0.24550234355425032,0
25,44,1,0.23571905446488106,0
26,112,0,0.24604852478821845,0
27,56,0,0.44722795680008126,0
28,42,1,0.2856103051922796,0
29,117,0,0.0006619639715113788,0
30,137,0,0.24639634337935226,0
31,252,0,0.2362694576601087,0
32,266,1,0.24493953218331094,0
33,30,0,0.24480771332535986,0
34,45,1,0.2740430391670305,0
35,264,0,0.24547017122372178,0
36,227,1,0.24560175127216702,0
37,234,0,0.24560175127216702,0
38,54,0,0.2200811554897965,0
39,140,0,0.24559730884297182,0
40,214,0,0.2477150120782932,0
41,132,0,0.24560128467541212,0
42,254,1,0.30948883024878626,0
43,261,0,0.19049448752704526,0
