,id,y_true,prob_svm_seed_15_skf_1_paras_19_kernel_rbf_C_1_gamma_1,class_svm_seed_15_skf_1_paras_19_kernel_rbf_C_1_gamma_1
0,199,1,0.2664949203961216,0
1,220,1,0.2665146040767064,0
2,206,0,0.26255673774143895,0
3,235,0,0.2662455646611487,0
4,66,0,0.270160969441662,0
5,159,0,0.2640445310472898,0
6,151,0,0.17525170097292667,0
7,92,0,0.293337018029517,0
8,221,0,0.26477572682488043,0
9,241,0,0.2665154645231474,0
10,119,0,0.08622150684037061,0
11,85,0,0.16763363018623184,0
12,110,0,0.029072331369614027,0
13,80,1,0.43540464942101537,0
14,106,0,0.1771643359170012,0
15,195,0,0.2440709905058108,0
16,8,1,0.3184026654265926,0
17,228,0,0.26166096004926837,0
18,38,0,0.17519573645567657,0
19,108,1,0.36020166978538676,0
20,222,0,0.266494415582914,0
21,37,1,0.6315961503534606,1
22,117,0,0.011515962286990965,0
23,27,0,0.26643644498826,0
24,217,0,0.2665137503245769,0
25,36,0,0.2665152259537443,0
26,207,0,0.28175746862747436,0
27,4,1,0.2686240287489463,0
28,242,1,0.2671757040559769,0
29,266,1,0.266499987687813,0
30,227,1,0.26651546452306857,0
31,54,0,0.24985643344820246,0
32,115,0,0.12380860111219766,0
33,154,0,0.2649045362182983,0
34,161,0,0.26651593691420483,0
35,69,0,0.29829720783839675,0
36,101,0,0.266397512115119,0
37,189,0,0.26651546452306857,0
38,174,0,0.26651551988595307,0
39,163,1,0.26651546452306857,0
40,254,1,0.2806626856122336,0
41,71,0,0.1534396227057173,0
42,134,0,0.1567061291687962,0
