,id,y_true,prob_svm_seed_0_skf_1_paras_19_kernel_rbf_C_1_gamma_1,class_svm_seed_0_skf_1_paras_19_kernel_rbf_C_1_gamma_1
0,199,1,0.29033513672180766,0
1,173,1,0.2786831883278463,0
2,196,0,0.24159362908869583,0
3,39,1,0.27996473685211665,0
4,57,0,0.290376182775801,0
5,68,1,0.26724438480030116,0
6,7,0,0.2903752276188963,0
7,138,0,0.27634103674906707,0
8,85,0,0.3076334068538459,0
9,18,0,0.29083280139027934,0
10,106,0,0.18070278393046962,0
11,144,0,0.22989229239263234,0
12,40,0,0.28993856678149504,0
13,195,0,0.26423154469541804,0
14,96,0,0.2903126592662805,0
15,175,0,0.2741820647584614,0
16,267,0,0.2871427858296611,0
17,209,0,0.29036063354288333,0
18,222,0,0.290362625883164,0
19,44,1,0.29010736277202515,0
20,178,0,0.28645975320419204,0
21,109,1,0.9999918639402365,1
22,78,1,0.3101574805157929,0
23,36,0,0.290375256309288,0
24,201,0,0.29032145704993756,0
25,249,0,0.290375256309288,0
26,252,0,0.2903886028481488,0
27,129,1,0.9552949369555087,1
28,127,1,0.4057981697507093,0
29,227,1,0.290375256309288,0
30,54,0,0.2782129474846009,0
31,167,0,0.29316928334178505,0
32,72,0,0.12155675910396659,0
33,121,1,0.287053076010443,0
34,97,0,0.2721796049850822,0
35,214,0,0.29100526274374594,0
36,69,0,0.3392569656663035,0
37,163,1,0.290375256309288,0
38,150,0,0.06598160304610134,0
39,71,0,0.14369867103720405,0
40,134,0,0.12229025100592711,0
41,77,0,0.29132664402700226,0
42,87,0,0.2863893383227124,0
