,id,y_true,prob_svm_seed_10_skf_1_paras_19_kernel_rbf_C_1_gamma_1,class_svm_seed_10_skf_1_paras_19_kernel_rbf_C_1_gamma_1
0,173,1,0.2590502811289219,0
1,149,0,0.11609109795321754,0
2,76,0,0.27281997686451037,0
3,50,0,0.27361488687450525,0
4,260,1,0.27361490369105684,0
5,139,0,0.27361243667379304,0
6,74,0,0.10118390182512188,0
7,188,0,0.017871207246401483,0
8,73,1,0.369127246075652,0
9,9,1,0.27392425383115615,0
10,223,0,0.2765709570082894,0
11,215,0,0.27361490111858766,0
12,169,0,0.030750126568180314,0
13,122,0,0.0027845932145710577,0
14,142,0,0.25435734455171066,0
15,152,0,0.10897047179223114,0
16,32,0,0.27348731835421003,0
17,114,1,0.9920049121448672,1
18,67,0,0.27285605782184336,0
19,228,0,0.27361490369105684,0
20,38,0,0.1873687029058139,0
21,203,0,0.15924521647933093,0
22,256,0,0.17353421925063825,0
23,208,1,0.2738309393292104,0
24,250,0,0.2735408537131447,0
25,143,0,0.23828657028833022,0
26,178,0,0.2716296728939554,0
27,263,0,0.025102237052534494,0
28,155,1,0.9856438514583463,1
29,27,0,0.2734302219953524,0
30,249,0,0.27312348339921017,0
31,137,0,0.27326759787316945,0
32,103,1,0.27341075525398373,0
33,41,0,0.19922960552307323,0
34,237,0,0.2573913078602043,0
35,20,0,0.16811273770403382,0
36,51,0,0.1979366099153385,0
37,94,1,0.39661373657259746,0
38,244,1,0.2736149029388052,0
39,172,1,0.9260953354563833,1
40,113,0,0.27361490369948327,0
41,259,1,0.28064090127694485,0
42,71,0,0.16160595652088686,0
